customer_id,customer_unique_id,customer_zip_code_prefix,customer_city,customer_state
CUST100000,UNIQ200000,24592,Coimbatore,TN
CUST100001,UNIQ200001,46048,Bangalore,KA
CUST100002,UNIQ200002,39256,Chennai,TN
CUST100003,UNIQ200003,23434,Delhi,DL
CUST100004,UNIQ200004,21395,Coimbatore,TN
CUST100005,UNIQ200005,65302,Ahmedabad,GJ
CUST100006,UNIQ200006,13905,Bangalore,KA
CUST100007,UNIQ200007,38657,Mumbai,MH
CUST100008,UNIQ200008,76237,Chennai,TN
CUST100009,UNIQ200009,13478,Ahmedabad,GJ
CUST100010,UNIQ200010,36062,Lucknow,UP
CUST100011,UNIQ200011,64987,Indore,MP
CUST100012,UNIQ200012,68878,Chennai,TN
CUST100013,UNIQ200013,46463,Ahmedabad,GJ
CUST100014,UNIQ200014,30926,Bangalore,KA
CUST100015,UNIQ200015,65392,Indore,MP
CUST100016,UNIQ200016,46421,Pune,MH
CUST100017,UNIQ200017,38221,Delhi,DL
CUST100018,UNIQ200018,23396,Pune,MH
CUST100019,UNIQ200019,59797,Mumbai,MH
CUST100020,UNIQ200020,57052,Mumbai,MH
CUST100021,UNIQ200021,44671,Pune,MH
CUST100022,UNIQ200022,70217,Bangalore,KA
CUST100023,UNIQ200023,26361,Lucknow,UP
CUST100024,UNIQ200024,20328,Kolkata,WB
CUST100025,UNIQ200025,48427,Lucknow,UP
CUST100026,UNIQ200026,57400,Coimbatore,TN
CUST100027,UNIQ200027,35203,Ahmedabad,GJ
CUST100028,UNIQ200028,19116,Indore,MP
CUST100029,UNIQ200029,39871,Bangalore,KA
CUST100030,UNIQ200030,20458,Hyderabad,TS
CUST100031,UNIQ200031,23238,Chennai,TN
CUST100032,UNIQ200032,46434,Kolkata,WB
CUST100033,UNIQ200033,57819,Jaipur,RJ
CUST100034,UNIQ200034,58520,Delhi,DL
CUST100035,UNIQ200035,37460,Pune,MH
CUST100036,UNIQ200036,44993,Coimbatore,TN
CUST100037,UNIQ200037,19358,Indore,MP
CUST100038,UNIQ200038,32431,Ahmedabad,GJ
CUST100039,UNIQ200039,42087,Lucknow,UP
CUST100040,UNIQ200040,70589,Delhi,DL
CUST100041,UNIQ200041,45382,Kolkata,WB
CUST100042,UNIQ200042,38785,Coimbatore,TN
CUST100043,UNIQ200043,52504,Coimbatore,TN
CUST100044,UNIQ200044,40021,Bangalore,KA
CUST100045,UNIQ200045,51347,Bangalore,KA
CUST100046,UNIQ200046,45093,Kolkata,WB
CUST100047,UNIQ200047,37653,Mumbai,MH
CUST100048,UNIQ200048,51245,Ahmedabad,GJ
CUST100049,UNIQ200049,75435,Chennai,TN
CUST100050,UNIQ200050,70142,Kolkata,WB
CUST100051,UNIQ200051,44718,Delhi,DL
CUST100052,UNIQ200052,42325,Delhi,DL
CUST100053,UNIQ200053,44438,Indore,MP
CUST100054,UNIQ200054,66155,Indore,MP
CUST100055,UNIQ200055,62350,Ahmedabad,GJ
CUST100056,UNIQ200056,38746,Pune,MH
CUST100057,UNIQ200057,76784,Delhi,DL
CUST100058,UNIQ200058,21915,Jaipur,RJ
CUST100059,UNIQ200059,24371,Bangalore,KA
CUST100060,UNIQ200060,30969,Delhi,DL
CUST100061,UNIQ200061,65333,Coimbatore,TN
CUST100062,UNIQ200062,18326,Ahmedabad,GJ
CUST100063,UNIQ200063,60019,Kolkata,WB
CUST100064,UNIQ200064,71348,Ahmedabad,GJ
CUST100065,UNIQ200065,42953,Lucknow,UP
CUST100066,UNIQ200066,11504,Lucknow,UP
CUST100067,UNIQ200067,25014,Coimbatore,TN
CUST100068,UNIQ200068,44973,Coimbatore,TN
CUST100069,UNIQ200069,54587,Coimbatore,TN
CUST100070,UNIQ200070,48469,Mumbai,MH
CUST100071,UNIQ200071,30730,Kolkata,WB
CUST100072,UNIQ200072,10425,Jaipur,RJ
CUST100073,UNIQ200073,44522,Indore,MP
CUST100074,UNIQ200074,33416,Lucknow,UP
CUST100075,UNIQ200075,23947,Lucknow,UP
CUST100076,UNIQ200076,49117,Coimbatore,TN
CUST100077,UNIQ200077,76540,Coimbatore,TN
CUST100078,UNIQ200078,36071,Ahmedabad,GJ
CUST100079,UNIQ200079,59009,Delhi,DL
CUST100080,UNIQ200080,79514,Delhi,DL
CUST100081,UNIQ200081,52487,Bangalore,KA
CUST100082,UNIQ200082,12552,Jaipur,RJ
CUST100083,UNIQ200083,57576,Mumbai,MH
CUST100084,UNIQ200084,41385,Hyderabad,TS
CUST100085,UNIQ200085,41571,Bangalore,KA
CUST100086,UNIQ200086,20322,Ahmedabad,GJ
CUST100087,UNIQ200087,73699,Mumbai,MH
CUST100088,UNIQ200088,79822,Mumbai,MH
CUST100089,UNIQ200089,26828,Delhi,DL
CUST100090,UNIQ200090,72296,Coimbatore,TN
CUST100091,UNIQ200091,31643,Lucknow,UP
CUST100092,UNIQ200092,79163,Hyderabad,TS
CUST100093,UNIQ200093,65461,Ahmedabad,GJ
CUST100094,UNIQ200094,36365,Chennai,TN
CUST100095,UNIQ200095,50857,Indore,MP
CUST100096,UNIQ200096,58944,Kolkata,WB
CUST100097,UNIQ200097,77839,Jaipur,RJ
CUST100098,UNIQ200098,25860,Jaipur,RJ
CUST100099,UNIQ200099,39451,Chennai,TN
CUST100100,UNIQ200100,54313,Mumbai,MH
CUST100101,UNIQ200101,40161,Bangalore,KA
CUST100102,UNIQ200102,38864,Ahmedabad,GJ
CUST100103,UNIQ200103,19305,Bangalore,KA
CUST100104,UNIQ200104,17716,Indore,MP
CUST100105,UNIQ200105,18834,Chennai,TN
CUST100106,UNIQ200106,53309,Bangalore,KA
CUST100107,UNIQ200107,77391,Mumbai,MH
CUST100108,UNIQ200108,46500,Chennai,TN
CUST100109,UNIQ200109,73624,Coimbatore,TN
CUST100110,UNIQ200110,27342,Chennai,TN
CUST100111,UNIQ200111,71953,Indore,MP
CUST100112,UNIQ200112,71993,Chennai,TN
CUST100113,UNIQ200113,34957,Kolkata,WB
CUST100114,UNIQ200114,22704,Mumbai,MH
CUST100115,UNIQ200115,66498,Coimbatore,TN
CUST100116,UNIQ200116,65519,Pune,MH
CUST100117,UNIQ200117,71213,Kolkata,WB
CUST100118,UNIQ200118,17100,Indore,MP
CUST100119,UNIQ200119,22899,Coimbatore,TN
CUST100120,UNIQ200120,62772,Bangalore,KA
CUST100121,UNIQ200121,54473,Indore,MP
CUST100122,UNIQ200122,42591,Mumbai,MH
CUST100123,UNIQ200123,34931,Chennai,TN
CUST100124,UNIQ200124,68800,Lucknow,UP
CUST100125,UNIQ200125,65296,Delhi,DL
CUST100126,UNIQ200126,46509,Delhi,DL
CUST100127,UNIQ200127,42742,Jaipur,RJ
CUST100128,UNIQ200128,68082,Mumbai,MH
CUST100129,UNIQ200129,22833,Lucknow,UP
CUST100130,UNIQ200130,11934,Bangalore,KA
CUST100131,UNIQ200131,40982,Mumbai,MH
CUST100132,UNIQ200132,63269,Delhi,DL
CUST100133,UNIQ200133,73092,Jaipur,RJ
CUST100134,UNIQ200134,62565,Chennai,TN
CUST100135,UNIQ200135,31579,Bangalore,KA
CUST100136,UNIQ200136,10282,Kolkata,WB
CUST100137,UNIQ200137,44760,Kolkata,WB
CUST100138,UNIQ200138,47388,Jaipur,RJ
CUST100139,UNIQ200139,73788,Kolkata,WB
CUST100140,UNIQ200140,34890,Delhi,DL
CUST100141,UNIQ200141,38534,Hyderabad,TS
CUST100142,UNIQ200142,17989,Bangalore,KA
CUST100143,UNIQ200143,51104,Indore,MP
CUST100144,UNIQ200144,16572,Bangalore,KA
CUST100145,UNIQ200145,72493,Ahmedabad,GJ
CUST100146,UNIQ200146,79615,Lucknow,UP
CUST100147,UNIQ200147,17455,Delhi,DL
CUST100148,UNIQ200148,20500,Lucknow,UP
CUST100149,UNIQ200149,18981,Delhi,DL
CUST100150,UNIQ200150,18907,Ahmedabad,GJ
CUST100151,UNIQ200151,40828,Coimbatore,TN
CUST100152,UNIQ200152,25713,Kolkata,WB
CUST100153,UNIQ200153,42271,Ahmedabad,GJ
CUST100154,UNIQ200154,15209,Ahmedabad,GJ
CUST100155,UNIQ200155,20745,Ahmedabad,GJ
CUST100156,UNIQ200156,78522,Kolkata,WB
CUST100157,UNIQ200157,44179,Pune,MH
CUST100158,UNIQ200158,51180,Chennai,TN
CUST100159,UNIQ200159,44814,Chennai,TN
CUST100160,UNIQ200160,27154,Kolkata,WB
CUST100161,UNIQ200161,49321,Coimbatore,TN
CUST100162,UNIQ200162,51441,Jaipur,RJ
CUST100163,UNIQ200163,11220,Mumbai,MH
CUST100164,UNIQ200164,23104,Jaipur,RJ
CUST100165,UNIQ200165,37938,Mumbai,MH
CUST100166,UNIQ200166,44760,Lucknow,UP
CUST100167,UNIQ200167,55745,Delhi,DL
CUST100168,UNIQ200168,42018,Mumbai,MH
CUST100169,UNIQ200169,47353,Pune,MH
CUST100170,UNIQ200170,67433,Delhi,DL
CUST100171,UNIQ200171,49651,Lucknow,UP
CUST100172,UNIQ200172,79329,Ahmedabad,GJ
CUST100173,UNIQ200173,49240,Bangalore,KA
CUST100174,UNIQ200174,23577,Coimbatore,TN
CUST100175,UNIQ200175,44664,Delhi,DL
CUST100176,UNIQ200176,24029,Mumbai,MH
CUST100177,UNIQ200177,30374,Indore,MP
CUST100178,UNIQ200178,46930,Hyderabad,TS
CUST100179,UNIQ200179,37607,Ahmedabad,GJ
CUST100180,UNIQ200180,54942,Indore,MP
CUST100181,UNIQ200181,44600,Chennai,TN
CUST100182,UNIQ200182,74032,Lucknow,UP
CUST100183,UNIQ200183,16658,Hyderabad,TS
CUST100184,UNIQ200184,65518,Mumbai,MH
CUST100185,UNIQ200185,15778,Hyderabad,TS
CUST100186,UNIQ200186,53719,Bangalore,KA
CUST100187,UNIQ200187,44335,Delhi,DL
CUST100188,UNIQ200188,67912,Delhi,DL
CUST100189,UNIQ200189,66057,Lucknow,UP
CUST100190,UNIQ200190,11267,Lucknow,UP
CUST100191,UNIQ200191,19862,Mumbai,MH
CUST100192,UNIQ200192,29536,Indore,MP
CUST100193,UNIQ200193,14722,Lucknow,UP
CUST100194,UNIQ200194,29410,Pune,MH
CUST100195,UNIQ200195,26704,Kolkata,WB
CUST100196,UNIQ200196,50404,Bangalore,KA
CUST100197,UNIQ200197,15229,Pune,MH
CUST100198,UNIQ200198,37535,Pune,MH
CUST100199,UNIQ200199,42706,Coimbatore,TN
CUST100200,UNIQ200200,23473,Coimbatore,TN
CUST100201,UNIQ200201,63264,Pune,MH
CUST100202,UNIQ200202,30257,Ahmedabad,GJ
CUST100203,UNIQ200203,31299,Chennai,TN
CUST100204,UNIQ200204,64040,Delhi,DL
CUST100205,UNIQ200205,33509,Bangalore,KA
CUST100206,UNIQ200206,53540,Indore,MP
CUST100207,UNIQ200207,42527,Kolkata,WB
CUST100208,UNIQ200208,30866,Hyderabad,TS
CUST100209,UNIQ200209,24168,Indore,MP
CUST100210,UNIQ200210,15075,Kolkata,WB
CUST100211,UNIQ200211,39154,Jaipur,RJ
CUST100212,UNIQ200212,70332,Chennai,TN
CUST100213,UNIQ200213,50001,Pune,MH
CUST100214,UNIQ200214,39219,Chennai,TN
CUST100215,UNIQ200215,35313,Bangalore,KA
CUST100216,UNIQ200216,53025,Kolkata,WB
CUST100217,UNIQ200217,19099,Hyderabad,TS
CUST100218,UNIQ200218,56025,Hyderabad,TS
CUST100219,UNIQ200219,76768,Coimbatore,TN
CUST100220,UNIQ200220,53404,Kolkata,WB
CUST100221,UNIQ200221,25118,Bangalore,KA
CUST100222,UNIQ200222,33405,Hyderabad,TS
CUST100223,UNIQ200223,44795,Ahmedabad,GJ
CUST100224,UNIQ200224,24208,Bangalore,KA
CUST100225,UNIQ200225,66959,Ahmedabad,GJ
CUST100226,UNIQ200226,51114,Pune,MH
CUST100227,UNIQ200227,77033,Kolkata,WB
CUST100228,UNIQ200228,60488,Mumbai,MH
CUST100229,UNIQ200229,34914,Ahmedabad,GJ
CUST100230,UNIQ200230,15817,Hyderabad,TS
CUST100231,UNIQ200231,67154,Indore,MP
CUST100232,UNIQ200232,78146,Bangalore,KA
CUST100233,UNIQ200233,35825,Lucknow,UP
CUST100234,UNIQ200234,66531,Pune,MH
CUST100235,UNIQ200235,53279,Mumbai,MH
CUST100236,UNIQ200236,51145,Ahmedabad,GJ
CUST100237,UNIQ200237,26334,Coimbatore,TN
CUST100238,UNIQ200238,49363,Indore,MP
CUST100239,UNIQ200239,50538,Lucknow,UP
CUST100240,UNIQ200240,63528,Coimbatore,TN
CUST100241,UNIQ200241,62743,Pune,MH
CUST100242,UNIQ200242,48752,Indore,MP
CUST100243,UNIQ200243,26683,Lucknow,UP
CUST100244,UNIQ200244,65108,Chennai,TN
CUST100245,UNIQ200245,59695,Coimbatore,TN
CUST100246,UNIQ200246,32810,Coimbatore,TN
CUST100247,UNIQ200247,49446,Ahmedabad,GJ
CUST100248,UNIQ200248,10053,Kolkata,WB
CUST100249,UNIQ200249,47606,Hyderabad,TS
CUST100250,UNIQ200250,66346,Chennai,TN
CUST100251,UNIQ200251,52237,Ahmedabad,GJ
CUST100252,UNIQ200252,67905,Jaipur,RJ
CUST100253,UNIQ200253,38010,Jaipur,RJ
CUST100254,UNIQ200254,72021,Lucknow,UP
CUST100255,UNIQ200255,32241,Indore,MP
CUST100256,UNIQ200256,21114,Coimbatore,TN
CUST100257,UNIQ200257,77561,Hyderabad,TS
CUST100258,UNIQ200258,53933,Coimbatore,TN
CUST100259,UNIQ200259,40784,Mumbai,MH
CUST100260,UNIQ200260,50687,Coimbatore,TN
CUST100261,UNIQ200261,36100,Chennai,TN
CUST100262,UNIQ200262,13201,Delhi,DL
CUST100263,UNIQ200263,42092,Bangalore,KA
CUST100264,UNIQ200264,19545,Jaipur,RJ
CUST100265,UNIQ200265,64321,Jaipur,RJ
CUST100266,UNIQ200266,35485,Coimbatore,TN
CUST100267,UNIQ200267,60328,Indore,MP
CUST100268,UNIQ200268,62383,Jaipur,RJ
CUST100269,UNIQ200269,29342,Chennai,TN
CUST100270,UNIQ200270,10726,Coimbatore,TN
CUST100271,UNIQ200271,65724,Mumbai,MH
CUST100272,UNIQ200272,33053,Chennai,TN
CUST100273,UNIQ200273,77889,Indore,MP
CUST100274,UNIQ200274,16582,Jaipur,RJ
CUST100275,UNIQ200275,42662,Lucknow,UP
CUST100276,UNIQ200276,69829,Mumbai,MH
CUST100277,UNIQ200277,70901,Delhi,DL
CUST100278,UNIQ200278,79616,Coimbatore,TN
CUST100279,UNIQ200279,51588,Lucknow,UP
CUST100280,UNIQ200280,76162,Jaipur,RJ
CUST100281,UNIQ200281,68446,Kolkata,WB
CUST100282,UNIQ200282,72216,Delhi,DL
CUST100283,UNIQ200283,43972,Jaipur,RJ
CUST100284,UNIQ200284,46347,Chennai,TN
CUST100285,UNIQ200285,73517,Lucknow,UP
CUST100286,UNIQ200286,41358,Coimbatore,TN
CUST100287,UNIQ200287,67654,Hyderabad,TS
CUST100288,UNIQ200288,47450,Mumbai,MH
CUST100289,UNIQ200289,45614,Chennai,TN
CUST100290,UNIQ200290,51904,Pune,MH
CUST100291,UNIQ200291,20561,Lucknow,UP
CUST100292,UNIQ200292,29769,Delhi,DL
CUST100293,UNIQ200293,60205,Chennai,TN
CUST100294,UNIQ200294,30028,Indore,MP
CUST100295,UNIQ200295,38043,Indore,MP
CUST100296,UNIQ200296,64377,Mumbai,MH
CUST100297,UNIQ200297,53369,Kolkata,WB
CUST100298,UNIQ200298,71069,Lucknow,UP
CUST100299,UNIQ200299,18161,Kolkata,WB
CUST100300,UNIQ200300,65069,Chennai,TN
CUST100301,UNIQ200301,12560,Kolkata,WB
CUST100302,UNIQ200302,59857,Ahmedabad,GJ
CUST100303,UNIQ200303,10772,Jaipur,RJ
CUST100304,UNIQ200304,49139,Pune,MH
CUST100305,UNIQ200305,64921,Kolkata,WB
CUST100306,UNIQ200306,38906,Lucknow,UP
CUST100307,UNIQ200307,38760,Jaipur,RJ
CUST100308,UNIQ200308,67125,Hyderabad,TS
CUST100309,UNIQ200309,13804,Jaipur,RJ
CUST100310,UNIQ200310,54057,Kolkata,WB
CUST100311,UNIQ200311,62994,Coimbatore,TN
CUST100312,UNIQ200312,31632,Indore,MP
CUST100313,UNIQ200313,26728,Jaipur,RJ
CUST100314,UNIQ200314,13534,Ahmedabad,GJ
CUST100315,UNIQ200315,13552,Kolkata,WB
CUST100316,UNIQ200316,66179,Mumbai,MH
CUST100317,UNIQ200317,70515,Delhi,DL
CUST100318,UNIQ200318,16590,Delhi,DL
CUST100319,UNIQ200319,59689,Hyderabad,TS
CUST100320,UNIQ200320,37742,Pune,MH
CUST100321,UNIQ200321,52840,Jaipur,RJ
CUST100322,UNIQ200322,59692,Pune,MH
CUST100323,UNIQ200323,65255,Hyderabad,TS
CUST100324,UNIQ200324,20735,Hyderabad,TS
CUST100325,UNIQ200325,12540,Jaipur,RJ
CUST100326,UNIQ200326,16826,Indore,MP
CUST100327,UNIQ200327,39389,Pune,MH
CUST100328,UNIQ200328,18993,Coimbatore,TN
CUST100329,UNIQ200329,15276,Coimbatore,TN
CUST100330,UNIQ200330,42411,Bangalore,KA
CUST100331,UNIQ200331,12671,Chennai,TN
CUST100332,UNIQ200332,29973,Ahmedabad,GJ
CUST100333,UNIQ200333,26544,Chennai,TN
CUST100334,UNIQ200334,24993,Jaipur,RJ
CUST100335,UNIQ200335,38569,Ahmedabad,GJ
CUST100336,UNIQ200336,43586,Jaipur,RJ
CUST100337,UNIQ200337,31992,Pune,MH
CUST100338,UNIQ200338,25012,Ahmedabad,GJ
CUST100339,UNIQ200339,50768,Delhi,DL
CUST100340,UNIQ200340,13365,Mumbai,MH
CUST100341,UNIQ200341,59192,Hyderabad,TS
CUST100342,UNIQ200342,35995,Kolkata,WB
CUST100343,UNIQ200343,41830,Mumbai,MH
CUST100344,UNIQ200344,49529,Mumbai,MH
CUST100345,UNIQ200345,25866,Coimbatore,TN
CUST100346,UNIQ200346,15383,Ahmedabad,GJ
CUST100347,UNIQ200347,79827,Pune,MH
CUST100348,UNIQ200348,58571,Kolkata,WB
CUST100349,UNIQ200349,76317,Mumbai,MH
CUST100350,UNIQ200350,54725,Coimbatore,TN
CUST100351,UNIQ200351,65057,Bangalore,KA
CUST100352,UNIQ200352,23833,Jaipur,RJ
CUST100353,UNIQ200353,57472,Kolkata,WB
CUST100354,UNIQ200354,70258,Coimbatore,TN
CUST100355,UNIQ200355,30052,Indore,MP
CUST100356,UNIQ200356,33086,Kolkata,WB
CUST100357,UNIQ200357,78386,Indore,MP
CUST100358,UNIQ200358,45400,Coimbatore,TN
CUST100359,UNIQ200359,73372,Ahmedabad,GJ
CUST100360,UNIQ200360,67091,Jaipur,RJ
CUST100361,UNIQ200361,45179,Indore,MP
CUST100362,UNIQ200362,42177,Pune,MH
CUST100363,UNIQ200363,46559,Mumbai,MH
CUST100364,UNIQ200364,41963,Jaipur,RJ
CUST100365,UNIQ200365,59674,Jaipur,RJ
CUST100366,UNIQ200366,13761,Pune,MH
CUST100367,UNIQ200367,52600,Jaipur,RJ
CUST100368,UNIQ200368,73904,Delhi,DL
CUST100369,UNIQ200369,56507,Chennai,TN
CUST100370,UNIQ200370,54608,Hyderabad,TS
CUST100371,UNIQ200371,46211,Hyderabad,TS
CUST100372,UNIQ200372,11330,Lucknow,UP
CUST100373,UNIQ200373,35042,Lucknow,UP
CUST100374,UNIQ200374,41635,Mumbai,MH
CUST100375,UNIQ200375,63271,Indore,MP
CUST100376,UNIQ200376,41499,Jaipur,RJ
CUST100377,UNIQ200377,72402,Indore,MP
CUST100378,UNIQ200378,74332,Coimbatore,TN
CUST100379,UNIQ200379,12260,Jaipur,RJ
CUST100380,UNIQ200380,48566,Mumbai,MH
CUST100381,UNIQ200381,63005,Chennai,TN
CUST100382,UNIQ200382,41890,Indore,MP
CUST100383,UNIQ200383,58368,Hyderabad,TS
CUST100384,UNIQ200384,79588,Jaipur,RJ
CUST100385,UNIQ200385,65771,Pune,MH
CUST100386,UNIQ200386,53357,Indore,MP
CUST100387,UNIQ200387,69473,Pune,MH
CUST100388,UNIQ200388,50189,Hyderabad,TS
CUST100389,UNIQ200389,40217,Hyderabad,TS
CUST100390,UNIQ200390,35242,Mumbai,MH
CUST100391,UNIQ200391,25670,Pune,MH
CUST100392,UNIQ200392,34267,Indore,MP
CUST100393,UNIQ200393,38361,Chennai,TN
CUST100394,UNIQ200394,73464,Indore,MP
CUST100395,UNIQ200395,78765,Hyderabad,TS
CUST100396,UNIQ200396,47093,Ahmedabad,GJ
CUST100397,UNIQ200397,35443,Mumbai,MH
CUST100398,UNIQ200398,39816,Hyderabad,TS
CUST100399,UNIQ200399,33519,Pune,MH
CUST100400,UNIQ200400,11854,Hyderabad,TS
CUST100401,UNIQ200401,26591,Indore,MP
CUST100402,UNIQ200402,15965,Hyderabad,TS
CUST100403,UNIQ200403,48290,Bangalore,KA
CUST100404,UNIQ200404,26551,Indore,MP
CUST100405,UNIQ200405,74340,Coimbatore,TN
CUST100406,UNIQ200406,11607,Mumbai,MH
CUST100407,UNIQ200407,47268,Ahmedabad,GJ
CUST100408,UNIQ200408,72746,Jaipur,RJ
CUST100409,UNIQ200409,54657,Jaipur,RJ
CUST100410,UNIQ200410,16734,Delhi,DL
CUST100411,UNIQ200411,72616,Hyderabad,TS
CUST100412,UNIQ200412,18564,Mumbai,MH
CUST100413,UNIQ200413,74454,Kolkata,WB
CUST100414,UNIQ200414,17026,Mumbai,MH
CUST100415,UNIQ200415,29555,Delhi,DL
CUST100416,UNIQ200416,49824,Ahmedabad,GJ
CUST100417,UNIQ200417,42530,Mumbai,MH
CUST100418,UNIQ200418,64548,Mumbai,MH
CUST100419,UNIQ200419,39581,Ahmedabad,GJ
CUST100420,UNIQ200420,59856,Lucknow,UP
CUST100421,UNIQ200421,68028,Jaipur,RJ
CUST100422,UNIQ200422,66207,Hyderabad,TS
CUST100423,UNIQ200423,17894,Hyderabad,TS
CUST100424,UNIQ200424,23006,Ahmedabad,GJ
CUST100425,UNIQ200425,37659,Chennai,TN
CUST100426,UNIQ200426,20641,Hyderabad,TS
CUST100427,UNIQ200427,41439,Delhi,DL
CUST100428,UNIQ200428,19838,Delhi,DL
CUST100429,UNIQ200429,10350,Delhi,DL
CUST100430,UNIQ200430,69048,Kolkata,WB
CUST100431,UNIQ200431,71592,Indore,MP
CUST100432,UNIQ200432,14278,Hyderabad,TS
CUST100433,UNIQ200433,47762,Chennai,TN
CUST100434,UNIQ200434,47056,Indore,MP
CUST100435,UNIQ200435,69510,Indore,MP
CUST100436,UNIQ200436,40595,Mumbai,MH
CUST100437,UNIQ200437,35928,Hyderabad,TS
CUST100438,UNIQ200438,25043,Kolkata,WB
CUST100439,UNIQ200439,39466,Lucknow,UP
CUST100440,UNIQ200440,29528,Coimbatore,TN
CUST100441,UNIQ200441,28643,Hyderabad,TS
CUST100442,UNIQ200442,17816,Mumbai,MH
CUST100443,UNIQ200443,50319,Delhi,DL
CUST100444,UNIQ200444,47828,Ahmedabad,GJ
CUST100445,UNIQ200445,26299,Jaipur,RJ
CUST100446,UNIQ200446,49857,Jaipur,RJ
CUST100447,UNIQ200447,62757,Indore,MP
CUST100448,UNIQ200448,75597,Hyderabad,TS
CUST100449,UNIQ200449,74722,Lucknow,UP
CUST100450,UNIQ200450,20543,Jaipur,RJ
CUST100451,UNIQ200451,15224,Ahmedabad,GJ
CUST100452,UNIQ200452,52247,Kolkata,WB
CUST100453,UNIQ200453,42816,Ahmedabad,GJ
CUST100454,UNIQ200454,21970,Bangalore,KA
CUST100455,UNIQ200455,12719,Chennai,TN
CUST100456,UNIQ200456,45325,Coimbatore,TN
CUST100457,UNIQ200457,15273,Ahmedabad,GJ
CUST100458,UNIQ200458,71669,Delhi,DL
CUST100459,UNIQ200459,67963,Lucknow,UP
CUST100460,UNIQ200460,33788,Hyderabad,TS
CUST100461,UNIQ200461,67132,Ahmedabad,GJ
CUST100462,UNIQ200462,74451,Coimbatore,TN
CUST100463,UNIQ200463,71605,Mumbai,MH
CUST100464,UNIQ200464,63523,Pune,MH
CUST100465,UNIQ200465,52081,Pune,MH
CUST100466,UNIQ200466,23710,Coimbatore,TN
CUST100467,UNIQ200467,53228,Delhi,DL
CUST100468,UNIQ200468,74942,Kolkata,WB
CUST100469,UNIQ200469,62488,Hyderabad,TS
CUST100470,UNIQ200470,14809,Lucknow,UP
CUST100471,UNIQ200471,21542,Jaipur,RJ
CUST100472,UNIQ200472,43082,Pune,MH
CUST100473,UNIQ200473,25194,Pune,MH
CUST100474,UNIQ200474,77449,Kolkata,WB
CUST100475,UNIQ200475,70552,Bangalore,KA
CUST100476,UNIQ200476,17104,Kolkata,WB
CUST100477,UNIQ200477,77952,Chennai,TN
CUST100478,UNIQ200478,75338,Pune,MH
CUST100479,UNIQ200479,67939,Coimbatore,TN
CUST100480,UNIQ200480,36680,Bangalore,KA
CUST100481,UNIQ200481,27172,Hyderabad,TS
CUST100482,UNIQ200482,67424,Hyderabad,TS
CUST100483,UNIQ200483,73532,Indore,MP
CUST100484,UNIQ200484,13783,Mumbai,MH
CUST100485,UNIQ200485,41365,Coimbatore,TN
CUST100486,UNIQ200486,30758,Indore,MP
CUST100487,UNIQ200487,11792,Hyderabad,TS
CUST100488,UNIQ200488,63476,Lucknow,UP
CUST100489,UNIQ200489,39451,Mumbai,MH
CUST100490,UNIQ200490,70482,Mumbai,MH
CUST100491,UNIQ200491,30181,Mumbai,MH
CUST100492,UNIQ200492,48254,Jaipur,RJ
CUST100493,UNIQ200493,45838,Lucknow,UP
CUST100494,UNIQ200494,73242,Kolkata,WB
CUST100495,UNIQ200495,41946,Jaipur,RJ
CUST100496,UNIQ200496,28958,Jaipur,RJ
CUST100497,UNIQ200497,34983,Kolkata,WB
CUST100498,UNIQ200498,76616,Ahmedabad,GJ
CUST100499,UNIQ200499,27892,Indore,MP
CUST100500,UNIQ200500,46208,Mumbai,MH
CUST100501,UNIQ200501,54548,Kolkata,WB
CUST100502,UNIQ200502,45018,Lucknow,UP
CUST100503,UNIQ200503,47072,Bangalore,KA
CUST100504,UNIQ200504,49132,Indore,MP
CUST100505,UNIQ200505,74178,Ahmedabad,GJ
CUST100506,UNIQ200506,68529,Delhi,DL
CUST100507,UNIQ200507,73483,Lucknow,UP
CUST100508,UNIQ200508,53573,Pune,MH
CUST100509,UNIQ200509,59441,Lucknow,UP
CUST100510,UNIQ200510,52176,Jaipur,RJ
CUST100511,UNIQ200511,41300,Chennai,TN
CUST100512,UNIQ200512,60196,Ahmedabad,GJ
CUST100513,UNIQ200513,63841,Chennai,TN
CUST100514,UNIQ200514,51704,Bangalore,KA
CUST100515,UNIQ200515,71993,Indore,MP
CUST100516,UNIQ200516,59968,Indore,MP
CUST100517,UNIQ200517,29936,Kolkata,WB
CUST100518,UNIQ200518,14852,Jaipur,RJ
CUST100519,UNIQ200519,75836,Delhi,DL
CUST100520,UNIQ200520,53515,Ahmedabad,GJ
CUST100521,UNIQ200521,67711,Mumbai,MH
CUST100522,UNIQ200522,78937,Mumbai,MH
CUST100523,UNIQ200523,12011,Jaipur,RJ
CUST100524,UNIQ200524,28894,Indore,MP
CUST100525,UNIQ200525,30232,Kolkata,WB
CUST100526,UNIQ200526,71537,Mumbai,MH
CUST100527,UNIQ200527,54375,Hyderabad,TS
CUST100528,UNIQ200528,62098,Ahmedabad,GJ
CUST100529,UNIQ200529,20527,Coimbatore,TN
CUST100530,UNIQ200530,79942,Pune,MH
CUST100531,UNIQ200531,51505,Kolkata,WB
CUST100532,UNIQ200532,73956,Coimbatore,TN
CUST100533,UNIQ200533,14705,Lucknow,UP
CUST100534,UNIQ200534,18968,Ahmedabad,GJ
CUST100535,UNIQ200535,47667,Chennai,TN
CUST100536,UNIQ200536,21846,Chennai,TN
CUST100537,UNIQ200537,22903,Kolkata,WB
CUST100538,UNIQ200538,23173,Coimbatore,TN
CUST100539,UNIQ200539,31805,Jaipur,RJ
CUST100540,UNIQ200540,49251,Indore,MP
CUST100541,UNIQ200541,16028,Bangalore,KA
CUST100542,UNIQ200542,17355,Pune,MH
CUST100543,UNIQ200543,56984,Hyderabad,TS
CUST100544,UNIQ200544,66450,Pune,MH
CUST100545,UNIQ200545,42007,Delhi,DL
CUST100546,UNIQ200546,64008,Lucknow,UP
CUST100547,UNIQ200547,33600,Ahmedabad,GJ
CUST100548,UNIQ200548,32946,Delhi,DL
CUST100549,UNIQ200549,60140,Mumbai,MH
CUST100550,UNIQ200550,41566,Ahmedabad,GJ
CUST100551,UNIQ200551,28758,Jaipur,RJ
CUST100552,UNIQ200552,70443,Chennai,TN
CUST100553,UNIQ200553,43289,Coimbatore,TN
CUST100554,UNIQ200554,43466,Jaipur,RJ
CUST100555,UNIQ200555,11231,Coimbatore,TN
CUST100556,UNIQ200556,47700,Jaipur,RJ
CUST100557,UNIQ200557,30706,Coimbatore,TN
CUST100558,UNIQ200558,67898,Mumbai,MH
CUST100559,UNIQ200559,49210,Pune,MH
CUST100560,UNIQ200560,65615,Coimbatore,TN
CUST100561,UNIQ200561,42780,Indore,MP
CUST100562,UNIQ200562,49599,Jaipur,RJ
CUST100563,UNIQ200563,60422,Chennai,TN
CUST100564,UNIQ200564,23979,Jaipur,RJ
CUST100565,UNIQ200565,59986,Chennai,TN
CUST100566,UNIQ200566,57049,Ahmedabad,GJ
CUST100567,UNIQ200567,48780,Ahmedabad,GJ
CUST100568,UNIQ200568,48696,Indore,MP
CUST100569,UNIQ200569,61879,Bangalore,KA
CUST100570,UNIQ200570,11061,Hyderabad,TS
CUST100571,UNIQ200571,16428,Ahmedabad,GJ
CUST100572,UNIQ200572,75107,Ahmedabad,GJ
CUST100573,UNIQ200573,40162,Hyderabad,TS
CUST100574,UNIQ200574,56179,Ahmedabad,GJ
CUST100575,UNIQ200575,34920,Chennai,TN
CUST100576,UNIQ200576,42850,Ahmedabad,GJ
CUST100577,UNIQ200577,27927,Coimbatore,TN
CUST100578,UNIQ200578,22735,Coimbatore,TN
CUST100579,UNIQ200579,15167,Coimbatore,TN
CUST100580,UNIQ200580,67779,Hyderabad,TS
CUST100581,UNIQ200581,57823,Bangalore,KA
CUST100582,UNIQ200582,27224,Indore,MP
CUST100583,UNIQ200583,48680,Mumbai,MH
CUST100584,UNIQ200584,64460,Pune,MH
CUST100585,UNIQ200585,36318,Delhi,DL
CUST100586,UNIQ200586,57953,Delhi,DL
CUST100587,UNIQ200587,75771,Lucknow,UP
CUST100588,UNIQ200588,31567,Hyderabad,TS
CUST100589,UNIQ200589,73156,Hyderabad,TS
CUST100590,UNIQ200590,54396,Hyderabad,TS
CUST100591,UNIQ200591,71385,Mumbai,MH
CUST100592,UNIQ200592,28449,Mumbai,MH
CUST100593,UNIQ200593,62089,Chennai,TN
CUST100594,UNIQ200594,57942,Lucknow,UP
CUST100595,UNIQ200595,61717,Mumbai,MH
CUST100596,UNIQ200596,44663,Bangalore,KA
CUST100597,UNIQ200597,26199,Lucknow,UP
CUST100598,UNIQ200598,58311,Jaipur,RJ
CUST100599,UNIQ200599,44362,Coimbatore,TN
CUST100600,UNIQ200600,59941,Ahmedabad,GJ
CUST100601,UNIQ200601,58689,Coimbatore,TN
CUST100602,UNIQ200602,40647,Mumbai,MH
CUST100603,UNIQ200603,13280,Jaipur,RJ
CUST100604,UNIQ200604,52992,Ahmedabad,GJ
CUST100605,UNIQ200605,39015,Ahmedabad,GJ
CUST100606,UNIQ200606,18285,Coimbatore,TN
CUST100607,UNIQ200607,70852,Coimbatore,TN
CUST100608,UNIQ200608,49608,Indore,MP
CUST100609,UNIQ200609,63516,Coimbatore,TN
CUST100610,UNIQ200610,28320,Mumbai,MH
CUST100611,UNIQ200611,14877,Bangalore,KA
CUST100612,UNIQ200612,74569,Hyderabad,TS
CUST100613,UNIQ200613,22739,Mumbai,MH
CUST100614,UNIQ200614,27781,Chennai,TN
CUST100615,UNIQ200615,69459,Kolkata,WB
CUST100616,UNIQ200616,64935,Pune,MH
CUST100617,UNIQ200617,30253,Ahmedabad,GJ
CUST100618,UNIQ200618,22978,Kolkata,WB
CUST100619,UNIQ200619,63492,Jaipur,RJ
CUST100620,UNIQ200620,14288,Hyderabad,TS
CUST100621,UNIQ200621,58566,Indore,MP
CUST100622,UNIQ200622,68115,Chennai,TN
CUST100623,UNIQ200623,40947,Jaipur,RJ
CUST100624,UNIQ200624,23022,Pune,MH
CUST100625,UNIQ200625,58147,Coimbatore,TN
CUST100626,UNIQ200626,57012,Lucknow,UP
CUST100627,UNIQ200627,62184,Bangalore,KA
CUST100628,UNIQ200628,34878,Hyderabad,TS
CUST100629,UNIQ200629,69600,Mumbai,MH
CUST100630,UNIQ200630,37801,Mumbai,MH
CUST100631,UNIQ200631,12799,Coimbatore,TN
CUST100632,UNIQ200632,53713,Bangalore,KA
CUST100633,UNIQ200633,26505,Chennai,TN
CUST100634,UNIQ200634,36896,Ahmedabad,GJ
CUST100635,UNIQ200635,37152,Mumbai,MH
CUST100636,UNIQ200636,38305,Ahmedabad,GJ
CUST100637,UNIQ200637,53064,Chennai,TN
CUST100638,UNIQ200638,10371,Delhi,DL
CUST100639,UNIQ200639,28964,Hyderabad,TS
CUST100640,UNIQ200640,42853,Delhi,DL
CUST100641,UNIQ200641,24408,Delhi,DL
CUST100642,UNIQ200642,13379,Coimbatore,TN
CUST100643,UNIQ200643,11947,Delhi,DL
CUST100644,UNIQ200644,41186,Pune,MH
CUST100645,UNIQ200645,52437,Ahmedabad,GJ
CUST100646,UNIQ200646,32838,Bangalore,KA
CUST100647,UNIQ200647,16868,Hyderabad,TS
CUST100648,UNIQ200648,65176,Delhi,DL
CUST100649,UNIQ200649,24896,Lucknow,UP
CUST100650,UNIQ200650,18330,Indore,MP
CUST100651,UNIQ200651,68756,Jaipur,RJ
CUST100652,UNIQ200652,77271,Pune,MH
CUST100653,UNIQ200653,24293,Ahmedabad,GJ
CUST100654,UNIQ200654,76039,Jaipur,RJ
CUST100655,UNIQ200655,15683,Chennai,TN
CUST100656,UNIQ200656,78347,Indore,MP
CUST100657,UNIQ200657,70036,Hyderabad,TS
CUST100658,UNIQ200658,14082,Coimbatore,TN
CUST100659,UNIQ200659,72781,Bangalore,KA
CUST100660,UNIQ200660,65872,Kolkata,WB
CUST100661,UNIQ200661,24150,Coimbatore,TN
CUST100662,UNIQ200662,68138,Jaipur,RJ
CUST100663,UNIQ200663,20589,Mumbai,MH
CUST100664,UNIQ200664,29442,Pune,MH
CUST100665,UNIQ200665,26540,Mumbai,MH
CUST100666,UNIQ200666,52622,Hyderabad,TS
CUST100667,UNIQ200667,79541,Kolkata,WB
CUST100668,UNIQ200668,69469,Hyderabad,TS
CUST100669,UNIQ200669,66387,Lucknow,UP
CUST100670,UNIQ200670,24996,Mumbai,MH
CUST100671,UNIQ200671,38183,Coimbatore,TN
CUST100672,UNIQ200672,69186,Kolkata,WB
CUST100673,UNIQ200673,64239,Chennai,TN
CUST100674,UNIQ200674,69441,Pune,MH
CUST100675,UNIQ200675,64524,Kolkata,WB
CUST100676,UNIQ200676,22463,Indore,MP
CUST100677,UNIQ200677,65936,Pune,MH
CUST100678,UNIQ200678,43408,Pune,MH
CUST100679,UNIQ200679,30006,Pune,MH
CUST100680,UNIQ200680,72163,Coimbatore,TN
CUST100681,UNIQ200681,21957,Mumbai,MH
CUST100682,UNIQ200682,22219,Mumbai,MH
CUST100683,UNIQ200683,22656,Kolkata,WB
CUST100684,UNIQ200684,58843,Indore,MP
CUST100685,UNIQ200685,17861,Delhi,DL
CUST100686,UNIQ200686,53207,Ahmedabad,GJ
CUST100687,UNIQ200687,26021,Coimbatore,TN
CUST100688,UNIQ200688,56346,Kolkata,WB
CUST100689,UNIQ200689,65435,Coimbatore,TN
CUST100690,UNIQ200690,16743,Indore,MP
CUST100691,UNIQ200691,50953,Hyderabad,TS
CUST100692,UNIQ200692,23579,Pune,MH
CUST100693,UNIQ200693,76507,Ahmedabad,GJ
CUST100694,UNIQ200694,30280,Chennai,TN
CUST100695,UNIQ200695,73201,Coimbatore,TN
CUST100696,UNIQ200696,24184,Chennai,TN
CUST100697,UNIQ200697,58176,Pune,MH
CUST100698,UNIQ200698,46512,Mumbai,MH
CUST100699,UNIQ200699,39643,Ahmedabad,GJ
CUST100700,UNIQ200700,13441,Kolkata,WB
CUST100701,UNIQ200701,45054,Ahmedabad,GJ
CUST100702,UNIQ200702,33647,Bangalore,KA
CUST100703,UNIQ200703,50499,Hyderabad,TS
CUST100704,UNIQ200704,56009,Pune,MH
CUST100705,UNIQ200705,33777,Bangalore,KA
CUST100706,UNIQ200706,62531,Delhi,DL
CUST100707,UNIQ200707,28595,Mumbai,MH
CUST100708,UNIQ200708,14018,Indore,MP
CUST100709,UNIQ200709,79531,Mumbai,MH
CUST100710,UNIQ200710,59308,Chennai,TN
CUST100711,UNIQ200711,69460,Kolkata,WB
CUST100712,UNIQ200712,30631,Pune,MH
CUST100713,UNIQ200713,50846,Pune,MH
CUST100714,UNIQ200714,52517,Indore,MP
CUST100715,UNIQ200715,21135,Ahmedabad,GJ
CUST100716,UNIQ200716,30392,Bangalore,KA
CUST100717,UNIQ200717,16522,Delhi,DL
CUST100718,UNIQ200718,20693,Coimbatore,TN
CUST100719,UNIQ200719,68079,Hyderabad,TS
CUST100720,UNIQ200720,65576,Coimbatore,TN
CUST100721,UNIQ200721,67939,Jaipur,RJ
CUST100722,UNIQ200722,45804,Kolkata,WB
CUST100723,UNIQ200723,77154,Chennai,TN
CUST100724,UNIQ200724,55242,Mumbai,MH
CUST100725,UNIQ200725,24534,Kolkata,WB
CUST100726,UNIQ200726,73783,Hyderabad,TS
CUST100727,UNIQ200727,50425,Lucknow,UP
CUST100728,UNIQ200728,38903,Bangalore,KA
CUST100729,UNIQ200729,17180,Kolkata,WB
CUST100730,UNIQ200730,36794,Bangalore,KA
CUST100731,UNIQ200731,37686,Hyderabad,TS
CUST100732,UNIQ200732,43491,Delhi,DL
CUST100733,UNIQ200733,53007,Hyderabad,TS
CUST100734,UNIQ200734,11013,Mumbai,MH
CUST100735,UNIQ200735,66446,Jaipur,RJ
CUST100736,UNIQ200736,26932,Delhi,DL
CUST100737,UNIQ200737,79806,Kolkata,WB
CUST100738,UNIQ200738,40161,Indore,MP
CUST100739,UNIQ200739,56421,Lucknow,UP
CUST100740,UNIQ200740,62044,Mumbai,MH
CUST100741,UNIQ200741,15544,Indore,MP
CUST100742,UNIQ200742,12456,Kolkata,WB
CUST100743,UNIQ200743,20205,Jaipur,RJ
CUST100744,UNIQ200744,66267,Pune,MH
CUST100745,UNIQ200745,63008,Ahmedabad,GJ
CUST100746,UNIQ200746,64747,Indore,MP
CUST100747,UNIQ200747,25096,Hyderabad,TS
CUST100748,UNIQ200748,12733,Kolkata,WB
CUST100749,UNIQ200749,32527,Pune,MH
CUST100750,UNIQ200750,70305,Ahmedabad,GJ
CUST100751,UNIQ200751,57428,Indore,MP
CUST100752,UNIQ200752,67240,Mumbai,MH
CUST100753,UNIQ200753,41891,Mumbai,MH
CUST100754,UNIQ200754,62487,Kolkata,WB
CUST100755,UNIQ200755,20308,Lucknow,UP
CUST100756,UNIQ200756,50668,Kolkata,WB
CUST100757,UNIQ200757,54500,Indore,MP
CUST100758,UNIQ200758,53655,Chennai,TN
CUST100759,UNIQ200759,20011,Delhi,DL
CUST100760,UNIQ200760,24945,Lucknow,UP
CUST100761,UNIQ200761,76840,Lucknow,UP
CUST100762,UNIQ200762,55793,Chennai,TN
CUST100763,UNIQ200763,29358,Pune,MH
CUST100764,UNIQ200764,23474,Chennai,TN
CUST100765,UNIQ200765,43550,Delhi,DL
CUST100766,UNIQ200766,32740,Chennai,TN
CUST100767,UNIQ200767,30036,Ahmedabad,GJ
CUST100768,UNIQ200768,19876,Coimbatore,TN
CUST100769,UNIQ200769,74764,Delhi,DL
CUST100770,UNIQ200770,68838,Jaipur,RJ
CUST100771,UNIQ200771,52363,Coimbatore,TN
CUST100772,UNIQ200772,51436,Coimbatore,TN
CUST100773,UNIQ200773,67640,Delhi,DL
CUST100774,UNIQ200774,71462,Mumbai,MH
CUST100775,UNIQ200775,49691,Jaipur,RJ
CUST100776,UNIQ200776,17362,Hyderabad,TS
CUST100777,UNIQ200777,76497,Pune,MH
CUST100778,UNIQ200778,50685,Mumbai,MH
CUST100779,UNIQ200779,69233,Jaipur,RJ
CUST100780,UNIQ200780,17456,Bangalore,KA
CUST100781,UNIQ200781,47627,Pune,MH
CUST100782,UNIQ200782,21835,Mumbai,MH
CUST100783,UNIQ200783,76462,Ahmedabad,GJ
CUST100784,UNIQ200784,70648,Kolkata,WB
CUST100785,UNIQ200785,15376,Ahmedabad,GJ
CUST100786,UNIQ200786,34672,Jaipur,RJ
CUST100787,UNIQ200787,72341,Pune,MH
CUST100788,UNIQ200788,29773,Lucknow,UP
CUST100789,UNIQ200789,69050,Bangalore,KA
CUST100790,UNIQ200790,55015,Mumbai,MH
CUST100791,UNIQ200791,21053,Indore,MP
CUST100792,UNIQ200792,32617,Lucknow,UP
CUST100793,UNIQ200793,42472,Bangalore,KA
CUST100794,UNIQ200794,67377,Indore,MP
CUST100795,UNIQ200795,78690,Jaipur,RJ
CUST100796,UNIQ200796,30807,Lucknow,UP
CUST100797,UNIQ200797,58870,Pune,MH
CUST100798,UNIQ200798,60779,Hyderabad,TS
CUST100799,UNIQ200799,54350,Kolkata,WB
CUST100800,UNIQ200800,16863,Coimbatore,TN
CUST100801,UNIQ200801,53863,Coimbatore,TN
CUST100802,UNIQ200802,53213,Mumbai,MH
CUST100803,UNIQ200803,60667,Mumbai,MH
CUST100804,UNIQ200804,43029,Hyderabad,TS
CUST100805,UNIQ200805,29709,Indore,MP
CUST100806,UNIQ200806,20682,Pune,MH
CUST100807,UNIQ200807,28537,Ahmedabad,GJ
CUST100808,UNIQ200808,50662,Pune,MH
CUST100809,UNIQ200809,61374,Coimbatore,TN
CUST100810,UNIQ200810,21104,Delhi,DL
CUST100811,UNIQ200811,59372,Hyderabad,TS
CUST100812,UNIQ200812,53054,Coimbatore,TN
CUST100813,UNIQ200813,78995,Delhi,DL
CUST100814,UNIQ200814,65496,Mumbai,MH
CUST100815,UNIQ200815,57425,Lucknow,UP
CUST100816,UNIQ200816,57526,Bangalore,KA
CUST100817,UNIQ200817,33627,Hyderabad,TS
CUST100818,UNIQ200818,54791,Chennai,TN
CUST100819,UNIQ200819,35166,Jaipur,RJ
CUST100820,UNIQ200820,28030,Chennai,TN
CUST100821,UNIQ200821,20114,Delhi,DL
CUST100822,UNIQ200822,23256,Hyderabad,TS
CUST100823,UNIQ200823,79013,Lucknow,UP
CUST100824,UNIQ200824,54140,Bangalore,KA
CUST100825,UNIQ200825,27176,Ahmedabad,GJ
CUST100826,UNIQ200826,59377,Ahmedabad,GJ
CUST100827,UNIQ200827,31266,Delhi,DL
CUST100828,UNIQ200828,31697,Delhi,DL
CUST100829,UNIQ200829,67366,Indore,MP
CUST100830,UNIQ200830,63852,Bangalore,KA
CUST100831,UNIQ200831,41133,Pune,MH
CUST100832,UNIQ200832,47346,Jaipur,RJ
CUST100833,UNIQ200833,68841,Indore,MP
CUST100834,UNIQ200834,79993,Chennai,TN
CUST100835,UNIQ200835,50562,Chennai,TN
CUST100836,UNIQ200836,35430,Jaipur,RJ
CUST100837,UNIQ200837,67749,Pune,MH
CUST100838,UNIQ200838,46932,Jaipur,RJ
CUST100839,UNIQ200839,75916,Kolkata,WB
CUST100840,UNIQ200840,64874,Lucknow,UP
CUST100841,UNIQ200841,36174,Delhi,DL
CUST100842,UNIQ200842,28140,Ahmedabad,GJ
CUST100843,UNIQ200843,16839,Hyderabad,TS
CUST100844,UNIQ200844,72991,Coimbatore,TN
CUST100845,UNIQ200845,23446,Pune,MH
CUST100846,UNIQ200846,77621,Indore,MP
CUST100847,UNIQ200847,47363,Mumbai,MH
CUST100848,UNIQ200848,31012,Mumbai,MH
CUST100849,UNIQ200849,68893,Hyderabad,TS
CUST100850,UNIQ200850,29313,Lucknow,UP
CUST100851,UNIQ200851,22021,Kolkata,WB
CUST100852,UNIQ200852,69130,Chennai,TN
CUST100853,UNIQ200853,13495,Pune,MH
CUST100854,UNIQ200854,16980,Kolkata,WB
CUST100855,UNIQ200855,75799,Kolkata,WB
CUST100856,UNIQ200856,40903,Pune,MH
CUST100857,UNIQ200857,20696,Kolkata,WB
CUST100858,UNIQ200858,39430,Pune,MH
CUST100859,UNIQ200859,51770,Bangalore,KA
CUST100860,UNIQ200860,53947,Mumbai,MH
CUST100861,UNIQ200861,28035,Delhi,DL
CUST100862,UNIQ200862,47601,Bangalore,KA
CUST100863,UNIQ200863,28191,Jaipur,RJ
CUST100864,UNIQ200864,71487,Indore,MP
CUST100865,UNIQ200865,10688,Jaipur,RJ
CUST100866,UNIQ200866,12490,Mumbai,MH
CUST100867,UNIQ200867,38266,Hyderabad,TS
CUST100868,UNIQ200868,79176,Delhi,DL
CUST100869,UNIQ200869,24573,Kolkata,WB
CUST100870,UNIQ200870,41147,Hyderabad,TS
CUST100871,UNIQ200871,25970,Hyderabad,TS
CUST100872,UNIQ200872,41252,Bangalore,KA
CUST100873,UNIQ200873,69914,Kolkata,WB
CUST100874,UNIQ200874,24530,Mumbai,MH
CUST100875,UNIQ200875,12154,Jaipur,RJ
CUST100876,UNIQ200876,77551,Coimbatore,TN
CUST100877,UNIQ200877,41711,Ahmedabad,GJ
CUST100878,UNIQ200878,28818,Indore,MP
CUST100879,UNIQ200879,66261,Hyderabad,TS
CUST100880,UNIQ200880,56244,Bangalore,KA
CUST100881,UNIQ200881,64600,Chennai,TN
CUST100882,UNIQ200882,21221,Delhi,DL
CUST100883,UNIQ200883,57265,Lucknow,UP
CUST100884,UNIQ200884,78951,Mumbai,MH
CUST100885,UNIQ200885,76496,Lucknow,UP
CUST100886,UNIQ200886,12665,Lucknow,UP
CUST100887,UNIQ200887,71621,Kolkata,WB
CUST100888,UNIQ200888,60709,Bangalore,KA
CUST100889,UNIQ200889,43246,Pune,MH
CUST100890,UNIQ200890,12128,Indore,MP
CUST100891,UNIQ200891,18855,Pune,MH
CUST100892,UNIQ200892,41604,Pune,MH
CUST100893,UNIQ200893,23587,Indore,MP
CUST100894,UNIQ200894,53583,Ahmedabad,GJ
CUST100895,UNIQ200895,15811,Delhi,DL
CUST100896,UNIQ200896,54374,Pune,MH
CUST100897,UNIQ200897,32949,Coimbatore,TN
CUST100898,UNIQ200898,70899,Coimbatore,TN
CUST100899,UNIQ200899,72722,Indore,MP
CUST100900,UNIQ200900,33891,Coimbatore,TN
CUST100901,UNIQ200901,18270,Delhi,DL
CUST100902,UNIQ200902,69988,Indore,MP
CUST100903,UNIQ200903,48462,Bangalore,KA
CUST100904,UNIQ200904,15741,Chennai,TN
CUST100905,UNIQ200905,15492,Chennai,TN
CUST100906,UNIQ200906,50642,Pune,MH
CUST100907,UNIQ200907,62196,Lucknow,UP
CUST100908,UNIQ200908,72049,Lucknow,UP
CUST100909,UNIQ200909,14799,Hyderabad,TS
CUST100910,UNIQ200910,35048,Coimbatore,TN
CUST100911,UNIQ200911,56789,Hyderabad,TS
CUST100912,UNIQ200912,53506,Bangalore,KA
CUST100913,UNIQ200913,26315,Hyderabad,TS
CUST100914,UNIQ200914,67272,Pune,MH
CUST100915,UNIQ200915,67637,Kolkata,WB
CUST100916,UNIQ200916,54438,Kolkata,WB
CUST100917,UNIQ200917,75038,Delhi,DL
CUST100918,UNIQ200918,75211,Indore,MP
CUST100919,UNIQ200919,78062,Pune,MH
CUST100920,UNIQ200920,20828,Hyderabad,TS
CUST100921,UNIQ200921,65640,Indore,MP
CUST100922,UNIQ200922,66440,Mumbai,MH
CUST100923,UNIQ200923,33652,Ahmedabad,GJ
CUST100924,UNIQ200924,48504,Lucknow,UP
CUST100925,UNIQ200925,23447,Pune,MH
CUST100926,UNIQ200926,52981,Mumbai,MH
CUST100927,UNIQ200927,48750,Coimbatore,TN
CUST100928,UNIQ200928,68447,Hyderabad,TS
CUST100929,UNIQ200929,65851,Ahmedabad,GJ
CUST100930,UNIQ200930,68183,Delhi,DL
CUST100931,UNIQ200931,68606,Pune,MH
CUST100932,UNIQ200932,56210,Bangalore,KA
CUST100933,UNIQ200933,67008,Ahmedabad,GJ
CUST100934,UNIQ200934,17518,Hyderabad,TS
CUST100935,UNIQ200935,63242,Mumbai,MH
CUST100936,UNIQ200936,77251,Pune,MH
CUST100937,UNIQ200937,30969,Indore,MP
CUST100938,UNIQ200938,28714,Bangalore,KA
CUST100939,UNIQ200939,67432,Ahmedabad,GJ
CUST100940,UNIQ200940,26545,Bangalore,KA
CUST100941,UNIQ200941,40932,Mumbai,MH
CUST100942,UNIQ200942,58015,Coimbatore,TN
CUST100943,UNIQ200943,60181,Pune,MH
CUST100944,UNIQ200944,14244,Ahmedabad,GJ
CUST100945,UNIQ200945,30111,Ahmedabad,GJ
CUST100946,UNIQ200946,68972,Coimbatore,TN
CUST100947,UNIQ200947,58760,Pune,MH
CUST100948,UNIQ200948,20077,Jaipur,RJ
CUST100949,UNIQ200949,28047,Ahmedabad,GJ
CUST100950,UNIQ200950,58096,Lucknow,UP
CUST100951,UNIQ200951,51207,Kolkata,WB
CUST100952,UNIQ200952,46528,Coimbatore,TN
CUST100953,UNIQ200953,24869,Chennai,TN
CUST100954,UNIQ200954,34385,Bangalore,KA
CUST100955,UNIQ200955,77861,Jaipur,RJ
CUST100956,UNIQ200956,25435,Kolkata,WB
CUST100957,UNIQ200957,44116,Hyderabad,TS
CUST100958,UNIQ200958,68493,Indore,MP
CUST100959,UNIQ200959,47431,Chennai,TN
CUST100960,UNIQ200960,74382,Indore,MP
CUST100961,UNIQ200961,26074,Chennai,TN
CUST100962,UNIQ200962,19706,Delhi,DL
CUST100963,UNIQ200963,32630,Jaipur,RJ
CUST100964,UNIQ200964,68341,Indore,MP
CUST100965,UNIQ200965,51889,Mumbai,MH
CUST100966,UNIQ200966,55537,Coimbatore,TN
CUST100967,UNIQ200967,18511,Indore,MP
CUST100968,UNIQ200968,48058,Lucknow,UP
CUST100969,UNIQ200969,30644,Hyderabad,TS
CUST100970,UNIQ200970,32818,Indore,MP
CUST100971,UNIQ200971,76683,Pune,MH
CUST100972,UNIQ200972,25907,Chennai,TN
CUST100973,UNIQ200973,28202,Chennai,TN
CUST100974,UNIQ200974,74752,Chennai,TN
CUST100975,UNIQ200975,57303,Bangalore,KA
CUST100976,UNIQ200976,58353,Lucknow,UP
CUST100977,UNIQ200977,27009,Jaipur,RJ
CUST100978,UNIQ200978,21300,Ahmedabad,GJ
CUST100979,UNIQ200979,50539,Mumbai,MH
CUST100980,UNIQ200980,72739,Kolkata,WB
CUST100981,UNIQ200981,63843,Lucknow,UP
CUST100982,UNIQ200982,19666,Kolkata,WB
CUST100983,UNIQ200983,51553,Delhi,DL
CUST100984,UNIQ200984,19720,Coimbatore,TN
CUST100985,UNIQ200985,71057,Jaipur,RJ
CUST100986,UNIQ200986,77811,Coimbatore,TN
CUST100987,UNIQ200987,26821,Pune,MH
CUST100988,UNIQ200988,33850,Lucknow,UP
CUST100989,UNIQ200989,66704,Delhi,DL
CUST100990,UNIQ200990,17263,Lucknow,UP
CUST100991,UNIQ200991,77908,Mumbai,MH
CUST100992,UNIQ200992,49862,Delhi,DL
CUST100993,UNIQ200993,31229,Delhi,DL
CUST100994,UNIQ200994,39552,Pune,MH
CUST100995,UNIQ200995,78012,Pune,MH
CUST100996,UNIQ200996,20336,Hyderabad,TS
CUST100997,UNIQ200997,35729,Hyderabad,TS
CUST100998,UNIQ200998,45972,Coimbatore,TN
CUST100999,UNIQ200999,49691,Delhi,DL
CUST101000,UNIQ201000,79924,Ahmedabad,GJ
CUST101001,UNIQ201001,75873,Mumbai,MH
CUST101002,UNIQ201002,32103,Coimbatore,TN
CUST101003,UNIQ201003,30210,Ahmedabad,GJ
CUST101004,UNIQ201004,54252,Delhi,DL
CUST101005,UNIQ201005,15399,Ahmedabad,GJ
CUST101006,UNIQ201006,20646,Bangalore,KA
CUST101007,UNIQ201007,44688,Bangalore,KA
CUST101008,UNIQ201008,37631,Coimbatore,TN
CUST101009,UNIQ201009,64602,Ahmedabad,GJ
CUST101010,UNIQ201010,13969,Ahmedabad,GJ
CUST101011,UNIQ201011,47967,Jaipur,RJ
CUST101012,UNIQ201012,49596,Coimbatore,TN
CUST101013,UNIQ201013,42096,Jaipur,RJ
CUST101014,UNIQ201014,63227,Coimbatore,TN
CUST101015,UNIQ201015,69446,Hyderabad,TS
CUST101016,UNIQ201016,17852,Mumbai,MH
CUST101017,UNIQ201017,67619,Delhi,DL
CUST101018,UNIQ201018,73471,Kolkata,WB
CUST101019,UNIQ201019,36741,Jaipur,RJ
CUST101020,UNIQ201020,28830,Pune,MH
CUST101021,UNIQ201021,51853,Pune,MH
CUST101022,UNIQ201022,55268,Indore,MP
CUST101023,UNIQ201023,27139,Kolkata,WB
CUST101024,UNIQ201024,77499,Pune,MH
CUST101025,UNIQ201025,23917,Lucknow,UP
CUST101026,UNIQ201026,41685,Pune,MH
CUST101027,UNIQ201027,26059,Jaipur,RJ
CUST101028,UNIQ201028,68929,Hyderabad,TS
CUST101029,UNIQ201029,28465,Chennai,TN
CUST101030,UNIQ201030,16632,Mumbai,MH
CUST101031,UNIQ201031,60351,Hyderabad,TS
CUST101032,UNIQ201032,64805,Ahmedabad,GJ
CUST101033,UNIQ201033,30932,Chennai,TN
CUST101034,UNIQ201034,50988,Pune,MH
CUST101035,UNIQ201035,30885,Chennai,TN
CUST101036,UNIQ201036,77466,Jaipur,RJ
CUST101037,UNIQ201037,75373,Jaipur,RJ
CUST101038,UNIQ201038,75191,Hyderabad,TS
CUST101039,UNIQ201039,21802,Bangalore,KA
CUST101040,UNIQ201040,76249,Kolkata,WB
CUST101041,UNIQ201041,41552,Jaipur,RJ
CUST101042,UNIQ201042,56254,Chennai,TN
CUST101043,UNIQ201043,16624,Bangalore,KA
CUST101044,UNIQ201044,74866,Hyderabad,TS
CUST101045,UNIQ201045,71680,Ahmedabad,GJ
CUST101046,UNIQ201046,11071,Hyderabad,TS
CUST101047,UNIQ201047,66482,Mumbai,MH
CUST101048,UNIQ201048,44664,Delhi,DL
CUST101049,UNIQ201049,57943,Indore,MP
CUST101050,UNIQ201050,57964,Kolkata,WB
CUST101051,UNIQ201051,62505,Bangalore,KA
CUST101052,UNIQ201052,35513,Bangalore,KA
CUST101053,UNIQ201053,47827,Pune,MH
CUST101054,UNIQ201054,60639,Mumbai,MH
CUST101055,UNIQ201055,69028,Lucknow,UP
CUST101056,UNIQ201056,46663,Lucknow,UP
CUST101057,UNIQ201057,25572,Ahmedabad,GJ
CUST101058,UNIQ201058,22672,Delhi,DL
CUST101059,UNIQ201059,58915,Kolkata,WB
CUST101060,UNIQ201060,57920,Pune,MH
CUST101061,UNIQ201061,36090,Delhi,DL
CUST101062,UNIQ201062,76731,Ahmedabad,GJ
CUST101063,UNIQ201063,75546,Kolkata,WB
CUST101064,UNIQ201064,15938,Bangalore,KA
CUST101065,UNIQ201065,27961,Bangalore,KA
CUST101066,UNIQ201066,53652,Indore,MP
CUST101067,UNIQ201067,78069,Jaipur,RJ
CUST101068,UNIQ201068,29521,Jaipur,RJ
CUST101069,UNIQ201069,77568,Ahmedabad,GJ
CUST101070,UNIQ201070,52987,Delhi,DL
CUST101071,UNIQ201071,51750,Ahmedabad,GJ
CUST101072,UNIQ201072,61505,Delhi,DL
CUST101073,UNIQ201073,49221,Ahmedabad,GJ
CUST101074,UNIQ201074,54089,Ahmedabad,GJ
CUST101075,UNIQ201075,76809,Lucknow,UP
CUST101076,UNIQ201076,74205,Lucknow,UP
CUST101077,UNIQ201077,49294,Indore,MP
CUST101078,UNIQ201078,12180,Jaipur,RJ
CUST101079,UNIQ201079,53416,Pune,MH
CUST101080,UNIQ201080,24366,Coimbatore,TN
CUST101081,UNIQ201081,50327,Kolkata,WB
CUST101082,UNIQ201082,13492,Indore,MP
CUST101083,UNIQ201083,72205,Ahmedabad,GJ
CUST101084,UNIQ201084,39824,Hyderabad,TS
CUST101085,UNIQ201085,16731,Indore,MP
CUST101086,UNIQ201086,72973,Ahmedabad,GJ
CUST101087,UNIQ201087,78712,Delhi,DL
CUST101088,UNIQ201088,59832,Coimbatore,TN
CUST101089,UNIQ201089,41745,Delhi,DL
CUST101090,UNIQ201090,24404,Bangalore,KA
CUST101091,UNIQ201091,12482,Chennai,TN
CUST101092,UNIQ201092,51116,Jaipur,RJ
CUST101093,UNIQ201093,29848,Kolkata,WB
CUST101094,UNIQ201094,36724,Kolkata,WB
CUST101095,UNIQ201095,75774,Kolkata,WB
CUST101096,UNIQ201096,71814,Ahmedabad,GJ
CUST101097,UNIQ201097,18163,Indore,MP
CUST101098,UNIQ201098,28098,Indore,MP
CUST101099,UNIQ201099,37176,Lucknow,UP
CUST101100,UNIQ201100,52604,Lucknow,UP
CUST101101,UNIQ201101,72701,Coimbatore,TN
CUST101102,UNIQ201102,59391,Lucknow,UP
CUST101103,UNIQ201103,32699,Pune,MH
CUST101104,UNIQ201104,79878,Jaipur,RJ
CUST101105,UNIQ201105,56437,Pune,MH
CUST101106,UNIQ201106,44650,Coimbatore,TN
CUST101107,UNIQ201107,73462,Ahmedabad,GJ
CUST101108,UNIQ201108,42311,Chennai,TN
CUST101109,UNIQ201109,49124,Hyderabad,TS
CUST101110,UNIQ201110,49008,Chennai,TN
CUST101111,UNIQ201111,37168,Hyderabad,TS
CUST101112,UNIQ201112,74094,Indore,MP
CUST101113,UNIQ201113,72888,Pune,MH
CUST101114,UNIQ201114,45842,Pune,MH
CUST101115,UNIQ201115,25974,Hyderabad,TS
CUST101116,UNIQ201116,59767,Ahmedabad,GJ
CUST101117,UNIQ201117,55237,Kolkata,WB
CUST101118,UNIQ201118,48070,Delhi,DL
CUST101119,UNIQ201119,47700,Bangalore,KA
CUST101120,UNIQ201120,20358,Indore,MP
CUST101121,UNIQ201121,67983,Pune,MH
CUST101122,UNIQ201122,43612,Coimbatore,TN
CUST101123,UNIQ201123,72793,Indore,MP
CUST101124,UNIQ201124,36485,Chennai,TN
CUST101125,UNIQ201125,45537,Lucknow,UP
CUST101126,UNIQ201126,45601,Lucknow,UP
CUST101127,UNIQ201127,24316,Delhi,DL
CUST101128,UNIQ201128,41363,Ahmedabad,GJ
CUST101129,UNIQ201129,16653,Chennai,TN
CUST101130,UNIQ201130,79604,Coimbatore,TN
CUST101131,UNIQ201131,40518,Chennai,TN
CUST101132,UNIQ201132,23133,Bangalore,KA
CUST101133,UNIQ201133,53292,Kolkata,WB
CUST101134,UNIQ201134,71918,Indore,MP
CUST101135,UNIQ201135,28018,Mumbai,MH
CUST101136,UNIQ201136,30701,Bangalore,KA
CUST101137,UNIQ201137,72350,Kolkata,WB
CUST101138,UNIQ201138,36143,Jaipur,RJ
CUST101139,UNIQ201139,52096,Hyderabad,TS
CUST101140,UNIQ201140,17754,Hyderabad,TS
CUST101141,UNIQ201141,40437,Mumbai,MH
CUST101142,UNIQ201142,14888,Lucknow,UP
CUST101143,UNIQ201143,64773,Delhi,DL
CUST101144,UNIQ201144,14763,Delhi,DL
CUST101145,UNIQ201145,74930,Kolkata,WB
CUST101146,UNIQ201146,47941,Delhi,DL
CUST101147,UNIQ201147,11214,Bangalore,KA
CUST101148,UNIQ201148,24064,Hyderabad,TS
CUST101149,UNIQ201149,47298,Pune,MH
CUST101150,UNIQ201150,78723,Jaipur,RJ
CUST101151,UNIQ201151,27589,Jaipur,RJ
CUST101152,UNIQ201152,71344,Lucknow,UP
CUST101153,UNIQ201153,35272,Hyderabad,TS
CUST101154,UNIQ201154,53343,Mumbai,MH
CUST101155,UNIQ201155,70150,Delhi,DL
CUST101156,UNIQ201156,43720,Coimbatore,TN
CUST101157,UNIQ201157,34405,Indore,MP
CUST101158,UNIQ201158,54185,Bangalore,KA
CUST101159,UNIQ201159,35318,Hyderabad,TS
CUST101160,UNIQ201160,63148,Delhi,DL
CUST101161,UNIQ201161,77538,Kolkata,WB
CUST101162,UNIQ201162,21368,Pune,MH
CUST101163,UNIQ201163,22502,Kolkata,WB
CUST101164,UNIQ201164,28430,Delhi,DL
CUST101165,UNIQ201165,52415,Jaipur,RJ
CUST101166,UNIQ201166,10895,Chennai,TN
CUST101167,UNIQ201167,60275,Hyderabad,TS
CUST101168,UNIQ201168,68554,Chennai,TN
CUST101169,UNIQ201169,53204,Hyderabad,TS
CUST101170,UNIQ201170,11498,Hyderabad,TS
CUST101171,UNIQ201171,57127,Hyderabad,TS
CUST101172,UNIQ201172,40972,Indore,MP
CUST101173,UNIQ201173,25495,Bangalore,KA
CUST101174,UNIQ201174,50213,Jaipur,RJ
CUST101175,UNIQ201175,63138,Delhi,DL
CUST101176,UNIQ201176,75866,Coimbatore,TN
CUST101177,UNIQ201177,50760,Indore,MP
CUST101178,UNIQ201178,25389,Indore,MP
CUST101179,UNIQ201179,48671,Coimbatore,TN
CUST101180,UNIQ201180,38947,Pune,MH
CUST101181,UNIQ201181,27507,Chennai,TN
CUST101182,UNIQ201182,30078,Jaipur,RJ
CUST101183,UNIQ201183,58971,Jaipur,RJ
CUST101184,UNIQ201184,71712,Kolkata,WB
CUST101185,UNIQ201185,38627,Lucknow,UP
CUST101186,UNIQ201186,20730,Chennai,TN
CUST101187,UNIQ201187,68556,Lucknow,UP
CUST101188,UNIQ201188,57419,Lucknow,UP
CUST101189,UNIQ201189,24707,Mumbai,MH
CUST101190,UNIQ201190,76255,Bangalore,KA
CUST101191,UNIQ201191,29641,Chennai,TN
CUST101192,UNIQ201192,53007,Delhi,DL
CUST101193,UNIQ201193,67912,Lucknow,UP
CUST101194,UNIQ201194,36922,Mumbai,MH
CUST101195,UNIQ201195,74071,Indore,MP
CUST101196,UNIQ201196,76895,Mumbai,MH
CUST101197,UNIQ201197,17292,Jaipur,RJ
CUST101198,UNIQ201198,27294,Jaipur,RJ
CUST101199,UNIQ201199,64450,Lucknow,UP
CUST101200,UNIQ201200,17567,Jaipur,RJ
CUST101201,UNIQ201201,70604,Lucknow,UP
CUST101202,UNIQ201202,50392,Coimbatore,TN
CUST101203,UNIQ201203,12853,Indore,MP
CUST101204,UNIQ201204,43352,Kolkata,WB
CUST101205,UNIQ201205,38560,Bangalore,KA
CUST101206,UNIQ201206,19572,Ahmedabad,GJ
CUST101207,UNIQ201207,65534,Bangalore,KA
CUST101208,UNIQ201208,18357,Pune,MH
CUST101209,UNIQ201209,17897,Lucknow,UP
CUST101210,UNIQ201210,71875,Mumbai,MH
CUST101211,UNIQ201211,47629,Bangalore,KA
CUST101212,UNIQ201212,33590,Kolkata,WB
CUST101213,UNIQ201213,65097,Delhi,DL
CUST101214,UNIQ201214,60132,Pune,MH
CUST101215,UNIQ201215,59479,Jaipur,RJ
CUST101216,UNIQ201216,20518,Kolkata,WB
CUST101217,UNIQ201217,27431,Coimbatore,TN
CUST101218,UNIQ201218,55582,Coimbatore,TN
CUST101219,UNIQ201219,33392,Mumbai,MH
CUST101220,UNIQ201220,61518,Lucknow,UP
CUST101221,UNIQ201221,26691,Lucknow,UP
CUST101222,UNIQ201222,39188,Indore,MP
CUST101223,UNIQ201223,12979,Bangalore,KA
CUST101224,UNIQ201224,70686,Hyderabad,TS
CUST101225,UNIQ201225,65591,Coimbatore,TN
CUST101226,UNIQ201226,59712,Lucknow,UP
CUST101227,UNIQ201227,42441,Chennai,TN
CUST101228,UNIQ201228,55371,Jaipur,RJ
CUST101229,UNIQ201229,46129,Delhi,DL
CUST101230,UNIQ201230,24790,Chennai,TN
CUST101231,UNIQ201231,64950,Bangalore,KA
CUST101232,UNIQ201232,12050,Ahmedabad,GJ
CUST101233,UNIQ201233,37011,Chennai,TN
CUST101234,UNIQ201234,23224,Mumbai,MH
CUST101235,UNIQ201235,14400,Ahmedabad,GJ
CUST101236,UNIQ201236,16380,Jaipur,RJ
CUST101237,UNIQ201237,15798,Chennai,TN
CUST101238,UNIQ201238,67535,Kolkata,WB
CUST101239,UNIQ201239,38477,Chennai,TN
CUST101240,UNIQ201240,28367,Bangalore,KA
CUST101241,UNIQ201241,47914,Lucknow,UP
CUST101242,UNIQ201242,51799,Chennai,TN
CUST101243,UNIQ201243,52030,Ahmedabad,GJ
CUST101244,UNIQ201244,49552,Chennai,TN
CUST101245,UNIQ201245,78321,Delhi,DL
CUST101246,UNIQ201246,64206,Chennai,TN
CUST101247,UNIQ201247,46064,Hyderabad,TS
CUST101248,UNIQ201248,32955,Bangalore,KA
CUST101249,UNIQ201249,65994,Coimbatore,TN
CUST101250,UNIQ201250,74962,Lucknow,UP
CUST101251,UNIQ201251,55143,Bangalore,KA
CUST101252,UNIQ201252,59958,Coimbatore,TN
CUST101253,UNIQ201253,51777,Lucknow,UP
CUST101254,UNIQ201254,64568,Indore,MP
CUST101255,UNIQ201255,29558,Kolkata,WB
CUST101256,UNIQ201256,59343,Hyderabad,TS
CUST101257,UNIQ201257,72065,Delhi,DL
CUST101258,UNIQ201258,39536,Chennai,TN
CUST101259,UNIQ201259,28920,Hyderabad,TS
CUST101260,UNIQ201260,17552,Jaipur,RJ
CUST101261,UNIQ201261,64090,Lucknow,UP
CUST101262,UNIQ201262,79467,Kolkata,WB
CUST101263,UNIQ201263,60910,Delhi,DL
CUST101264,UNIQ201264,43422,Chennai,TN
CUST101265,UNIQ201265,53288,Chennai,TN
CUST101266,UNIQ201266,20363,Coimbatore,TN
CUST101267,UNIQ201267,58637,Jaipur,RJ
CUST101268,UNIQ201268,34966,Mumbai,MH
CUST101269,UNIQ201269,45187,Bangalore,KA
CUST101270,UNIQ201270,15183,Kolkata,WB
CUST101271,UNIQ201271,34662,Mumbai,MH
CUST101272,UNIQ201272,38444,Ahmedabad,GJ
CUST101273,UNIQ201273,37379,Jaipur,RJ
CUST101274,UNIQ201274,49739,Pune,MH
CUST101275,UNIQ201275,37762,Bangalore,KA
CUST101276,UNIQ201276,25376,Chennai,TN
CUST101277,UNIQ201277,72773,Indore,MP
CUST101278,UNIQ201278,36805,Chennai,TN
CUST101279,UNIQ201279,41369,Kolkata,WB
CUST101280,UNIQ201280,52154,Lucknow,UP
CUST101281,UNIQ201281,59894,Hyderabad,TS
CUST101282,UNIQ201282,79946,Jaipur,RJ
CUST101283,UNIQ201283,57088,Coimbatore,TN
CUST101284,UNIQ201284,44283,Hyderabad,TS
CUST101285,UNIQ201285,77215,Pune,MH
CUST101286,UNIQ201286,71080,Jaipur,RJ
CUST101287,UNIQ201287,71537,Mumbai,MH
CUST101288,UNIQ201288,36624,Pune,MH
CUST101289,UNIQ201289,51015,Pune,MH
CUST101290,UNIQ201290,15992,Kolkata,WB
CUST101291,UNIQ201291,39002,Ahmedabad,GJ
CUST101292,UNIQ201292,29126,Indore,MP
CUST101293,UNIQ201293,44180,Bangalore,KA
CUST101294,UNIQ201294,64732,Lucknow,UP
CUST101295,UNIQ201295,29976,Hyderabad,TS
CUST101296,UNIQ201296,53236,Chennai,TN
CUST101297,UNIQ201297,59786,Chennai,TN
CUST101298,UNIQ201298,42208,Ahmedabad,GJ
CUST101299,UNIQ201299,54245,Jaipur,RJ
CUST101300,UNIQ201300,74044,Hyderabad,TS
CUST101301,UNIQ201301,74303,Indore,MP
CUST101302,UNIQ201302,32050,Jaipur,RJ
CUST101303,UNIQ201303,56160,Indore,MP
CUST101304,UNIQ201304,28344,Delhi,DL
CUST101305,UNIQ201305,74004,Indore,MP
CUST101306,UNIQ201306,17698,Delhi,DL
CUST101307,UNIQ201307,14433,Lucknow,UP
CUST101308,UNIQ201308,16358,Mumbai,MH
CUST101309,UNIQ201309,64053,Bangalore,KA
CUST101310,UNIQ201310,40334,Delhi,DL
CUST101311,UNIQ201311,29795,Mumbai,MH
CUST101312,UNIQ201312,38668,Bangalore,KA
CUST101313,UNIQ201313,69770,Lucknow,UP
CUST101314,UNIQ201314,17923,Pune,MH
CUST101315,UNIQ201315,73334,Ahmedabad,GJ
CUST101316,UNIQ201316,73944,Coimbatore,TN
CUST101317,UNIQ201317,10866,Bangalore,KA
CUST101318,UNIQ201318,63914,Lucknow,UP
CUST101319,UNIQ201319,12192,Bangalore,KA
CUST101320,UNIQ201320,46010,Lucknow,UP
CUST101321,UNIQ201321,47576,Lucknow,UP
CUST101322,UNIQ201322,75826,Bangalore,KA
CUST101323,UNIQ201323,66436,Indore,MP
CUST101324,UNIQ201324,24026,Delhi,DL
CUST101325,UNIQ201325,78732,Mumbai,MH
CUST101326,UNIQ201326,41584,Delhi,DL
CUST101327,UNIQ201327,79003,Chennai,TN
CUST101328,UNIQ201328,56457,Hyderabad,TS
CUST101329,UNIQ201329,62022,Hyderabad,TS
CUST101330,UNIQ201330,58896,Mumbai,MH
CUST101331,UNIQ201331,70161,Kolkata,WB
CUST101332,UNIQ201332,41877,Ahmedabad,GJ
CUST101333,UNIQ201333,39603,Indore,MP
CUST101334,UNIQ201334,20566,Hyderabad,TS
CUST101335,UNIQ201335,14152,Coimbatore,TN
CUST101336,UNIQ201336,63120,Mumbai,MH
CUST101337,UNIQ201337,59436,Kolkata,WB
CUST101338,UNIQ201338,72390,Lucknow,UP
CUST101339,UNIQ201339,11238,Bangalore,KA
CUST101340,UNIQ201340,32463,Indore,MP
CUST101341,UNIQ201341,75517,Mumbai,MH
CUST101342,UNIQ201342,53420,Kolkata,WB
CUST101343,UNIQ201343,22499,Ahmedabad,GJ
CUST101344,UNIQ201344,15577,Lucknow,UP
CUST101345,UNIQ201345,37710,Chennai,TN
CUST101346,UNIQ201346,72324,Indore,MP
CUST101347,UNIQ201347,16102,Hyderabad,TS
CUST101348,UNIQ201348,46749,Mumbai,MH
CUST101349,UNIQ201349,14312,Lucknow,UP
CUST101350,UNIQ201350,51220,Delhi,DL
CUST101351,UNIQ201351,37152,Bangalore,KA
CUST101352,UNIQ201352,28899,Ahmedabad,GJ
CUST101353,UNIQ201353,62205,Indore,MP
CUST101354,UNIQ201354,49226,Mumbai,MH
CUST101355,UNIQ201355,41519,Delhi,DL
CUST101356,UNIQ201356,61007,Ahmedabad,GJ
CUST101357,UNIQ201357,53480,Coimbatore,TN
CUST101358,UNIQ201358,28343,Kolkata,WB
CUST101359,UNIQ201359,20279,Indore,MP
CUST101360,UNIQ201360,55332,Lucknow,UP
CUST101361,UNIQ201361,22803,Bangalore,KA
CUST101362,UNIQ201362,40427,Kolkata,WB
CUST101363,UNIQ201363,54642,Mumbai,MH
CUST101364,UNIQ201364,61996,Ahmedabad,GJ
CUST101365,UNIQ201365,13883,Pune,MH
CUST101366,UNIQ201366,45825,Coimbatore,TN
CUST101367,UNIQ201367,74304,Jaipur,RJ
CUST101368,UNIQ201368,56636,Chennai,TN
CUST101369,UNIQ201369,59207,Lucknow,UP
CUST101370,UNIQ201370,34345,Kolkata,WB
CUST101371,UNIQ201371,59816,Coimbatore,TN
CUST101372,UNIQ201372,48715,Mumbai,MH
CUST101373,UNIQ201373,19634,Chennai,TN
CUST101374,UNIQ201374,45123,Mumbai,MH
CUST101375,UNIQ201375,59807,Delhi,DL
CUST101376,UNIQ201376,30221,Indore,MP
CUST101377,UNIQ201377,61068,Indore,MP
CUST101378,UNIQ201378,57277,Pune,MH
CUST101379,UNIQ201379,21995,Mumbai,MH
CUST101380,UNIQ201380,50405,Bangalore,KA
CUST101381,UNIQ201381,57175,Jaipur,RJ
CUST101382,UNIQ201382,23399,Hyderabad,TS
CUST101383,UNIQ201383,21442,Delhi,DL
CUST101384,UNIQ201384,66489,Delhi,DL
CUST101385,UNIQ201385,77166,Jaipur,RJ
CUST101386,UNIQ201386,23538,Kolkata,WB
CUST101387,UNIQ201387,21746,Bangalore,KA
CUST101388,UNIQ201388,22198,Pune,MH
CUST101389,UNIQ201389,52523,Ahmedabad,GJ
CUST101390,UNIQ201390,11617,Kolkata,WB
CUST101391,UNIQ201391,64238,Hyderabad,TS
CUST101392,UNIQ201392,21101,Kolkata,WB
CUST101393,UNIQ201393,41816,Indore,MP
CUST101394,UNIQ201394,78302,Ahmedabad,GJ
CUST101395,UNIQ201395,59903,Delhi,DL
CUST101396,UNIQ201396,28198,Delhi,DL
CUST101397,UNIQ201397,49469,Hyderabad,TS
CUST101398,UNIQ201398,74634,Hyderabad,TS
CUST101399,UNIQ201399,18292,Delhi,DL
CUST101400,UNIQ201400,66973,Delhi,DL
CUST101401,UNIQ201401,65194,Hyderabad,TS
CUST101402,UNIQ201402,73469,Hyderabad,TS
CUST101403,UNIQ201403,57333,Mumbai,MH
CUST101404,UNIQ201404,42321,Hyderabad,TS
CUST101405,UNIQ201405,74985,Indore,MP
CUST101406,UNIQ201406,35630,Ahmedabad,GJ
CUST101407,UNIQ201407,24021,Jaipur,RJ
CUST101408,UNIQ201408,49932,Delhi,DL
CUST101409,UNIQ201409,61864,Bangalore,KA
CUST101410,UNIQ201410,59792,Pune,MH
CUST101411,UNIQ201411,67700,Pune,MH
CUST101412,UNIQ201412,66441,Pune,MH
CUST101413,UNIQ201413,27842,Coimbatore,TN
CUST101414,UNIQ201414,52030,Hyderabad,TS
CUST101415,UNIQ201415,36326,Ahmedabad,GJ
CUST101416,UNIQ201416,51180,Jaipur,RJ
CUST101417,UNIQ201417,62198,Delhi,DL
CUST101418,UNIQ201418,48200,Pune,MH
CUST101419,UNIQ201419,74357,Indore,MP
CUST101420,UNIQ201420,41775,Ahmedabad,GJ
CUST101421,UNIQ201421,59290,Pune,MH
CUST101422,UNIQ201422,61502,Hyderabad,TS
CUST101423,UNIQ201423,24927,Pune,MH
CUST101424,UNIQ201424,36188,Ahmedabad,GJ
CUST101425,UNIQ201425,33583,Ahmedabad,GJ
CUST101426,UNIQ201426,13527,Coimbatore,TN
CUST101427,UNIQ201427,70505,Indore,MP
CUST101428,UNIQ201428,37479,Indore,MP
CUST101429,UNIQ201429,48185,Jaipur,RJ
CUST101430,UNIQ201430,19064,Indore,MP
CUST101431,UNIQ201431,75444,Kolkata,WB
CUST101432,UNIQ201432,49692,Delhi,DL
CUST101433,UNIQ201433,43119,Chennai,TN
CUST101434,UNIQ201434,30203,Coimbatore,TN
CUST101435,UNIQ201435,65460,Indore,MP
CUST101436,UNIQ201436,19694,Kolkata,WB
CUST101437,UNIQ201437,72814,Jaipur,RJ
CUST101438,UNIQ201438,62534,Ahmedabad,GJ
CUST101439,UNIQ201439,76402,Lucknow,UP
CUST101440,UNIQ201440,64827,Indore,MP
CUST101441,UNIQ201441,14818,Lucknow,UP
CUST101442,UNIQ201442,21138,Pune,MH
CUST101443,UNIQ201443,42536,Mumbai,MH
CUST101444,UNIQ201444,56531,Coimbatore,TN
CUST101445,UNIQ201445,15806,Delhi,DL
CUST101446,UNIQ201446,62378,Ahmedabad,GJ
CUST101447,UNIQ201447,66420,Pune,MH
CUST101448,UNIQ201448,11382,Mumbai,MH
CUST101449,UNIQ201449,43913,Mumbai,MH
CUST101450,UNIQ201450,76935,Chennai,TN
CUST101451,UNIQ201451,77999,Indore,MP
CUST101452,UNIQ201452,38971,Lucknow,UP
CUST101453,UNIQ201453,59036,Jaipur,RJ
CUST101454,UNIQ201454,70694,Kolkata,WB
CUST101455,UNIQ201455,75597,Coimbatore,TN
CUST101456,UNIQ201456,55215,Delhi,DL
CUST101457,UNIQ201457,73277,Bangalore,KA
CUST101458,UNIQ201458,48722,Mumbai,MH
CUST101459,UNIQ201459,21253,Kolkata,WB
CUST101460,UNIQ201460,28569,Mumbai,MH
CUST101461,UNIQ201461,50880,Pune,MH
CUST101462,UNIQ201462,69681,Pune,MH
CUST101463,UNIQ201463,78303,Chennai,TN
CUST101464,UNIQ201464,55652,Jaipur,RJ
CUST101465,UNIQ201465,22795,Jaipur,RJ
CUST101466,UNIQ201466,69303,Jaipur,RJ
CUST101467,UNIQ201467,18804,Pune,MH
CUST101468,UNIQ201468,15856,Hyderabad,TS
CUST101469,UNIQ201469,25084,Indore,MP
CUST101470,UNIQ201470,54967,Bangalore,KA
CUST101471,UNIQ201471,24334,Coimbatore,TN
CUST101472,UNIQ201472,31542,Coimbatore,TN
CUST101473,UNIQ201473,41970,Indore,MP
CUST101474,UNIQ201474,32865,Lucknow,UP
CUST101475,UNIQ201475,30989,Lucknow,UP
CUST101476,UNIQ201476,65885,Pune,MH
CUST101477,UNIQ201477,40389,Jaipur,RJ
CUST101478,UNIQ201478,34176,Kolkata,WB
CUST101479,UNIQ201479,66640,Delhi,DL
CUST101480,UNIQ201480,13826,Kolkata,WB
CUST101481,UNIQ201481,35863,Indore,MP
CUST101482,UNIQ201482,66302,Jaipur,RJ
CUST101483,UNIQ201483,10583,Kolkata,WB
CUST101484,UNIQ201484,38153,Indore,MP
CUST101485,UNIQ201485,46483,Chennai,TN
CUST101486,UNIQ201486,18200,Indore,MP
CUST101487,UNIQ201487,23336,Ahmedabad,GJ
CUST101488,UNIQ201488,34505,Lucknow,UP
CUST101489,UNIQ201489,52727,Pune,MH
CUST101490,UNIQ201490,69972,Chennai,TN
CUST101491,UNIQ201491,44387,Mumbai,MH
CUST101492,UNIQ201492,74157,Coimbatore,TN
CUST101493,UNIQ201493,51078,Lucknow,UP
CUST101494,UNIQ201494,60939,Ahmedabad,GJ
CUST101495,UNIQ201495,61451,Ahmedabad,GJ
CUST101496,UNIQ201496,24972,Ahmedabad,GJ
CUST101497,UNIQ201497,56135,Pune,MH
CUST101498,UNIQ201498,32613,Jaipur,RJ
CUST101499,UNIQ201499,48986,Coimbatore,TN
CUST101500,UNIQ201500,21108,Ahmedabad,GJ
CUST101501,UNIQ201501,27556,Coimbatore,TN
CUST101502,UNIQ201502,25448,Pune,MH
CUST101503,UNIQ201503,50026,Chennai,TN
CUST101504,UNIQ201504,33992,Mumbai,MH
CUST101505,UNIQ201505,28528,Pune,MH
CUST101506,UNIQ201506,60916,Lucknow,UP
CUST101507,UNIQ201507,28070,Kolkata,WB
CUST101508,UNIQ201508,60293,Ahmedabad,GJ
CUST101509,UNIQ201509,34347,Kolkata,WB
CUST101510,UNIQ201510,32706,Jaipur,RJ
CUST101511,UNIQ201511,31871,Lucknow,UP
CUST101512,UNIQ201512,47858,Jaipur,RJ
CUST101513,UNIQ201513,34523,Delhi,DL
CUST101514,UNIQ201514,69113,Pune,MH
CUST101515,UNIQ201515,17026,Ahmedabad,GJ
CUST101516,UNIQ201516,11256,Pune,MH
CUST101517,UNIQ201517,27895,Jaipur,RJ
CUST101518,UNIQ201518,60324,Chennai,TN
CUST101519,UNIQ201519,76248,Lucknow,UP
CUST101520,UNIQ201520,74876,Coimbatore,TN
CUST101521,UNIQ201521,74451,Kolkata,WB
CUST101522,UNIQ201522,68176,Kolkata,WB
CUST101523,UNIQ201523,31922,Jaipur,RJ
CUST101524,UNIQ201524,14044,Mumbai,MH
CUST101525,UNIQ201525,48284,Chennai,TN
CUST101526,UNIQ201526,46025,Bangalore,KA
CUST101527,UNIQ201527,47836,Chennai,TN
CUST101528,UNIQ201528,69942,Delhi,DL
CUST101529,UNIQ201529,74921,Ahmedabad,GJ
CUST101530,UNIQ201530,76952,Lucknow,UP
CUST101531,UNIQ201531,24969,Mumbai,MH
CUST101532,UNIQ201532,58085,Hyderabad,TS
CUST101533,UNIQ201533,15453,Lucknow,UP
CUST101534,UNIQ201534,67850,Indore,MP
CUST101535,UNIQ201535,38644,Lucknow,UP
CUST101536,UNIQ201536,23423,Kolkata,WB
CUST101537,UNIQ201537,42444,Indore,MP
CUST101538,UNIQ201538,14224,Hyderabad,TS
CUST101539,UNIQ201539,44447,Jaipur,RJ
CUST101540,UNIQ201540,21401,Pune,MH
CUST101541,UNIQ201541,25386,Jaipur,RJ
CUST101542,UNIQ201542,37509,Chennai,TN
CUST101543,UNIQ201543,55957,Indore,MP
CUST101544,UNIQ201544,66120,Indore,MP
CUST101545,UNIQ201545,28249,Delhi,DL
CUST101546,UNIQ201546,37124,Chennai,TN
CUST101547,UNIQ201547,55982,Bangalore,KA
CUST101548,UNIQ201548,46842,Lucknow,UP
CUST101549,UNIQ201549,32069,Ahmedabad,GJ
CUST101550,UNIQ201550,48356,Pune,MH
CUST101551,UNIQ201551,45041,Hyderabad,TS
CUST101552,UNIQ201552,22481,Lucknow,UP
CUST101553,UNIQ201553,63948,Delhi,DL
CUST101554,UNIQ201554,46349,Bangalore,KA
CUST101555,UNIQ201555,26631,Coimbatore,TN
CUST101556,UNIQ201556,27392,Indore,MP
CUST101557,UNIQ201557,29168,Chennai,TN
CUST101558,UNIQ201558,52217,Indore,MP
CUST101559,UNIQ201559,61472,Chennai,TN
CUST101560,UNIQ201560,28634,Jaipur,RJ
CUST101561,UNIQ201561,45221,Ahmedabad,GJ
CUST101562,UNIQ201562,64293,Coimbatore,TN
CUST101563,UNIQ201563,69243,Kolkata,WB
CUST101564,UNIQ201564,22202,Mumbai,MH
CUST101565,UNIQ201565,77582,Kolkata,WB
CUST101566,UNIQ201566,46467,Indore,MP
CUST101567,UNIQ201567,58374,Indore,MP
CUST101568,UNIQ201568,73968,Jaipur,RJ
CUST101569,UNIQ201569,10324,Pune,MH
CUST101570,UNIQ201570,22208,Indore,MP
CUST101571,UNIQ201571,70089,Indore,MP
CUST101572,UNIQ201572,56952,Coimbatore,TN
CUST101573,UNIQ201573,62129,Mumbai,MH
CUST101574,UNIQ201574,66314,Chennai,TN
CUST101575,UNIQ201575,74843,Chennai,TN
CUST101576,UNIQ201576,52318,Hyderabad,TS
CUST101577,UNIQ201577,54270,Hyderabad,TS
CUST101578,UNIQ201578,27117,Lucknow,UP
CUST101579,UNIQ201579,73614,Ahmedabad,GJ
CUST101580,UNIQ201580,16345,Pune,MH
CUST101581,UNIQ201581,23051,Bangalore,KA
CUST101582,UNIQ201582,70238,Coimbatore,TN
CUST101583,UNIQ201583,26284,Bangalore,KA
CUST101584,UNIQ201584,67840,Delhi,DL
CUST101585,UNIQ201585,10088,Jaipur,RJ
CUST101586,UNIQ201586,36518,Kolkata,WB
CUST101587,UNIQ201587,27290,Indore,MP
CUST101588,UNIQ201588,49566,Coimbatore,TN
CUST101589,UNIQ201589,45916,Delhi,DL
CUST101590,UNIQ201590,57242,Mumbai,MH
CUST101591,UNIQ201591,20803,Hyderabad,TS
CUST101592,UNIQ201592,31695,Pune,MH
CUST101593,UNIQ201593,61949,Bangalore,KA
CUST101594,UNIQ201594,50043,Coimbatore,TN
CUST101595,UNIQ201595,40689,Indore,MP
CUST101596,UNIQ201596,21953,Kolkata,WB
CUST101597,UNIQ201597,22475,Indore,MP
CUST101598,UNIQ201598,37973,Bangalore,KA
CUST101599,UNIQ201599,20215,Jaipur,RJ
CUST101600,UNIQ201600,39647,Delhi,DL
CUST101601,UNIQ201601,68335,Lucknow,UP
CUST101602,UNIQ201602,11056,Bangalore,KA
CUST101603,UNIQ201603,55032,Indore,MP
CUST101604,UNIQ201604,65353,Mumbai,MH
CUST101605,UNIQ201605,27324,Indore,MP
CUST101606,UNIQ201606,19283,Jaipur,RJ
CUST101607,UNIQ201607,60209,Chennai,TN
CUST101608,UNIQ201608,23425,Mumbai,MH
CUST101609,UNIQ201609,51071,Mumbai,MH
CUST101610,UNIQ201610,49223,Pune,MH
CUST101611,UNIQ201611,60164,Delhi,DL
CUST101612,UNIQ201612,28724,Delhi,DL
CUST101613,UNIQ201613,79534,Mumbai,MH
CUST101614,UNIQ201614,11110,Ahmedabad,GJ
CUST101615,UNIQ201615,31511,Ahmedabad,GJ
CUST101616,UNIQ201616,56030,Jaipur,RJ
CUST101617,UNIQ201617,37925,Indore,MP
CUST101618,UNIQ201618,29840,Coimbatore,TN
CUST101619,UNIQ201619,67984,Kolkata,WB
CUST101620,UNIQ201620,21362,Chennai,TN
CUST101621,UNIQ201621,28351,Mumbai,MH
CUST101622,UNIQ201622,60335,Mumbai,MH
CUST101623,UNIQ201623,66280,Pune,MH
CUST101624,UNIQ201624,28327,Pune,MH
CUST101625,UNIQ201625,46302,Chennai,TN
CUST101626,UNIQ201626,21042,Coimbatore,TN
CUST101627,UNIQ201627,47345,Chennai,TN
CUST101628,UNIQ201628,13515,Indore,MP
CUST101629,UNIQ201629,49537,Coimbatore,TN
CUST101630,UNIQ201630,77862,Chennai,TN
CUST101631,UNIQ201631,76784,Ahmedabad,GJ
CUST101632,UNIQ201632,61347,Chennai,TN
CUST101633,UNIQ201633,17152,Hyderabad,TS
CUST101634,UNIQ201634,74865,Chennai,TN
CUST101635,UNIQ201635,24777,Kolkata,WB
CUST101636,UNIQ201636,75481,Chennai,TN
CUST101637,UNIQ201637,19307,Coimbatore,TN
CUST101638,UNIQ201638,11581,Lucknow,UP
CUST101639,UNIQ201639,51480,Pune,MH
CUST101640,UNIQ201640,60703,Delhi,DL
CUST101641,UNIQ201641,65163,Ahmedabad,GJ
CUST101642,UNIQ201642,32645,Pune,MH
CUST101643,UNIQ201643,19567,Jaipur,RJ
CUST101644,UNIQ201644,18851,Bangalore,KA
CUST101645,UNIQ201645,44365,Bangalore,KA
CUST101646,UNIQ201646,15220,Chennai,TN
CUST101647,UNIQ201647,62163,Bangalore,KA
CUST101648,UNIQ201648,47550,Lucknow,UP
CUST101649,UNIQ201649,75673,Coimbatore,TN
CUST101650,UNIQ201650,65518,Kolkata,WB
CUST101651,UNIQ201651,62727,Indore,MP
CUST101652,UNIQ201652,30012,Mumbai,MH
CUST101653,UNIQ201653,20957,Hyderabad,TS
CUST101654,UNIQ201654,20357,Hyderabad,TS
CUST101655,UNIQ201655,36633,Lucknow,UP
CUST101656,UNIQ201656,52827,Delhi,DL
CUST101657,UNIQ201657,18665,Kolkata,WB
CUST101658,UNIQ201658,67342,Hyderabad,TS
CUST101659,UNIQ201659,41278,Indore,MP
CUST101660,UNIQ201660,42044,Bangalore,KA
CUST101661,UNIQ201661,66948,Mumbai,MH
CUST101662,UNIQ201662,69424,Mumbai,MH
CUST101663,UNIQ201663,17212,Ahmedabad,GJ
CUST101664,UNIQ201664,33022,Hyderabad,TS
CUST101665,UNIQ201665,11660,Mumbai,MH
CUST101666,UNIQ201666,27984,Indore,MP
CUST101667,UNIQ201667,11487,Indore,MP
CUST101668,UNIQ201668,75065,Delhi,DL
CUST101669,UNIQ201669,78551,Pune,MH
CUST101670,UNIQ201670,43980,Lucknow,UP
CUST101671,UNIQ201671,58741,Delhi,DL
CUST101672,UNIQ201672,45227,Delhi,DL
CUST101673,UNIQ201673,25473,Indore,MP
CUST101674,UNIQ201674,53910,Bangalore,KA
CUST101675,UNIQ201675,45649,Kolkata,WB
CUST101676,UNIQ201676,18371,Lucknow,UP
CUST101677,UNIQ201677,20101,Hyderabad,TS
CUST101678,UNIQ201678,69663,Jaipur,RJ
CUST101679,UNIQ201679,57202,Lucknow,UP
CUST101680,UNIQ201680,75484,Bangalore,KA
CUST101681,UNIQ201681,31873,Ahmedabad,GJ
CUST101682,UNIQ201682,30618,Pune,MH
CUST101683,UNIQ201683,23487,Hyderabad,TS
CUST101684,UNIQ201684,25117,Ahmedabad,GJ
CUST101685,UNIQ201685,76692,Chennai,TN
CUST101686,UNIQ201686,15772,Bangalore,KA
CUST101687,UNIQ201687,42053,Bangalore,KA
CUST101688,UNIQ201688,71835,Bangalore,KA
CUST101689,UNIQ201689,60197,Pune,MH
CUST101690,UNIQ201690,33456,Delhi,DL
CUST101691,UNIQ201691,64967,Bangalore,KA
CUST101692,UNIQ201692,52179,Chennai,TN
CUST101693,UNIQ201693,64559,Chennai,TN
CUST101694,UNIQ201694,51934,Indore,MP
CUST101695,UNIQ201695,20208,Hyderabad,TS
CUST101696,UNIQ201696,58864,Ahmedabad,GJ
CUST101697,UNIQ201697,75803,Mumbai,MH
CUST101698,UNIQ201698,16903,Coimbatore,TN
CUST101699,UNIQ201699,39253,Delhi,DL
CUST101700,UNIQ201700,16019,Lucknow,UP
CUST101701,UNIQ201701,19034,Kolkata,WB
CUST101702,UNIQ201702,47002,Jaipur,RJ
CUST101703,UNIQ201703,52899,Hyderabad,TS
CUST101704,UNIQ201704,69866,Mumbai,MH
CUST101705,UNIQ201705,58354,Bangalore,KA
CUST101706,UNIQ201706,48219,Chennai,TN
CUST101707,UNIQ201707,49834,Ahmedabad,GJ
CUST101708,UNIQ201708,41795,Indore,MP
CUST101709,UNIQ201709,58270,Jaipur,RJ
CUST101710,UNIQ201710,74665,Ahmedabad,GJ
CUST101711,UNIQ201711,42129,Chennai,TN
CUST101712,UNIQ201712,10835,Delhi,DL
CUST101713,UNIQ201713,13133,Kolkata,WB
CUST101714,UNIQ201714,55406,Chennai,TN
CUST101715,UNIQ201715,11257,Coimbatore,TN
CUST101716,UNIQ201716,10191,Pune,MH
CUST101717,UNIQ201717,59319,Coimbatore,TN
CUST101718,UNIQ201718,50306,Indore,MP
CUST101719,UNIQ201719,36895,Mumbai,MH
CUST101720,UNIQ201720,41217,Lucknow,UP
CUST101721,UNIQ201721,74491,Kolkata,WB
CUST101722,UNIQ201722,28661,Bangalore,KA
CUST101723,UNIQ201723,46677,Indore,MP
CUST101724,UNIQ201724,15754,Mumbai,MH
CUST101725,UNIQ201725,78125,Chennai,TN
CUST101726,UNIQ201726,58823,Kolkata,WB
CUST101727,UNIQ201727,21128,Jaipur,RJ
CUST101728,UNIQ201728,22527,Ahmedabad,GJ
CUST101729,UNIQ201729,27499,Lucknow,UP
CUST101730,UNIQ201730,61688,Coimbatore,TN
CUST101731,UNIQ201731,18163,Mumbai,MH
CUST101732,UNIQ201732,27132,Kolkata,WB
CUST101733,UNIQ201733,48230,Chennai,TN
CUST101734,UNIQ201734,51288,Hyderabad,TS
CUST101735,UNIQ201735,52762,Kolkata,WB
CUST101736,UNIQ201736,69343,Pune,MH
CUST101737,UNIQ201737,40619,Hyderabad,TS
CUST101738,UNIQ201738,36569,Mumbai,MH
CUST101739,UNIQ201739,24283,Delhi,DL
CUST101740,UNIQ201740,23848,Delhi,DL
CUST101741,UNIQ201741,68925,Delhi,DL
CUST101742,UNIQ201742,51160,Jaipur,RJ
CUST101743,UNIQ201743,25825,Kolkata,WB
CUST101744,UNIQ201744,56961,Lucknow,UP
CUST101745,UNIQ201745,69233,Chennai,TN
CUST101746,UNIQ201746,70731,Hyderabad,TS
CUST101747,UNIQ201747,25717,Hyderabad,TS
CUST101748,UNIQ201748,30658,Mumbai,MH
CUST101749,UNIQ201749,49874,Coimbatore,TN
CUST101750,UNIQ201750,15286,Indore,MP
CUST101751,UNIQ201751,52964,Chennai,TN
CUST101752,UNIQ201752,21955,Delhi,DL
CUST101753,UNIQ201753,42534,Indore,MP
CUST101754,UNIQ201754,61936,Pune,MH
CUST101755,UNIQ201755,16416,Lucknow,UP
CUST101756,UNIQ201756,49169,Coimbatore,TN
CUST101757,UNIQ201757,32789,Hyderabad,TS
CUST101758,UNIQ201758,63004,Bangalore,KA
CUST101759,UNIQ201759,42748,Jaipur,RJ
CUST101760,UNIQ201760,70560,Mumbai,MH
CUST101761,UNIQ201761,28322,Mumbai,MH
CUST101762,UNIQ201762,11567,Mumbai,MH
CUST101763,UNIQ201763,39135,Bangalore,KA
CUST101764,UNIQ201764,35969,Delhi,DL
CUST101765,UNIQ201765,58790,Kolkata,WB
CUST101766,UNIQ201766,21015,Coimbatore,TN
CUST101767,UNIQ201767,43924,Ahmedabad,GJ
CUST101768,UNIQ201768,12857,Mumbai,MH
CUST101769,UNIQ201769,35919,Mumbai,MH
CUST101770,UNIQ201770,68121,Coimbatore,TN
CUST101771,UNIQ201771,22055,Delhi,DL
CUST101772,UNIQ201772,26059,Pune,MH
CUST101773,UNIQ201773,70423,Bangalore,KA
CUST101774,UNIQ201774,32018,Bangalore,KA
CUST101775,UNIQ201775,66774,Ahmedabad,GJ
CUST101776,UNIQ201776,61773,Indore,MP
CUST101777,UNIQ201777,13864,Jaipur,RJ
CUST101778,UNIQ201778,65923,Kolkata,WB
CUST101779,UNIQ201779,56392,Delhi,DL
CUST101780,UNIQ201780,34530,Chennai,TN
CUST101781,UNIQ201781,46681,Hyderabad,TS
CUST101782,UNIQ201782,29481,Jaipur,RJ
CUST101783,UNIQ201783,42215,Bangalore,KA
CUST101784,UNIQ201784,48680,Coimbatore,TN
CUST101785,UNIQ201785,64000,Jaipur,RJ
CUST101786,UNIQ201786,72787,Lucknow,UP
CUST101787,UNIQ201787,21497,Bangalore,KA
CUST101788,UNIQ201788,60202,Hyderabad,TS
CUST101789,UNIQ201789,64949,Delhi,DL
CUST101790,UNIQ201790,78919,Chennai,TN
CUST101791,UNIQ201791,12559,Chennai,TN
CUST101792,UNIQ201792,57069,Kolkata,WB
CUST101793,UNIQ201793,73527,Jaipur,RJ
CUST101794,UNIQ201794,75849,Pune,MH
CUST101795,UNIQ201795,60905,Pune,MH
CUST101796,UNIQ201796,33568,Hyderabad,TS
CUST101797,UNIQ201797,51795,Bangalore,KA
CUST101798,UNIQ201798,38707,Ahmedabad,GJ
CUST101799,UNIQ201799,46822,Bangalore,KA
CUST101800,UNIQ201800,71824,Bangalore,KA
CUST101801,UNIQ201801,56849,Lucknow,UP
CUST101802,UNIQ201802,40508,Ahmedabad,GJ
CUST101803,UNIQ201803,23124,Delhi,DL
CUST101804,UNIQ201804,41608,Chennai,TN
CUST101805,UNIQ201805,79951,Hyderabad,TS
CUST101806,UNIQ201806,17328,Indore,MP
CUST101807,UNIQ201807,60911,Chennai,TN
CUST101808,UNIQ201808,32768,Pune,MH
CUST101809,UNIQ201809,41005,Delhi,DL
CUST101810,UNIQ201810,51681,Ahmedabad,GJ
CUST101811,UNIQ201811,57026,Indore,MP
CUST101812,UNIQ201812,13697,Ahmedabad,GJ
CUST101813,UNIQ201813,56095,Indore,MP
CUST101814,UNIQ201814,28625,Ahmedabad,GJ
CUST101815,UNIQ201815,34672,Ahmedabad,GJ
CUST101816,UNIQ201816,50508,Jaipur,RJ
CUST101817,UNIQ201817,74282,Delhi,DL
CUST101818,UNIQ201818,21830,Bangalore,KA
CUST101819,UNIQ201819,40490,Bangalore,KA
CUST101820,UNIQ201820,38679,Ahmedabad,GJ
CUST101821,UNIQ201821,79002,Bangalore,KA
CUST101822,UNIQ201822,10089,Jaipur,RJ
CUST101823,UNIQ201823,36406,Pune,MH
CUST101824,UNIQ201824,54663,Delhi,DL
CUST101825,UNIQ201825,33260,Indore,MP
CUST101826,UNIQ201826,17806,Pune,MH
CUST101827,UNIQ201827,29360,Bangalore,KA
CUST101828,UNIQ201828,28566,Ahmedabad,GJ
CUST101829,UNIQ201829,78982,Mumbai,MH
CUST101830,UNIQ201830,19506,Pune,MH
CUST101831,UNIQ201831,61851,Pune,MH
CUST101832,UNIQ201832,23242,Ahmedabad,GJ
CUST101833,UNIQ201833,49552,Pune,MH
CUST101834,UNIQ201834,27884,Pune,MH
CUST101835,UNIQ201835,67261,Delhi,DL
CUST101836,UNIQ201836,73858,Coimbatore,TN
CUST101837,UNIQ201837,51586,Coimbatore,TN
CUST101838,UNIQ201838,56769,Delhi,DL
CUST101839,UNIQ201839,32983,Chennai,TN
CUST101840,UNIQ201840,50215,Kolkata,WB
CUST101841,UNIQ201841,48602,Indore,MP
CUST101842,UNIQ201842,33292,Delhi,DL
CUST101843,UNIQ201843,10235,Indore,MP
CUST101844,UNIQ201844,61327,Indore,MP
CUST101845,UNIQ201845,14244,Ahmedabad,GJ
CUST101846,UNIQ201846,51709,Delhi,DL
CUST101847,UNIQ201847,38953,Ahmedabad,GJ
CUST101848,UNIQ201848,23645,Coimbatore,TN
CUST101849,UNIQ201849,28434,Jaipur,RJ
CUST101850,UNIQ201850,20198,Pune,MH
CUST101851,UNIQ201851,55457,Chennai,TN
CUST101852,UNIQ201852,32005,Pune,MH
CUST101853,UNIQ201853,21629,Coimbatore,TN
CUST101854,UNIQ201854,54007,Indore,MP
CUST101855,UNIQ201855,11493,Jaipur,RJ
CUST101856,UNIQ201856,37483,Hyderabad,TS
CUST101857,UNIQ201857,18885,Chennai,TN
CUST101858,UNIQ201858,43640,Pune,MH
CUST101859,UNIQ201859,10167,Mumbai,MH
CUST101860,UNIQ201860,60585,Bangalore,KA
CUST101861,UNIQ201861,65004,Jaipur,RJ
CUST101862,UNIQ201862,64266,Delhi,DL
CUST101863,UNIQ201863,59638,Jaipur,RJ
CUST101864,UNIQ201864,59197,Pune,MH
CUST101865,UNIQ201865,72847,Mumbai,MH
CUST101866,UNIQ201866,39567,Ahmedabad,GJ
CUST101867,UNIQ201867,69151,Delhi,DL
CUST101868,UNIQ201868,14379,Mumbai,MH
CUST101869,UNIQ201869,12631,Hyderabad,TS
CUST101870,UNIQ201870,44226,Pune,MH
CUST101871,UNIQ201871,19725,Mumbai,MH
CUST101872,UNIQ201872,32296,Pune,MH
CUST101873,UNIQ201873,31090,Kolkata,WB
CUST101874,UNIQ201874,19830,Indore,MP
CUST101875,UNIQ201875,22203,Lucknow,UP
CUST101876,UNIQ201876,73273,Pune,MH
CUST101877,UNIQ201877,14062,Indore,MP
CUST101878,UNIQ201878,31626,Kolkata,WB
CUST101879,UNIQ201879,66911,Ahmedabad,GJ
CUST101880,UNIQ201880,17019,Delhi,DL
CUST101881,UNIQ201881,53397,Mumbai,MH
CUST101882,UNIQ201882,34901,Chennai,TN
CUST101883,UNIQ201883,44768,Kolkata,WB
CUST101884,UNIQ201884,46899,Coimbatore,TN
CUST101885,UNIQ201885,41135,Hyderabad,TS
CUST101886,UNIQ201886,16505,Mumbai,MH
CUST101887,UNIQ201887,74349,Kolkata,WB
CUST101888,UNIQ201888,17144,Delhi,DL
CUST101889,UNIQ201889,10500,Pune,MH
CUST101890,UNIQ201890,21485,Kolkata,WB
CUST101891,UNIQ201891,72957,Hyderabad,TS
CUST101892,UNIQ201892,22712,Chennai,TN
CUST101893,UNIQ201893,37125,Bangalore,KA
CUST101894,UNIQ201894,48248,Delhi,DL
CUST101895,UNIQ201895,72071,Mumbai,MH
CUST101896,UNIQ201896,50416,Mumbai,MH
CUST101897,UNIQ201897,71727,Kolkata,WB
CUST101898,UNIQ201898,44734,Jaipur,RJ
CUST101899,UNIQ201899,60793,Mumbai,MH
CUST101900,UNIQ201900,58630,Delhi,DL
CUST101901,UNIQ201901,58418,Kolkata,WB
CUST101902,UNIQ201902,68428,Delhi,DL
CUST101903,UNIQ201903,44510,Bangalore,KA
CUST101904,UNIQ201904,70956,Jaipur,RJ
CUST101905,UNIQ201905,39654,Hyderabad,TS
CUST101906,UNIQ201906,18079,Hyderabad,TS
CUST101907,UNIQ201907,22675,Delhi,DL
CUST101908,UNIQ201908,55061,Mumbai,MH
CUST101909,UNIQ201909,64262,Lucknow,UP
CUST101910,UNIQ201910,39820,Ahmedabad,GJ
CUST101911,UNIQ201911,17993,Lucknow,UP
CUST101912,UNIQ201912,78495,Kolkata,WB
CUST101913,UNIQ201913,72236,Kolkata,WB
CUST101914,UNIQ201914,40886,Ahmedabad,GJ
CUST101915,UNIQ201915,49171,Jaipur,RJ
CUST101916,UNIQ201916,61747,Mumbai,MH
CUST101917,UNIQ201917,14551,Indore,MP
CUST101918,UNIQ201918,77740,Lucknow,UP
CUST101919,UNIQ201919,29326,Ahmedabad,GJ
CUST101920,UNIQ201920,68856,Mumbai,MH
CUST101921,UNIQ201921,31910,Delhi,DL
CUST101922,UNIQ201922,35260,Chennai,TN
CUST101923,UNIQ201923,15593,Delhi,DL
CUST101924,UNIQ201924,20271,Kolkata,WB
CUST101925,UNIQ201925,67067,Coimbatore,TN
CUST101926,UNIQ201926,29382,Chennai,TN
CUST101927,UNIQ201927,43801,Ahmedabad,GJ
CUST101928,UNIQ201928,18783,Pune,MH
CUST101929,UNIQ201929,60868,Mumbai,MH
CUST101930,UNIQ201930,62082,Lucknow,UP
CUST101931,UNIQ201931,52746,Lucknow,UP
CUST101932,UNIQ201932,78116,Hyderabad,TS
CUST101933,UNIQ201933,11620,Jaipur,RJ
CUST101934,UNIQ201934,78493,Indore,MP
CUST101935,UNIQ201935,24748,Kolkata,WB
CUST101936,UNIQ201936,29613,Kolkata,WB
CUST101937,UNIQ201937,23133,Delhi,DL
CUST101938,UNIQ201938,23237,Mumbai,MH
CUST101939,UNIQ201939,55071,Hyderabad,TS
CUST101940,UNIQ201940,44620,Kolkata,WB
CUST101941,UNIQ201941,73646,Kolkata,WB
CUST101942,UNIQ201942,72003,Ahmedabad,GJ
CUST101943,UNIQ201943,32570,Bangalore,KA
CUST101944,UNIQ201944,62818,Hyderabad,TS
CUST101945,UNIQ201945,62654,Delhi,DL
CUST101946,UNIQ201946,61877,Bangalore,KA
CUST101947,UNIQ201947,41139,Pune,MH
CUST101948,UNIQ201948,72287,Bangalore,KA
CUST101949,UNIQ201949,58816,Hyderabad,TS
CUST101950,UNIQ201950,54284,Bangalore,KA
CUST101951,UNIQ201951,50756,Hyderabad,TS
CUST101952,UNIQ201952,74437,Hyderabad,TS
CUST101953,UNIQ201953,22873,Indore,MP
CUST101954,UNIQ201954,27614,Chennai,TN
CUST101955,UNIQ201955,68079,Hyderabad,TS
CUST101956,UNIQ201956,45313,Pune,MH
CUST101957,UNIQ201957,64627,Indore,MP
CUST101958,UNIQ201958,21703,Ahmedabad,GJ
CUST101959,UNIQ201959,67896,Chennai,TN
CUST101960,UNIQ201960,63368,Chennai,TN
CUST101961,UNIQ201961,73499,Indore,MP
CUST101962,UNIQ201962,59009,Lucknow,UP
CUST101963,UNIQ201963,77537,Bangalore,KA
CUST101964,UNIQ201964,18600,Delhi,DL
CUST101965,UNIQ201965,76426,Hyderabad,TS
CUST101966,UNIQ201966,27779,Kolkata,WB
CUST101967,UNIQ201967,13794,Lucknow,UP
CUST101968,UNIQ201968,35265,Delhi,DL
CUST101969,UNIQ201969,17553,Chennai,TN
CUST101970,UNIQ201970,14334,Chennai,TN
CUST101971,UNIQ201971,16626,Jaipur,RJ
CUST101972,UNIQ201972,36097,Pune,MH
CUST101973,UNIQ201973,58280,Hyderabad,TS
CUST101974,UNIQ201974,76207,Jaipur,RJ
CUST101975,UNIQ201975,26236,Kolkata,WB
CUST101976,UNIQ201976,14005,Coimbatore,TN
CUST101977,UNIQ201977,58819,Chennai,TN
CUST101978,UNIQ201978,68471,Jaipur,RJ
CUST101979,UNIQ201979,72204,Delhi,DL
CUST101980,UNIQ201980,55843,Ahmedabad,GJ
CUST101981,UNIQ201981,31432,Pune,MH
CUST101982,UNIQ201982,21847,Hyderabad,TS
CUST101983,UNIQ201983,13597,Hyderabad,TS
CUST101984,UNIQ201984,16507,Kolkata,WB
CUST101985,UNIQ201985,38091,Delhi,DL
CUST101986,UNIQ201986,39505,Chennai,TN
CUST101987,UNIQ201987,37096,Coimbatore,TN
CUST101988,UNIQ201988,63674,Hyderabad,TS
CUST101989,UNIQ201989,12628,Lucknow,UP
CUST101990,UNIQ201990,11166,Coimbatore,TN
CUST101991,UNIQ201991,27342,Jaipur,RJ
CUST101992,UNIQ201992,32701,Coimbatore,TN
CUST101993,UNIQ201993,11109,Ahmedabad,GJ
CUST101994,UNIQ201994,43081,Chennai,TN
CUST101995,UNIQ201995,50037,Ahmedabad,GJ
CUST101996,UNIQ201996,46094,Indore,MP
CUST101997,UNIQ201997,59345,Kolkata,WB
CUST101998,UNIQ201998,70161,Pune,MH
CUST101999,UNIQ201999,38601,Hyderabad,TS
CUST102000,UNIQ202000,49602,Jaipur,RJ
CUST102001,UNIQ202001,78241,Coimbatore,TN
CUST102002,UNIQ202002,62055,Ahmedabad,GJ
CUST102003,UNIQ202003,23410,Ahmedabad,GJ
CUST102004,UNIQ202004,77045,Bangalore,KA
CUST102005,UNIQ202005,59051,Coimbatore,TN
CUST102006,UNIQ202006,47051,Lucknow,UP
CUST102007,UNIQ202007,24169,Hyderabad,TS
CUST102008,UNIQ202008,18367,Jaipur,RJ
CUST102009,UNIQ202009,46239,Pune,MH
CUST102010,UNIQ202010,52616,Coimbatore,TN
CUST102011,UNIQ202011,44229,Hyderabad,TS
CUST102012,UNIQ202012,49163,Coimbatore,TN
CUST102013,UNIQ202013,29651,Chennai,TN
CUST102014,UNIQ202014,41496,Lucknow,UP
CUST102015,UNIQ202015,62965,Bangalore,KA
CUST102016,UNIQ202016,51888,Coimbatore,TN
CUST102017,UNIQ202017,28340,Coimbatore,TN
CUST102018,UNIQ202018,13336,Indore,MP
CUST102019,UNIQ202019,75191,Coimbatore,TN
CUST102020,UNIQ202020,44003,Hyderabad,TS
CUST102021,UNIQ202021,63031,Kolkata,WB
CUST102022,UNIQ202022,14629,Kolkata,WB
CUST102023,UNIQ202023,34892,Ahmedabad,GJ
CUST102024,UNIQ202024,39145,Pune,MH
CUST102025,UNIQ202025,72355,Coimbatore,TN
CUST102026,UNIQ202026,56988,Coimbatore,TN
CUST102027,UNIQ202027,49347,Lucknow,UP
CUST102028,UNIQ202028,33741,Delhi,DL
CUST102029,UNIQ202029,22793,Hyderabad,TS
CUST102030,UNIQ202030,26769,Jaipur,RJ
CUST102031,UNIQ202031,43902,Indore,MP
CUST102032,UNIQ202032,33995,Indore,MP
CUST102033,UNIQ202033,53992,Coimbatore,TN
CUST102034,UNIQ202034,21704,Coimbatore,TN
CUST102035,UNIQ202035,56567,Chennai,TN
CUST102036,UNIQ202036,50250,Chennai,TN
CUST102037,UNIQ202037,53426,Kolkata,WB
CUST102038,UNIQ202038,44152,Pune,MH
CUST102039,UNIQ202039,48541,Ahmedabad,GJ
CUST102040,UNIQ202040,25437,Jaipur,RJ
CUST102041,UNIQ202041,17035,Jaipur,RJ
CUST102042,UNIQ202042,19334,Coimbatore,TN
CUST102043,UNIQ202043,35499,Jaipur,RJ
CUST102044,UNIQ202044,25704,Lucknow,UP
CUST102045,UNIQ202045,60026,Coimbatore,TN
CUST102046,UNIQ202046,49106,Lucknow,UP
CUST102047,UNIQ202047,17086,Kolkata,WB
CUST102048,UNIQ202048,28004,Delhi,DL
CUST102049,UNIQ202049,54914,Chennai,TN
CUST102050,UNIQ202050,69974,Kolkata,WB
CUST102051,UNIQ202051,51469,Delhi,DL
CUST102052,UNIQ202052,33639,Indore,MP
CUST102053,UNIQ202053,73908,Mumbai,MH
CUST102054,UNIQ202054,33176,Pune,MH
CUST102055,UNIQ202055,17603,Pune,MH
CUST102056,UNIQ202056,69251,Bangalore,KA
CUST102057,UNIQ202057,37444,Hyderabad,TS
CUST102058,UNIQ202058,30766,Delhi,DL
CUST102059,UNIQ202059,21539,Jaipur,RJ
CUST102060,UNIQ202060,66847,Delhi,DL
CUST102061,UNIQ202061,66283,Coimbatore,TN
CUST102062,UNIQ202062,66233,Kolkata,WB
CUST102063,UNIQ202063,60242,Jaipur,RJ
CUST102064,UNIQ202064,14944,Bangalore,KA
CUST102065,UNIQ202065,36137,Lucknow,UP
CUST102066,UNIQ202066,58903,Indore,MP
CUST102067,UNIQ202067,52233,Bangalore,KA
CUST102068,UNIQ202068,34979,Lucknow,UP
CUST102069,UNIQ202069,10540,Bangalore,KA
CUST102070,UNIQ202070,42613,Coimbatore,TN
CUST102071,UNIQ202071,55134,Chennai,TN
CUST102072,UNIQ202072,26899,Hyderabad,TS
CUST102073,UNIQ202073,60272,Mumbai,MH
CUST102074,UNIQ202074,50123,Lucknow,UP
CUST102075,UNIQ202075,18557,Delhi,DL
CUST102076,UNIQ202076,49085,Bangalore,KA
CUST102077,UNIQ202077,69759,Hyderabad,TS
CUST102078,UNIQ202078,78195,Indore,MP
CUST102079,UNIQ202079,78697,Ahmedabad,GJ
CUST102080,UNIQ202080,66841,Pune,MH
CUST102081,UNIQ202081,27536,Coimbatore,TN
CUST102082,UNIQ202082,74248,Pune,MH
CUST102083,UNIQ202083,34697,Pune,MH
CUST102084,UNIQ202084,62873,Delhi,DL
CUST102085,UNIQ202085,39939,Bangalore,KA
CUST102086,UNIQ202086,27197,Chennai,TN
CUST102087,UNIQ202087,12872,Chennai,TN
CUST102088,UNIQ202088,76143,Ahmedabad,GJ
CUST102089,UNIQ202089,26143,Delhi,DL
CUST102090,UNIQ202090,14897,Pune,MH
CUST102091,UNIQ202091,43526,Kolkata,WB
CUST102092,UNIQ202092,16368,Lucknow,UP
CUST102093,UNIQ202093,16286,Ahmedabad,GJ
CUST102094,UNIQ202094,24170,Coimbatore,TN
CUST102095,UNIQ202095,12587,Coimbatore,TN
CUST102096,UNIQ202096,25176,Bangalore,KA
CUST102097,UNIQ202097,68237,Kolkata,WB
CUST102098,UNIQ202098,26199,Kolkata,WB
CUST102099,UNIQ202099,43126,Lucknow,UP
CUST102100,UNIQ202100,30070,Jaipur,RJ
CUST102101,UNIQ202101,11219,Chennai,TN
CUST102102,UNIQ202102,65164,Hyderabad,TS
CUST102103,UNIQ202103,23235,Coimbatore,TN
CUST102104,UNIQ202104,78197,Coimbatore,TN
CUST102105,UNIQ202105,27978,Hyderabad,TS
CUST102106,UNIQ202106,23751,Kolkata,WB
CUST102107,UNIQ202107,25431,Lucknow,UP
CUST102108,UNIQ202108,24943,Hyderabad,TS
CUST102109,UNIQ202109,75239,Mumbai,MH
CUST102110,UNIQ202110,36181,Chennai,TN
CUST102111,UNIQ202111,78569,Hyderabad,TS
CUST102112,UNIQ202112,56913,Chennai,TN
CUST102113,UNIQ202113,63707,Indore,MP
CUST102114,UNIQ202114,31020,Hyderabad,TS
CUST102115,UNIQ202115,75058,Bangalore,KA
CUST102116,UNIQ202116,73001,Chennai,TN
CUST102117,UNIQ202117,40737,Pune,MH
CUST102118,UNIQ202118,11671,Bangalore,KA
CUST102119,UNIQ202119,21665,Coimbatore,TN
CUST102120,UNIQ202120,74763,Mumbai,MH
CUST102121,UNIQ202121,21807,Delhi,DL
CUST102122,UNIQ202122,19836,Lucknow,UP
CUST102123,UNIQ202123,23276,Indore,MP
CUST102124,UNIQ202124,40298,Hyderabad,TS
CUST102125,UNIQ202125,48800,Jaipur,RJ
CUST102126,UNIQ202126,70853,Hyderabad,TS
CUST102127,UNIQ202127,23082,Bangalore,KA
CUST102128,UNIQ202128,15170,Delhi,DL
CUST102129,UNIQ202129,57214,Hyderabad,TS
CUST102130,UNIQ202130,50987,Coimbatore,TN
CUST102131,UNIQ202131,25191,Kolkata,WB
CUST102132,UNIQ202132,16014,Mumbai,MH
CUST102133,UNIQ202133,28139,Bangalore,KA
CUST102134,UNIQ202134,32349,Coimbatore,TN
CUST102135,UNIQ202135,56861,Pune,MH
CUST102136,UNIQ202136,45167,Jaipur,RJ
CUST102137,UNIQ202137,22183,Indore,MP
CUST102138,UNIQ202138,54921,Pune,MH
CUST102139,UNIQ202139,24920,Delhi,DL
CUST102140,UNIQ202140,62461,Kolkata,WB
CUST102141,UNIQ202141,45629,Jaipur,RJ
CUST102142,UNIQ202142,72684,Kolkata,WB
CUST102143,UNIQ202143,31860,Kolkata,WB
CUST102144,UNIQ202144,27368,Mumbai,MH
CUST102145,UNIQ202145,17686,Indore,MP
CUST102146,UNIQ202146,23593,Delhi,DL
CUST102147,UNIQ202147,73265,Kolkata,WB
CUST102148,UNIQ202148,67430,Ahmedabad,GJ
CUST102149,UNIQ202149,59774,Delhi,DL
CUST102150,UNIQ202150,13777,Pune,MH
CUST102151,UNIQ202151,27125,Coimbatore,TN
CUST102152,UNIQ202152,73979,Jaipur,RJ
CUST102153,UNIQ202153,63907,Mumbai,MH
CUST102154,UNIQ202154,16025,Jaipur,RJ
CUST102155,UNIQ202155,44290,Mumbai,MH
CUST102156,UNIQ202156,51187,Coimbatore,TN
CUST102157,UNIQ202157,78788,Bangalore,KA
CUST102158,UNIQ202158,39358,Indore,MP
CUST102159,UNIQ202159,54341,Coimbatore,TN
CUST102160,UNIQ202160,78564,Lucknow,UP
CUST102161,UNIQ202161,22483,Indore,MP
CUST102162,UNIQ202162,42581,Kolkata,WB
CUST102163,UNIQ202163,55318,Jaipur,RJ
CUST102164,UNIQ202164,60446,Coimbatore,TN
CUST102165,UNIQ202165,17152,Delhi,DL
CUST102166,UNIQ202166,30568,Bangalore,KA
CUST102167,UNIQ202167,71510,Lucknow,UP
CUST102168,UNIQ202168,31679,Jaipur,RJ
CUST102169,UNIQ202169,74441,Mumbai,MH
CUST102170,UNIQ202170,41574,Pune,MH
CUST102171,UNIQ202171,46458,Pune,MH
CUST102172,UNIQ202172,76444,Bangalore,KA
CUST102173,UNIQ202173,59628,Chennai,TN
CUST102174,UNIQ202174,40801,Kolkata,WB
CUST102175,UNIQ202175,70174,Mumbai,MH
CUST102176,UNIQ202176,68733,Jaipur,RJ
CUST102177,UNIQ202177,75333,Mumbai,MH
CUST102178,UNIQ202178,51426,Jaipur,RJ
CUST102179,UNIQ202179,75191,Mumbai,MH
CUST102180,UNIQ202180,12329,Indore,MP
CUST102181,UNIQ202181,62879,Mumbai,MH
CUST102182,UNIQ202182,14696,Kolkata,WB
CUST102183,UNIQ202183,10022,Lucknow,UP
CUST102184,UNIQ202184,49924,Mumbai,MH
CUST102185,UNIQ202185,37112,Lucknow,UP
CUST102186,UNIQ202186,69796,Coimbatore,TN
CUST102187,UNIQ202187,57624,Pune,MH
CUST102188,UNIQ202188,39218,Bangalore,KA
CUST102189,UNIQ202189,53512,Jaipur,RJ
CUST102190,UNIQ202190,72014,Lucknow,UP
CUST102191,UNIQ202191,57617,Indore,MP
CUST102192,UNIQ202192,69314,Indore,MP
CUST102193,UNIQ202193,22771,Mumbai,MH
CUST102194,UNIQ202194,39064,Coimbatore,TN
CUST102195,UNIQ202195,54742,Bangalore,KA
CUST102196,UNIQ202196,48270,Pune,MH
CUST102197,UNIQ202197,78417,Lucknow,UP
CUST102198,UNIQ202198,23935,Pune,MH
CUST102199,UNIQ202199,31516,Bangalore,KA
CUST102200,UNIQ202200,28408,Jaipur,RJ
CUST102201,UNIQ202201,63636,Indore,MP
CUST102202,UNIQ202202,43330,Mumbai,MH
CUST102203,UNIQ202203,35679,Ahmedabad,GJ
CUST102204,UNIQ202204,25826,Chennai,TN
CUST102205,UNIQ202205,38257,Kolkata,WB
CUST102206,UNIQ202206,34979,Jaipur,RJ
CUST102207,UNIQ202207,54293,Indore,MP
CUST102208,UNIQ202208,64325,Mumbai,MH
CUST102209,UNIQ202209,26150,Bangalore,KA
CUST102210,UNIQ202210,69950,Jaipur,RJ
CUST102211,UNIQ202211,76086,Coimbatore,TN
CUST102212,UNIQ202212,75382,Delhi,DL
CUST102213,UNIQ202213,79515,Bangalore,KA
CUST102214,UNIQ202214,16366,Indore,MP
CUST102215,UNIQ202215,66729,Lucknow,UP
CUST102216,UNIQ202216,73298,Ahmedabad,GJ
CUST102217,UNIQ202217,33226,Lucknow,UP
CUST102218,UNIQ202218,32760,Indore,MP
CUST102219,UNIQ202219,26827,Indore,MP
CUST102220,UNIQ202220,60778,Mumbai,MH
CUST102221,UNIQ202221,52184,Coimbatore,TN
CUST102222,UNIQ202222,60418,Lucknow,UP
CUST102223,UNIQ202223,42537,Kolkata,WB
CUST102224,UNIQ202224,62149,Hyderabad,TS
CUST102225,UNIQ202225,48557,Pune,MH
CUST102226,UNIQ202226,27481,Jaipur,RJ
CUST102227,UNIQ202227,64099,Delhi,DL
CUST102228,UNIQ202228,77147,Ahmedabad,GJ
CUST102229,UNIQ202229,51144,Hyderabad,TS
CUST102230,UNIQ202230,38487,Indore,MP
CUST102231,UNIQ202231,37487,Chennai,TN
CUST102232,UNIQ202232,48086,Ahmedabad,GJ
CUST102233,UNIQ202233,55258,Coimbatore,TN
CUST102234,UNIQ202234,27389,Coimbatore,TN
CUST102235,UNIQ202235,33306,Indore,MP
CUST102236,UNIQ202236,52255,Lucknow,UP
CUST102237,UNIQ202237,25126,Indore,MP
CUST102238,UNIQ202238,72963,Pune,MH
CUST102239,UNIQ202239,64719,Ahmedabad,GJ
CUST102240,UNIQ202240,79979,Coimbatore,TN
CUST102241,UNIQ202241,65363,Hyderabad,TS
CUST102242,UNIQ202242,78515,Bangalore,KA
CUST102243,UNIQ202243,13312,Mumbai,MH
CUST102244,UNIQ202244,29048,Kolkata,WB
CUST102245,UNIQ202245,17419,Bangalore,KA
CUST102246,UNIQ202246,44993,Chennai,TN
CUST102247,UNIQ202247,47567,Delhi,DL
CUST102248,UNIQ202248,42841,Coimbatore,TN
CUST102249,UNIQ202249,18130,Delhi,DL
CUST102250,UNIQ202250,48684,Indore,MP
CUST102251,UNIQ202251,14234,Chennai,TN
CUST102252,UNIQ202252,69322,Pune,MH
CUST102253,UNIQ202253,39400,Mumbai,MH
CUST102254,UNIQ202254,60972,Indore,MP
CUST102255,UNIQ202255,76967,Chennai,TN
CUST102256,UNIQ202256,47701,Indore,MP
CUST102257,UNIQ202257,16157,Indore,MP
CUST102258,UNIQ202258,60797,Kolkata,WB
CUST102259,UNIQ202259,50980,Kolkata,WB
CUST102260,UNIQ202260,17051,Lucknow,UP
CUST102261,UNIQ202261,42943,Bangalore,KA
CUST102262,UNIQ202262,68073,Chennai,TN
CUST102263,UNIQ202263,58200,Chennai,TN
CUST102264,UNIQ202264,35751,Ahmedabad,GJ
CUST102265,UNIQ202265,35362,Indore,MP
CUST102266,UNIQ202266,68827,Hyderabad,TS
CUST102267,UNIQ202267,19760,Delhi,DL
CUST102268,UNIQ202268,32779,Delhi,DL
CUST102269,UNIQ202269,77350,Indore,MP
CUST102270,UNIQ202270,59440,Mumbai,MH
CUST102271,UNIQ202271,66165,Bangalore,KA
CUST102272,UNIQ202272,44634,Hyderabad,TS
CUST102273,UNIQ202273,31093,Delhi,DL
CUST102274,UNIQ202274,43425,Ahmedabad,GJ
CUST102275,UNIQ202275,53327,Bangalore,KA
CUST102276,UNIQ202276,30290,Jaipur,RJ
CUST102277,UNIQ202277,30146,Bangalore,KA
CUST102278,UNIQ202278,16665,Pune,MH
CUST102279,UNIQ202279,49472,Coimbatore,TN
CUST102280,UNIQ202280,56934,Jaipur,RJ
CUST102281,UNIQ202281,51662,Mumbai,MH
CUST102282,UNIQ202282,38830,Lucknow,UP
CUST102283,UNIQ202283,78236,Delhi,DL
CUST102284,UNIQ202284,76209,Mumbai,MH
CUST102285,UNIQ202285,64516,Delhi,DL
CUST102286,UNIQ202286,62876,Lucknow,UP
CUST102287,UNIQ202287,55796,Mumbai,MH
CUST102288,UNIQ202288,37964,Chennai,TN
CUST102289,UNIQ202289,53500,Coimbatore,TN
CUST102290,UNIQ202290,57290,Pune,MH
CUST102291,UNIQ202291,38632,Hyderabad,TS
CUST102292,UNIQ202292,79533,Ahmedabad,GJ
CUST102293,UNIQ202293,11153,Jaipur,RJ
CUST102294,UNIQ202294,55351,Mumbai,MH
CUST102295,UNIQ202295,41502,Jaipur,RJ
CUST102296,UNIQ202296,41958,Coimbatore,TN
CUST102297,UNIQ202297,52065,Bangalore,KA
CUST102298,UNIQ202298,24860,Kolkata,WB
CUST102299,UNIQ202299,43631,Kolkata,WB
CUST102300,UNIQ202300,47070,Lucknow,UP
CUST102301,UNIQ202301,77746,Bangalore,KA
CUST102302,UNIQ202302,77411,Pune,MH
CUST102303,UNIQ202303,68400,Lucknow,UP
CUST102304,UNIQ202304,15747,Jaipur,RJ
CUST102305,UNIQ202305,35232,Hyderabad,TS
CUST102306,UNIQ202306,77357,Pune,MH
CUST102307,UNIQ202307,22577,Mumbai,MH
CUST102308,UNIQ202308,79888,Delhi,DL
CUST102309,UNIQ202309,18581,Bangalore,KA
CUST102310,UNIQ202310,37941,Chennai,TN
CUST102311,UNIQ202311,65601,Coimbatore,TN
CUST102312,UNIQ202312,36945,Mumbai,MH
CUST102313,UNIQ202313,67047,Lucknow,UP
CUST102314,UNIQ202314,19452,Coimbatore,TN
CUST102315,UNIQ202315,30152,Indore,MP
CUST102316,UNIQ202316,70191,Bangalore,KA
CUST102317,UNIQ202317,53478,Indore,MP
CUST102318,UNIQ202318,21471,Bangalore,KA
CUST102319,UNIQ202319,17113,Mumbai,MH
CUST102320,UNIQ202320,43018,Delhi,DL
CUST102321,UNIQ202321,19232,Lucknow,UP
CUST102322,UNIQ202322,39837,Ahmedabad,GJ
CUST102323,UNIQ202323,63429,Hyderabad,TS
CUST102324,UNIQ202324,69129,Kolkata,WB
CUST102325,UNIQ202325,63011,Coimbatore,TN
CUST102326,UNIQ202326,51471,Kolkata,WB
CUST102327,UNIQ202327,61052,Bangalore,KA
CUST102328,UNIQ202328,25506,Coimbatore,TN
CUST102329,UNIQ202329,10773,Lucknow,UP
CUST102330,UNIQ202330,18288,Coimbatore,TN
CUST102331,UNIQ202331,15965,Indore,MP
CUST102332,UNIQ202332,19514,Indore,MP
CUST102333,UNIQ202333,75907,Pune,MH
CUST102334,UNIQ202334,47989,Mumbai,MH
CUST102335,UNIQ202335,49498,Coimbatore,TN
CUST102336,UNIQ202336,21338,Ahmedabad,GJ
CUST102337,UNIQ202337,67367,Hyderabad,TS
CUST102338,UNIQ202338,61788,Kolkata,WB
CUST102339,UNIQ202339,14039,Coimbatore,TN
CUST102340,UNIQ202340,30489,Jaipur,RJ
CUST102341,UNIQ202341,38818,Lucknow,UP
CUST102342,UNIQ202342,61248,Delhi,DL
CUST102343,UNIQ202343,48663,Lucknow,UP
CUST102344,UNIQ202344,28884,Coimbatore,TN
CUST102345,UNIQ202345,58906,Hyderabad,TS
CUST102346,UNIQ202346,28530,Bangalore,KA
CUST102347,UNIQ202347,15475,Mumbai,MH
CUST102348,UNIQ202348,61653,Bangalore,KA
CUST102349,UNIQ202349,21157,Lucknow,UP
CUST102350,UNIQ202350,37532,Hyderabad,TS
CUST102351,UNIQ202351,55069,Indore,MP
CUST102352,UNIQ202352,64087,Chennai,TN
CUST102353,UNIQ202353,77181,Coimbatore,TN
CUST102354,UNIQ202354,31096,Delhi,DL
CUST102355,UNIQ202355,38939,Delhi,DL
CUST102356,UNIQ202356,43127,Ahmedabad,GJ
CUST102357,UNIQ202357,25023,Chennai,TN
CUST102358,UNIQ202358,17128,Delhi,DL
CUST102359,UNIQ202359,70458,Lucknow,UP
CUST102360,UNIQ202360,19587,Coimbatore,TN
CUST102361,UNIQ202361,18829,Hyderabad,TS
CUST102362,UNIQ202362,22871,Hyderabad,TS
CUST102363,UNIQ202363,73857,Chennai,TN
CUST102364,UNIQ202364,56810,Pune,MH
CUST102365,UNIQ202365,40740,Delhi,DL
CUST102366,UNIQ202366,47373,Mumbai,MH
CUST102367,UNIQ202367,19149,Ahmedabad,GJ
CUST102368,UNIQ202368,51652,Chennai,TN
CUST102369,UNIQ202369,69067,Jaipur,RJ
CUST102370,UNIQ202370,50065,Pune,MH
CUST102371,UNIQ202371,29974,Indore,MP
CUST102372,UNIQ202372,57774,Ahmedabad,GJ
CUST102373,UNIQ202373,66139,Pune,MH
CUST102374,UNIQ202374,10633,Delhi,DL
CUST102375,UNIQ202375,42266,Pune,MH
CUST102376,UNIQ202376,67163,Chennai,TN
CUST102377,UNIQ202377,57118,Hyderabad,TS
CUST102378,UNIQ202378,53458,Delhi,DL
CUST102379,UNIQ202379,70666,Jaipur,RJ
CUST102380,UNIQ202380,57020,Jaipur,RJ
CUST102381,UNIQ202381,73828,Hyderabad,TS
CUST102382,UNIQ202382,24264,Lucknow,UP
CUST102383,UNIQ202383,20744,Delhi,DL
CUST102384,UNIQ202384,28350,Hyderabad,TS
CUST102385,UNIQ202385,35746,Lucknow,UP
CUST102386,UNIQ202386,20022,Hyderabad,TS
CUST102387,UNIQ202387,19882,Indore,MP
CUST102388,UNIQ202388,76476,Bangalore,KA
CUST102389,UNIQ202389,14088,Coimbatore,TN
CUST102390,UNIQ202390,63101,Ahmedabad,GJ
CUST102391,UNIQ202391,37886,Ahmedabad,GJ
CUST102392,UNIQ202392,44159,Bangalore,KA
CUST102393,UNIQ202393,71879,Lucknow,UP
CUST102394,UNIQ202394,29481,Coimbatore,TN
CUST102395,UNIQ202395,61445,Pune,MH
CUST102396,UNIQ202396,48141,Chennai,TN
CUST102397,UNIQ202397,70909,Delhi,DL
CUST102398,UNIQ202398,76900,Lucknow,UP
CUST102399,UNIQ202399,62007,Mumbai,MH
CUST102400,UNIQ202400,75820,Pune,MH
CUST102401,UNIQ202401,41310,Bangalore,KA
CUST102402,UNIQ202402,31737,Ahmedabad,GJ
CUST102403,UNIQ202403,28398,Lucknow,UP
CUST102404,UNIQ202404,30869,Jaipur,RJ
CUST102405,UNIQ202405,29162,Delhi,DL
CUST102406,UNIQ202406,73373,Indore,MP
CUST102407,UNIQ202407,15297,Pune,MH
CUST102408,UNIQ202408,73916,Chennai,TN
CUST102409,UNIQ202409,18239,Chennai,TN
CUST102410,UNIQ202410,58422,Hyderabad,TS
CUST102411,UNIQ202411,15610,Chennai,TN
CUST102412,UNIQ202412,37102,Coimbatore,TN
CUST102413,UNIQ202413,57349,Lucknow,UP
CUST102414,UNIQ202414,71561,Kolkata,WB
CUST102415,UNIQ202415,16086,Jaipur,RJ
CUST102416,UNIQ202416,52476,Bangalore,KA
CUST102417,UNIQ202417,78337,Mumbai,MH
CUST102418,UNIQ202418,45847,Coimbatore,TN
CUST102419,UNIQ202419,44513,Indore,MP
CUST102420,UNIQ202420,32786,Ahmedabad,GJ
CUST102421,UNIQ202421,59613,Kolkata,WB
CUST102422,UNIQ202422,20202,Pune,MH
CUST102423,UNIQ202423,42975,Lucknow,UP
CUST102424,UNIQ202424,39215,Kolkata,WB
CUST102425,UNIQ202425,63194,Lucknow,UP
CUST102426,UNIQ202426,55224,Pune,MH
CUST102427,UNIQ202427,73191,Jaipur,RJ
CUST102428,UNIQ202428,10864,Ahmedabad,GJ
CUST102429,UNIQ202429,28214,Lucknow,UP
CUST102430,UNIQ202430,31706,Jaipur,RJ
CUST102431,UNIQ202431,20104,Chennai,TN
CUST102432,UNIQ202432,46806,Lucknow,UP
CUST102433,UNIQ202433,29692,Chennai,TN
CUST102434,UNIQ202434,30625,Delhi,DL
CUST102435,UNIQ202435,25509,Pune,MH
CUST102436,UNIQ202436,40191,Coimbatore,TN
CUST102437,UNIQ202437,53283,Kolkata,WB
CUST102438,UNIQ202438,24855,Indore,MP
CUST102439,UNIQ202439,72759,Jaipur,RJ
CUST102440,UNIQ202440,37617,Jaipur,RJ
CUST102441,UNIQ202441,31134,Ahmedabad,GJ
CUST102442,UNIQ202442,63857,Coimbatore,TN
CUST102443,UNIQ202443,41938,Bangalore,KA
CUST102444,UNIQ202444,26762,Bangalore,KA
CUST102445,UNIQ202445,31119,Ahmedabad,GJ
CUST102446,UNIQ202446,77193,Delhi,DL
CUST102447,UNIQ202447,29249,Bangalore,KA
CUST102448,UNIQ202448,31802,Bangalore,KA
CUST102449,UNIQ202449,33597,Hyderabad,TS
CUST102450,UNIQ202450,63143,Lucknow,UP
CUST102451,UNIQ202451,12440,Ahmedabad,GJ
CUST102452,UNIQ202452,47152,Indore,MP
CUST102453,UNIQ202453,38389,Mumbai,MH
CUST102454,UNIQ202454,71789,Jaipur,RJ
CUST102455,UNIQ202455,32356,Jaipur,RJ
CUST102456,UNIQ202456,63840,Chennai,TN
CUST102457,UNIQ202457,28705,Ahmedabad,GJ
CUST102458,UNIQ202458,33839,Ahmedabad,GJ
CUST102459,UNIQ202459,76952,Ahmedabad,GJ
CUST102460,UNIQ202460,31983,Hyderabad,TS
CUST102461,UNIQ202461,54914,Indore,MP
CUST102462,UNIQ202462,19023,Jaipur,RJ
CUST102463,UNIQ202463,59572,Chennai,TN
CUST102464,UNIQ202464,27329,Kolkata,WB
CUST102465,UNIQ202465,12170,Mumbai,MH
CUST102466,UNIQ202466,78512,Chennai,TN
CUST102467,UNIQ202467,65023,Lucknow,UP
CUST102468,UNIQ202468,22622,Delhi,DL
CUST102469,UNIQ202469,72373,Delhi,DL
CUST102470,UNIQ202470,15116,Ahmedabad,GJ
CUST102471,UNIQ202471,75972,Lucknow,UP
CUST102472,UNIQ202472,22214,Mumbai,MH
CUST102473,UNIQ202473,27082,Jaipur,RJ
CUST102474,UNIQ202474,10157,Ahmedabad,GJ
CUST102475,UNIQ202475,66557,Coimbatore,TN
CUST102476,UNIQ202476,65139,Lucknow,UP
CUST102477,UNIQ202477,15693,Pune,MH
CUST102478,UNIQ202478,79444,Indore,MP
CUST102479,UNIQ202479,40079,Kolkata,WB
CUST102480,UNIQ202480,59969,Jaipur,RJ
CUST102481,UNIQ202481,22807,Pune,MH
CUST102482,UNIQ202482,27548,Kolkata,WB
CUST102483,UNIQ202483,72539,Hyderabad,TS
CUST102484,UNIQ202484,20986,Chennai,TN
CUST102485,UNIQ202485,63562,Hyderabad,TS
CUST102486,UNIQ202486,34775,Hyderabad,TS
CUST102487,UNIQ202487,10932,Bangalore,KA
CUST102488,UNIQ202488,78490,Ahmedabad,GJ
CUST102489,UNIQ202489,78126,Mumbai,MH
CUST102490,UNIQ202490,59155,Bangalore,KA
CUST102491,UNIQ202491,36924,Coimbatore,TN
CUST102492,UNIQ202492,51405,Indore,MP
CUST102493,UNIQ202493,57483,Kolkata,WB
CUST102494,UNIQ202494,30287,Mumbai,MH
CUST102495,UNIQ202495,43244,Kolkata,WB
CUST102496,UNIQ202496,65517,Hyderabad,TS
CUST102497,UNIQ202497,57925,Ahmedabad,GJ
CUST102498,UNIQ202498,46118,Ahmedabad,GJ
CUST102499,UNIQ202499,62095,Coimbatore,TN
CUST102500,UNIQ202500,64162,Chennai,TN
CUST102501,UNIQ202501,73238,Lucknow,UP
CUST102502,UNIQ202502,58524,Delhi,DL
CUST102503,UNIQ202503,73407,Lucknow,UP
CUST102504,UNIQ202504,50193,Hyderabad,TS
CUST102505,UNIQ202505,55135,Ahmedabad,GJ
CUST102506,UNIQ202506,62183,Indore,MP
CUST102507,UNIQ202507,28096,Indore,MP
CUST102508,UNIQ202508,25608,Coimbatore,TN
CUST102509,UNIQ202509,40116,Indore,MP
CUST102510,UNIQ202510,31206,Jaipur,RJ
CUST102511,UNIQ202511,38109,Mumbai,MH
CUST102512,UNIQ202512,62502,Lucknow,UP
CUST102513,UNIQ202513,16822,Pune,MH
CUST102514,UNIQ202514,61000,Delhi,DL
CUST102515,UNIQ202515,10693,Coimbatore,TN
CUST102516,UNIQ202516,29048,Mumbai,MH
CUST102517,UNIQ202517,67065,Jaipur,RJ
CUST102518,UNIQ202518,18399,Mumbai,MH
CUST102519,UNIQ202519,39067,Hyderabad,TS
CUST102520,UNIQ202520,20490,Pune,MH
CUST102521,UNIQ202521,14948,Ahmedabad,GJ
CUST102522,UNIQ202522,60374,Indore,MP
CUST102523,UNIQ202523,78289,Kolkata,WB
CUST102524,UNIQ202524,17531,Hyderabad,TS
CUST102525,UNIQ202525,74797,Delhi,DL
CUST102526,UNIQ202526,11403,Jaipur,RJ
CUST102527,UNIQ202527,77915,Chennai,TN
CUST102528,UNIQ202528,35525,Hyderabad,TS
CUST102529,UNIQ202529,76918,Bangalore,KA
CUST102530,UNIQ202530,40365,Lucknow,UP
CUST102531,UNIQ202531,32214,Ahmedabad,GJ
CUST102532,UNIQ202532,14726,Coimbatore,TN
CUST102533,UNIQ202533,41359,Pune,MH
CUST102534,UNIQ202534,10037,Coimbatore,TN
CUST102535,UNIQ202535,21382,Delhi,DL
CUST102536,UNIQ202536,62354,Hyderabad,TS
CUST102537,UNIQ202537,61792,Pune,MH
CUST102538,UNIQ202538,36255,Kolkata,WB
CUST102539,UNIQ202539,12014,Lucknow,UP
CUST102540,UNIQ202540,18993,Indore,MP
CUST102541,UNIQ202541,47289,Mumbai,MH
CUST102542,UNIQ202542,55625,Indore,MP
CUST102543,UNIQ202543,46242,Pune,MH
CUST102544,UNIQ202544,35496,Chennai,TN
CUST102545,UNIQ202545,62947,Jaipur,RJ
CUST102546,UNIQ202546,10609,Ahmedabad,GJ
CUST102547,UNIQ202547,32942,Hyderabad,TS
CUST102548,UNIQ202548,76353,Kolkata,WB
CUST102549,UNIQ202549,19487,Mumbai,MH
CUST102550,UNIQ202550,48568,Lucknow,UP
CUST102551,UNIQ202551,25336,Pune,MH
CUST102552,UNIQ202552,43776,Lucknow,UP
CUST102553,UNIQ202553,42786,Lucknow,UP
CUST102554,UNIQ202554,68034,Indore,MP
CUST102555,UNIQ202555,73390,Kolkata,WB
CUST102556,UNIQ202556,54520,Chennai,TN
CUST102557,UNIQ202557,70387,Jaipur,RJ
CUST102558,UNIQ202558,13584,Ahmedabad,GJ
CUST102559,UNIQ202559,25239,Jaipur,RJ
CUST102560,UNIQ202560,18854,Hyderabad,TS
CUST102561,UNIQ202561,38885,Kolkata,WB
CUST102562,UNIQ202562,40137,Coimbatore,TN
CUST102563,UNIQ202563,64057,Pune,MH
CUST102564,UNIQ202564,77699,Pune,MH
CUST102565,UNIQ202565,11274,Lucknow,UP
CUST102566,UNIQ202566,44517,Indore,MP
CUST102567,UNIQ202567,47655,Chennai,TN
CUST102568,UNIQ202568,62288,Mumbai,MH
CUST102569,UNIQ202569,54825,Coimbatore,TN
CUST102570,UNIQ202570,33394,Mumbai,MH
CUST102571,UNIQ202571,51139,Jaipur,RJ
CUST102572,UNIQ202572,38647,Pune,MH
CUST102573,UNIQ202573,45268,Ahmedabad,GJ
CUST102574,UNIQ202574,34925,Delhi,DL
CUST102575,UNIQ202575,36170,Jaipur,RJ
CUST102576,UNIQ202576,41726,Chennai,TN
CUST102577,UNIQ202577,37102,Hyderabad,TS
CUST102578,UNIQ202578,36577,Chennai,TN
CUST102579,UNIQ202579,56665,Chennai,TN
CUST102580,UNIQ202580,23983,Delhi,DL
CUST102581,UNIQ202581,20287,Mumbai,MH
CUST102582,UNIQ202582,74574,Coimbatore,TN
CUST102583,UNIQ202583,10868,Ahmedabad,GJ
CUST102584,UNIQ202584,15539,Lucknow,UP
CUST102585,UNIQ202585,58653,Jaipur,RJ
CUST102586,UNIQ202586,51342,Ahmedabad,GJ
CUST102587,UNIQ202587,46009,Jaipur,RJ
CUST102588,UNIQ202588,33969,Jaipur,RJ
CUST102589,UNIQ202589,46735,Lucknow,UP
CUST102590,UNIQ202590,39110,Kolkata,WB
CUST102591,UNIQ202591,26809,Ahmedabad,GJ
CUST102592,UNIQ202592,78909,Bangalore,KA
CUST102593,UNIQ202593,72694,Kolkata,WB
CUST102594,UNIQ202594,14268,Lucknow,UP
CUST102595,UNIQ202595,55519,Lucknow,UP
CUST102596,UNIQ202596,32911,Kolkata,WB
CUST102597,UNIQ202597,25776,Jaipur,RJ
CUST102598,UNIQ202598,77922,Indore,MP
CUST102599,UNIQ202599,51373,Jaipur,RJ
CUST102600,UNIQ202600,11103,Indore,MP
CUST102601,UNIQ202601,37623,Bangalore,KA
CUST102602,UNIQ202602,23205,Kolkata,WB
CUST102603,UNIQ202603,57395,Pune,MH
CUST102604,UNIQ202604,44039,Ahmedabad,GJ
CUST102605,UNIQ202605,44452,Delhi,DL
CUST102606,UNIQ202606,45311,Chennai,TN
CUST102607,UNIQ202607,54970,Jaipur,RJ
CUST102608,UNIQ202608,34105,Pune,MH
CUST102609,UNIQ202609,65567,Jaipur,RJ
CUST102610,UNIQ202610,64931,Chennai,TN
CUST102611,UNIQ202611,58799,Indore,MP
CUST102612,UNIQ202612,62506,Pune,MH
CUST102613,UNIQ202613,69077,Hyderabad,TS
CUST102614,UNIQ202614,27188,Delhi,DL
CUST102615,UNIQ202615,39958,Ahmedabad,GJ
CUST102616,UNIQ202616,45382,Mumbai,MH
CUST102617,UNIQ202617,66651,Chennai,TN
CUST102618,UNIQ202618,35698,Kolkata,WB
CUST102619,UNIQ202619,29601,Delhi,DL
CUST102620,UNIQ202620,11276,Jaipur,RJ
CUST102621,UNIQ202621,65249,Delhi,DL
CUST102622,UNIQ202622,27625,Jaipur,RJ
CUST102623,UNIQ202623,77765,Coimbatore,TN
CUST102624,UNIQ202624,51383,Lucknow,UP
CUST102625,UNIQ202625,49326,Jaipur,RJ
CUST102626,UNIQ202626,16253,Hyderabad,TS
CUST102627,UNIQ202627,22972,Kolkata,WB
CUST102628,UNIQ202628,31409,Indore,MP
CUST102629,UNIQ202629,38241,Bangalore,KA
CUST102630,UNIQ202630,72460,Hyderabad,TS
CUST102631,UNIQ202631,22622,Coimbatore,TN
CUST102632,UNIQ202632,53864,Jaipur,RJ
CUST102633,UNIQ202633,57312,Hyderabad,TS
CUST102634,UNIQ202634,43779,Pune,MH
CUST102635,UNIQ202635,12599,Pune,MH
CUST102636,UNIQ202636,25890,Kolkata,WB
CUST102637,UNIQ202637,36077,Pune,MH
CUST102638,UNIQ202638,32877,Ahmedabad,GJ
CUST102639,UNIQ202639,56544,Hyderabad,TS
CUST102640,UNIQ202640,76904,Pune,MH
CUST102641,UNIQ202641,68580,Jaipur,RJ
CUST102642,UNIQ202642,59947,Mumbai,MH
CUST102643,UNIQ202643,47555,Ahmedabad,GJ
CUST102644,UNIQ202644,28985,Jaipur,RJ
CUST102645,UNIQ202645,54222,Delhi,DL
CUST102646,UNIQ202646,63054,Kolkata,WB
CUST102647,UNIQ202647,20369,Mumbai,MH
CUST102648,UNIQ202648,55039,Delhi,DL
CUST102649,UNIQ202649,51088,Chennai,TN
CUST102650,UNIQ202650,48188,Pune,MH
CUST102651,UNIQ202651,45058,Indore,MP
CUST102652,UNIQ202652,61833,Ahmedabad,GJ
CUST102653,UNIQ202653,68313,Hyderabad,TS
CUST102654,UNIQ202654,78280,Pune,MH
CUST102655,UNIQ202655,64262,Jaipur,RJ
CUST102656,UNIQ202656,34102,Delhi,DL
CUST102657,UNIQ202657,26389,Bangalore,KA
CUST102658,UNIQ202658,40753,Indore,MP
CUST102659,UNIQ202659,42983,Coimbatore,TN
CUST102660,UNIQ202660,20494,Indore,MP
CUST102661,UNIQ202661,31877,Chennai,TN
CUST102662,UNIQ202662,23501,Kolkata,WB
CUST102663,UNIQ202663,18361,Mumbai,MH
CUST102664,UNIQ202664,17055,Jaipur,RJ
CUST102665,UNIQ202665,62037,Bangalore,KA
CUST102666,UNIQ202666,20911,Lucknow,UP
CUST102667,UNIQ202667,44400,Mumbai,MH
CUST102668,UNIQ202668,30352,Ahmedabad,GJ
CUST102669,UNIQ202669,61097,Mumbai,MH
CUST102670,UNIQ202670,40062,Hyderabad,TS
CUST102671,UNIQ202671,47247,Chennai,TN
CUST102672,UNIQ202672,26569,Jaipur,RJ
CUST102673,UNIQ202673,79041,Delhi,DL
CUST102674,UNIQ202674,13744,Delhi,DL
CUST102675,UNIQ202675,56771,Bangalore,KA
CUST102676,UNIQ202676,72410,Pune,MH
CUST102677,UNIQ202677,45705,Jaipur,RJ
CUST102678,UNIQ202678,68306,Lucknow,UP
CUST102679,UNIQ202679,33204,Delhi,DL
CUST102680,UNIQ202680,69840,Ahmedabad,GJ
CUST102681,UNIQ202681,67013,Coimbatore,TN
CUST102682,UNIQ202682,79964,Lucknow,UP
CUST102683,UNIQ202683,55504,Hyderabad,TS
CUST102684,UNIQ202684,39770,Jaipur,RJ
CUST102685,UNIQ202685,67915,Mumbai,MH
CUST102686,UNIQ202686,57943,Hyderabad,TS
CUST102687,UNIQ202687,44053,Kolkata,WB
CUST102688,UNIQ202688,49789,Delhi,DL
CUST102689,UNIQ202689,10012,Bangalore,KA
CUST102690,UNIQ202690,27865,Lucknow,UP
CUST102691,UNIQ202691,47586,Pune,MH
CUST102692,UNIQ202692,11090,Jaipur,RJ
CUST102693,UNIQ202693,74478,Indore,MP
CUST102694,UNIQ202694,49270,Jaipur,RJ
CUST102695,UNIQ202695,66418,Bangalore,KA
CUST102696,UNIQ202696,40305,Hyderabad,TS
CUST102697,UNIQ202697,58974,Bangalore,KA
CUST102698,UNIQ202698,63967,Chennai,TN
CUST102699,UNIQ202699,67292,Lucknow,UP
CUST102700,UNIQ202700,42754,Kolkata,WB
CUST102701,UNIQ202701,61081,Delhi,DL
CUST102702,UNIQ202702,38913,Kolkata,WB
CUST102703,UNIQ202703,20382,Hyderabad,TS
CUST102704,UNIQ202704,41399,Kolkata,WB
CUST102705,UNIQ202705,45633,Lucknow,UP
CUST102706,UNIQ202706,79722,Hyderabad,TS
CUST102707,UNIQ202707,64120,Hyderabad,TS
CUST102708,UNIQ202708,18973,Chennai,TN
CUST102709,UNIQ202709,27907,Delhi,DL
CUST102710,UNIQ202710,24464,Hyderabad,TS
CUST102711,UNIQ202711,69682,Coimbatore,TN
CUST102712,UNIQ202712,69345,Ahmedabad,GJ
CUST102713,UNIQ202713,74486,Hyderabad,TS
CUST102714,UNIQ202714,52027,Chennai,TN
CUST102715,UNIQ202715,29942,Bangalore,KA
CUST102716,UNIQ202716,12900,Bangalore,KA
CUST102717,UNIQ202717,23405,Delhi,DL
CUST102718,UNIQ202718,45283,Hyderabad,TS
CUST102719,UNIQ202719,67464,Delhi,DL
CUST102720,UNIQ202720,11075,Indore,MP
CUST102721,UNIQ202721,21822,Chennai,TN
CUST102722,UNIQ202722,11930,Delhi,DL
CUST102723,UNIQ202723,38467,Jaipur,RJ
CUST102724,UNIQ202724,65082,Pune,MH
CUST102725,UNIQ202725,75325,Hyderabad,TS
CUST102726,UNIQ202726,70776,Pune,MH
CUST102727,UNIQ202727,14159,Indore,MP
CUST102728,UNIQ202728,20515,Pune,MH
CUST102729,UNIQ202729,17345,Delhi,DL
CUST102730,UNIQ202730,61435,Hyderabad,TS
CUST102731,UNIQ202731,71623,Mumbai,MH
CUST102732,UNIQ202732,35191,Delhi,DL
CUST102733,UNIQ202733,60014,Hyderabad,TS
CUST102734,UNIQ202734,25985,Bangalore,KA
CUST102735,UNIQ202735,42631,Indore,MP
CUST102736,UNIQ202736,68059,Kolkata,WB
CUST102737,UNIQ202737,14392,Chennai,TN
CUST102738,UNIQ202738,70402,Chennai,TN
CUST102739,UNIQ202739,22315,Indore,MP
CUST102740,UNIQ202740,37321,Lucknow,UP
CUST102741,UNIQ202741,61003,Jaipur,RJ
CUST102742,UNIQ202742,50908,Coimbatore,TN
CUST102743,UNIQ202743,30789,Pune,MH
CUST102744,UNIQ202744,15529,Coimbatore,TN
CUST102745,UNIQ202745,78278,Indore,MP
CUST102746,UNIQ202746,43202,Mumbai,MH
CUST102747,UNIQ202747,49166,Jaipur,RJ
CUST102748,UNIQ202748,57241,Chennai,TN
CUST102749,UNIQ202749,38545,Bangalore,KA
CUST102750,UNIQ202750,40928,Mumbai,MH
CUST102751,UNIQ202751,66906,Coimbatore,TN
CUST102752,UNIQ202752,11974,Pune,MH
CUST102753,UNIQ202753,46188,Delhi,DL
CUST102754,UNIQ202754,25682,Ahmedabad,GJ
CUST102755,UNIQ202755,41862,Kolkata,WB
CUST102756,UNIQ202756,15504,Bangalore,KA
CUST102757,UNIQ202757,72294,Ahmedabad,GJ
CUST102758,UNIQ202758,30315,Indore,MP
CUST102759,UNIQ202759,21728,Pune,MH
CUST102760,UNIQ202760,30669,Chennai,TN
CUST102761,UNIQ202761,21980,Jaipur,RJ
CUST102762,UNIQ202762,54357,Coimbatore,TN
CUST102763,UNIQ202763,17871,Coimbatore,TN
CUST102764,UNIQ202764,56598,Bangalore,KA
CUST102765,UNIQ202765,30174,Coimbatore,TN
CUST102766,UNIQ202766,24076,Indore,MP
CUST102767,UNIQ202767,73942,Delhi,DL
CUST102768,UNIQ202768,51515,Chennai,TN
CUST102769,UNIQ202769,55523,Lucknow,UP
CUST102770,UNIQ202770,35292,Jaipur,RJ
CUST102771,UNIQ202771,59514,Bangalore,KA
CUST102772,UNIQ202772,27659,Pune,MH
CUST102773,UNIQ202773,15175,Hyderabad,TS
CUST102774,UNIQ202774,67344,Jaipur,RJ
CUST102775,UNIQ202775,48628,Lucknow,UP
CUST102776,UNIQ202776,74237,Lucknow,UP
CUST102777,UNIQ202777,34461,Chennai,TN
CUST102778,UNIQ202778,55569,Lucknow,UP
CUST102779,UNIQ202779,71393,Pune,MH
CUST102780,UNIQ202780,31016,Hyderabad,TS
CUST102781,UNIQ202781,79617,Mumbai,MH
CUST102782,UNIQ202782,68901,Delhi,DL
CUST102783,UNIQ202783,44517,Hyderabad,TS
CUST102784,UNIQ202784,58118,Lucknow,UP
CUST102785,UNIQ202785,10094,Jaipur,RJ
CUST102786,UNIQ202786,76316,Coimbatore,TN
CUST102787,UNIQ202787,34318,Kolkata,WB
CUST102788,UNIQ202788,57720,Bangalore,KA
CUST102789,UNIQ202789,41298,Ahmedabad,GJ
CUST102790,UNIQ202790,18302,Pune,MH
CUST102791,UNIQ202791,60789,Coimbatore,TN
CUST102792,UNIQ202792,78690,Chennai,TN
CUST102793,UNIQ202793,75214,Coimbatore,TN
CUST102794,UNIQ202794,30202,Lucknow,UP
CUST102795,UNIQ202795,47110,Ahmedabad,GJ
CUST102796,UNIQ202796,63713,Pune,MH
CUST102797,UNIQ202797,52208,Coimbatore,TN
CUST102798,UNIQ202798,22616,Mumbai,MH
CUST102799,UNIQ202799,18739,Lucknow,UP
CUST102800,UNIQ202800,27009,Bangalore,KA
CUST102801,UNIQ202801,14099,Delhi,DL
CUST102802,UNIQ202802,24031,Chennai,TN
CUST102803,UNIQ202803,35115,Jaipur,RJ
CUST102804,UNIQ202804,14170,Mumbai,MH
CUST102805,UNIQ202805,60934,Ahmedabad,GJ
CUST102806,UNIQ202806,74213,Coimbatore,TN
CUST102807,UNIQ202807,43546,Lucknow,UP
CUST102808,UNIQ202808,58018,Bangalore,KA
CUST102809,UNIQ202809,19289,Chennai,TN
CUST102810,UNIQ202810,37359,Bangalore,KA
CUST102811,UNIQ202811,74409,Coimbatore,TN
CUST102812,UNIQ202812,71349,Mumbai,MH
CUST102813,UNIQ202813,17956,Coimbatore,TN
CUST102814,UNIQ202814,64519,Pune,MH
CUST102815,UNIQ202815,17641,Pune,MH
CUST102816,UNIQ202816,44840,Ahmedabad,GJ
CUST102817,UNIQ202817,15328,Lucknow,UP
CUST102818,UNIQ202818,19225,Indore,MP
CUST102819,UNIQ202819,20215,Hyderabad,TS
CUST102820,UNIQ202820,78089,Chennai,TN
CUST102821,UNIQ202821,23267,Mumbai,MH
CUST102822,UNIQ202822,40279,Indore,MP
CUST102823,UNIQ202823,60506,Lucknow,UP
CUST102824,UNIQ202824,35312,Chennai,TN
CUST102825,UNIQ202825,42605,Lucknow,UP
CUST102826,UNIQ202826,33448,Ahmedabad,GJ
CUST102827,UNIQ202827,64419,Lucknow,UP
CUST102828,UNIQ202828,23829,Indore,MP
CUST102829,UNIQ202829,56918,Coimbatore,TN
CUST102830,UNIQ202830,70125,Coimbatore,TN
CUST102831,UNIQ202831,65977,Indore,MP
CUST102832,UNIQ202832,31864,Mumbai,MH
CUST102833,UNIQ202833,62632,Delhi,DL
CUST102834,UNIQ202834,54238,Lucknow,UP
CUST102835,UNIQ202835,30732,Coimbatore,TN
CUST102836,UNIQ202836,68066,Lucknow,UP
CUST102837,UNIQ202837,51307,Pune,MH
CUST102838,UNIQ202838,52553,Lucknow,UP
CUST102839,UNIQ202839,64046,Pune,MH
CUST102840,UNIQ202840,66438,Coimbatore,TN
CUST102841,UNIQ202841,52395,Indore,MP
CUST102842,UNIQ202842,41551,Ahmedabad,GJ
CUST102843,UNIQ202843,38039,Ahmedabad,GJ
CUST102844,UNIQ202844,43303,Kolkata,WB
CUST102845,UNIQ202845,69297,Pune,MH
CUST102846,UNIQ202846,62047,Jaipur,RJ
CUST102847,UNIQ202847,14543,Bangalore,KA
CUST102848,UNIQ202848,12136,Hyderabad,TS
CUST102849,UNIQ202849,27705,Lucknow,UP
CUST102850,UNIQ202850,10860,Hyderabad,TS
CUST102851,UNIQ202851,39083,Hyderabad,TS
CUST102852,UNIQ202852,51275,Chennai,TN
CUST102853,UNIQ202853,46170,Bangalore,KA
CUST102854,UNIQ202854,77013,Lucknow,UP
CUST102855,UNIQ202855,30278,Lucknow,UP
CUST102856,UNIQ202856,14946,Mumbai,MH
CUST102857,UNIQ202857,56616,Jaipur,RJ
CUST102858,UNIQ202858,28141,Delhi,DL
CUST102859,UNIQ202859,58114,Hyderabad,TS
CUST102860,UNIQ202860,42749,Ahmedabad,GJ
CUST102861,UNIQ202861,43586,Chennai,TN
CUST102862,UNIQ202862,22046,Hyderabad,TS
CUST102863,UNIQ202863,62402,Ahmedabad,GJ
CUST102864,UNIQ202864,38499,Ahmedabad,GJ
CUST102865,UNIQ202865,20118,Indore,MP
CUST102866,UNIQ202866,52558,Indore,MP
CUST102867,UNIQ202867,32662,Jaipur,RJ
CUST102868,UNIQ202868,22499,Jaipur,RJ
CUST102869,UNIQ202869,49373,Ahmedabad,GJ
CUST102870,UNIQ202870,60010,Bangalore,KA
CUST102871,UNIQ202871,17329,Mumbai,MH
CUST102872,UNIQ202872,55603,Pune,MH
CUST102873,UNIQ202873,64594,Kolkata,WB
CUST102874,UNIQ202874,39716,Mumbai,MH
CUST102875,UNIQ202875,11498,Indore,MP
CUST102876,UNIQ202876,60133,Coimbatore,TN
CUST102877,UNIQ202877,49948,Bangalore,KA
CUST102878,UNIQ202878,15397,Lucknow,UP
CUST102879,UNIQ202879,29605,Pune,MH
CUST102880,UNIQ202880,75850,Pune,MH
CUST102881,UNIQ202881,38940,Indore,MP
CUST102882,UNIQ202882,16621,Delhi,DL
CUST102883,UNIQ202883,61495,Coimbatore,TN
CUST102884,UNIQ202884,76155,Jaipur,RJ
CUST102885,UNIQ202885,39109,Mumbai,MH
CUST102886,UNIQ202886,47982,Kolkata,WB
CUST102887,UNIQ202887,29400,Kolkata,WB
CUST102888,UNIQ202888,54062,Delhi,DL
CUST102889,UNIQ202889,72371,Mumbai,MH
CUST102890,UNIQ202890,16463,Ahmedabad,GJ
CUST102891,UNIQ202891,62322,Lucknow,UP
CUST102892,UNIQ202892,21151,Hyderabad,TS
CUST102893,UNIQ202893,75774,Kolkata,WB
CUST102894,UNIQ202894,27088,Kolkata,WB
CUST102895,UNIQ202895,73035,Delhi,DL
CUST102896,UNIQ202896,35966,Lucknow,UP
CUST102897,UNIQ202897,61815,Jaipur,RJ
CUST102898,UNIQ202898,35703,Coimbatore,TN
CUST102899,UNIQ202899,78714,Lucknow,UP
CUST102900,UNIQ202900,41760,Chennai,TN
CUST102901,UNIQ202901,44898,Mumbai,MH
CUST102902,UNIQ202902,52390,Kolkata,WB
CUST102903,UNIQ202903,21743,Coimbatore,TN
CUST102904,UNIQ202904,64209,Mumbai,MH
CUST102905,UNIQ202905,57876,Kolkata,WB
CUST102906,UNIQ202906,34967,Pune,MH
CUST102907,UNIQ202907,55157,Pune,MH
CUST102908,UNIQ202908,13172,Ahmedabad,GJ
CUST102909,UNIQ202909,32184,Hyderabad,TS
CUST102910,UNIQ202910,67961,Pune,MH
CUST102911,UNIQ202911,29112,Ahmedabad,GJ
CUST102912,UNIQ202912,15882,Jaipur,RJ
CUST102913,UNIQ202913,36173,Chennai,TN
CUST102914,UNIQ202914,58997,Coimbatore,TN
CUST102915,UNIQ202915,21247,Delhi,DL
CUST102916,UNIQ202916,17148,Mumbai,MH
CUST102917,UNIQ202917,29356,Chennai,TN
CUST102918,UNIQ202918,11800,Hyderabad,TS
CUST102919,UNIQ202919,24585,Pune,MH
CUST102920,UNIQ202920,68990,Hyderabad,TS
CUST102921,UNIQ202921,12981,Jaipur,RJ
CUST102922,UNIQ202922,37395,Pune,MH
CUST102923,UNIQ202923,37770,Indore,MP
CUST102924,UNIQ202924,78585,Chennai,TN
CUST102925,UNIQ202925,73311,Hyderabad,TS
CUST102926,UNIQ202926,28526,Ahmedabad,GJ
CUST102927,UNIQ202927,12410,Indore,MP
CUST102928,UNIQ202928,79048,Kolkata,WB
CUST102929,UNIQ202929,43483,Bangalore,KA
CUST102930,UNIQ202930,17878,Delhi,DL
CUST102931,UNIQ202931,36305,Hyderabad,TS
CUST102932,UNIQ202932,45557,Indore,MP
CUST102933,UNIQ202933,70943,Bangalore,KA
CUST102934,UNIQ202934,11092,Coimbatore,TN
CUST102935,UNIQ202935,60940,Mumbai,MH
CUST102936,UNIQ202936,45561,Coimbatore,TN
CUST102937,UNIQ202937,57214,Coimbatore,TN
CUST102938,UNIQ202938,12500,Mumbai,MH
CUST102939,UNIQ202939,60662,Hyderabad,TS
CUST102940,UNIQ202940,59899,Chennai,TN
CUST102941,UNIQ202941,23055,Lucknow,UP
CUST102942,UNIQ202942,73525,Pune,MH
CUST102943,UNIQ202943,79672,Ahmedabad,GJ
CUST102944,UNIQ202944,34434,Mumbai,MH
CUST102945,UNIQ202945,75621,Chennai,TN
CUST102946,UNIQ202946,12816,Jaipur,RJ
CUST102947,UNIQ202947,42426,Bangalore,KA
CUST102948,UNIQ202948,49967,Lucknow,UP
CUST102949,UNIQ202949,74216,Pune,MH
CUST102950,UNIQ202950,30578,Kolkata,WB
CUST102951,UNIQ202951,55453,Bangalore,KA
CUST102952,UNIQ202952,56125,Coimbatore,TN
CUST102953,UNIQ202953,49626,Pune,MH
CUST102954,UNIQ202954,75700,Chennai,TN
CUST102955,UNIQ202955,18127,Hyderabad,TS
CUST102956,UNIQ202956,43774,Coimbatore,TN
CUST102957,UNIQ202957,13862,Kolkata,WB
CUST102958,UNIQ202958,46725,Lucknow,UP
CUST102959,UNIQ202959,29884,Chennai,TN
CUST102960,UNIQ202960,61491,Pune,MH
CUST102961,UNIQ202961,27991,Coimbatore,TN
CUST102962,UNIQ202962,60096,Mumbai,MH
CUST102963,UNIQ202963,39809,Lucknow,UP
CUST102964,UNIQ202964,41504,Kolkata,WB
CUST102965,UNIQ202965,30021,Ahmedabad,GJ
CUST102966,UNIQ202966,50944,Kolkata,WB
CUST102967,UNIQ202967,53160,Ahmedabad,GJ
CUST102968,UNIQ202968,27271,Jaipur,RJ
CUST102969,UNIQ202969,28163,Chennai,TN
CUST102970,UNIQ202970,36517,Ahmedabad,GJ
CUST102971,UNIQ202971,50501,Delhi,DL
CUST102972,UNIQ202972,78656,Indore,MP
CUST102973,UNIQ202973,66369,Delhi,DL
CUST102974,UNIQ202974,30715,Delhi,DL
CUST102975,UNIQ202975,18888,Pune,MH
CUST102976,UNIQ202976,79856,Lucknow,UP
CUST102977,UNIQ202977,25517,Indore,MP
CUST102978,UNIQ202978,51628,Delhi,DL
CUST102979,UNIQ202979,13864,Delhi,DL
CUST102980,UNIQ202980,64269,Pune,MH
CUST102981,UNIQ202981,49760,Kolkata,WB
CUST102982,UNIQ202982,45887,Jaipur,RJ
CUST102983,UNIQ202983,34632,Delhi,DL
CUST102984,UNIQ202984,27241,Mumbai,MH
CUST102985,UNIQ202985,13433,Delhi,DL
CUST102986,UNIQ202986,44978,Ahmedabad,GJ
CUST102987,UNIQ202987,40266,Ahmedabad,GJ
CUST102988,UNIQ202988,40432,Ahmedabad,GJ
CUST102989,UNIQ202989,13418,Chennai,TN
CUST102990,UNIQ202990,20417,Pune,MH
CUST102991,UNIQ202991,72469,Indore,MP
CUST102992,UNIQ202992,75840,Delhi,DL
CUST102993,UNIQ202993,71441,Ahmedabad,GJ
CUST102994,UNIQ202994,59015,Indore,MP
CUST102995,UNIQ202995,60785,Delhi,DL
CUST102996,UNIQ202996,72108,Jaipur,RJ
CUST102997,UNIQ202997,31467,Delhi,DL
CUST102998,UNIQ202998,39658,Chennai,TN
CUST102999,UNIQ202999,63554,Bangalore,KA
CUST103000,UNIQ203000,45370,Bangalore,KA
CUST103001,UNIQ203001,39170,Kolkata,WB
CUST103002,UNIQ203002,36585,Indore,MP
CUST103003,UNIQ203003,18668,Chennai,TN
CUST103004,UNIQ203004,67577,Delhi,DL
CUST103005,UNIQ203005,74217,Ahmedabad,GJ
CUST103006,UNIQ203006,52584,Indore,MP
CUST103007,UNIQ203007,42346,Jaipur,RJ
CUST103008,UNIQ203008,63066,Kolkata,WB
CUST103009,UNIQ203009,59856,Bangalore,KA
CUST103010,UNIQ203010,51012,Indore,MP
CUST103011,UNIQ203011,78843,Kolkata,WB
CUST103012,UNIQ203012,15047,Coimbatore,TN
CUST103013,UNIQ203013,24328,Lucknow,UP
CUST103014,UNIQ203014,69886,Jaipur,RJ
CUST103015,UNIQ203015,42207,Bangalore,KA
CUST103016,UNIQ203016,61853,Lucknow,UP
CUST103017,UNIQ203017,15144,Indore,MP
CUST103018,UNIQ203018,60777,Lucknow,UP
CUST103019,UNIQ203019,16461,Lucknow,UP
CUST103020,UNIQ203020,48165,Chennai,TN
CUST103021,UNIQ203021,62171,Jaipur,RJ
CUST103022,UNIQ203022,47475,Hyderabad,TS
CUST103023,UNIQ203023,31821,Jaipur,RJ
CUST103024,UNIQ203024,48590,Kolkata,WB
CUST103025,UNIQ203025,17149,Ahmedabad,GJ
CUST103026,UNIQ203026,77760,Indore,MP
CUST103027,UNIQ203027,70762,Delhi,DL
CUST103028,UNIQ203028,69204,Coimbatore,TN
CUST103029,UNIQ203029,75622,Mumbai,MH
CUST103030,UNIQ203030,33562,Mumbai,MH
CUST103031,UNIQ203031,27734,Ahmedabad,GJ
CUST103032,UNIQ203032,64206,Kolkata,WB
CUST103033,UNIQ203033,69098,Pune,MH
CUST103034,UNIQ203034,33445,Bangalore,KA
CUST103035,UNIQ203035,36467,Jaipur,RJ
CUST103036,UNIQ203036,21820,Jaipur,RJ
CUST103037,UNIQ203037,52477,Hyderabad,TS
CUST103038,UNIQ203038,31495,Indore,MP
CUST103039,UNIQ203039,26193,Indore,MP
CUST103040,UNIQ203040,24963,Mumbai,MH
CUST103041,UNIQ203041,68903,Indore,MP
CUST103042,UNIQ203042,57571,Coimbatore,TN
CUST103043,UNIQ203043,78657,Mumbai,MH
CUST103044,UNIQ203044,60343,Indore,MP
CUST103045,UNIQ203045,77065,Indore,MP
CUST103046,UNIQ203046,30958,Ahmedabad,GJ
CUST103047,UNIQ203047,59886,Kolkata,WB
CUST103048,UNIQ203048,32398,Bangalore,KA
CUST103049,UNIQ203049,29672,Pune,MH
CUST103050,UNIQ203050,28953,Delhi,DL
CUST103051,UNIQ203051,16725,Delhi,DL
CUST103052,UNIQ203052,50378,Kolkata,WB
CUST103053,UNIQ203053,68491,Hyderabad,TS
CUST103054,UNIQ203054,33684,Hyderabad,TS
CUST103055,UNIQ203055,27245,Mumbai,MH
CUST103056,UNIQ203056,10463,Chennai,TN
CUST103057,UNIQ203057,43175,Ahmedabad,GJ
CUST103058,UNIQ203058,70115,Bangalore,KA
CUST103059,UNIQ203059,75358,Jaipur,RJ
CUST103060,UNIQ203060,10753,Lucknow,UP
CUST103061,UNIQ203061,74679,Ahmedabad,GJ
CUST103062,UNIQ203062,38426,Chennai,TN
CUST103063,UNIQ203063,72352,Ahmedabad,GJ
CUST103064,UNIQ203064,63759,Jaipur,RJ
CUST103065,UNIQ203065,20407,Jaipur,RJ
CUST103066,UNIQ203066,10861,Ahmedabad,GJ
CUST103067,UNIQ203067,46452,Chennai,TN
CUST103068,UNIQ203068,37215,Ahmedabad,GJ
CUST103069,UNIQ203069,34227,Bangalore,KA
CUST103070,UNIQ203070,17217,Delhi,DL
CUST103071,UNIQ203071,55746,Coimbatore,TN
CUST103072,UNIQ203072,29054,Bangalore,KA
CUST103073,UNIQ203073,49117,Bangalore,KA
CUST103074,UNIQ203074,21495,Pune,MH
CUST103075,UNIQ203075,24272,Bangalore,KA
CUST103076,UNIQ203076,33363,Kolkata,WB
CUST103077,UNIQ203077,47274,Delhi,DL
CUST103078,UNIQ203078,33254,Ahmedabad,GJ
CUST103079,UNIQ203079,57210,Jaipur,RJ
CUST103080,UNIQ203080,22206,Bangalore,KA
CUST103081,UNIQ203081,52312,Hyderabad,TS
CUST103082,UNIQ203082,59668,Pune,MH
CUST103083,UNIQ203083,66010,Mumbai,MH
CUST103084,UNIQ203084,18509,Lucknow,UP
CUST103085,UNIQ203085,71710,Hyderabad,TS
CUST103086,UNIQ203086,25993,Delhi,DL
CUST103087,UNIQ203087,45968,Indore,MP
CUST103088,UNIQ203088,79081,Pune,MH
CUST103089,UNIQ203089,78766,Kolkata,WB
CUST103090,UNIQ203090,37400,Chennai,TN
CUST103091,UNIQ203091,17626,Ahmedabad,GJ
CUST103092,UNIQ203092,79330,Mumbai,MH
CUST103093,UNIQ203093,73394,Mumbai,MH
CUST103094,UNIQ203094,47642,Indore,MP
CUST103095,UNIQ203095,51482,Kolkata,WB
CUST103096,UNIQ203096,78864,Hyderabad,TS
CUST103097,UNIQ203097,56380,Ahmedabad,GJ
CUST103098,UNIQ203098,75063,Delhi,DL
CUST103099,UNIQ203099,75239,Lucknow,UP
CUST103100,UNIQ203100,33580,Jaipur,RJ
CUST103101,UNIQ203101,40503,Ahmedabad,GJ
CUST103102,UNIQ203102,48074,Indore,MP
CUST103103,UNIQ203103,10207,Chennai,TN
CUST103104,UNIQ203104,13143,Mumbai,MH
CUST103105,UNIQ203105,25456,Jaipur,RJ
CUST103106,UNIQ203106,37175,Indore,MP
CUST103107,UNIQ203107,64346,Ahmedabad,GJ
CUST103108,UNIQ203108,15962,Kolkata,WB
CUST103109,UNIQ203109,55829,Pune,MH
CUST103110,UNIQ203110,37831,Lucknow,UP
CUST103111,UNIQ203111,36370,Bangalore,KA
CUST103112,UNIQ203112,46913,Indore,MP
CUST103113,UNIQ203113,18891,Hyderabad,TS
CUST103114,UNIQ203114,49358,Hyderabad,TS
CUST103115,UNIQ203115,52457,Lucknow,UP
CUST103116,UNIQ203116,24920,Bangalore,KA
CUST103117,UNIQ203117,53684,Coimbatore,TN
CUST103118,UNIQ203118,61910,Pune,MH
CUST103119,UNIQ203119,13816,Indore,MP
CUST103120,UNIQ203120,35430,Delhi,DL
CUST103121,UNIQ203121,54294,Pune,MH
CUST103122,UNIQ203122,72797,Coimbatore,TN
CUST103123,UNIQ203123,14660,Jaipur,RJ
CUST103124,UNIQ203124,27793,Coimbatore,TN
CUST103125,UNIQ203125,30366,Jaipur,RJ
CUST103126,UNIQ203126,70374,Coimbatore,TN
CUST103127,UNIQ203127,53923,Lucknow,UP
CUST103128,UNIQ203128,64257,Jaipur,RJ
CUST103129,UNIQ203129,17342,Indore,MP
CUST103130,UNIQ203130,49235,Lucknow,UP
CUST103131,UNIQ203131,51353,Ahmedabad,GJ
CUST103132,UNIQ203132,12453,Lucknow,UP
CUST103133,UNIQ203133,53479,Chennai,TN
CUST103134,UNIQ203134,18678,Pune,MH
CUST103135,UNIQ203135,46760,Delhi,DL
CUST103136,UNIQ203136,54453,Bangalore,KA
CUST103137,UNIQ203137,31753,Kolkata,WB
CUST103138,UNIQ203138,61061,Ahmedabad,GJ
CUST103139,UNIQ203139,25315,Delhi,DL
CUST103140,UNIQ203140,51222,Hyderabad,TS
CUST103141,UNIQ203141,14145,Indore,MP
CUST103142,UNIQ203142,64246,Hyderabad,TS
CUST103143,UNIQ203143,75149,Mumbai,MH
CUST103144,UNIQ203144,58704,Chennai,TN
CUST103145,UNIQ203145,49666,Jaipur,RJ
CUST103146,UNIQ203146,78825,Chennai,TN
CUST103147,UNIQ203147,32939,Hyderabad,TS
CUST103148,UNIQ203148,59049,Mumbai,MH
CUST103149,UNIQ203149,36489,Bangalore,KA
CUST103150,UNIQ203150,68166,Mumbai,MH
CUST103151,UNIQ203151,13268,Lucknow,UP
CUST103152,UNIQ203152,75543,Jaipur,RJ
CUST103153,UNIQ203153,34931,Delhi,DL
CUST103154,UNIQ203154,73369,Pune,MH
CUST103155,UNIQ203155,78632,Indore,MP
CUST103156,UNIQ203156,52904,Hyderabad,TS
CUST103157,UNIQ203157,22878,Delhi,DL
CUST103158,UNIQ203158,27395,Lucknow,UP
CUST103159,UNIQ203159,14791,Chennai,TN
CUST103160,UNIQ203160,60801,Jaipur,RJ
CUST103161,UNIQ203161,78464,Indore,MP
CUST103162,UNIQ203162,10538,Mumbai,MH
CUST103163,UNIQ203163,15771,Hyderabad,TS
CUST103164,UNIQ203164,21413,Coimbatore,TN
CUST103165,UNIQ203165,71194,Pune,MH
CUST103166,UNIQ203166,23513,Bangalore,KA
CUST103167,UNIQ203167,50957,Lucknow,UP
CUST103168,UNIQ203168,50913,Bangalore,KA
CUST103169,UNIQ203169,37504,Coimbatore,TN
CUST103170,UNIQ203170,36287,Pune,MH
CUST103171,UNIQ203171,47560,Chennai,TN
CUST103172,UNIQ203172,79766,Hyderabad,TS
CUST103173,UNIQ203173,67817,Pune,MH
CUST103174,UNIQ203174,25420,Coimbatore,TN
CUST103175,UNIQ203175,29571,Hyderabad,TS
CUST103176,UNIQ203176,45866,Delhi,DL
CUST103177,UNIQ203177,11999,Mumbai,MH
CUST103178,UNIQ203178,77378,Ahmedabad,GJ
CUST103179,UNIQ203179,37076,Mumbai,MH
CUST103180,UNIQ203180,55916,Lucknow,UP
CUST103181,UNIQ203181,51744,Lucknow,UP
CUST103182,UNIQ203182,28554,Hyderabad,TS
CUST103183,UNIQ203183,47128,Indore,MP
CUST103184,UNIQ203184,42089,Ahmedabad,GJ
CUST103185,UNIQ203185,19337,Delhi,DL
CUST103186,UNIQ203186,54399,Hyderabad,TS
CUST103187,UNIQ203187,68149,Lucknow,UP
CUST103188,UNIQ203188,27049,Bangalore,KA
CUST103189,UNIQ203189,71700,Bangalore,KA
CUST103190,UNIQ203190,16613,Coimbatore,TN
CUST103191,UNIQ203191,60279,Mumbai,MH
CUST103192,UNIQ203192,21287,Bangalore,KA
CUST103193,UNIQ203193,61369,Kolkata,WB
CUST103194,UNIQ203194,68436,Delhi,DL
CUST103195,UNIQ203195,56612,Ahmedabad,GJ
CUST103196,UNIQ203196,53559,Hyderabad,TS
CUST103197,UNIQ203197,79924,Chennai,TN
CUST103198,UNIQ203198,71039,Mumbai,MH
CUST103199,UNIQ203199,27274,Ahmedabad,GJ
CUST103200,UNIQ203200,71377,Mumbai,MH
CUST103201,UNIQ203201,69714,Mumbai,MH
CUST103202,UNIQ203202,71000,Hyderabad,TS
CUST103203,UNIQ203203,40368,Jaipur,RJ
CUST103204,UNIQ203204,28837,Chennai,TN
CUST103205,UNIQ203205,43823,Ahmedabad,GJ
CUST103206,UNIQ203206,61390,Pune,MH
CUST103207,UNIQ203207,53296,Delhi,DL
CUST103208,UNIQ203208,69412,Pune,MH
CUST103209,UNIQ203209,13966,Jaipur,RJ
CUST103210,UNIQ203210,72303,Mumbai,MH
CUST103211,UNIQ203211,56064,Mumbai,MH
CUST103212,UNIQ203212,70455,Jaipur,RJ
CUST103213,UNIQ203213,46996,Delhi,DL
CUST103214,UNIQ203214,26697,Pune,MH
CUST103215,UNIQ203215,23491,Lucknow,UP
CUST103216,UNIQ203216,24022,Kolkata,WB
CUST103217,UNIQ203217,19296,Pune,MH
CUST103218,UNIQ203218,79828,Hyderabad,TS
CUST103219,UNIQ203219,62535,Jaipur,RJ
CUST103220,UNIQ203220,64190,Ahmedabad,GJ
CUST103221,UNIQ203221,41941,Chennai,TN
CUST103222,UNIQ203222,30843,Lucknow,UP
CUST103223,UNIQ203223,60307,Jaipur,RJ
CUST103224,UNIQ203224,54658,Mumbai,MH
CUST103225,UNIQ203225,66511,Chennai,TN
CUST103226,UNIQ203226,54852,Kolkata,WB
CUST103227,UNIQ203227,40953,Lucknow,UP
CUST103228,UNIQ203228,20209,Delhi,DL
CUST103229,UNIQ203229,73783,Indore,MP
CUST103230,UNIQ203230,70674,Mumbai,MH
CUST103231,UNIQ203231,22799,Pune,MH
CUST103232,UNIQ203232,33091,Jaipur,RJ
CUST103233,UNIQ203233,63188,Hyderabad,TS
CUST103234,UNIQ203234,24253,Mumbai,MH
CUST103235,UNIQ203235,59664,Coimbatore,TN
CUST103236,UNIQ203236,74788,Pune,MH
CUST103237,UNIQ203237,18058,Coimbatore,TN
CUST103238,UNIQ203238,38522,Mumbai,MH
CUST103239,UNIQ203239,10024,Delhi,DL
CUST103240,UNIQ203240,29558,Delhi,DL
CUST103241,UNIQ203241,79632,Jaipur,RJ
CUST103242,UNIQ203242,61115,Hyderabad,TS
CUST103243,UNIQ203243,68610,Ahmedabad,GJ
CUST103244,UNIQ203244,36956,Chennai,TN
CUST103245,UNIQ203245,51497,Coimbatore,TN
CUST103246,UNIQ203246,49917,Hyderabad,TS
CUST103247,UNIQ203247,55123,Kolkata,WB
CUST103248,UNIQ203248,11064,Mumbai,MH
CUST103249,UNIQ203249,76902,Ahmedabad,GJ
CUST103250,UNIQ203250,26718,Kolkata,WB
CUST103251,UNIQ203251,18180,Hyderabad,TS
CUST103252,UNIQ203252,16963,Pune,MH
CUST103253,UNIQ203253,57086,Bangalore,KA
CUST103254,UNIQ203254,46989,Mumbai,MH
CUST103255,UNIQ203255,40833,Bangalore,KA
CUST103256,UNIQ203256,61677,Kolkata,WB
CUST103257,UNIQ203257,51697,Coimbatore,TN
CUST103258,UNIQ203258,60173,Indore,MP
CUST103259,UNIQ203259,60012,Kolkata,WB
CUST103260,UNIQ203260,37684,Kolkata,WB
CUST103261,UNIQ203261,32729,Coimbatore,TN
CUST103262,UNIQ203262,28228,Jaipur,RJ
CUST103263,UNIQ203263,60409,Chennai,TN
CUST103264,UNIQ203264,64687,Pune,MH
CUST103265,UNIQ203265,47810,Delhi,DL
CUST103266,UNIQ203266,26455,Coimbatore,TN
CUST103267,UNIQ203267,11520,Delhi,DL
CUST103268,UNIQ203268,12058,Mumbai,MH
CUST103269,UNIQ203269,73792,Delhi,DL
CUST103270,UNIQ203270,67243,Coimbatore,TN
CUST103271,UNIQ203271,21097,Delhi,DL
CUST103272,UNIQ203272,64507,Delhi,DL
CUST103273,UNIQ203273,65797,Jaipur,RJ
CUST103274,UNIQ203274,33566,Ahmedabad,GJ
CUST103275,UNIQ203275,76770,Jaipur,RJ
CUST103276,UNIQ203276,68988,Kolkata,WB
CUST103277,UNIQ203277,56570,Kolkata,WB
CUST103278,UNIQ203278,34352,Chennai,TN
CUST103279,UNIQ203279,10973,Kolkata,WB
CUST103280,UNIQ203280,75294,Ahmedabad,GJ
CUST103281,UNIQ203281,41031,Indore,MP
CUST103282,UNIQ203282,75762,Indore,MP
CUST103283,UNIQ203283,63849,Hyderabad,TS
CUST103284,UNIQ203284,58099,Lucknow,UP
CUST103285,UNIQ203285,14963,Bangalore,KA
CUST103286,UNIQ203286,73342,Ahmedabad,GJ
CUST103287,UNIQ203287,58310,Indore,MP
CUST103288,UNIQ203288,73115,Mumbai,MH
CUST103289,UNIQ203289,20494,Indore,MP
CUST103290,UNIQ203290,78997,Delhi,DL
CUST103291,UNIQ203291,70940,Hyderabad,TS
CUST103292,UNIQ203292,20254,Lucknow,UP
CUST103293,UNIQ203293,21592,Lucknow,UP
CUST103294,UNIQ203294,71925,Chennai,TN
CUST103295,UNIQ203295,20234,Coimbatore,TN
CUST103296,UNIQ203296,50959,Coimbatore,TN
CUST103297,UNIQ203297,16917,Ahmedabad,GJ
CUST103298,UNIQ203298,11413,Pune,MH
CUST103299,UNIQ203299,69511,Jaipur,RJ
CUST103300,UNIQ203300,71503,Lucknow,UP
CUST103301,UNIQ203301,53452,Ahmedabad,GJ
CUST103302,UNIQ203302,56257,Kolkata,WB
CUST103303,UNIQ203303,47907,Hyderabad,TS
CUST103304,UNIQ203304,14630,Delhi,DL
CUST103305,UNIQ203305,49855,Indore,MP
CUST103306,UNIQ203306,44136,Indore,MP
CUST103307,UNIQ203307,72018,Bangalore,KA
CUST103308,UNIQ203308,32161,Ahmedabad,GJ
CUST103309,UNIQ203309,16765,Ahmedabad,GJ
CUST103310,UNIQ203310,48240,Coimbatore,TN
CUST103311,UNIQ203311,13578,Indore,MP
CUST103312,UNIQ203312,73538,Hyderabad,TS
CUST103313,UNIQ203313,26622,Mumbai,MH
CUST103314,UNIQ203314,20074,Lucknow,UP
CUST103315,UNIQ203315,43036,Hyderabad,TS
CUST103316,UNIQ203316,46827,Delhi,DL
CUST103317,UNIQ203317,43679,Hyderabad,TS
CUST103318,UNIQ203318,24621,Bangalore,KA
CUST103319,UNIQ203319,32886,Ahmedabad,GJ
CUST103320,UNIQ203320,29809,Ahmedabad,GJ
CUST103321,UNIQ203321,68543,Coimbatore,TN
CUST103322,UNIQ203322,32989,Pune,MH
CUST103323,UNIQ203323,40958,Hyderabad,TS
CUST103324,UNIQ203324,33699,Jaipur,RJ
CUST103325,UNIQ203325,14337,Lucknow,UP
CUST103326,UNIQ203326,21062,Pune,MH
CUST103327,UNIQ203327,30204,Delhi,DL
CUST103328,UNIQ203328,64125,Jaipur,RJ
CUST103329,UNIQ203329,41188,Kolkata,WB
CUST103330,UNIQ203330,67695,Coimbatore,TN
CUST103331,UNIQ203331,31926,Indore,MP
CUST103332,UNIQ203332,55229,Chennai,TN
CUST103333,UNIQ203333,44654,Bangalore,KA
CUST103334,UNIQ203334,16884,Mumbai,MH
CUST103335,UNIQ203335,70819,Delhi,DL
CUST103336,UNIQ203336,72420,Kolkata,WB
CUST103337,UNIQ203337,72425,Hyderabad,TS
CUST103338,UNIQ203338,79798,Indore,MP
CUST103339,UNIQ203339,59781,Chennai,TN
CUST103340,UNIQ203340,61127,Coimbatore,TN
CUST103341,UNIQ203341,44422,Jaipur,RJ
CUST103342,UNIQ203342,79526,Delhi,DL
CUST103343,UNIQ203343,11554,Kolkata,WB
CUST103344,UNIQ203344,68827,Hyderabad,TS
CUST103345,UNIQ203345,51377,Kolkata,WB
CUST103346,UNIQ203346,15376,Lucknow,UP
CUST103347,UNIQ203347,79637,Mumbai,MH
CUST103348,UNIQ203348,56376,Coimbatore,TN
CUST103349,UNIQ203349,45728,Kolkata,WB
CUST103350,UNIQ203350,45432,Pune,MH
CUST103351,UNIQ203351,22881,Hyderabad,TS
CUST103352,UNIQ203352,61269,Hyderabad,TS
CUST103353,UNIQ203353,41692,Jaipur,RJ
CUST103354,UNIQ203354,35549,Indore,MP
CUST103355,UNIQ203355,54224,Lucknow,UP
CUST103356,UNIQ203356,33582,Coimbatore,TN
CUST103357,UNIQ203357,11386,Pune,MH
CUST103358,UNIQ203358,11110,Coimbatore,TN
CUST103359,UNIQ203359,11567,Mumbai,MH
CUST103360,UNIQ203360,22805,Kolkata,WB
CUST103361,UNIQ203361,23619,Lucknow,UP
CUST103362,UNIQ203362,68450,Coimbatore,TN
CUST103363,UNIQ203363,38759,Pune,MH
CUST103364,UNIQ203364,47132,Indore,MP
CUST103365,UNIQ203365,35307,Hyderabad,TS
CUST103366,UNIQ203366,13106,Bangalore,KA
CUST103367,UNIQ203367,22050,Ahmedabad,GJ
CUST103368,UNIQ203368,38419,Bangalore,KA
CUST103369,UNIQ203369,25963,Ahmedabad,GJ
CUST103370,UNIQ203370,25725,Indore,MP
CUST103371,UNIQ203371,27027,Mumbai,MH
CUST103372,UNIQ203372,34217,Kolkata,WB
CUST103373,UNIQ203373,34151,Mumbai,MH
CUST103374,UNIQ203374,48609,Hyderabad,TS
CUST103375,UNIQ203375,19924,Jaipur,RJ
CUST103376,UNIQ203376,69433,Coimbatore,TN
CUST103377,UNIQ203377,65965,Hyderabad,TS
CUST103378,UNIQ203378,52389,Indore,MP
CUST103379,UNIQ203379,31229,Hyderabad,TS
CUST103380,UNIQ203380,46344,Mumbai,MH
CUST103381,UNIQ203381,60174,Bangalore,KA
CUST103382,UNIQ203382,53601,Kolkata,WB
CUST103383,UNIQ203383,43847,Bangalore,KA
CUST103384,UNIQ203384,33321,Hyderabad,TS
CUST103385,UNIQ203385,19096,Jaipur,RJ
CUST103386,UNIQ203386,36302,Jaipur,RJ
CUST103387,UNIQ203387,61463,Ahmedabad,GJ
CUST103388,UNIQ203388,74494,Delhi,DL
CUST103389,UNIQ203389,28857,Mumbai,MH
CUST103390,UNIQ203390,66525,Lucknow,UP
CUST103391,UNIQ203391,23926,Chennai,TN
CUST103392,UNIQ203392,43947,Jaipur,RJ
CUST103393,UNIQ203393,14569,Mumbai,MH
CUST103394,UNIQ203394,19229,Mumbai,MH
CUST103395,UNIQ203395,42846,Ahmedabad,GJ
CUST103396,UNIQ203396,12459,Jaipur,RJ
CUST103397,UNIQ203397,29510,Jaipur,RJ
CUST103398,UNIQ203398,10113,Coimbatore,TN
CUST103399,UNIQ203399,61181,Bangalore,KA
CUST103400,UNIQ203400,29871,Hyderabad,TS
CUST103401,UNIQ203401,53231,Indore,MP
CUST103402,UNIQ203402,10485,Kolkata,WB
CUST103403,UNIQ203403,74314,Lucknow,UP
CUST103404,UNIQ203404,67154,Jaipur,RJ
CUST103405,UNIQ203405,19188,Kolkata,WB
CUST103406,UNIQ203406,39602,Lucknow,UP
CUST103407,UNIQ203407,60387,Bangalore,KA
CUST103408,UNIQ203408,73185,Indore,MP
CUST103409,UNIQ203409,57044,Mumbai,MH
CUST103410,UNIQ203410,49692,Pune,MH
CUST103411,UNIQ203411,17234,Kolkata,WB
CUST103412,UNIQ203412,21883,Coimbatore,TN
CUST103413,UNIQ203413,54572,Pune,MH
CUST103414,UNIQ203414,70245,Mumbai,MH
CUST103415,UNIQ203415,36623,Hyderabad,TS
CUST103416,UNIQ203416,15155,Delhi,DL
CUST103417,UNIQ203417,35035,Kolkata,WB
CUST103418,UNIQ203418,61131,Hyderabad,TS
CUST103419,UNIQ203419,57089,Mumbai,MH
CUST103420,UNIQ203420,21123,Jaipur,RJ
CUST103421,UNIQ203421,67407,Coimbatore,TN
CUST103422,UNIQ203422,34833,Indore,MP
CUST103423,UNIQ203423,14679,Delhi,DL
CUST103424,UNIQ203424,13324,Chennai,TN
CUST103425,UNIQ203425,41258,Indore,MP
CUST103426,UNIQ203426,60956,Jaipur,RJ
CUST103427,UNIQ203427,50334,Mumbai,MH
CUST103428,UNIQ203428,79984,Jaipur,RJ
CUST103429,UNIQ203429,12151,Jaipur,RJ
CUST103430,UNIQ203430,54470,Bangalore,KA
CUST103431,UNIQ203431,54265,Bangalore,KA
CUST103432,UNIQ203432,15611,Indore,MP
CUST103433,UNIQ203433,25491,Kolkata,WB
CUST103434,UNIQ203434,78566,Chennai,TN
CUST103435,UNIQ203435,29523,Jaipur,RJ
CUST103436,UNIQ203436,40537,Indore,MP
CUST103437,UNIQ203437,14833,Mumbai,MH
CUST103438,UNIQ203438,28558,Indore,MP
CUST103439,UNIQ203439,12498,Jaipur,RJ
CUST103440,UNIQ203440,16003,Jaipur,RJ
CUST103441,UNIQ203441,27109,Chennai,TN
CUST103442,UNIQ203442,32577,Bangalore,KA
CUST103443,UNIQ203443,16548,Coimbatore,TN
CUST103444,UNIQ203444,22752,Hyderabad,TS
CUST103445,UNIQ203445,32372,Jaipur,RJ
CUST103446,UNIQ203446,18383,Ahmedabad,GJ
CUST103447,UNIQ203447,24965,Mumbai,MH
CUST103448,UNIQ203448,38910,Jaipur,RJ
CUST103449,UNIQ203449,36560,Mumbai,MH
CUST103450,UNIQ203450,54216,Kolkata,WB
CUST103451,UNIQ203451,62692,Indore,MP
CUST103452,UNIQ203452,25833,Pune,MH
CUST103453,UNIQ203453,28000,Coimbatore,TN
CUST103454,UNIQ203454,37948,Pune,MH
CUST103455,UNIQ203455,32734,Bangalore,KA
CUST103456,UNIQ203456,18286,Pune,MH
CUST103457,UNIQ203457,45899,Mumbai,MH
CUST103458,UNIQ203458,64415,Delhi,DL
CUST103459,UNIQ203459,58487,Delhi,DL
CUST103460,UNIQ203460,31627,Lucknow,UP
CUST103461,UNIQ203461,41934,Jaipur,RJ
CUST103462,UNIQ203462,15334,Ahmedabad,GJ
CUST103463,UNIQ203463,23102,Delhi,DL
CUST103464,UNIQ203464,59300,Coimbatore,TN
CUST103465,UNIQ203465,12048,Delhi,DL
CUST103466,UNIQ203466,20580,Jaipur,RJ
CUST103467,UNIQ203467,10946,Bangalore,KA
CUST103468,UNIQ203468,21683,Delhi,DL
CUST103469,UNIQ203469,47189,Indore,MP
CUST103470,UNIQ203470,72391,Kolkata,WB
CUST103471,UNIQ203471,26632,Indore,MP
CUST103472,UNIQ203472,28754,Chennai,TN
CUST103473,UNIQ203473,45513,Coimbatore,TN
CUST103474,UNIQ203474,69037,Lucknow,UP
CUST103475,UNIQ203475,41359,Kolkata,WB
CUST103476,UNIQ203476,14931,Delhi,DL
CUST103477,UNIQ203477,33593,Ahmedabad,GJ
CUST103478,UNIQ203478,75521,Indore,MP
CUST103479,UNIQ203479,21537,Ahmedabad,GJ
CUST103480,UNIQ203480,49478,Coimbatore,TN
CUST103481,UNIQ203481,64891,Pune,MH
CUST103482,UNIQ203482,40885,Bangalore,KA
CUST103483,UNIQ203483,25401,Chennai,TN
CUST103484,UNIQ203484,22541,Lucknow,UP
CUST103485,UNIQ203485,57435,Ahmedabad,GJ
CUST103486,UNIQ203486,76524,Lucknow,UP
CUST103487,UNIQ203487,70845,Chennai,TN
CUST103488,UNIQ203488,37277,Coimbatore,TN
CUST103489,UNIQ203489,16955,Hyderabad,TS
CUST103490,UNIQ203490,24769,Chennai,TN
CUST103491,UNIQ203491,72182,Delhi,DL
CUST103492,UNIQ203492,33111,Jaipur,RJ
CUST103493,UNIQ203493,15651,Delhi,DL
CUST103494,UNIQ203494,57735,Bangalore,KA
CUST103495,UNIQ203495,37471,Hyderabad,TS
CUST103496,UNIQ203496,42949,Kolkata,WB
CUST103497,UNIQ203497,69394,Pune,MH
CUST103498,UNIQ203498,23686,Bangalore,KA
CUST103499,UNIQ203499,16875,Indore,MP
CUST103500,UNIQ203500,33053,Lucknow,UP
CUST103501,UNIQ203501,13809,Delhi,DL
CUST103502,UNIQ203502,77489,Jaipur,RJ
CUST103503,UNIQ203503,19287,Mumbai,MH
CUST103504,UNIQ203504,68303,Chennai,TN
CUST103505,UNIQ203505,52725,Ahmedabad,GJ
CUST103506,UNIQ203506,36050,Kolkata,WB
CUST103507,UNIQ203507,52688,Indore,MP
CUST103508,UNIQ203508,24435,Chennai,TN
CUST103509,UNIQ203509,39855,Pune,MH
CUST103510,UNIQ203510,41079,Mumbai,MH
CUST103511,UNIQ203511,64079,Indore,MP
CUST103512,UNIQ203512,59221,Chennai,TN
CUST103513,UNIQ203513,19637,Chennai,TN
CUST103514,UNIQ203514,73492,Jaipur,RJ
CUST103515,UNIQ203515,67129,Bangalore,KA
CUST103516,UNIQ203516,38333,Delhi,DL
CUST103517,UNIQ203517,69636,Ahmedabad,GJ
CUST103518,UNIQ203518,60768,Delhi,DL
CUST103519,UNIQ203519,27878,Pune,MH
CUST103520,UNIQ203520,35448,Jaipur,RJ
CUST103521,UNIQ203521,57001,Coimbatore,TN
CUST103522,UNIQ203522,36504,Hyderabad,TS
CUST103523,UNIQ203523,26673,Pune,MH
CUST103524,UNIQ203524,17818,Bangalore,KA
CUST103525,UNIQ203525,27891,Hyderabad,TS
CUST103526,UNIQ203526,71018,Mumbai,MH
CUST103527,UNIQ203527,64817,Jaipur,RJ
CUST103528,UNIQ203528,55033,Delhi,DL
CUST103529,UNIQ203529,48687,Chennai,TN
CUST103530,UNIQ203530,30550,Ahmedabad,GJ
CUST103531,UNIQ203531,32273,Coimbatore,TN
CUST103532,UNIQ203532,40107,Ahmedabad,GJ
CUST103533,UNIQ203533,63961,Mumbai,MH
CUST103534,UNIQ203534,74122,Lucknow,UP
CUST103535,UNIQ203535,72061,Chennai,TN
CUST103536,UNIQ203536,46591,Jaipur,RJ
CUST103537,UNIQ203537,66113,Bangalore,KA
CUST103538,UNIQ203538,42329,Indore,MP
CUST103539,UNIQ203539,52899,Chennai,TN
CUST103540,UNIQ203540,39151,Kolkata,WB
CUST103541,UNIQ203541,29525,Ahmedabad,GJ
CUST103542,UNIQ203542,10665,Ahmedabad,GJ
CUST103543,UNIQ203543,15796,Kolkata,WB
CUST103544,UNIQ203544,71689,Bangalore,KA
CUST103545,UNIQ203545,76088,Indore,MP
CUST103546,UNIQ203546,65797,Bangalore,KA
CUST103547,UNIQ203547,61684,Lucknow,UP
CUST103548,UNIQ203548,22844,Jaipur,RJ
CUST103549,UNIQ203549,74918,Jaipur,RJ
CUST103550,UNIQ203550,20890,Chennai,TN
CUST103551,UNIQ203551,11628,Lucknow,UP
CUST103552,UNIQ203552,63296,Indore,MP
CUST103553,UNIQ203553,27394,Chennai,TN
CUST103554,UNIQ203554,48769,Pune,MH
CUST103555,UNIQ203555,21892,Chennai,TN
CUST103556,UNIQ203556,72886,Bangalore,KA
CUST103557,UNIQ203557,49955,Coimbatore,TN
CUST103558,UNIQ203558,70199,Delhi,DL
CUST103559,UNIQ203559,13199,Ahmedabad,GJ
CUST103560,UNIQ203560,70786,Jaipur,RJ
CUST103561,UNIQ203561,63131,Delhi,DL
CUST103562,UNIQ203562,58551,Delhi,DL
CUST103563,UNIQ203563,70856,Coimbatore,TN
CUST103564,UNIQ203564,10178,Indore,MP
CUST103565,UNIQ203565,19266,Coimbatore,TN
CUST103566,UNIQ203566,53634,Kolkata,WB
CUST103567,UNIQ203567,14287,Lucknow,UP
CUST103568,UNIQ203568,65823,Hyderabad,TS
CUST103569,UNIQ203569,37151,Hyderabad,TS
CUST103570,UNIQ203570,20611,Coimbatore,TN
CUST103571,UNIQ203571,54000,Ahmedabad,GJ
CUST103572,UNIQ203572,17184,Indore,MP
CUST103573,UNIQ203573,57708,Lucknow,UP
CUST103574,UNIQ203574,24544,Bangalore,KA
CUST103575,UNIQ203575,57918,Kolkata,WB
CUST103576,UNIQ203576,15357,Jaipur,RJ
CUST103577,UNIQ203577,58029,Pune,MH
CUST103578,UNIQ203578,18782,Delhi,DL
CUST103579,UNIQ203579,36832,Lucknow,UP
CUST103580,UNIQ203580,53899,Delhi,DL
CUST103581,UNIQ203581,24884,Chennai,TN
CUST103582,UNIQ203582,72717,Coimbatore,TN
CUST103583,UNIQ203583,37498,Indore,MP
CUST103584,UNIQ203584,39548,Indore,MP
CUST103585,UNIQ203585,56230,Pune,MH
CUST103586,UNIQ203586,76003,Hyderabad,TS
CUST103587,UNIQ203587,65434,Coimbatore,TN
CUST103588,UNIQ203588,17138,Hyderabad,TS
CUST103589,UNIQ203589,58865,Mumbai,MH
CUST103590,UNIQ203590,69298,Pune,MH
CUST103591,UNIQ203591,75726,Jaipur,RJ
CUST103592,UNIQ203592,26083,Lucknow,UP
CUST103593,UNIQ203593,79717,Jaipur,RJ
CUST103594,UNIQ203594,79842,Coimbatore,TN
CUST103595,UNIQ203595,69241,Hyderabad,TS
CUST103596,UNIQ203596,58253,Ahmedabad,GJ
CUST103597,UNIQ203597,18601,Coimbatore,TN
CUST103598,UNIQ203598,70014,Chennai,TN
CUST103599,UNIQ203599,20508,Mumbai,MH
CUST103600,UNIQ203600,33437,Kolkata,WB
CUST103601,UNIQ203601,20085,Hyderabad,TS
CUST103602,UNIQ203602,31596,Mumbai,MH
CUST103603,UNIQ203603,24683,Hyderabad,TS
CUST103604,UNIQ203604,29392,Indore,MP
CUST103605,UNIQ203605,29726,Jaipur,RJ
CUST103606,UNIQ203606,78247,Chennai,TN
CUST103607,UNIQ203607,12974,Coimbatore,TN
CUST103608,UNIQ203608,64596,Hyderabad,TS
CUST103609,UNIQ203609,27305,Coimbatore,TN
CUST103610,UNIQ203610,55442,Jaipur,RJ
CUST103611,UNIQ203611,68177,Kolkata,WB
CUST103612,UNIQ203612,12815,Indore,MP
CUST103613,UNIQ203613,34780,Hyderabad,TS
CUST103614,UNIQ203614,12888,Mumbai,MH
CUST103615,UNIQ203615,78107,Chennai,TN
CUST103616,UNIQ203616,54024,Coimbatore,TN
CUST103617,UNIQ203617,54930,Kolkata,WB
CUST103618,UNIQ203618,52769,Coimbatore,TN
CUST103619,UNIQ203619,79489,Jaipur,RJ
CUST103620,UNIQ203620,68360,Lucknow,UP
CUST103621,UNIQ203621,49856,Jaipur,RJ
CUST103622,UNIQ203622,27295,Ahmedabad,GJ
CUST103623,UNIQ203623,32509,Hyderabad,TS
CUST103624,UNIQ203624,39724,Hyderabad,TS
CUST103625,UNIQ203625,58745,Jaipur,RJ
CUST103626,UNIQ203626,16202,Hyderabad,TS
CUST103627,UNIQ203627,56284,Delhi,DL
CUST103628,UNIQ203628,69759,Hyderabad,TS
CUST103629,UNIQ203629,31075,Delhi,DL
CUST103630,UNIQ203630,47387,Indore,MP
CUST103631,UNIQ203631,32984,Delhi,DL
CUST103632,UNIQ203632,30117,Indore,MP
CUST103633,UNIQ203633,41182,Delhi,DL
CUST103634,UNIQ203634,15393,Mumbai,MH
CUST103635,UNIQ203635,26577,Pune,MH
CUST103636,UNIQ203636,44132,Jaipur,RJ
CUST103637,UNIQ203637,34182,Pune,MH
CUST103638,UNIQ203638,14546,Chennai,TN
CUST103639,UNIQ203639,51542,Coimbatore,TN
CUST103640,UNIQ203640,29391,Pune,MH
CUST103641,UNIQ203641,68776,Pune,MH
CUST103642,UNIQ203642,31311,Lucknow,UP
CUST103643,UNIQ203643,49526,Lucknow,UP
CUST103644,UNIQ203644,13266,Mumbai,MH
CUST103645,UNIQ203645,75459,Kolkata,WB
CUST103646,UNIQ203646,70036,Delhi,DL
CUST103647,UNIQ203647,30454,Pune,MH
CUST103648,UNIQ203648,76507,Bangalore,KA
CUST103649,UNIQ203649,48739,Pune,MH
CUST103650,UNIQ203650,47988,Jaipur,RJ
CUST103651,UNIQ203651,29278,Ahmedabad,GJ
CUST103652,UNIQ203652,67947,Ahmedabad,GJ
CUST103653,UNIQ203653,24721,Pune,MH
CUST103654,UNIQ203654,72781,Indore,MP
CUST103655,UNIQ203655,28274,Bangalore,KA
CUST103656,UNIQ203656,25319,Coimbatore,TN
CUST103657,UNIQ203657,13250,Hyderabad,TS
CUST103658,UNIQ203658,38883,Kolkata,WB
CUST103659,UNIQ203659,56844,Jaipur,RJ
CUST103660,UNIQ203660,52777,Mumbai,MH
CUST103661,UNIQ203661,35578,Bangalore,KA
CUST103662,UNIQ203662,79000,Ahmedabad,GJ
CUST103663,UNIQ203663,46428,Chennai,TN
CUST103664,UNIQ203664,12955,Chennai,TN
CUST103665,UNIQ203665,68387,Mumbai,MH
CUST103666,UNIQ203666,21452,Coimbatore,TN
CUST103667,UNIQ203667,61697,Lucknow,UP
CUST103668,UNIQ203668,74286,Chennai,TN
CUST103669,UNIQ203669,77050,Pune,MH
CUST103670,UNIQ203670,57325,Bangalore,KA
CUST103671,UNIQ203671,29391,Kolkata,WB
CUST103672,UNIQ203672,66051,Indore,MP
CUST103673,UNIQ203673,60608,Pune,MH
CUST103674,UNIQ203674,11597,Pune,MH
CUST103675,UNIQ203675,55209,Hyderabad,TS
CUST103676,UNIQ203676,50381,Pune,MH
CUST103677,UNIQ203677,21481,Jaipur,RJ
CUST103678,UNIQ203678,68224,Chennai,TN
CUST103679,UNIQ203679,64474,Indore,MP
CUST103680,UNIQ203680,47831,Jaipur,RJ
CUST103681,UNIQ203681,65552,Delhi,DL
CUST103682,UNIQ203682,64289,Indore,MP
CUST103683,UNIQ203683,21282,Delhi,DL
CUST103684,UNIQ203684,37234,Delhi,DL
CUST103685,UNIQ203685,72208,Hyderabad,TS
CUST103686,UNIQ203686,53963,Lucknow,UP
CUST103687,UNIQ203687,59253,Mumbai,MH
CUST103688,UNIQ203688,10867,Mumbai,MH
CUST103689,UNIQ203689,45825,Kolkata,WB
CUST103690,UNIQ203690,32923,Kolkata,WB
CUST103691,UNIQ203691,70570,Lucknow,UP
CUST103692,UNIQ203692,27947,Indore,MP
CUST103693,UNIQ203693,34380,Chennai,TN
CUST103694,UNIQ203694,47940,Kolkata,WB
CUST103695,UNIQ203695,74302,Lucknow,UP
CUST103696,UNIQ203696,49582,Bangalore,KA
CUST103697,UNIQ203697,49834,Ahmedabad,GJ
CUST103698,UNIQ203698,70745,Jaipur,RJ
CUST103699,UNIQ203699,13517,Chennai,TN
CUST103700,UNIQ203700,30188,Bangalore,KA
CUST103701,UNIQ203701,49343,Hyderabad,TS
CUST103702,UNIQ203702,71936,Coimbatore,TN
CUST103703,UNIQ203703,47707,Mumbai,MH
CUST103704,UNIQ203704,33510,Kolkata,WB
CUST103705,UNIQ203705,42079,Jaipur,RJ
CUST103706,UNIQ203706,25644,Bangalore,KA
CUST103707,UNIQ203707,74625,Hyderabad,TS
CUST103708,UNIQ203708,57416,Mumbai,MH
CUST103709,UNIQ203709,72978,Ahmedabad,GJ
CUST103710,UNIQ203710,67156,Ahmedabad,GJ
CUST103711,UNIQ203711,72395,Hyderabad,TS
CUST103712,UNIQ203712,25674,Indore,MP
CUST103713,UNIQ203713,77177,Pune,MH
CUST103714,UNIQ203714,12299,Indore,MP
CUST103715,UNIQ203715,31344,Hyderabad,TS
CUST103716,UNIQ203716,17669,Ahmedabad,GJ
CUST103717,UNIQ203717,51901,Delhi,DL
CUST103718,UNIQ203718,27759,Jaipur,RJ
CUST103719,UNIQ203719,31405,Pune,MH
CUST103720,UNIQ203720,45739,Bangalore,KA
CUST103721,UNIQ203721,64986,Pune,MH
CUST103722,UNIQ203722,56659,Coimbatore,TN
CUST103723,UNIQ203723,47992,Bangalore,KA
CUST103724,UNIQ203724,79417,Hyderabad,TS
CUST103725,UNIQ203725,20069,Coimbatore,TN
CUST103726,UNIQ203726,35403,Lucknow,UP
CUST103727,UNIQ203727,34018,Coimbatore,TN
CUST103728,UNIQ203728,31906,Mumbai,MH
CUST103729,UNIQ203729,52284,Lucknow,UP
CUST103730,UNIQ203730,49462,Pune,MH
CUST103731,UNIQ203731,57516,Hyderabad,TS
CUST103732,UNIQ203732,56088,Mumbai,MH
CUST103733,UNIQ203733,11690,Delhi,DL
CUST103734,UNIQ203734,77917,Delhi,DL
CUST103735,UNIQ203735,58891,Hyderabad,TS
CUST103736,UNIQ203736,64000,Jaipur,RJ
CUST103737,UNIQ203737,31368,Pune,MH
CUST103738,UNIQ203738,38557,Mumbai,MH
CUST103739,UNIQ203739,75979,Delhi,DL
CUST103740,UNIQ203740,34696,Chennai,TN
CUST103741,UNIQ203741,78898,Lucknow,UP
CUST103742,UNIQ203742,24937,Lucknow,UP
CUST103743,UNIQ203743,70357,Kolkata,WB
CUST103744,UNIQ203744,25278,Mumbai,MH
CUST103745,UNIQ203745,12277,Delhi,DL
CUST103746,UNIQ203746,55640,Jaipur,RJ
CUST103747,UNIQ203747,57522,Hyderabad,TS
CUST103748,UNIQ203748,67925,Delhi,DL
CUST103749,UNIQ203749,78566,Ahmedabad,GJ
CUST103750,UNIQ203750,32571,Pune,MH
CUST103751,UNIQ203751,49935,Indore,MP
CUST103752,UNIQ203752,25544,Bangalore,KA
CUST103753,UNIQ203753,26870,Chennai,TN
CUST103754,UNIQ203754,28659,Indore,MP
CUST103755,UNIQ203755,39697,Indore,MP
CUST103756,UNIQ203756,26429,Hyderabad,TS
CUST103757,UNIQ203757,27067,Chennai,TN
CUST103758,UNIQ203758,65680,Mumbai,MH
CUST103759,UNIQ203759,24643,Indore,MP
CUST103760,UNIQ203760,12464,Mumbai,MH
CUST103761,UNIQ203761,66524,Jaipur,RJ
CUST103762,UNIQ203762,35736,Bangalore,KA
CUST103763,UNIQ203763,14298,Mumbai,MH
CUST103764,UNIQ203764,77302,Coimbatore,TN
CUST103765,UNIQ203765,17768,Ahmedabad,GJ
CUST103766,UNIQ203766,25587,Jaipur,RJ
CUST103767,UNIQ203767,15672,Hyderabad,TS
CUST103768,UNIQ203768,49537,Mumbai,MH
CUST103769,UNIQ203769,11346,Coimbatore,TN
CUST103770,UNIQ203770,26225,Mumbai,MH
CUST103771,UNIQ203771,36922,Ahmedabad,GJ
CUST103772,UNIQ203772,36217,Ahmedabad,GJ
CUST103773,UNIQ203773,56076,Delhi,DL
CUST103774,UNIQ203774,21898,Bangalore,KA
CUST103775,UNIQ203775,46356,Delhi,DL
CUST103776,UNIQ203776,55591,Ahmedabad,GJ
CUST103777,UNIQ203777,31044,Pune,MH
CUST103778,UNIQ203778,41696,Lucknow,UP
CUST103779,UNIQ203779,18957,Lucknow,UP
CUST103780,UNIQ203780,11832,Mumbai,MH
CUST103781,UNIQ203781,38442,Lucknow,UP
CUST103782,UNIQ203782,35106,Indore,MP
CUST103783,UNIQ203783,32514,Hyderabad,TS
CUST103784,UNIQ203784,10567,Lucknow,UP
CUST103785,UNIQ203785,22934,Indore,MP
CUST103786,UNIQ203786,76085,Chennai,TN
CUST103787,UNIQ203787,72221,Indore,MP
CUST103788,UNIQ203788,34264,Pune,MH
CUST103789,UNIQ203789,24067,Jaipur,RJ
CUST103790,UNIQ203790,56507,Delhi,DL
CUST103791,UNIQ203791,65586,Kolkata,WB
CUST103792,UNIQ203792,77403,Chennai,TN
CUST103793,UNIQ203793,63422,Chennai,TN
CUST103794,UNIQ203794,51193,Mumbai,MH
CUST103795,UNIQ203795,71066,Mumbai,MH
CUST103796,UNIQ203796,78121,Mumbai,MH
CUST103797,UNIQ203797,74987,Delhi,DL
CUST103798,UNIQ203798,47784,Pune,MH
CUST103799,UNIQ203799,15322,Lucknow,UP
CUST103800,UNIQ203800,53006,Mumbai,MH
CUST103801,UNIQ203801,25167,Jaipur,RJ
CUST103802,UNIQ203802,47173,Kolkata,WB
CUST103803,UNIQ203803,50895,Jaipur,RJ
CUST103804,UNIQ203804,68190,Coimbatore,TN
CUST103805,UNIQ203805,63383,Chennai,TN
CUST103806,UNIQ203806,66093,Hyderabad,TS
CUST103807,UNIQ203807,19123,Chennai,TN
CUST103808,UNIQ203808,58161,Jaipur,RJ
CUST103809,UNIQ203809,11675,Delhi,DL
CUST103810,UNIQ203810,74441,Coimbatore,TN
CUST103811,UNIQ203811,23785,Coimbatore,TN
CUST103812,UNIQ203812,67417,Kolkata,WB
CUST103813,UNIQ203813,21141,Lucknow,UP
CUST103814,UNIQ203814,28791,Mumbai,MH
CUST103815,UNIQ203815,62510,Kolkata,WB
CUST103816,UNIQ203816,23332,Indore,MP
CUST103817,UNIQ203817,32114,Indore,MP
CUST103818,UNIQ203818,57672,Mumbai,MH
CUST103819,UNIQ203819,54385,Chennai,TN
CUST103820,UNIQ203820,62990,Chennai,TN
CUST103821,UNIQ203821,40522,Mumbai,MH
CUST103822,UNIQ203822,75419,Kolkata,WB
CUST103823,UNIQ203823,45779,Hyderabad,TS
CUST103824,UNIQ203824,62459,Coimbatore,TN
CUST103825,UNIQ203825,72367,Pune,MH
CUST103826,UNIQ203826,63011,Coimbatore,TN
CUST103827,UNIQ203827,77032,Jaipur,RJ
CUST103828,UNIQ203828,29316,Hyderabad,TS
CUST103829,UNIQ203829,24160,Jaipur,RJ
CUST103830,UNIQ203830,42858,Mumbai,MH
CUST103831,UNIQ203831,75178,Jaipur,RJ
CUST103832,UNIQ203832,27643,Chennai,TN
CUST103833,UNIQ203833,23055,Bangalore,KA
CUST103834,UNIQ203834,16927,Indore,MP
CUST103835,UNIQ203835,75291,Mumbai,MH
CUST103836,UNIQ203836,13506,Coimbatore,TN
CUST103837,UNIQ203837,60152,Delhi,DL
CUST103838,UNIQ203838,52854,Ahmedabad,GJ
CUST103839,UNIQ203839,49682,Delhi,DL
CUST103840,UNIQ203840,22626,Ahmedabad,GJ
CUST103841,UNIQ203841,78150,Mumbai,MH
CUST103842,UNIQ203842,71082,Jaipur,RJ
CUST103843,UNIQ203843,48477,Chennai,TN
CUST103844,UNIQ203844,75260,Coimbatore,TN
CUST103845,UNIQ203845,76164,Jaipur,RJ
CUST103846,UNIQ203846,55038,Hyderabad,TS
CUST103847,UNIQ203847,12316,Lucknow,UP
CUST103848,UNIQ203848,66414,Bangalore,KA
CUST103849,UNIQ203849,60283,Mumbai,MH
CUST103850,UNIQ203850,51229,Jaipur,RJ
CUST103851,UNIQ203851,68006,Kolkata,WB
CUST103852,UNIQ203852,14716,Jaipur,RJ
CUST103853,UNIQ203853,33182,Bangalore,KA
CUST103854,UNIQ203854,49720,Lucknow,UP
CUST103855,UNIQ203855,31514,Indore,MP
CUST103856,UNIQ203856,66450,Jaipur,RJ
CUST103857,UNIQ203857,50954,Delhi,DL
CUST103858,UNIQ203858,60997,Indore,MP
CUST103859,UNIQ203859,24336,Jaipur,RJ
CUST103860,UNIQ203860,74297,Ahmedabad,GJ
CUST103861,UNIQ203861,71580,Coimbatore,TN
CUST103862,UNIQ203862,30487,Jaipur,RJ
CUST103863,UNIQ203863,17305,Lucknow,UP
CUST103864,UNIQ203864,44523,Kolkata,WB
CUST103865,UNIQ203865,59518,Jaipur,RJ
CUST103866,UNIQ203866,56237,Ahmedabad,GJ
CUST103867,UNIQ203867,52006,Hyderabad,TS
CUST103868,UNIQ203868,13689,Bangalore,KA
CUST103869,UNIQ203869,15913,Ahmedabad,GJ
CUST103870,UNIQ203870,58026,Delhi,DL
CUST103871,UNIQ203871,13525,Pune,MH
CUST103872,UNIQ203872,54729,Coimbatore,TN
CUST103873,UNIQ203873,22759,Kolkata,WB
CUST103874,UNIQ203874,55238,Kolkata,WB
CUST103875,UNIQ203875,63992,Pune,MH
CUST103876,UNIQ203876,17398,Pune,MH
CUST103877,UNIQ203877,42011,Coimbatore,TN
CUST103878,UNIQ203878,40752,Chennai,TN
CUST103879,UNIQ203879,50907,Coimbatore,TN
CUST103880,UNIQ203880,21133,Ahmedabad,GJ
CUST103881,UNIQ203881,18585,Indore,MP
CUST103882,UNIQ203882,25003,Hyderabad,TS
CUST103883,UNIQ203883,32253,Pune,MH
CUST103884,UNIQ203884,52744,Bangalore,KA
CUST103885,UNIQ203885,70412,Bangalore,KA
CUST103886,UNIQ203886,65374,Coimbatore,TN
CUST103887,UNIQ203887,77470,Ahmedabad,GJ
CUST103888,UNIQ203888,44946,Kolkata,WB
CUST103889,UNIQ203889,71564,Bangalore,KA
CUST103890,UNIQ203890,12914,Ahmedabad,GJ
CUST103891,UNIQ203891,59510,Pune,MH
CUST103892,UNIQ203892,61157,Ahmedabad,GJ
CUST103893,UNIQ203893,22809,Pune,MH
CUST103894,UNIQ203894,23114,Jaipur,RJ
CUST103895,UNIQ203895,36988,Indore,MP
CUST103896,UNIQ203896,75107,Pune,MH
CUST103897,UNIQ203897,54504,Lucknow,UP
CUST103898,UNIQ203898,49258,Delhi,DL
CUST103899,UNIQ203899,67146,Pune,MH
CUST103900,UNIQ203900,75136,Chennai,TN
CUST103901,UNIQ203901,19872,Coimbatore,TN
CUST103902,UNIQ203902,38059,Lucknow,UP
CUST103903,UNIQ203903,44754,Hyderabad,TS
CUST103904,UNIQ203904,48970,Bangalore,KA
CUST103905,UNIQ203905,62694,Ahmedabad,GJ
CUST103906,UNIQ203906,22053,Chennai,TN
CUST103907,UNIQ203907,22416,Indore,MP
CUST103908,UNIQ203908,54150,Ahmedabad,GJ
CUST103909,UNIQ203909,18817,Hyderabad,TS
CUST103910,UNIQ203910,79607,Ahmedabad,GJ
CUST103911,UNIQ203911,65981,Jaipur,RJ
CUST103912,UNIQ203912,55523,Chennai,TN
CUST103913,UNIQ203913,49563,Mumbai,MH
CUST103914,UNIQ203914,49309,Lucknow,UP
CUST103915,UNIQ203915,51071,Kolkata,WB
CUST103916,UNIQ203916,64304,Chennai,TN
CUST103917,UNIQ203917,42933,Kolkata,WB
CUST103918,UNIQ203918,77550,Ahmedabad,GJ
CUST103919,UNIQ203919,33671,Jaipur,RJ
CUST103920,UNIQ203920,77662,Bangalore,KA
CUST103921,UNIQ203921,75431,Delhi,DL
CUST103922,UNIQ203922,71249,Chennai,TN
CUST103923,UNIQ203923,79824,Hyderabad,TS
CUST103924,UNIQ203924,66849,Ahmedabad,GJ
CUST103925,UNIQ203925,17848,Ahmedabad,GJ
CUST103926,UNIQ203926,36299,Lucknow,UP
CUST103927,UNIQ203927,70619,Pune,MH
CUST103928,UNIQ203928,41506,Delhi,DL
CUST103929,UNIQ203929,49357,Delhi,DL
CUST103930,UNIQ203930,63773,Kolkata,WB
CUST103931,UNIQ203931,18444,Pune,MH
CUST103932,UNIQ203932,36680,Coimbatore,TN
CUST103933,UNIQ203933,44987,Kolkata,WB
CUST103934,UNIQ203934,31048,Hyderabad,TS
CUST103935,UNIQ203935,40950,Hyderabad,TS
CUST103936,UNIQ203936,41258,Kolkata,WB
CUST103937,UNIQ203937,29655,Mumbai,MH
CUST103938,UNIQ203938,13631,Chennai,TN
CUST103939,UNIQ203939,50703,Chennai,TN
CUST103940,UNIQ203940,73620,Jaipur,RJ
CUST103941,UNIQ203941,67164,Lucknow,UP
CUST103942,UNIQ203942,14850,Kolkata,WB
CUST103943,UNIQ203943,30887,Chennai,TN
CUST103944,UNIQ203944,27882,Hyderabad,TS
CUST103945,UNIQ203945,43868,Bangalore,KA
CUST103946,UNIQ203946,33066,Hyderabad,TS
CUST103947,UNIQ203947,15535,Coimbatore,TN
CUST103948,UNIQ203948,73680,Indore,MP
CUST103949,UNIQ203949,17251,Bangalore,KA
CUST103950,UNIQ203950,51144,Mumbai,MH
CUST103951,UNIQ203951,49056,Ahmedabad,GJ
CUST103952,UNIQ203952,63347,Mumbai,MH
CUST103953,UNIQ203953,21836,Pune,MH
CUST103954,UNIQ203954,28423,Kolkata,WB
CUST103955,UNIQ203955,24671,Chennai,TN
CUST103956,UNIQ203956,75568,Ahmedabad,GJ
CUST103957,UNIQ203957,78414,Mumbai,MH
CUST103958,UNIQ203958,78846,Coimbatore,TN
CUST103959,UNIQ203959,75070,Hyderabad,TS
CUST103960,UNIQ203960,41205,Mumbai,MH
CUST103961,UNIQ203961,26027,Ahmedabad,GJ
CUST103962,UNIQ203962,53160,Pune,MH
CUST103963,UNIQ203963,61111,Ahmedabad,GJ
CUST103964,UNIQ203964,40924,Indore,MP
CUST103965,UNIQ203965,38574,Kolkata,WB
CUST103966,UNIQ203966,24000,Delhi,DL
CUST103967,UNIQ203967,38063,Delhi,DL
CUST103968,UNIQ203968,67602,Hyderabad,TS
CUST103969,UNIQ203969,43332,Kolkata,WB
CUST103970,UNIQ203970,17330,Ahmedabad,GJ
CUST103971,UNIQ203971,79922,Jaipur,RJ
CUST103972,UNIQ203972,24806,Pune,MH
CUST103973,UNIQ203973,65545,Pune,MH
CUST103974,UNIQ203974,42289,Jaipur,RJ
CUST103975,UNIQ203975,28993,Hyderabad,TS
CUST103976,UNIQ203976,72288,Pune,MH
CUST103977,UNIQ203977,58200,Indore,MP
CUST103978,UNIQ203978,12762,Hyderabad,TS
CUST103979,UNIQ203979,14562,Coimbatore,TN
CUST103980,UNIQ203980,17166,Indore,MP
CUST103981,UNIQ203981,41414,Indore,MP
CUST103982,UNIQ203982,60422,Hyderabad,TS
CUST103983,UNIQ203983,57560,Hyderabad,TS
CUST103984,UNIQ203984,25997,Coimbatore,TN
CUST103985,UNIQ203985,40983,Lucknow,UP
CUST103986,UNIQ203986,60917,Jaipur,RJ
CUST103987,UNIQ203987,61508,Bangalore,KA
CUST103988,UNIQ203988,49438,Hyderabad,TS
CUST103989,UNIQ203989,40862,Mumbai,MH
CUST103990,UNIQ203990,37575,Hyderabad,TS
CUST103991,UNIQ203991,67520,Delhi,DL
CUST103992,UNIQ203992,51573,Coimbatore,TN
CUST103993,UNIQ203993,63253,Coimbatore,TN
CUST103994,UNIQ203994,45918,Bangalore,KA
CUST103995,UNIQ203995,74447,Mumbai,MH
CUST103996,UNIQ203996,64127,Jaipur,RJ
CUST103997,UNIQ203997,65360,Pune,MH
CUST103998,UNIQ203998,31016,Mumbai,MH
CUST103999,UNIQ203999,44205,Indore,MP
CUST104000,UNIQ204000,18698,Lucknow,UP
CUST104001,UNIQ204001,65164,Pune,MH
CUST104002,UNIQ204002,52830,Ahmedabad,GJ
CUST104003,UNIQ204003,13584,Jaipur,RJ
CUST104004,UNIQ204004,34083,Bangalore,KA
CUST104005,UNIQ204005,68117,Coimbatore,TN
CUST104006,UNIQ204006,27837,Coimbatore,TN
CUST104007,UNIQ204007,62515,Bangalore,KA
CUST104008,UNIQ204008,50048,Chennai,TN
CUST104009,UNIQ204009,20778,Pune,MH
CUST104010,UNIQ204010,30686,Mumbai,MH
CUST104011,UNIQ204011,77681,Chennai,TN
CUST104012,UNIQ204012,27051,Indore,MP
CUST104013,UNIQ204013,63780,Ahmedabad,GJ
CUST104014,UNIQ204014,69177,Pune,MH
CUST104015,UNIQ204015,27499,Jaipur,RJ
CUST104016,UNIQ204016,32738,Hyderabad,TS
CUST104017,UNIQ204017,52936,Coimbatore,TN
CUST104018,UNIQ204018,36039,Hyderabad,TS
CUST104019,UNIQ204019,64328,Mumbai,MH
CUST104020,UNIQ204020,33840,Pune,MH
CUST104021,UNIQ204021,59456,Kolkata,WB
CUST104022,UNIQ204022,39423,Ahmedabad,GJ
CUST104023,UNIQ204023,13010,Bangalore,KA
CUST104024,UNIQ204024,39977,Lucknow,UP
CUST104025,UNIQ204025,70610,Mumbai,MH
CUST104026,UNIQ204026,44312,Chennai,TN
CUST104027,UNIQ204027,32119,Indore,MP
CUST104028,UNIQ204028,62564,Bangalore,KA
CUST104029,UNIQ204029,66217,Ahmedabad,GJ
CUST104030,UNIQ204030,44099,Ahmedabad,GJ
CUST104031,UNIQ204031,21673,Delhi,DL
CUST104032,UNIQ204032,32298,Pune,MH
CUST104033,UNIQ204033,25381,Ahmedabad,GJ
CUST104034,UNIQ204034,78922,Bangalore,KA
CUST104035,UNIQ204035,69468,Kolkata,WB
CUST104036,UNIQ204036,74769,Coimbatore,TN
CUST104037,UNIQ204037,39423,Mumbai,MH
CUST104038,UNIQ204038,36626,Indore,MP
CUST104039,UNIQ204039,44891,Chennai,TN
CUST104040,UNIQ204040,74771,Hyderabad,TS
CUST104041,UNIQ204041,27065,Kolkata,WB
CUST104042,UNIQ204042,37080,Kolkata,WB
CUST104043,UNIQ204043,38254,Ahmedabad,GJ
CUST104044,UNIQ204044,34820,Hyderabad,TS
CUST104045,UNIQ204045,33641,Kolkata,WB
CUST104046,UNIQ204046,29129,Kolkata,WB
CUST104047,UNIQ204047,48036,Bangalore,KA
CUST104048,UNIQ204048,40865,Hyderabad,TS
CUST104049,UNIQ204049,69110,Ahmedabad,GJ
CUST104050,UNIQ204050,58449,Chennai,TN
CUST104051,UNIQ204051,70052,Ahmedabad,GJ
CUST104052,UNIQ204052,11352,Mumbai,MH
CUST104053,UNIQ204053,27459,Jaipur,RJ
CUST104054,UNIQ204054,62108,Pune,MH
CUST104055,UNIQ204055,37815,Coimbatore,TN
CUST104056,UNIQ204056,60265,Indore,MP
CUST104057,UNIQ204057,65481,Indore,MP
CUST104058,UNIQ204058,43584,Indore,MP
CUST104059,UNIQ204059,22488,Mumbai,MH
CUST104060,UNIQ204060,17700,Lucknow,UP
CUST104061,UNIQ204061,53628,Bangalore,KA
CUST104062,UNIQ204062,71726,Chennai,TN
CUST104063,UNIQ204063,15965,Pune,MH
CUST104064,UNIQ204064,43247,Bangalore,KA
CUST104065,UNIQ204065,59930,Lucknow,UP
CUST104066,UNIQ204066,61733,Hyderabad,TS
CUST104067,UNIQ204067,58614,Coimbatore,TN
CUST104068,UNIQ204068,15390,Delhi,DL
CUST104069,UNIQ204069,33510,Ahmedabad,GJ
CUST104070,UNIQ204070,32264,Hyderabad,TS
CUST104071,UNIQ204071,74597,Lucknow,UP
CUST104072,UNIQ204072,71352,Pune,MH
CUST104073,UNIQ204073,21750,Delhi,DL
CUST104074,UNIQ204074,79523,Pune,MH
CUST104075,UNIQ204075,28585,Kolkata,WB
CUST104076,UNIQ204076,25314,Hyderabad,TS
CUST104077,UNIQ204077,15788,Pune,MH
CUST104078,UNIQ204078,75432,Delhi,DL
CUST104079,UNIQ204079,57263,Hyderabad,TS
CUST104080,UNIQ204080,47083,Kolkata,WB
CUST104081,UNIQ204081,44571,Hyderabad,TS
CUST104082,UNIQ204082,51026,Lucknow,UP
CUST104083,UNIQ204083,31624,Kolkata,WB
CUST104084,UNIQ204084,74392,Pune,MH
CUST104085,UNIQ204085,67670,Delhi,DL
CUST104086,UNIQ204086,34762,Bangalore,KA
CUST104087,UNIQ204087,17152,Delhi,DL
CUST104088,UNIQ204088,34004,Chennai,TN
CUST104089,UNIQ204089,71636,Bangalore,KA
CUST104090,UNIQ204090,31437,Hyderabad,TS
CUST104091,UNIQ204091,71228,Indore,MP
CUST104092,UNIQ204092,25207,Kolkata,WB
CUST104093,UNIQ204093,15346,Jaipur,RJ
CUST104094,UNIQ204094,56729,Jaipur,RJ
CUST104095,UNIQ204095,73596,Indore,MP
CUST104096,UNIQ204096,74616,Jaipur,RJ
CUST104097,UNIQ204097,29405,Mumbai,MH
CUST104098,UNIQ204098,55823,Mumbai,MH
CUST104099,UNIQ204099,36703,Mumbai,MH
CUST104100,UNIQ204100,33678,Hyderabad,TS
CUST104101,UNIQ204101,76681,Delhi,DL
CUST104102,UNIQ204102,37839,Hyderabad,TS
CUST104103,UNIQ204103,10540,Ahmedabad,GJ
CUST104104,UNIQ204104,33667,Lucknow,UP
CUST104105,UNIQ204105,20070,Kolkata,WB
CUST104106,UNIQ204106,75288,Chennai,TN
CUST104107,UNIQ204107,22360,Coimbatore,TN
CUST104108,UNIQ204108,13402,Pune,MH
CUST104109,UNIQ204109,25989,Hyderabad,TS
CUST104110,UNIQ204110,58963,Kolkata,WB
CUST104111,UNIQ204111,23902,Ahmedabad,GJ
CUST104112,UNIQ204112,30155,Pune,MH
CUST104113,UNIQ204113,20625,Bangalore,KA
CUST104114,UNIQ204114,72895,Jaipur,RJ
CUST104115,UNIQ204115,45300,Jaipur,RJ
CUST104116,UNIQ204116,10760,Ahmedabad,GJ
CUST104117,UNIQ204117,15747,Pune,MH
CUST104118,UNIQ204118,69388,Coimbatore,TN
CUST104119,UNIQ204119,26950,Pune,MH
CUST104120,UNIQ204120,16380,Chennai,TN
CUST104121,UNIQ204121,47087,Coimbatore,TN
CUST104122,UNIQ204122,17279,Pune,MH
CUST104123,UNIQ204123,19269,Indore,MP
CUST104124,UNIQ204124,59989,Lucknow,UP
CUST104125,UNIQ204125,62279,Mumbai,MH
CUST104126,UNIQ204126,33332,Hyderabad,TS
CUST104127,UNIQ204127,62286,Chennai,TN
CUST104128,UNIQ204128,12688,Mumbai,MH
CUST104129,UNIQ204129,31356,Chennai,TN
CUST104130,UNIQ204130,62742,Kolkata,WB
CUST104131,UNIQ204131,30202,Hyderabad,TS
CUST104132,UNIQ204132,49131,Mumbai,MH
CUST104133,UNIQ204133,66670,Jaipur,RJ
CUST104134,UNIQ204134,50645,Indore,MP
CUST104135,UNIQ204135,27208,Coimbatore,TN
CUST104136,UNIQ204136,22597,Pune,MH
CUST104137,UNIQ204137,77194,Pune,MH
CUST104138,UNIQ204138,74175,Chennai,TN
CUST104139,UNIQ204139,60867,Jaipur,RJ
CUST104140,UNIQ204140,45190,Jaipur,RJ
CUST104141,UNIQ204141,65452,Ahmedabad,GJ
CUST104142,UNIQ204142,65382,Mumbai,MH
CUST104143,UNIQ204143,34426,Pune,MH
CUST104144,UNIQ204144,65838,Kolkata,WB
CUST104145,UNIQ204145,15300,Mumbai,MH
CUST104146,UNIQ204146,54793,Lucknow,UP
CUST104147,UNIQ204147,39390,Jaipur,RJ
CUST104148,UNIQ204148,30325,Coimbatore,TN
CUST104149,UNIQ204149,79111,Jaipur,RJ
CUST104150,UNIQ204150,78770,Coimbatore,TN
CUST104151,UNIQ204151,48103,Mumbai,MH
CUST104152,UNIQ204152,67325,Jaipur,RJ
CUST104153,UNIQ204153,72601,Mumbai,MH
CUST104154,UNIQ204154,29478,Hyderabad,TS
CUST104155,UNIQ204155,49375,Delhi,DL
CUST104156,UNIQ204156,78562,Chennai,TN
CUST104157,UNIQ204157,48729,Kolkata,WB
CUST104158,UNIQ204158,16255,Ahmedabad,GJ
CUST104159,UNIQ204159,20031,Lucknow,UP
CUST104160,UNIQ204160,77294,Bangalore,KA
CUST104161,UNIQ204161,76932,Mumbai,MH
CUST104162,UNIQ204162,64135,Kolkata,WB
CUST104163,UNIQ204163,70903,Mumbai,MH
CUST104164,UNIQ204164,43211,Coimbatore,TN
CUST104165,UNIQ204165,43405,Pune,MH
CUST104166,UNIQ204166,20717,Ahmedabad,GJ
CUST104167,UNIQ204167,12132,Lucknow,UP
CUST104168,UNIQ204168,70670,Mumbai,MH
CUST104169,UNIQ204169,33882,Delhi,DL
CUST104170,UNIQ204170,15932,Kolkata,WB
CUST104171,UNIQ204171,64558,Mumbai,MH
CUST104172,UNIQ204172,49013,Indore,MP
CUST104173,UNIQ204173,69637,Pune,MH
CUST104174,UNIQ204174,68975,Coimbatore,TN
CUST104175,UNIQ204175,44743,Ahmedabad,GJ
CUST104176,UNIQ204176,34535,Pune,MH
CUST104177,UNIQ204177,34259,Chennai,TN
CUST104178,UNIQ204178,43989,Mumbai,MH
CUST104179,UNIQ204179,23936,Coimbatore,TN
CUST104180,UNIQ204180,12348,Kolkata,WB
CUST104181,UNIQ204181,61764,Bangalore,KA
CUST104182,UNIQ204182,11743,Mumbai,MH
CUST104183,UNIQ204183,72537,Delhi,DL
CUST104184,UNIQ204184,63096,Jaipur,RJ
CUST104185,UNIQ204185,73795,Coimbatore,TN
CUST104186,UNIQ204186,57281,Hyderabad,TS
CUST104187,UNIQ204187,61773,Indore,MP
CUST104188,UNIQ204188,21486,Hyderabad,TS
CUST104189,UNIQ204189,27709,Delhi,DL
CUST104190,UNIQ204190,35008,Bangalore,KA
CUST104191,UNIQ204191,12082,Mumbai,MH
CUST104192,UNIQ204192,34670,Indore,MP
CUST104193,UNIQ204193,37424,Bangalore,KA
CUST104194,UNIQ204194,29025,Jaipur,RJ
CUST104195,UNIQ204195,41690,Coimbatore,TN
CUST104196,UNIQ204196,35023,Kolkata,WB
CUST104197,UNIQ204197,49441,Mumbai,MH
CUST104198,UNIQ204198,29420,Jaipur,RJ
CUST104199,UNIQ204199,65296,Jaipur,RJ
CUST104200,UNIQ204200,25264,Bangalore,KA
CUST104201,UNIQ204201,29978,Delhi,DL
CUST104202,UNIQ204202,68361,Indore,MP
CUST104203,UNIQ204203,71799,Jaipur,RJ
CUST104204,UNIQ204204,68918,Bangalore,KA
CUST104205,UNIQ204205,41801,Ahmedabad,GJ
CUST104206,UNIQ204206,48644,Chennai,TN
CUST104207,UNIQ204207,61345,Ahmedabad,GJ
CUST104208,UNIQ204208,53758,Bangalore,KA
CUST104209,UNIQ204209,23456,Bangalore,KA
CUST104210,UNIQ204210,66595,Coimbatore,TN
CUST104211,UNIQ204211,74972,Kolkata,WB
CUST104212,UNIQ204212,48112,Indore,MP
CUST104213,UNIQ204213,73897,Bangalore,KA
CUST104214,UNIQ204214,73714,Kolkata,WB
CUST104215,UNIQ204215,73950,Lucknow,UP
CUST104216,UNIQ204216,17956,Chennai,TN
CUST104217,UNIQ204217,12492,Lucknow,UP
CUST104218,UNIQ204218,51399,Kolkata,WB
CUST104219,UNIQ204219,18324,Lucknow,UP
CUST104220,UNIQ204220,64675,Hyderabad,TS
CUST104221,UNIQ204221,25327,Jaipur,RJ
CUST104222,UNIQ204222,55451,Jaipur,RJ
CUST104223,UNIQ204223,67177,Jaipur,RJ
CUST104224,UNIQ204224,31146,Bangalore,KA
CUST104225,UNIQ204225,35192,Hyderabad,TS
CUST104226,UNIQ204226,55068,Jaipur,RJ
CUST104227,UNIQ204227,40422,Jaipur,RJ
CUST104228,UNIQ204228,38796,Lucknow,UP
CUST104229,UNIQ204229,54453,Ahmedabad,GJ
CUST104230,UNIQ204230,71402,Ahmedabad,GJ
CUST104231,UNIQ204231,48455,Delhi,DL
CUST104232,UNIQ204232,61166,Indore,MP
CUST104233,UNIQ204233,57219,Kolkata,WB
CUST104234,UNIQ204234,31237,Jaipur,RJ
CUST104235,UNIQ204235,37159,Ahmedabad,GJ
CUST104236,UNIQ204236,21297,Hyderabad,TS
CUST104237,UNIQ204237,73293,Coimbatore,TN
CUST104238,UNIQ204238,32713,Delhi,DL
CUST104239,UNIQ204239,30488,Chennai,TN
CUST104240,UNIQ204240,74511,Ahmedabad,GJ
CUST104241,UNIQ204241,64523,Mumbai,MH
CUST104242,UNIQ204242,49800,Jaipur,RJ
CUST104243,UNIQ204243,37450,Chennai,TN
CUST104244,UNIQ204244,16166,Lucknow,UP
CUST104245,UNIQ204245,57026,Bangalore,KA
CUST104246,UNIQ204246,56798,Hyderabad,TS
CUST104247,UNIQ204247,30788,Coimbatore,TN
CUST104248,UNIQ204248,75991,Delhi,DL
CUST104249,UNIQ204249,18344,Bangalore,KA
CUST104250,UNIQ204250,66442,Pune,MH
CUST104251,UNIQ204251,39712,Mumbai,MH
CUST104252,UNIQ204252,39372,Mumbai,MH
CUST104253,UNIQ204253,43793,Jaipur,RJ
CUST104254,UNIQ204254,56562,Pune,MH
CUST104255,UNIQ204255,45060,Bangalore,KA
CUST104256,UNIQ204256,77552,Delhi,DL
CUST104257,UNIQ204257,23650,Ahmedabad,GJ
CUST104258,UNIQ204258,16608,Indore,MP
CUST104259,UNIQ204259,69917,Jaipur,RJ
CUST104260,UNIQ204260,23879,Mumbai,MH
CUST104261,UNIQ204261,23352,Ahmedabad,GJ
CUST104262,UNIQ204262,15501,Lucknow,UP
CUST104263,UNIQ204263,23816,Lucknow,UP
CUST104264,UNIQ204264,25474,Delhi,DL
CUST104265,UNIQ204265,57400,Chennai,TN
CUST104266,UNIQ204266,48289,Delhi,DL
CUST104267,UNIQ204267,67870,Indore,MP
CUST104268,UNIQ204268,75325,Lucknow,UP
CUST104269,UNIQ204269,23014,Indore,MP
CUST104270,UNIQ204270,57675,Delhi,DL
CUST104271,UNIQ204271,28058,Pune,MH
CUST104272,UNIQ204272,36462,Mumbai,MH
CUST104273,UNIQ204273,64493,Jaipur,RJ
CUST104274,UNIQ204274,42154,Bangalore,KA
CUST104275,UNIQ204275,54737,Jaipur,RJ
CUST104276,UNIQ204276,76194,Hyderabad,TS
CUST104277,UNIQ204277,21171,Delhi,DL
CUST104278,UNIQ204278,58815,Hyderabad,TS
CUST104279,UNIQ204279,64396,Indore,MP
CUST104280,UNIQ204280,42171,Pune,MH
CUST104281,UNIQ204281,79422,Delhi,DL
CUST104282,UNIQ204282,39908,Kolkata,WB
CUST104283,UNIQ204283,66206,Delhi,DL
CUST104284,UNIQ204284,63648,Kolkata,WB
CUST104285,UNIQ204285,77653,Jaipur,RJ
CUST104286,UNIQ204286,57418,Coimbatore,TN
CUST104287,UNIQ204287,68009,Bangalore,KA
CUST104288,UNIQ204288,11303,Delhi,DL
CUST104289,UNIQ204289,77809,Indore,MP
CUST104290,UNIQ204290,21112,Mumbai,MH
CUST104291,UNIQ204291,51262,Pune,MH
CUST104292,UNIQ204292,31538,Kolkata,WB
CUST104293,UNIQ204293,18056,Kolkata,WB
CUST104294,UNIQ204294,14861,Kolkata,WB
CUST104295,UNIQ204295,29785,Coimbatore,TN
CUST104296,UNIQ204296,17577,Ahmedabad,GJ
CUST104297,UNIQ204297,78128,Coimbatore,TN
CUST104298,UNIQ204298,64959,Hyderabad,TS
CUST104299,UNIQ204299,49888,Kolkata,WB
CUST104300,UNIQ204300,51116,Indore,MP
CUST104301,UNIQ204301,11035,Pune,MH
CUST104302,UNIQ204302,79178,Hyderabad,TS
CUST104303,UNIQ204303,29249,Ahmedabad,GJ
CUST104304,UNIQ204304,62944,Indore,MP
CUST104305,UNIQ204305,36887,Jaipur,RJ
CUST104306,UNIQ204306,67952,Lucknow,UP
CUST104307,UNIQ204307,55252,Indore,MP
CUST104308,UNIQ204308,63019,Coimbatore,TN
CUST104309,UNIQ204309,49522,Chennai,TN
CUST104310,UNIQ204310,14845,Mumbai,MH
CUST104311,UNIQ204311,53842,Lucknow,UP
CUST104312,UNIQ204312,26515,Kolkata,WB
CUST104313,UNIQ204313,47214,Lucknow,UP
CUST104314,UNIQ204314,22166,Chennai,TN
CUST104315,UNIQ204315,50927,Lucknow,UP
CUST104316,UNIQ204316,54657,Lucknow,UP
CUST104317,UNIQ204317,30975,Coimbatore,TN
CUST104318,UNIQ204318,13655,Bangalore,KA
CUST104319,UNIQ204319,43907,Lucknow,UP
CUST104320,UNIQ204320,49838,Chennai,TN
CUST104321,UNIQ204321,65410,Indore,MP
CUST104322,UNIQ204322,24475,Lucknow,UP
CUST104323,UNIQ204323,17857,Indore,MP
CUST104324,UNIQ204324,44046,Pune,MH
CUST104325,UNIQ204325,76518,Coimbatore,TN
CUST104326,UNIQ204326,26228,Pune,MH
CUST104327,UNIQ204327,26351,Bangalore,KA
CUST104328,UNIQ204328,49054,Jaipur,RJ
CUST104329,UNIQ204329,10683,Ahmedabad,GJ
CUST104330,UNIQ204330,54430,Jaipur,RJ
CUST104331,UNIQ204331,79899,Chennai,TN
CUST104332,UNIQ204332,40649,Ahmedabad,GJ
CUST104333,UNIQ204333,49216,Pune,MH
CUST104334,UNIQ204334,28346,Hyderabad,TS
CUST104335,UNIQ204335,59501,Indore,MP
CUST104336,UNIQ204336,42457,Lucknow,UP
CUST104337,UNIQ204337,52971,Mumbai,MH
CUST104338,UNIQ204338,35238,Lucknow,UP
CUST104339,UNIQ204339,69547,Pune,MH
CUST104340,UNIQ204340,29209,Mumbai,MH
CUST104341,UNIQ204341,65796,Indore,MP
CUST104342,UNIQ204342,20740,Kolkata,WB
CUST104343,UNIQ204343,18151,Mumbai,MH
CUST104344,UNIQ204344,27047,Kolkata,WB
CUST104345,UNIQ204345,38152,Jaipur,RJ
CUST104346,UNIQ204346,20233,Jaipur,RJ
CUST104347,UNIQ204347,78977,Pune,MH
CUST104348,UNIQ204348,78019,Kolkata,WB
CUST104349,UNIQ204349,44562,Kolkata,WB
CUST104350,UNIQ204350,75382,Ahmedabad,GJ
CUST104351,UNIQ204351,65498,Coimbatore,TN
CUST104352,UNIQ204352,74165,Jaipur,RJ
CUST104353,UNIQ204353,64646,Indore,MP
CUST104354,UNIQ204354,28919,Delhi,DL
CUST104355,UNIQ204355,26662,Lucknow,UP
CUST104356,UNIQ204356,69993,Jaipur,RJ
CUST104357,UNIQ204357,77264,Delhi,DL
CUST104358,UNIQ204358,25474,Lucknow,UP
CUST104359,UNIQ204359,37871,Indore,MP
CUST104360,UNIQ204360,72043,Jaipur,RJ
CUST104361,UNIQ204361,30557,Bangalore,KA
CUST104362,UNIQ204362,58409,Lucknow,UP
CUST104363,UNIQ204363,63558,Mumbai,MH
CUST104364,UNIQ204364,25842,Mumbai,MH
CUST104365,UNIQ204365,47957,Pune,MH
CUST104366,UNIQ204366,78521,Bangalore,KA
CUST104367,UNIQ204367,25432,Delhi,DL
CUST104368,UNIQ204368,49967,Pune,MH
CUST104369,UNIQ204369,49748,Pune,MH
CUST104370,UNIQ204370,73691,Hyderabad,TS
CUST104371,UNIQ204371,28726,Bangalore,KA
CUST104372,UNIQ204372,65280,Delhi,DL
CUST104373,UNIQ204373,49998,Bangalore,KA
CUST104374,UNIQ204374,38256,Hyderabad,TS
CUST104375,UNIQ204375,74067,Delhi,DL
CUST104376,UNIQ204376,26033,Bangalore,KA
CUST104377,UNIQ204377,55698,Lucknow,UP
CUST104378,UNIQ204378,15856,Mumbai,MH
CUST104379,UNIQ204379,73068,Kolkata,WB
CUST104380,UNIQ204380,50593,Ahmedabad,GJ
CUST104381,UNIQ204381,69293,Ahmedabad,GJ
CUST104382,UNIQ204382,59454,Pune,MH
CUST104383,UNIQ204383,27407,Jaipur,RJ
CUST104384,UNIQ204384,76160,Delhi,DL
CUST104385,UNIQ204385,70415,Coimbatore,TN
CUST104386,UNIQ204386,68861,Jaipur,RJ
CUST104387,UNIQ204387,52626,Delhi,DL
CUST104388,UNIQ204388,63690,Mumbai,MH
CUST104389,UNIQ204389,40516,Kolkata,WB
CUST104390,UNIQ204390,54433,Kolkata,WB
CUST104391,UNIQ204391,16005,Lucknow,UP
CUST104392,UNIQ204392,68077,Coimbatore,TN
CUST104393,UNIQ204393,46356,Indore,MP
CUST104394,UNIQ204394,21603,Coimbatore,TN
CUST104395,UNIQ204395,13251,Delhi,DL
CUST104396,UNIQ204396,50481,Ahmedabad,GJ
CUST104397,UNIQ204397,26224,Lucknow,UP
CUST104398,UNIQ204398,21161,Coimbatore,TN
CUST104399,UNIQ204399,16930,Chennai,TN
CUST104400,UNIQ204400,78387,Ahmedabad,GJ
CUST104401,UNIQ204401,72368,Chennai,TN
CUST104402,UNIQ204402,12446,Lucknow,UP
CUST104403,UNIQ204403,79711,Mumbai,MH
CUST104404,UNIQ204404,12486,Delhi,DL
CUST104405,UNIQ204405,36975,Hyderabad,TS
CUST104406,UNIQ204406,68226,Chennai,TN
CUST104407,UNIQ204407,79932,Mumbai,MH
CUST104408,UNIQ204408,51999,Ahmedabad,GJ
CUST104409,UNIQ204409,15896,Kolkata,WB
CUST104410,UNIQ204410,13049,Jaipur,RJ
CUST104411,UNIQ204411,67280,Pune,MH
CUST104412,UNIQ204412,64386,Delhi,DL
CUST104413,UNIQ204413,79193,Bangalore,KA
CUST104414,UNIQ204414,60070,Pune,MH
CUST104415,UNIQ204415,21930,Hyderabad,TS
CUST104416,UNIQ204416,23019,Mumbai,MH
CUST104417,UNIQ204417,32040,Lucknow,UP
CUST104418,UNIQ204418,28878,Hyderabad,TS
CUST104419,UNIQ204419,43496,Delhi,DL
CUST104420,UNIQ204420,30214,Mumbai,MH
CUST104421,UNIQ204421,63382,Hyderabad,TS
CUST104422,UNIQ204422,32176,Coimbatore,TN
CUST104423,UNIQ204423,52636,Bangalore,KA
CUST104424,UNIQ204424,13561,Delhi,DL
CUST104425,UNIQ204425,17667,Indore,MP
CUST104426,UNIQ204426,61110,Hyderabad,TS
CUST104427,UNIQ204427,51948,Mumbai,MH
CUST104428,UNIQ204428,64109,Delhi,DL
CUST104429,UNIQ204429,43807,Pune,MH
CUST104430,UNIQ204430,25855,Kolkata,WB
CUST104431,UNIQ204431,36549,Bangalore,KA
CUST104432,UNIQ204432,40997,Chennai,TN
CUST104433,UNIQ204433,76666,Jaipur,RJ
CUST104434,UNIQ204434,60469,Lucknow,UP
CUST104435,UNIQ204435,45296,Mumbai,MH
CUST104436,UNIQ204436,51724,Bangalore,KA
CUST104437,UNIQ204437,63356,Jaipur,RJ
CUST104438,UNIQ204438,73461,Mumbai,MH
CUST104439,UNIQ204439,63411,Bangalore,KA
CUST104440,UNIQ204440,40636,Coimbatore,TN
CUST104441,UNIQ204441,45279,Bangalore,KA
CUST104442,UNIQ204442,23305,Lucknow,UP
CUST104443,UNIQ204443,26458,Chennai,TN
CUST104444,UNIQ204444,63313,Hyderabad,TS
CUST104445,UNIQ204445,20998,Jaipur,RJ
CUST104446,UNIQ204446,75592,Coimbatore,TN
CUST104447,UNIQ204447,28660,Chennai,TN
CUST104448,UNIQ204448,32044,Pune,MH
CUST104449,UNIQ204449,65542,Chennai,TN
CUST104450,UNIQ204450,69210,Lucknow,UP
CUST104451,UNIQ204451,10131,Bangalore,KA
CUST104452,UNIQ204452,47912,Jaipur,RJ
CUST104453,UNIQ204453,31939,Coimbatore,TN
CUST104454,UNIQ204454,17887,Bangalore,KA
CUST104455,UNIQ204455,45822,Jaipur,RJ
CUST104456,UNIQ204456,42884,Ahmedabad,GJ
CUST104457,UNIQ204457,59827,Coimbatore,TN
CUST104458,UNIQ204458,37886,Pune,MH
CUST104459,UNIQ204459,76889,Ahmedabad,GJ
CUST104460,UNIQ204460,15961,Hyderabad,TS
CUST104461,UNIQ204461,19166,Delhi,DL
CUST104462,UNIQ204462,21759,Hyderabad,TS
CUST104463,UNIQ204463,26118,Kolkata,WB
CUST104464,UNIQ204464,46629,Delhi,DL
CUST104465,UNIQ204465,37636,Kolkata,WB
CUST104466,UNIQ204466,76167,Ahmedabad,GJ
CUST104467,UNIQ204467,54909,Pune,MH
CUST104468,UNIQ204468,44257,Coimbatore,TN
CUST104469,UNIQ204469,69338,Indore,MP
CUST104470,UNIQ204470,42234,Hyderabad,TS
CUST104471,UNIQ204471,52157,Coimbatore,TN
CUST104472,UNIQ204472,37606,Pune,MH
CUST104473,UNIQ204473,53051,Jaipur,RJ
CUST104474,UNIQ204474,27527,Bangalore,KA
CUST104475,UNIQ204475,10268,Coimbatore,TN
CUST104476,UNIQ204476,72459,Ahmedabad,GJ
CUST104477,UNIQ204477,11255,Bangalore,KA
CUST104478,UNIQ204478,32745,Coimbatore,TN
CUST104479,UNIQ204479,74091,Kolkata,WB
CUST104480,UNIQ204480,20636,Kolkata,WB
CUST104481,UNIQ204481,20161,Coimbatore,TN
CUST104482,UNIQ204482,14056,Lucknow,UP
CUST104483,UNIQ204483,68350,Coimbatore,TN
CUST104484,UNIQ204484,26176,Coimbatore,TN
CUST104485,UNIQ204485,59332,Pune,MH
CUST104486,UNIQ204486,56919,Ahmedabad,GJ
CUST104487,UNIQ204487,33224,Kolkata,WB
CUST104488,UNIQ204488,11105,Indore,MP
CUST104489,UNIQ204489,70646,Mumbai,MH
CUST104490,UNIQ204490,35295,Pune,MH
CUST104491,UNIQ204491,11227,Jaipur,RJ
CUST104492,UNIQ204492,12592,Chennai,TN
CUST104493,UNIQ204493,56900,Hyderabad,TS
CUST104494,UNIQ204494,21792,Chennai,TN
CUST104495,UNIQ204495,49738,Ahmedabad,GJ
CUST104496,UNIQ204496,38986,Indore,MP
CUST104497,UNIQ204497,74724,Chennai,TN
CUST104498,UNIQ204498,14822,Pune,MH
CUST104499,UNIQ204499,74597,Hyderabad,TS
CUST104500,UNIQ204500,37405,Indore,MP
CUST104501,UNIQ204501,35701,Bangalore,KA
CUST104502,UNIQ204502,61915,Coimbatore,TN
CUST104503,UNIQ204503,46352,Mumbai,MH
CUST104504,UNIQ204504,75578,Ahmedabad,GJ
CUST104505,UNIQ204505,32344,Jaipur,RJ
CUST104506,UNIQ204506,35397,Lucknow,UP
CUST104507,UNIQ204507,33006,Coimbatore,TN
CUST104508,UNIQ204508,26809,Mumbai,MH
CUST104509,UNIQ204509,18526,Indore,MP
CUST104510,UNIQ204510,44029,Delhi,DL
CUST104511,UNIQ204511,39879,Ahmedabad,GJ
CUST104512,UNIQ204512,45956,Lucknow,UP
CUST104513,UNIQ204513,13030,Chennai,TN
CUST104514,UNIQ204514,79853,Indore,MP
CUST104515,UNIQ204515,43150,Ahmedabad,GJ
CUST104516,UNIQ204516,69497,Coimbatore,TN
CUST104517,UNIQ204517,65982,Bangalore,KA
CUST104518,UNIQ204518,16797,Coimbatore,TN
CUST104519,UNIQ204519,66694,Pune,MH
CUST104520,UNIQ204520,45918,Kolkata,WB
CUST104521,UNIQ204521,77933,Mumbai,MH
CUST104522,UNIQ204522,74955,Jaipur,RJ
CUST104523,UNIQ204523,77797,Pune,MH
CUST104524,UNIQ204524,39431,Bangalore,KA
CUST104525,UNIQ204525,46429,Bangalore,KA
CUST104526,UNIQ204526,79784,Kolkata,WB
CUST104527,UNIQ204527,51450,Jaipur,RJ
CUST104528,UNIQ204528,61361,Bangalore,KA
CUST104529,UNIQ204529,53870,Chennai,TN
CUST104530,UNIQ204530,13325,Mumbai,MH
CUST104531,UNIQ204531,39573,Indore,MP
CUST104532,UNIQ204532,65550,Indore,MP
CUST104533,UNIQ204533,42765,Mumbai,MH
CUST104534,UNIQ204534,31558,Chennai,TN
CUST104535,UNIQ204535,50737,Pune,MH
CUST104536,UNIQ204536,22678,Mumbai,MH
CUST104537,UNIQ204537,72910,Bangalore,KA
CUST104538,UNIQ204538,13148,Kolkata,WB
CUST104539,UNIQ204539,53817,Ahmedabad,GJ
CUST104540,UNIQ204540,42394,Hyderabad,TS
CUST104541,UNIQ204541,72072,Mumbai,MH
CUST104542,UNIQ204542,54669,Chennai,TN
CUST104543,UNIQ204543,53724,Bangalore,KA
CUST104544,UNIQ204544,41030,Lucknow,UP
CUST104545,UNIQ204545,67478,Mumbai,MH
CUST104546,UNIQ204546,68517,Mumbai,MH
CUST104547,UNIQ204547,26361,Ahmedabad,GJ
CUST104548,UNIQ204548,17954,Mumbai,MH
CUST104549,UNIQ204549,59465,Bangalore,KA
CUST104550,UNIQ204550,18523,Pune,MH
CUST104551,UNIQ204551,18126,Delhi,DL
CUST104552,UNIQ204552,17181,Jaipur,RJ
CUST104553,UNIQ204553,66602,Hyderabad,TS
CUST104554,UNIQ204554,23346,Mumbai,MH
CUST104555,UNIQ204555,17312,Coimbatore,TN
CUST104556,UNIQ204556,16842,Lucknow,UP
CUST104557,UNIQ204557,59998,Hyderabad,TS
CUST104558,UNIQ204558,22560,Kolkata,WB
CUST104559,UNIQ204559,63884,Ahmedabad,GJ
CUST104560,UNIQ204560,11390,Chennai,TN
CUST104561,UNIQ204561,60321,Jaipur,RJ
CUST104562,UNIQ204562,66112,Jaipur,RJ
CUST104563,UNIQ204563,23274,Ahmedabad,GJ
CUST104564,UNIQ204564,13404,Pune,MH
CUST104565,UNIQ204565,77792,Jaipur,RJ
CUST104566,UNIQ204566,35228,Pune,MH
CUST104567,UNIQ204567,23459,Mumbai,MH
CUST104568,UNIQ204568,18853,Bangalore,KA
CUST104569,UNIQ204569,35377,Ahmedabad,GJ
CUST104570,UNIQ204570,26512,Ahmedabad,GJ
CUST104571,UNIQ204571,76702,Coimbatore,TN
CUST104572,UNIQ204572,56581,Hyderabad,TS
CUST104573,UNIQ204573,73097,Kolkata,WB
CUST104574,UNIQ204574,68277,Indore,MP
CUST104575,UNIQ204575,41870,Delhi,DL
CUST104576,UNIQ204576,15776,Delhi,DL
CUST104577,UNIQ204577,26735,Bangalore,KA
CUST104578,UNIQ204578,67127,Hyderabad,TS
CUST104579,UNIQ204579,56890,Lucknow,UP
CUST104580,UNIQ204580,29087,Hyderabad,TS
CUST104581,UNIQ204581,71541,Delhi,DL
CUST104582,UNIQ204582,54944,Hyderabad,TS
CUST104583,UNIQ204583,58343,Hyderabad,TS
CUST104584,UNIQ204584,77853,Bangalore,KA
CUST104585,UNIQ204585,28953,Ahmedabad,GJ
CUST104586,UNIQ204586,41114,Bangalore,KA
CUST104587,UNIQ204587,17157,Lucknow,UP
CUST104588,UNIQ204588,55064,Kolkata,WB
CUST104589,UNIQ204589,36263,Chennai,TN
CUST104590,UNIQ204590,36379,Coimbatore,TN
CUST104591,UNIQ204591,54767,Mumbai,MH
CUST104592,UNIQ204592,72354,Chennai,TN
CUST104593,UNIQ204593,71263,Indore,MP
CUST104594,UNIQ204594,53403,Ahmedabad,GJ
CUST104595,UNIQ204595,53995,Ahmedabad,GJ
CUST104596,UNIQ204596,49273,Ahmedabad,GJ
CUST104597,UNIQ204597,53072,Kolkata,WB
CUST104598,UNIQ204598,23742,Delhi,DL
CUST104599,UNIQ204599,15530,Jaipur,RJ
CUST104600,UNIQ204600,38757,Jaipur,RJ
CUST104601,UNIQ204601,39232,Bangalore,KA
CUST104602,UNIQ204602,40182,Indore,MP
CUST104603,UNIQ204603,37936,Jaipur,RJ
CUST104604,UNIQ204604,73012,Chennai,TN
CUST104605,UNIQ204605,53452,Indore,MP
CUST104606,UNIQ204606,59271,Indore,MP
CUST104607,UNIQ204607,62469,Chennai,TN
CUST104608,UNIQ204608,10881,Delhi,DL
CUST104609,UNIQ204609,11296,Pune,MH
CUST104610,UNIQ204610,56908,Mumbai,MH
CUST104611,UNIQ204611,25098,Bangalore,KA
CUST104612,UNIQ204612,48086,Delhi,DL
CUST104613,UNIQ204613,35480,Jaipur,RJ
CUST104614,UNIQ204614,57174,Coimbatore,TN
CUST104615,UNIQ204615,13890,Bangalore,KA
CUST104616,UNIQ204616,35929,Chennai,TN
CUST104617,UNIQ204617,32825,Hyderabad,TS
CUST104618,UNIQ204618,44340,Chennai,TN
CUST104619,UNIQ204619,32843,Indore,MP
CUST104620,UNIQ204620,42239,Pune,MH
CUST104621,UNIQ204621,35688,Delhi,DL
CUST104622,UNIQ204622,33078,Bangalore,KA
CUST104623,UNIQ204623,23263,Hyderabad,TS
CUST104624,UNIQ204624,27988,Bangalore,KA
CUST104625,UNIQ204625,24544,Kolkata,WB
CUST104626,UNIQ204626,37556,Pune,MH
CUST104627,UNIQ204627,69795,Hyderabad,TS
CUST104628,UNIQ204628,58449,Chennai,TN
CUST104629,UNIQ204629,32460,Pune,MH
CUST104630,UNIQ204630,66848,Lucknow,UP
CUST104631,UNIQ204631,18569,Indore,MP
CUST104632,UNIQ204632,28931,Mumbai,MH
CUST104633,UNIQ204633,34856,Delhi,DL
CUST104634,UNIQ204634,79803,Chennai,TN
CUST104635,UNIQ204635,59054,Kolkata,WB
CUST104636,UNIQ204636,66300,Pune,MH
CUST104637,UNIQ204637,42053,Coimbatore,TN
CUST104638,UNIQ204638,34785,Bangalore,KA
CUST104639,UNIQ204639,48559,Lucknow,UP
CUST104640,UNIQ204640,52949,Delhi,DL
CUST104641,UNIQ204641,16980,Chennai,TN
CUST104642,UNIQ204642,46709,Coimbatore,TN
CUST104643,UNIQ204643,76619,Delhi,DL
CUST104644,UNIQ204644,74092,Ahmedabad,GJ
CUST104645,UNIQ204645,20670,Chennai,TN
CUST104646,UNIQ204646,18503,Jaipur,RJ
CUST104647,UNIQ204647,76665,Delhi,DL
CUST104648,UNIQ204648,76736,Kolkata,WB
CUST104649,UNIQ204649,75350,Pune,MH
CUST104650,UNIQ204650,70852,Lucknow,UP
CUST104651,UNIQ204651,52182,Delhi,DL
CUST104652,UNIQ204652,59005,Indore,MP
CUST104653,UNIQ204653,73346,Lucknow,UP
CUST104654,UNIQ204654,74853,Indore,MP
CUST104655,UNIQ204655,45171,Jaipur,RJ
CUST104656,UNIQ204656,62552,Ahmedabad,GJ
CUST104657,UNIQ204657,14797,Coimbatore,TN
CUST104658,UNIQ204658,38773,Chennai,TN
CUST104659,UNIQ204659,69255,Chennai,TN
CUST104660,UNIQ204660,61891,Chennai,TN
CUST104661,UNIQ204661,50107,Chennai,TN
CUST104662,UNIQ204662,59425,Kolkata,WB
CUST104663,UNIQ204663,30605,Ahmedabad,GJ
CUST104664,UNIQ204664,43361,Pune,MH
CUST104665,UNIQ204665,21109,Lucknow,UP
CUST104666,UNIQ204666,21013,Delhi,DL
CUST104667,UNIQ204667,68262,Hyderabad,TS
CUST104668,UNIQ204668,56081,Lucknow,UP
CUST104669,UNIQ204669,15392,Chennai,TN
CUST104670,UNIQ204670,77143,Jaipur,RJ
CUST104671,UNIQ204671,54089,Ahmedabad,GJ
CUST104672,UNIQ204672,69133,Kolkata,WB
CUST104673,UNIQ204673,66689,Jaipur,RJ
CUST104674,UNIQ204674,58170,Kolkata,WB
CUST104675,UNIQ204675,51552,Jaipur,RJ
CUST104676,UNIQ204676,60118,Hyderabad,TS
CUST104677,UNIQ204677,33536,Bangalore,KA
CUST104678,UNIQ204678,40643,Jaipur,RJ
CUST104679,UNIQ204679,19946,Hyderabad,TS
CUST104680,UNIQ204680,20802,Pune,MH
CUST104681,UNIQ204681,75767,Hyderabad,TS
CUST104682,UNIQ204682,20244,Lucknow,UP
CUST104683,UNIQ204683,39850,Hyderabad,TS
CUST104684,UNIQ204684,25543,Mumbai,MH
CUST104685,UNIQ204685,57216,Mumbai,MH
CUST104686,UNIQ204686,36254,Bangalore,KA
CUST104687,UNIQ204687,35774,Pune,MH
CUST104688,UNIQ204688,53154,Coimbatore,TN
CUST104689,UNIQ204689,49677,Hyderabad,TS
CUST104690,UNIQ204690,45974,Indore,MP
CUST104691,UNIQ204691,28070,Chennai,TN
CUST104692,UNIQ204692,44227,Indore,MP
CUST104693,UNIQ204693,49252,Bangalore,KA
CUST104694,UNIQ204694,55433,Hyderabad,TS
CUST104695,UNIQ204695,63183,Kolkata,WB
CUST104696,UNIQ204696,11558,Ahmedabad,GJ
CUST104697,UNIQ204697,77193,Jaipur,RJ
CUST104698,UNIQ204698,62101,Delhi,DL
CUST104699,UNIQ204699,39743,Chennai,TN
CUST104700,UNIQ204700,37508,Indore,MP
CUST104701,UNIQ204701,40634,Jaipur,RJ
CUST104702,UNIQ204702,71438,Lucknow,UP
CUST104703,UNIQ204703,70476,Indore,MP
CUST104704,UNIQ204704,21255,Pune,MH
CUST104705,UNIQ204705,34621,Pune,MH
CUST104706,UNIQ204706,64747,Kolkata,WB
CUST104707,UNIQ204707,67498,Chennai,TN
CUST104708,UNIQ204708,13945,Jaipur,RJ
CUST104709,UNIQ204709,28212,Pune,MH
CUST104710,UNIQ204710,26822,Ahmedabad,GJ
CUST104711,UNIQ204711,11268,Hyderabad,TS
CUST104712,UNIQ204712,56486,Jaipur,RJ
CUST104713,UNIQ204713,39555,Pune,MH
CUST104714,UNIQ204714,65799,Kolkata,WB
CUST104715,UNIQ204715,62870,Coimbatore,TN
CUST104716,UNIQ204716,49274,Indore,MP
CUST104717,UNIQ204717,13046,Pune,MH
CUST104718,UNIQ204718,14221,Ahmedabad,GJ
CUST104719,UNIQ204719,30144,Delhi,DL
CUST104720,UNIQ204720,61234,Pune,MH
CUST104721,UNIQ204721,36765,Kolkata,WB
CUST104722,UNIQ204722,18350,Kolkata,WB
CUST104723,UNIQ204723,60650,Lucknow,UP
CUST104724,UNIQ204724,72230,Chennai,TN
CUST104725,UNIQ204725,53101,Mumbai,MH
CUST104726,UNIQ204726,69183,Ahmedabad,GJ
CUST104727,UNIQ204727,49930,Coimbatore,TN
CUST104728,UNIQ204728,32468,Mumbai,MH
CUST104729,UNIQ204729,33283,Mumbai,MH
CUST104730,UNIQ204730,74043,Bangalore,KA
CUST104731,UNIQ204731,34470,Bangalore,KA
CUST104732,UNIQ204732,19108,Chennai,TN
CUST104733,UNIQ204733,47200,Kolkata,WB
CUST104734,UNIQ204734,40544,Chennai,TN
CUST104735,UNIQ204735,78733,Hyderabad,TS
CUST104736,UNIQ204736,69593,Mumbai,MH
CUST104737,UNIQ204737,58319,Bangalore,KA
CUST104738,UNIQ204738,11447,Lucknow,UP
CUST104739,UNIQ204739,52830,Delhi,DL
CUST104740,UNIQ204740,61262,Kolkata,WB
CUST104741,UNIQ204741,24515,Delhi,DL
CUST104742,UNIQ204742,64842,Delhi,DL
CUST104743,UNIQ204743,19012,Jaipur,RJ
CUST104744,UNIQ204744,37063,Kolkata,WB
CUST104745,UNIQ204745,36958,Delhi,DL
CUST104746,UNIQ204746,66649,Hyderabad,TS
CUST104747,UNIQ204747,72230,Indore,MP
CUST104748,UNIQ204748,50673,Delhi,DL
CUST104749,UNIQ204749,36604,Ahmedabad,GJ
CUST104750,UNIQ204750,70156,Lucknow,UP
CUST104751,UNIQ204751,36437,Hyderabad,TS
CUST104752,UNIQ204752,28702,Bangalore,KA
CUST104753,UNIQ204753,18384,Jaipur,RJ
CUST104754,UNIQ204754,42353,Kolkata,WB
CUST104755,UNIQ204755,53108,Lucknow,UP
CUST104756,UNIQ204756,74350,Ahmedabad,GJ
CUST104757,UNIQ204757,70646,Jaipur,RJ
CUST104758,UNIQ204758,15122,Ahmedabad,GJ
CUST104759,UNIQ204759,21941,Indore,MP
CUST104760,UNIQ204760,69809,Hyderabad,TS
CUST104761,UNIQ204761,48987,Pune,MH
CUST104762,UNIQ204762,32954,Kolkata,WB
CUST104763,UNIQ204763,42654,Kolkata,WB
CUST104764,UNIQ204764,66633,Delhi,DL
CUST104765,UNIQ204765,60418,Jaipur,RJ
CUST104766,UNIQ204766,34044,Coimbatore,TN
CUST104767,UNIQ204767,22521,Indore,MP
CUST104768,UNIQ204768,15723,Kolkata,WB
CUST104769,UNIQ204769,30700,Chennai,TN
CUST104770,UNIQ204770,48258,Hyderabad,TS
CUST104771,UNIQ204771,18748,Coimbatore,TN
CUST104772,UNIQ204772,38476,Indore,MP
CUST104773,UNIQ204773,63907,Jaipur,RJ
CUST104774,UNIQ204774,25889,Lucknow,UP
CUST104775,UNIQ204775,20031,Pune,MH
CUST104776,UNIQ204776,76112,Mumbai,MH
CUST104777,UNIQ204777,63752,Pune,MH
CUST104778,UNIQ204778,31605,Jaipur,RJ
CUST104779,UNIQ204779,37180,Hyderabad,TS
CUST104780,UNIQ204780,15850,Lucknow,UP
CUST104781,UNIQ204781,13501,Jaipur,RJ
CUST104782,UNIQ204782,70542,Mumbai,MH
CUST104783,UNIQ204783,55043,Kolkata,WB
CUST104784,UNIQ204784,62342,Indore,MP
CUST104785,UNIQ204785,61992,Chennai,TN
CUST104786,UNIQ204786,11407,Bangalore,KA
CUST104787,UNIQ204787,25031,Hyderabad,TS
CUST104788,UNIQ204788,27888,Indore,MP
CUST104789,UNIQ204789,70849,Pune,MH
CUST104790,UNIQ204790,70470,Jaipur,RJ
CUST104791,UNIQ204791,20819,Mumbai,MH
CUST104792,UNIQ204792,41757,Lucknow,UP
CUST104793,UNIQ204793,67373,Indore,MP
CUST104794,UNIQ204794,71707,Delhi,DL
CUST104795,UNIQ204795,31150,Hyderabad,TS
CUST104796,UNIQ204796,12367,Delhi,DL
CUST104797,UNIQ204797,23174,Ahmedabad,GJ
CUST104798,UNIQ204798,48554,Delhi,DL
CUST104799,UNIQ204799,61229,Mumbai,MH
CUST104800,UNIQ204800,20169,Delhi,DL
CUST104801,UNIQ204801,11469,Coimbatore,TN
CUST104802,UNIQ204802,45815,Coimbatore,TN
CUST104803,UNIQ204803,67757,Delhi,DL
CUST104804,UNIQ204804,33322,Pune,MH
CUST104805,UNIQ204805,14514,Chennai,TN
CUST104806,UNIQ204806,79769,Coimbatore,TN
CUST104807,UNIQ204807,67941,Chennai,TN
CUST104808,UNIQ204808,16259,Indore,MP
CUST104809,UNIQ204809,78534,Coimbatore,TN
CUST104810,UNIQ204810,23473,Coimbatore,TN
CUST104811,UNIQ204811,50412,Kolkata,WB
CUST104812,UNIQ204812,16870,Jaipur,RJ
CUST104813,UNIQ204813,10611,Ahmedabad,GJ
CUST104814,UNIQ204814,59465,Bangalore,KA
CUST104815,UNIQ204815,42728,Chennai,TN
CUST104816,UNIQ204816,41265,Pune,MH
CUST104817,UNIQ204817,21978,Chennai,TN
CUST104818,UNIQ204818,65270,Bangalore,KA
CUST104819,UNIQ204819,11908,Bangalore,KA
CUST104820,UNIQ204820,35185,Pune,MH
CUST104821,UNIQ204821,18280,Coimbatore,TN
CUST104822,UNIQ204822,22661,Chennai,TN
CUST104823,UNIQ204823,32004,Coimbatore,TN
CUST104824,UNIQ204824,31895,Indore,MP
CUST104825,UNIQ204825,64484,Bangalore,KA
CUST104826,UNIQ204826,24114,Lucknow,UP
CUST104827,UNIQ204827,52294,Pune,MH
CUST104828,UNIQ204828,34844,Lucknow,UP
CUST104829,UNIQ204829,37147,Ahmedabad,GJ
CUST104830,UNIQ204830,61781,Lucknow,UP
CUST104831,UNIQ204831,25834,Kolkata,WB
CUST104832,UNIQ204832,38020,Chennai,TN
CUST104833,UNIQ204833,56737,Mumbai,MH
CUST104834,UNIQ204834,32756,Pune,MH
CUST104835,UNIQ204835,62709,Bangalore,KA
CUST104836,UNIQ204836,51450,Coimbatore,TN
CUST104837,UNIQ204837,61011,Bangalore,KA
CUST104838,UNIQ204838,70132,Chennai,TN
CUST104839,UNIQ204839,18652,Chennai,TN
CUST104840,UNIQ204840,46497,Coimbatore,TN
CUST104841,UNIQ204841,58362,Coimbatore,TN
CUST104842,UNIQ204842,18825,Bangalore,KA
CUST104843,UNIQ204843,63883,Chennai,TN
CUST104844,UNIQ204844,75480,Hyderabad,TS
CUST104845,UNIQ204845,32473,Mumbai,MH
CUST104846,UNIQ204846,22418,Hyderabad,TS
CUST104847,UNIQ204847,52513,Ahmedabad,GJ
CUST104848,UNIQ204848,60930,Coimbatore,TN
CUST104849,UNIQ204849,27423,Coimbatore,TN
CUST104850,UNIQ204850,32980,Pune,MH
CUST104851,UNIQ204851,51676,Coimbatore,TN
CUST104852,UNIQ204852,73193,Coimbatore,TN
CUST104853,UNIQ204853,53922,Mumbai,MH
CUST104854,UNIQ204854,68839,Bangalore,KA
CUST104855,UNIQ204855,76981,Kolkata,WB
CUST104856,UNIQ204856,40464,Coimbatore,TN
CUST104857,UNIQ204857,11742,Lucknow,UP
CUST104858,UNIQ204858,12780,Chennai,TN
CUST104859,UNIQ204859,26260,Ahmedabad,GJ
CUST104860,UNIQ204860,40984,Hyderabad,TS
CUST104861,UNIQ204861,66164,Indore,MP
CUST104862,UNIQ204862,20405,Chennai,TN
CUST104863,UNIQ204863,28029,Bangalore,KA
CUST104864,UNIQ204864,75369,Pune,MH
CUST104865,UNIQ204865,36478,Hyderabad,TS
CUST104866,UNIQ204866,59250,Delhi,DL
CUST104867,UNIQ204867,14968,Chennai,TN
CUST104868,UNIQ204868,68160,Chennai,TN
CUST104869,UNIQ204869,53082,Indore,MP
CUST104870,UNIQ204870,46454,Delhi,DL
CUST104871,UNIQ204871,15191,Pune,MH
CUST104872,UNIQ204872,64380,Lucknow,UP
CUST104873,UNIQ204873,47808,Coimbatore,TN
CUST104874,UNIQ204874,40016,Bangalore,KA
CUST104875,UNIQ204875,53420,Indore,MP
CUST104876,UNIQ204876,41752,Pune,MH
CUST104877,UNIQ204877,17087,Chennai,TN
CUST104878,UNIQ204878,42550,Coimbatore,TN
CUST104879,UNIQ204879,39156,Coimbatore,TN
CUST104880,UNIQ204880,60002,Ahmedabad,GJ
CUST104881,UNIQ204881,52157,Lucknow,UP
CUST104882,UNIQ204882,67981,Delhi,DL
CUST104883,UNIQ204883,10792,Coimbatore,TN
CUST104884,UNIQ204884,74440,Mumbai,MH
CUST104885,UNIQ204885,35226,Mumbai,MH
CUST104886,UNIQ204886,28550,Bangalore,KA
CUST104887,UNIQ204887,26457,Chennai,TN
CUST104888,UNIQ204888,32764,Mumbai,MH
CUST104889,UNIQ204889,36787,Ahmedabad,GJ
CUST104890,UNIQ204890,76509,Chennai,TN
CUST104891,UNIQ204891,65868,Mumbai,MH
CUST104892,UNIQ204892,71220,Indore,MP
CUST104893,UNIQ204893,31516,Hyderabad,TS
CUST104894,UNIQ204894,35891,Indore,MP
CUST104895,UNIQ204895,65576,Chennai,TN
CUST104896,UNIQ204896,42632,Delhi,DL
CUST104897,UNIQ204897,47401,Hyderabad,TS
CUST104898,UNIQ204898,68755,Ahmedabad,GJ
CUST104899,UNIQ204899,36398,Coimbatore,TN
CUST104900,UNIQ204900,73068,Hyderabad,TS
CUST104901,UNIQ204901,57131,Mumbai,MH
CUST104902,UNIQ204902,59508,Kolkata,WB
CUST104903,UNIQ204903,71697,Delhi,DL
CUST104904,UNIQ204904,65403,Jaipur,RJ
CUST104905,UNIQ204905,66810,Lucknow,UP
CUST104906,UNIQ204906,73176,Delhi,DL
CUST104907,UNIQ204907,59993,Bangalore,KA
CUST104908,UNIQ204908,20909,Kolkata,WB
CUST104909,UNIQ204909,30027,Hyderabad,TS
CUST104910,UNIQ204910,33029,Lucknow,UP
CUST104911,UNIQ204911,59866,Hyderabad,TS
CUST104912,UNIQ204912,50088,Jaipur,RJ
CUST104913,UNIQ204913,47122,Jaipur,RJ
CUST104914,UNIQ204914,73025,Kolkata,WB
CUST104915,UNIQ204915,53677,Mumbai,MH
CUST104916,UNIQ204916,71506,Delhi,DL
CUST104917,UNIQ204917,30280,Chennai,TN
CUST104918,UNIQ204918,10547,Chennai,TN
CUST104919,UNIQ204919,75627,Bangalore,KA
CUST104920,UNIQ204920,59054,Indore,MP
CUST104921,UNIQ204921,63025,Jaipur,RJ
CUST104922,UNIQ204922,61727,Kolkata,WB
CUST104923,UNIQ204923,58908,Indore,MP
CUST104924,UNIQ204924,74166,Kolkata,WB
CUST104925,UNIQ204925,19336,Hyderabad,TS
CUST104926,UNIQ204926,15089,Kolkata,WB
CUST104927,UNIQ204927,60439,Mumbai,MH
CUST104928,UNIQ204928,31281,Ahmedabad,GJ
CUST104929,UNIQ204929,67186,Chennai,TN
CUST104930,UNIQ204930,55688,Hyderabad,TS
CUST104931,UNIQ204931,74044,Lucknow,UP
CUST104932,UNIQ204932,58258,Coimbatore,TN
CUST104933,UNIQ204933,17563,Indore,MP
CUST104934,UNIQ204934,60506,Coimbatore,TN
CUST104935,UNIQ204935,42347,Kolkata,WB
CUST104936,UNIQ204936,72616,Chennai,TN
CUST104937,UNIQ204937,57371,Bangalore,KA
CUST104938,UNIQ204938,13703,Coimbatore,TN
CUST104939,UNIQ204939,29383,Indore,MP
CUST104940,UNIQ204940,69699,Hyderabad,TS
CUST104941,UNIQ204941,29315,Coimbatore,TN
CUST104942,UNIQ204942,42429,Hyderabad,TS
CUST104943,UNIQ204943,31158,Ahmedabad,GJ
CUST104944,UNIQ204944,25300,Bangalore,KA
CUST104945,UNIQ204945,60377,Mumbai,MH
CUST104946,UNIQ204946,20531,Kolkata,WB
CUST104947,UNIQ204947,34749,Lucknow,UP
CUST104948,UNIQ204948,31734,Kolkata,WB
CUST104949,UNIQ204949,43144,Kolkata,WB
CUST104950,UNIQ204950,49612,Indore,MP
CUST104951,UNIQ204951,79887,Lucknow,UP
CUST104952,UNIQ204952,60172,Coimbatore,TN
CUST104953,UNIQ204953,50367,Ahmedabad,GJ
CUST104954,UNIQ204954,63950,Indore,MP
CUST104955,UNIQ204955,21648,Indore,MP
CUST104956,UNIQ204956,55140,Mumbai,MH
CUST104957,UNIQ204957,45261,Delhi,DL
CUST104958,UNIQ204958,37462,Indore,MP
CUST104959,UNIQ204959,62162,Indore,MP
CUST104960,UNIQ204960,50383,Indore,MP
CUST104961,UNIQ204961,32072,Bangalore,KA
CUST104962,UNIQ204962,10206,Jaipur,RJ
CUST104963,UNIQ204963,19154,Mumbai,MH
CUST104964,UNIQ204964,64767,Indore,MP
CUST104965,UNIQ204965,64636,Lucknow,UP
CUST104966,UNIQ204966,47793,Coimbatore,TN
CUST104967,UNIQ204967,66485,Indore,MP
CUST104968,UNIQ204968,33121,Delhi,DL
CUST104969,UNIQ204969,34431,Pune,MH
CUST104970,UNIQ204970,27607,Indore,MP
CUST104971,UNIQ204971,73762,Chennai,TN
CUST104972,UNIQ204972,75878,Delhi,DL
CUST104973,UNIQ204973,69069,Mumbai,MH
CUST104974,UNIQ204974,37862,Ahmedabad,GJ
CUST104975,UNIQ204975,36337,Delhi,DL
CUST104976,UNIQ204976,33950,Bangalore,KA
CUST104977,UNIQ204977,43993,Chennai,TN
CUST104978,UNIQ204978,67767,Kolkata,WB
CUST104979,UNIQ204979,24312,Coimbatore,TN
CUST104980,UNIQ204980,31774,Coimbatore,TN
CUST104981,UNIQ204981,48420,Mumbai,MH
CUST104982,UNIQ204982,59509,Mumbai,MH
CUST104983,UNIQ204983,46275,Mumbai,MH
CUST104984,UNIQ204984,54846,Mumbai,MH
CUST104985,UNIQ204985,40773,Bangalore,KA
CUST104986,UNIQ204986,73595,Jaipur,RJ
CUST104987,UNIQ204987,23213,Coimbatore,TN
CUST104988,UNIQ204988,18002,Bangalore,KA
CUST104989,UNIQ204989,10947,Hyderabad,TS
CUST104990,UNIQ204990,15486,Coimbatore,TN
CUST104991,UNIQ204991,37665,Mumbai,MH
CUST104992,UNIQ204992,10951,Lucknow,UP
CUST104993,UNIQ204993,78167,Kolkata,WB
CUST104994,UNIQ204994,73691,Hyderabad,TS
CUST104995,UNIQ204995,54175,Jaipur,RJ
CUST104996,UNIQ204996,66289,Ahmedabad,GJ
CUST104997,UNIQ204997,58599,Pune,MH
CUST104998,UNIQ204998,54967,Coimbatore,TN
CUST104999,UNIQ204999,41404,Pune,MH
CUST105000,UNIQ205000,62228,Pune,MH
CUST105001,UNIQ205001,17502,Kolkata,WB
CUST105002,UNIQ205002,53287,Pune,MH
CUST105003,UNIQ205003,10404,Mumbai,MH
CUST105004,UNIQ205004,62665,Jaipur,RJ
CUST105005,UNIQ205005,28201,Indore,MP
CUST105006,UNIQ205006,26108,Bangalore,KA
CUST105007,UNIQ205007,46630,Lucknow,UP
CUST105008,UNIQ205008,42576,Indore,MP
CUST105009,UNIQ205009,69233,Pune,MH
CUST105010,UNIQ205010,72285,Ahmedabad,GJ
CUST105011,UNIQ205011,64149,Lucknow,UP
CUST105012,UNIQ205012,34633,Coimbatore,TN
CUST105013,UNIQ205013,52229,Bangalore,KA
CUST105014,UNIQ205014,57212,Bangalore,KA
CUST105015,UNIQ205015,52667,Bangalore,KA
CUST105016,UNIQ205016,68236,Coimbatore,TN
CUST105017,UNIQ205017,73509,Chennai,TN
CUST105018,UNIQ205018,20665,Kolkata,WB
CUST105019,UNIQ205019,66087,Pune,MH
CUST105020,UNIQ205020,23166,Jaipur,RJ
CUST105021,UNIQ205021,60444,Indore,MP
CUST105022,UNIQ205022,35569,Hyderabad,TS
CUST105023,UNIQ205023,28764,Indore,MP
CUST105024,UNIQ205024,76143,Lucknow,UP
CUST105025,UNIQ205025,26759,Bangalore,KA
CUST105026,UNIQ205026,21415,Jaipur,RJ
CUST105027,UNIQ205027,71184,Hyderabad,TS
CUST105028,UNIQ205028,68495,Delhi,DL
CUST105029,UNIQ205029,73198,Mumbai,MH
CUST105030,UNIQ205030,41575,Coimbatore,TN
CUST105031,UNIQ205031,37740,Chennai,TN
CUST105032,UNIQ205032,21722,Delhi,DL
CUST105033,UNIQ205033,67002,Mumbai,MH
CUST105034,UNIQ205034,13830,Indore,MP
CUST105035,UNIQ205035,52795,Delhi,DL
CUST105036,UNIQ205036,46747,Kolkata,WB
CUST105037,UNIQ205037,43767,Chennai,TN
CUST105038,UNIQ205038,72429,Coimbatore,TN
CUST105039,UNIQ205039,26134,Coimbatore,TN
CUST105040,UNIQ205040,27793,Coimbatore,TN
CUST105041,UNIQ205041,74482,Lucknow,UP
CUST105042,UNIQ205042,53620,Mumbai,MH
CUST105043,UNIQ205043,18476,Chennai,TN
CUST105044,UNIQ205044,54987,Coimbatore,TN
CUST105045,UNIQ205045,60023,Kolkata,WB
CUST105046,UNIQ205046,67273,Coimbatore,TN
CUST105047,UNIQ205047,39301,Chennai,TN
CUST105048,UNIQ205048,25163,Hyderabad,TS
CUST105049,UNIQ205049,21492,Hyderabad,TS
CUST105050,UNIQ205050,21683,Mumbai,MH
CUST105051,UNIQ205051,34662,Pune,MH
CUST105052,UNIQ205052,25218,Indore,MP
CUST105053,UNIQ205053,58200,Ahmedabad,GJ
CUST105054,UNIQ205054,51074,Delhi,DL
CUST105055,UNIQ205055,10220,Kolkata,WB
CUST105056,UNIQ205056,18111,Hyderabad,TS
CUST105057,UNIQ205057,34885,Ahmedabad,GJ
CUST105058,UNIQ205058,65535,Kolkata,WB
CUST105059,UNIQ205059,57844,Pune,MH
CUST105060,UNIQ205060,26555,Coimbatore,TN
CUST105061,UNIQ205061,39116,Lucknow,UP
CUST105062,UNIQ205062,61814,Mumbai,MH
CUST105063,UNIQ205063,70372,Bangalore,KA
CUST105064,UNIQ205064,28966,Pune,MH
CUST105065,UNIQ205065,38692,Hyderabad,TS
CUST105066,UNIQ205066,69740,Jaipur,RJ
CUST105067,UNIQ205067,47144,Delhi,DL
CUST105068,UNIQ205068,14501,Delhi,DL
CUST105069,UNIQ205069,51961,Ahmedabad,GJ
CUST105070,UNIQ205070,75847,Hyderabad,TS
CUST105071,UNIQ205071,26182,Indore,MP
CUST105072,UNIQ205072,72689,Hyderabad,TS
CUST105073,UNIQ205073,38272,Coimbatore,TN
CUST105074,UNIQ205074,48206,Jaipur,RJ
CUST105075,UNIQ205075,59375,Indore,MP
CUST105076,UNIQ205076,53665,Bangalore,KA
CUST105077,UNIQ205077,37605,Delhi,DL
CUST105078,UNIQ205078,39500,Indore,MP
CUST105079,UNIQ205079,16889,Indore,MP
CUST105080,UNIQ205080,73898,Delhi,DL
CUST105081,UNIQ205081,61355,Indore,MP
CUST105082,UNIQ205082,30865,Hyderabad,TS
CUST105083,UNIQ205083,61417,Bangalore,KA
CUST105084,UNIQ205084,65369,Pune,MH
CUST105085,UNIQ205085,72052,Coimbatore,TN
CUST105086,UNIQ205086,61296,Pune,MH
CUST105087,UNIQ205087,19414,Kolkata,WB
CUST105088,UNIQ205088,47098,Lucknow,UP
CUST105089,UNIQ205089,35571,Hyderabad,TS
CUST105090,UNIQ205090,61612,Indore,MP
CUST105091,UNIQ205091,27157,Mumbai,MH
CUST105092,UNIQ205092,17094,Pune,MH
CUST105093,UNIQ205093,49855,Indore,MP
CUST105094,UNIQ205094,31455,Jaipur,RJ
CUST105095,UNIQ205095,28030,Ahmedabad,GJ
CUST105096,UNIQ205096,73234,Jaipur,RJ
CUST105097,UNIQ205097,28982,Hyderabad,TS
CUST105098,UNIQ205098,38591,Chennai,TN
CUST105099,UNIQ205099,35644,Indore,MP
CUST105100,UNIQ205100,11197,Indore,MP
CUST105101,UNIQ205101,23362,Pune,MH
CUST105102,UNIQ205102,29346,Coimbatore,TN
CUST105103,UNIQ205103,65982,Kolkata,WB
CUST105104,UNIQ205104,32049,Coimbatore,TN
CUST105105,UNIQ205105,22589,Bangalore,KA
CUST105106,UNIQ205106,72111,Pune,MH
CUST105107,UNIQ205107,16877,Delhi,DL
CUST105108,UNIQ205108,77559,Mumbai,MH
CUST105109,UNIQ205109,54366,Coimbatore,TN
CUST105110,UNIQ205110,66861,Ahmedabad,GJ
CUST105111,UNIQ205111,62952,Delhi,DL
CUST105112,UNIQ205112,14455,Chennai,TN
CUST105113,UNIQ205113,41569,Mumbai,MH
CUST105114,UNIQ205114,74045,Kolkata,WB
CUST105115,UNIQ205115,32608,Hyderabad,TS
CUST105116,UNIQ205116,59200,Coimbatore,TN
CUST105117,UNIQ205117,21745,Indore,MP
CUST105118,UNIQ205118,60082,Jaipur,RJ
CUST105119,UNIQ205119,68342,Hyderabad,TS
CUST105120,UNIQ205120,11520,Pune,MH
CUST105121,UNIQ205121,25286,Mumbai,MH
CUST105122,UNIQ205122,25997,Mumbai,MH
CUST105123,UNIQ205123,76813,Jaipur,RJ
CUST105124,UNIQ205124,13018,Chennai,TN
CUST105125,UNIQ205125,72848,Ahmedabad,GJ
CUST105126,UNIQ205126,22393,Hyderabad,TS
CUST105127,UNIQ205127,33736,Ahmedabad,GJ
CUST105128,UNIQ205128,73463,Kolkata,WB
CUST105129,UNIQ205129,66840,Coimbatore,TN
CUST105130,UNIQ205130,26414,Hyderabad,TS
CUST105131,UNIQ205131,52628,Mumbai,MH
CUST105132,UNIQ205132,34233,Mumbai,MH
CUST105133,UNIQ205133,12588,Kolkata,WB
CUST105134,UNIQ205134,79479,Kolkata,WB
CUST105135,UNIQ205135,18379,Jaipur,RJ
CUST105136,UNIQ205136,26264,Lucknow,UP
CUST105137,UNIQ205137,25378,Chennai,TN
CUST105138,UNIQ205138,33584,Delhi,DL
CUST105139,UNIQ205139,68619,Bangalore,KA
CUST105140,UNIQ205140,26127,Pune,MH
CUST105141,UNIQ205141,26884,Bangalore,KA
CUST105142,UNIQ205142,37030,Ahmedabad,GJ
CUST105143,UNIQ205143,31130,Coimbatore,TN
CUST105144,UNIQ205144,43654,Mumbai,MH
CUST105145,UNIQ205145,21090,Bangalore,KA
CUST105146,UNIQ205146,76341,Mumbai,MH
CUST105147,UNIQ205147,57652,Hyderabad,TS
CUST105148,UNIQ205148,32492,Lucknow,UP
CUST105149,UNIQ205149,10011,Kolkata,WB
CUST105150,UNIQ205150,49400,Chennai,TN
CUST105151,UNIQ205151,78084,Bangalore,KA
CUST105152,UNIQ205152,68316,Hyderabad,TS
CUST105153,UNIQ205153,74283,Delhi,DL
CUST105154,UNIQ205154,51017,Indore,MP
CUST105155,UNIQ205155,56152,Lucknow,UP
CUST105156,UNIQ205156,76924,Ahmedabad,GJ
CUST105157,UNIQ205157,22977,Chennai,TN
CUST105158,UNIQ205158,15863,Coimbatore,TN
CUST105159,UNIQ205159,14814,Chennai,TN
CUST105160,UNIQ205160,28568,Chennai,TN
CUST105161,UNIQ205161,38208,Hyderabad,TS
CUST105162,UNIQ205162,38316,Delhi,DL
CUST105163,UNIQ205163,57063,Ahmedabad,GJ
CUST105164,UNIQ205164,26841,Hyderabad,TS
CUST105165,UNIQ205165,65314,Indore,MP
CUST105166,UNIQ205166,43419,Mumbai,MH
CUST105167,UNIQ205167,60040,Hyderabad,TS
CUST105168,UNIQ205168,31406,Coimbatore,TN
CUST105169,UNIQ205169,69777,Kolkata,WB
CUST105170,UNIQ205170,43315,Mumbai,MH
CUST105171,UNIQ205171,65750,Coimbatore,TN
CUST105172,UNIQ205172,28775,Indore,MP
CUST105173,UNIQ205173,36707,Lucknow,UP
CUST105174,UNIQ205174,45310,Mumbai,MH
CUST105175,UNIQ205175,35248,Coimbatore,TN
CUST105176,UNIQ205176,58777,Indore,MP
CUST105177,UNIQ205177,77033,Ahmedabad,GJ
CUST105178,UNIQ205178,31501,Ahmedabad,GJ
CUST105179,UNIQ205179,30118,Kolkata,WB
CUST105180,UNIQ205180,66836,Pune,MH
CUST105181,UNIQ205181,13396,Kolkata,WB
CUST105182,UNIQ205182,42440,Ahmedabad,GJ
CUST105183,UNIQ205183,45405,Mumbai,MH
CUST105184,UNIQ205184,79660,Mumbai,MH
CUST105185,UNIQ205185,63317,Mumbai,MH
CUST105186,UNIQ205186,53169,Mumbai,MH
CUST105187,UNIQ205187,21662,Coimbatore,TN
CUST105188,UNIQ205188,53714,Pune,MH
CUST105189,UNIQ205189,29179,Hyderabad,TS
CUST105190,UNIQ205190,45867,Chennai,TN
CUST105191,UNIQ205191,22838,Bangalore,KA
CUST105192,UNIQ205192,39127,Kolkata,WB
CUST105193,UNIQ205193,23762,Kolkata,WB
CUST105194,UNIQ205194,33033,Mumbai,MH
CUST105195,UNIQ205195,50180,Lucknow,UP
CUST105196,UNIQ205196,74175,Ahmedabad,GJ
CUST105197,UNIQ205197,79331,Mumbai,MH
CUST105198,UNIQ205198,46961,Pune,MH
CUST105199,UNIQ205199,45527,Lucknow,UP
CUST105200,UNIQ205200,22984,Ahmedabad,GJ
CUST105201,UNIQ205201,32380,Bangalore,KA
CUST105202,UNIQ205202,61060,Pune,MH
CUST105203,UNIQ205203,55242,Delhi,DL
CUST105204,UNIQ205204,79688,Indore,MP
CUST105205,UNIQ205205,62776,Lucknow,UP
CUST105206,UNIQ205206,26721,Jaipur,RJ
CUST105207,UNIQ205207,11244,Hyderabad,TS
CUST105208,UNIQ205208,77314,Coimbatore,TN
CUST105209,UNIQ205209,30380,Indore,MP
CUST105210,UNIQ205210,26563,Coimbatore,TN
CUST105211,UNIQ205211,59650,Delhi,DL
CUST105212,UNIQ205212,45044,Ahmedabad,GJ
CUST105213,UNIQ205213,58516,Bangalore,KA
CUST105214,UNIQ205214,42651,Indore,MP
CUST105215,UNIQ205215,64820,Coimbatore,TN
CUST105216,UNIQ205216,70003,Indore,MP
CUST105217,UNIQ205217,67535,Delhi,DL
CUST105218,UNIQ205218,71428,Pune,MH
CUST105219,UNIQ205219,47594,Lucknow,UP
CUST105220,UNIQ205220,66068,Hyderabad,TS
CUST105221,UNIQ205221,39984,Lucknow,UP
CUST105222,UNIQ205222,21395,Hyderabad,TS
CUST105223,UNIQ205223,63282,Hyderabad,TS
CUST105224,UNIQ205224,21814,Pune,MH
CUST105225,UNIQ205225,20416,Coimbatore,TN
CUST105226,UNIQ205226,41462,Mumbai,MH
CUST105227,UNIQ205227,31641,Mumbai,MH
CUST105228,UNIQ205228,17525,Ahmedabad,GJ
CUST105229,UNIQ205229,47467,Mumbai,MH
CUST105230,UNIQ205230,74598,Lucknow,UP
CUST105231,UNIQ205231,65572,Bangalore,KA
CUST105232,UNIQ205232,76674,Coimbatore,TN
CUST105233,UNIQ205233,27881,Indore,MP
CUST105234,UNIQ205234,75248,Jaipur,RJ
CUST105235,UNIQ205235,79783,Lucknow,UP
CUST105236,UNIQ205236,26343,Indore,MP
CUST105237,UNIQ205237,11821,Kolkata,WB
CUST105238,UNIQ205238,34927,Ahmedabad,GJ
CUST105239,UNIQ205239,10955,Indore,MP
CUST105240,UNIQ205240,65702,Indore,MP
CUST105241,UNIQ205241,55227,Indore,MP
CUST105242,UNIQ205242,79220,Chennai,TN
CUST105243,UNIQ205243,15551,Coimbatore,TN
CUST105244,UNIQ205244,68805,Ahmedabad,GJ
CUST105245,UNIQ205245,78618,Delhi,DL
CUST105246,UNIQ205246,32913,Chennai,TN
CUST105247,UNIQ205247,58110,Mumbai,MH
CUST105248,UNIQ205248,77329,Delhi,DL
CUST105249,UNIQ205249,16672,Pune,MH
CUST105250,UNIQ205250,74947,Kolkata,WB
CUST105251,UNIQ205251,32345,Kolkata,WB
CUST105252,UNIQ205252,24841,Pune,MH
CUST105253,UNIQ205253,42737,Pune,MH
CUST105254,UNIQ205254,25448,Lucknow,UP
CUST105255,UNIQ205255,49213,Hyderabad,TS
CUST105256,UNIQ205256,48475,Jaipur,RJ
CUST105257,UNIQ205257,37926,Hyderabad,TS
CUST105258,UNIQ205258,61592,Bangalore,KA
CUST105259,UNIQ205259,49953,Chennai,TN
CUST105260,UNIQ205260,77571,Coimbatore,TN
CUST105261,UNIQ205261,70693,Bangalore,KA
CUST105262,UNIQ205262,73998,Ahmedabad,GJ
CUST105263,UNIQ205263,56628,Bangalore,KA
CUST105264,UNIQ205264,70339,Bangalore,KA
CUST105265,UNIQ205265,49105,Pune,MH
CUST105266,UNIQ205266,24046,Pune,MH
CUST105267,UNIQ205267,55838,Bangalore,KA
CUST105268,UNIQ205268,34400,Indore,MP
CUST105269,UNIQ205269,56469,Kolkata,WB
CUST105270,UNIQ205270,23282,Bangalore,KA
CUST105271,UNIQ205271,74493,Kolkata,WB
CUST105272,UNIQ205272,21107,Chennai,TN
CUST105273,UNIQ205273,77412,Lucknow,UP
CUST105274,UNIQ205274,63833,Delhi,DL
CUST105275,UNIQ205275,73886,Mumbai,MH
CUST105276,UNIQ205276,30398,Bangalore,KA
CUST105277,UNIQ205277,42785,Coimbatore,TN
CUST105278,UNIQ205278,71695,Chennai,TN
CUST105279,UNIQ205279,59061,Kolkata,WB
CUST105280,UNIQ205280,57775,Hyderabad,TS
CUST105281,UNIQ205281,33878,Kolkata,WB
CUST105282,UNIQ205282,45321,Lucknow,UP
CUST105283,UNIQ205283,67484,Mumbai,MH
CUST105284,UNIQ205284,67587,Coimbatore,TN
CUST105285,UNIQ205285,28333,Delhi,DL
CUST105286,UNIQ205286,66880,Pune,MH
CUST105287,UNIQ205287,57085,Bangalore,KA
CUST105288,UNIQ205288,36013,Indore,MP
CUST105289,UNIQ205289,34846,Mumbai,MH
CUST105290,UNIQ205290,15276,Hyderabad,TS
CUST105291,UNIQ205291,61713,Delhi,DL
CUST105292,UNIQ205292,53412,Kolkata,WB
CUST105293,UNIQ205293,31012,Bangalore,KA
CUST105294,UNIQ205294,36082,Coimbatore,TN
CUST105295,UNIQ205295,44838,Jaipur,RJ
CUST105296,UNIQ205296,65193,Mumbai,MH
CUST105297,UNIQ205297,74955,Jaipur,RJ
CUST105298,UNIQ205298,26703,Coimbatore,TN
CUST105299,UNIQ205299,62412,Pune,MH
CUST105300,UNIQ205300,60967,Lucknow,UP
CUST105301,UNIQ205301,24382,Delhi,DL
CUST105302,UNIQ205302,12772,Mumbai,MH
CUST105303,UNIQ205303,30387,Delhi,DL
CUST105304,UNIQ205304,75536,Pune,MH
CUST105305,UNIQ205305,40999,Bangalore,KA
CUST105306,UNIQ205306,54845,Bangalore,KA
CUST105307,UNIQ205307,11052,Kolkata,WB
CUST105308,UNIQ205308,72939,Kolkata,WB
CUST105309,UNIQ205309,46991,Hyderabad,TS
CUST105310,UNIQ205310,20828,Jaipur,RJ
CUST105311,UNIQ205311,42472,Kolkata,WB
CUST105312,UNIQ205312,29987,Ahmedabad,GJ
CUST105313,UNIQ205313,77009,Indore,MP
CUST105314,UNIQ205314,42698,Delhi,DL
CUST105315,UNIQ205315,25075,Hyderabad,TS
CUST105316,UNIQ205316,42421,Hyderabad,TS
CUST105317,UNIQ205317,66250,Coimbatore,TN
CUST105318,UNIQ205318,72114,Chennai,TN
CUST105319,UNIQ205319,23508,Indore,MP
CUST105320,UNIQ205320,75841,Indore,MP
CUST105321,UNIQ205321,33748,Ahmedabad,GJ
CUST105322,UNIQ205322,29493,Chennai,TN
CUST105323,UNIQ205323,25789,Chennai,TN
CUST105324,UNIQ205324,62596,Delhi,DL
CUST105325,UNIQ205325,45895,Bangalore,KA
CUST105326,UNIQ205326,29163,Chennai,TN
CUST105327,UNIQ205327,12314,Kolkata,WB
CUST105328,UNIQ205328,36167,Ahmedabad,GJ
CUST105329,UNIQ205329,16678,Mumbai,MH
CUST105330,UNIQ205330,63385,Kolkata,WB
CUST105331,UNIQ205331,50166,Lucknow,UP
CUST105332,UNIQ205332,40333,Indore,MP
CUST105333,UNIQ205333,54063,Chennai,TN
CUST105334,UNIQ205334,72809,Kolkata,WB
CUST105335,UNIQ205335,76828,Bangalore,KA
CUST105336,UNIQ205336,16770,Kolkata,WB
CUST105337,UNIQ205337,24425,Hyderabad,TS
CUST105338,UNIQ205338,57654,Hyderabad,TS
CUST105339,UNIQ205339,56009,Hyderabad,TS
CUST105340,UNIQ205340,64797,Indore,MP
CUST105341,UNIQ205341,51922,Chennai,TN
CUST105342,UNIQ205342,33822,Bangalore,KA
CUST105343,UNIQ205343,10070,Bangalore,KA
CUST105344,UNIQ205344,52157,Bangalore,KA
CUST105345,UNIQ205345,47397,Chennai,TN
CUST105346,UNIQ205346,46721,Jaipur,RJ
CUST105347,UNIQ205347,23207,Ahmedabad,GJ
CUST105348,UNIQ205348,34227,Kolkata,WB
CUST105349,UNIQ205349,74393,Hyderabad,TS
CUST105350,UNIQ205350,53815,Pune,MH
CUST105351,UNIQ205351,24618,Hyderabad,TS
CUST105352,UNIQ205352,11790,Mumbai,MH
CUST105353,UNIQ205353,27079,Coimbatore,TN
CUST105354,UNIQ205354,57260,Pune,MH
CUST105355,UNIQ205355,57367,Indore,MP
CUST105356,UNIQ205356,79319,Indore,MP
CUST105357,UNIQ205357,58705,Ahmedabad,GJ
CUST105358,UNIQ205358,46168,Chennai,TN
CUST105359,UNIQ205359,60338,Chennai,TN
CUST105360,UNIQ205360,23941,Mumbai,MH
CUST105361,UNIQ205361,25775,Delhi,DL
CUST105362,UNIQ205362,34960,Bangalore,KA
CUST105363,UNIQ205363,68427,Chennai,TN
CUST105364,UNIQ205364,19814,Mumbai,MH
CUST105365,UNIQ205365,54944,Lucknow,UP
CUST105366,UNIQ205366,72154,Hyderabad,TS
CUST105367,UNIQ205367,79934,Chennai,TN
CUST105368,UNIQ205368,30142,Indore,MP
CUST105369,UNIQ205369,26755,Bangalore,KA
CUST105370,UNIQ205370,64815,Chennai,TN
CUST105371,UNIQ205371,43099,Lucknow,UP
CUST105372,UNIQ205372,55526,Lucknow,UP
CUST105373,UNIQ205373,68783,Pune,MH
CUST105374,UNIQ205374,25391,Coimbatore,TN
CUST105375,UNIQ205375,18874,Kolkata,WB
CUST105376,UNIQ205376,64919,Jaipur,RJ
CUST105377,UNIQ205377,76043,Lucknow,UP
CUST105378,UNIQ205378,31880,Bangalore,KA
CUST105379,UNIQ205379,45933,Ahmedabad,GJ
CUST105380,UNIQ205380,26899,Indore,MP
CUST105381,UNIQ205381,15956,Hyderabad,TS
CUST105382,UNIQ205382,17968,Ahmedabad,GJ
CUST105383,UNIQ205383,34928,Indore,MP
CUST105384,UNIQ205384,62100,Indore,MP
CUST105385,UNIQ205385,79791,Jaipur,RJ
CUST105386,UNIQ205386,19828,Lucknow,UP
CUST105387,UNIQ205387,67376,Delhi,DL
CUST105388,UNIQ205388,60351,Lucknow,UP
CUST105389,UNIQ205389,61150,Lucknow,UP
CUST105390,UNIQ205390,45585,Kolkata,WB
CUST105391,UNIQ205391,34125,Chennai,TN
CUST105392,UNIQ205392,30971,Bangalore,KA
CUST105393,UNIQ205393,38548,Ahmedabad,GJ
CUST105394,UNIQ205394,11161,Ahmedabad,GJ
CUST105395,UNIQ205395,69695,Lucknow,UP
CUST105396,UNIQ205396,78822,Lucknow,UP
CUST105397,UNIQ205397,49768,Hyderabad,TS
CUST105398,UNIQ205398,48844,Chennai,TN
CUST105399,UNIQ205399,45194,Indore,MP
CUST105400,UNIQ205400,25611,Lucknow,UP
CUST105401,UNIQ205401,39350,Delhi,DL
CUST105402,UNIQ205402,79935,Bangalore,KA
CUST105403,UNIQ205403,48252,Chennai,TN
CUST105404,UNIQ205404,29416,Bangalore,KA
CUST105405,UNIQ205405,27428,Hyderabad,TS
CUST105406,UNIQ205406,16752,Hyderabad,TS
CUST105407,UNIQ205407,42637,Coimbatore,TN
CUST105408,UNIQ205408,25228,Chennai,TN
CUST105409,UNIQ205409,55542,Bangalore,KA
CUST105410,UNIQ205410,58380,Coimbatore,TN
CUST105411,UNIQ205411,20911,Pune,MH
CUST105412,UNIQ205412,44608,Indore,MP
CUST105413,UNIQ205413,27512,Indore,MP
CUST105414,UNIQ205414,48652,Kolkata,WB
CUST105415,UNIQ205415,17505,Pune,MH
CUST105416,UNIQ205416,11364,Coimbatore,TN
CUST105417,UNIQ205417,38741,Pune,MH
CUST105418,UNIQ205418,46659,Indore,MP
CUST105419,UNIQ205419,43552,Delhi,DL
CUST105420,UNIQ205420,23951,Bangalore,KA
CUST105421,UNIQ205421,60067,Indore,MP
CUST105422,UNIQ205422,43730,Coimbatore,TN
CUST105423,UNIQ205423,37021,Coimbatore,TN
CUST105424,UNIQ205424,38919,Jaipur,RJ
CUST105425,UNIQ205425,45231,Pune,MH
CUST105426,UNIQ205426,61834,Chennai,TN
CUST105427,UNIQ205427,68465,Delhi,DL
CUST105428,UNIQ205428,66872,Chennai,TN
CUST105429,UNIQ205429,29442,Pune,MH
CUST105430,UNIQ205430,22280,Jaipur,RJ
CUST105431,UNIQ205431,33791,Jaipur,RJ
CUST105432,UNIQ205432,34251,Jaipur,RJ
CUST105433,UNIQ205433,34754,Delhi,DL
CUST105434,UNIQ205434,74293,Ahmedabad,GJ
CUST105435,UNIQ205435,33646,Indore,MP
CUST105436,UNIQ205436,46968,Coimbatore,TN
CUST105437,UNIQ205437,50653,Bangalore,KA
CUST105438,UNIQ205438,33295,Delhi,DL
CUST105439,UNIQ205439,34621,Kolkata,WB
CUST105440,UNIQ205440,28811,Mumbai,MH
CUST105441,UNIQ205441,65888,Mumbai,MH
CUST105442,UNIQ205442,69640,Chennai,TN
CUST105443,UNIQ205443,62757,Coimbatore,TN
CUST105444,UNIQ205444,79045,Mumbai,MH
CUST105445,UNIQ205445,11545,Delhi,DL
CUST105446,UNIQ205446,23071,Ahmedabad,GJ
CUST105447,UNIQ205447,60330,Kolkata,WB
CUST105448,UNIQ205448,24422,Bangalore,KA
CUST105449,UNIQ205449,15733,Bangalore,KA
CUST105450,UNIQ205450,42550,Delhi,DL
CUST105451,UNIQ205451,45082,Mumbai,MH
CUST105452,UNIQ205452,11769,Delhi,DL
CUST105453,UNIQ205453,23938,Bangalore,KA
CUST105454,UNIQ205454,54353,Lucknow,UP
CUST105455,UNIQ205455,21136,Indore,MP
CUST105456,UNIQ205456,28249,Chennai,TN
CUST105457,UNIQ205457,68238,Jaipur,RJ
CUST105458,UNIQ205458,50289,Delhi,DL
CUST105459,UNIQ205459,72771,Pune,MH
CUST105460,UNIQ205460,41956,Delhi,DL
CUST105461,UNIQ205461,45056,Bangalore,KA
CUST105462,UNIQ205462,26131,Coimbatore,TN
CUST105463,UNIQ205463,15836,Bangalore,KA
CUST105464,UNIQ205464,48894,Mumbai,MH
CUST105465,UNIQ205465,77048,Mumbai,MH
CUST105466,UNIQ205466,28590,Kolkata,WB
CUST105467,UNIQ205467,39401,Bangalore,KA
CUST105468,UNIQ205468,39710,Bangalore,KA
CUST105469,UNIQ205469,60512,Kolkata,WB
CUST105470,UNIQ205470,56309,Delhi,DL
CUST105471,UNIQ205471,47597,Coimbatore,TN
CUST105472,UNIQ205472,60429,Chennai,TN
CUST105473,UNIQ205473,24733,Coimbatore,TN
CUST105474,UNIQ205474,32224,Jaipur,RJ
CUST105475,UNIQ205475,39428,Mumbai,MH
CUST105476,UNIQ205476,46937,Mumbai,MH
CUST105477,UNIQ205477,19999,Pune,MH
CUST105478,UNIQ205478,53741,Ahmedabad,GJ
CUST105479,UNIQ205479,57250,Mumbai,MH
CUST105480,UNIQ205480,15681,Mumbai,MH
CUST105481,UNIQ205481,29805,Ahmedabad,GJ
CUST105482,UNIQ205482,66181,Delhi,DL
CUST105483,UNIQ205483,53888,Lucknow,UP
CUST105484,UNIQ205484,33771,Ahmedabad,GJ
CUST105485,UNIQ205485,65737,Coimbatore,TN
CUST105486,UNIQ205486,49526,Delhi,DL
CUST105487,UNIQ205487,47618,Ahmedabad,GJ
CUST105488,UNIQ205488,23621,Pune,MH
CUST105489,UNIQ205489,75437,Hyderabad,TS
CUST105490,UNIQ205490,58380,Coimbatore,TN
CUST105491,UNIQ205491,20009,Hyderabad,TS
CUST105492,UNIQ205492,29482,Bangalore,KA
CUST105493,UNIQ205493,29213,Coimbatore,TN
CUST105494,UNIQ205494,29369,Pune,MH
CUST105495,UNIQ205495,68549,Kolkata,WB
CUST105496,UNIQ205496,72709,Indore,MP
CUST105497,UNIQ205497,24832,Mumbai,MH
CUST105498,UNIQ205498,66027,Ahmedabad,GJ
CUST105499,UNIQ205499,46500,Indore,MP
CUST105500,UNIQ205500,21855,Delhi,DL
CUST105501,UNIQ205501,26716,Pune,MH
CUST105502,UNIQ205502,60465,Delhi,DL
CUST105503,UNIQ205503,51853,Pune,MH
CUST105504,UNIQ205504,65552,Jaipur,RJ
CUST105505,UNIQ205505,64256,Jaipur,RJ
CUST105506,UNIQ205506,53707,Ahmedabad,GJ
CUST105507,UNIQ205507,42231,Delhi,DL
CUST105508,UNIQ205508,64874,Kolkata,WB
CUST105509,UNIQ205509,75156,Lucknow,UP
CUST105510,UNIQ205510,79962,Lucknow,UP
CUST105511,UNIQ205511,79792,Jaipur,RJ
CUST105512,UNIQ205512,40161,Lucknow,UP
CUST105513,UNIQ205513,20959,Kolkata,WB
CUST105514,UNIQ205514,65291,Ahmedabad,GJ
CUST105515,UNIQ205515,38748,Lucknow,UP
CUST105516,UNIQ205516,21436,Indore,MP
CUST105517,UNIQ205517,57409,Chennai,TN
CUST105518,UNIQ205518,36644,Bangalore,KA
CUST105519,UNIQ205519,57500,Bangalore,KA
CUST105520,UNIQ205520,72118,Lucknow,UP
CUST105521,UNIQ205521,24438,Delhi,DL
CUST105522,UNIQ205522,55789,Bangalore,KA
CUST105523,UNIQ205523,28264,Pune,MH
CUST105524,UNIQ205524,70344,Hyderabad,TS
CUST105525,UNIQ205525,65191,Delhi,DL
CUST105526,UNIQ205526,37621,Chennai,TN
CUST105527,UNIQ205527,17322,Chennai,TN
CUST105528,UNIQ205528,28061,Indore,MP
CUST105529,UNIQ205529,28753,Mumbai,MH
CUST105530,UNIQ205530,13453,Kolkata,WB
CUST105531,UNIQ205531,65667,Indore,MP
CUST105532,UNIQ205532,17088,Pune,MH
CUST105533,UNIQ205533,23894,Indore,MP
CUST105534,UNIQ205534,19669,Coimbatore,TN
CUST105535,UNIQ205535,30732,Jaipur,RJ
CUST105536,UNIQ205536,29252,Bangalore,KA
CUST105537,UNIQ205537,28517,Pune,MH
CUST105538,UNIQ205538,42118,Mumbai,MH
CUST105539,UNIQ205539,11635,Mumbai,MH
CUST105540,UNIQ205540,64590,Ahmedabad,GJ
CUST105541,UNIQ205541,33910,Delhi,DL
CUST105542,UNIQ205542,28364,Jaipur,RJ
CUST105543,UNIQ205543,79133,Indore,MP
CUST105544,UNIQ205544,49257,Indore,MP
CUST105545,UNIQ205545,63939,Jaipur,RJ
CUST105546,UNIQ205546,54215,Indore,MP
CUST105547,UNIQ205547,11731,Jaipur,RJ
CUST105548,UNIQ205548,24583,Hyderabad,TS
CUST105549,UNIQ205549,17864,Delhi,DL
CUST105550,UNIQ205550,14209,Coimbatore,TN
CUST105551,UNIQ205551,32751,Ahmedabad,GJ
CUST105552,UNIQ205552,31017,Lucknow,UP
CUST105553,UNIQ205553,61955,Bangalore,KA
CUST105554,UNIQ205554,69545,Kolkata,WB
CUST105555,UNIQ205555,43823,Lucknow,UP
CUST105556,UNIQ205556,75781,Ahmedabad,GJ
CUST105557,UNIQ205557,39794,Hyderabad,TS
CUST105558,UNIQ205558,30552,Kolkata,WB
CUST105559,UNIQ205559,22050,Hyderabad,TS
CUST105560,UNIQ205560,59487,Lucknow,UP
CUST105561,UNIQ205561,37769,Delhi,DL
CUST105562,UNIQ205562,17339,Kolkata,WB
CUST105563,UNIQ205563,61418,Chennai,TN
CUST105564,UNIQ205564,20119,Delhi,DL
CUST105565,UNIQ205565,71398,Indore,MP
CUST105566,UNIQ205566,51050,Jaipur,RJ
CUST105567,UNIQ205567,63097,Coimbatore,TN
CUST105568,UNIQ205568,31603,Kolkata,WB
CUST105569,UNIQ205569,58690,Bangalore,KA
CUST105570,UNIQ205570,65603,Coimbatore,TN
CUST105571,UNIQ205571,45378,Chennai,TN
CUST105572,UNIQ205572,23683,Mumbai,MH
CUST105573,UNIQ205573,57540,Mumbai,MH
CUST105574,UNIQ205574,53970,Ahmedabad,GJ
CUST105575,UNIQ205575,41395,Bangalore,KA
CUST105576,UNIQ205576,31333,Hyderabad,TS
CUST105577,UNIQ205577,23954,Lucknow,UP
CUST105578,UNIQ205578,37775,Mumbai,MH
CUST105579,UNIQ205579,11438,Ahmedabad,GJ
CUST105580,UNIQ205580,34607,Hyderabad,TS
CUST105581,UNIQ205581,36440,Lucknow,UP
CUST105582,UNIQ205582,14242,Coimbatore,TN
CUST105583,UNIQ205583,45280,Chennai,TN
CUST105584,UNIQ205584,15881,Mumbai,MH
CUST105585,UNIQ205585,73413,Ahmedabad,GJ
CUST105586,UNIQ205586,16297,Bangalore,KA
CUST105587,UNIQ205587,22217,Pune,MH
CUST105588,UNIQ205588,11111,Hyderabad,TS
CUST105589,UNIQ205589,47015,Pune,MH
CUST105590,UNIQ205590,75564,Kolkata,WB
CUST105591,UNIQ205591,51218,Chennai,TN
CUST105592,UNIQ205592,56640,Kolkata,WB
CUST105593,UNIQ205593,22763,Delhi,DL
CUST105594,UNIQ205594,63383,Pune,MH
CUST105595,UNIQ205595,76005,Indore,MP
CUST105596,UNIQ205596,75821,Mumbai,MH
CUST105597,UNIQ205597,13104,Delhi,DL
CUST105598,UNIQ205598,60084,Ahmedabad,GJ
CUST105599,UNIQ205599,14903,Jaipur,RJ
CUST105600,UNIQ205600,31131,Hyderabad,TS
CUST105601,UNIQ205601,70700,Delhi,DL
CUST105602,UNIQ205602,22227,Mumbai,MH
CUST105603,UNIQ205603,40352,Indore,MP
CUST105604,UNIQ205604,28463,Chennai,TN
CUST105605,UNIQ205605,31108,Indore,MP
CUST105606,UNIQ205606,77672,Lucknow,UP
CUST105607,UNIQ205607,78588,Indore,MP
CUST105608,UNIQ205608,68652,Pune,MH
CUST105609,UNIQ205609,54436,Delhi,DL
CUST105610,UNIQ205610,57227,Hyderabad,TS
CUST105611,UNIQ205611,66479,Ahmedabad,GJ
CUST105612,UNIQ205612,60807,Bangalore,KA
CUST105613,UNIQ205613,37370,Chennai,TN
CUST105614,UNIQ205614,19830,Ahmedabad,GJ
CUST105615,UNIQ205615,75211,Delhi,DL
CUST105616,UNIQ205616,11958,Mumbai,MH
CUST105617,UNIQ205617,50572,Delhi,DL
CUST105618,UNIQ205618,21425,Lucknow,UP
CUST105619,UNIQ205619,22335,Jaipur,RJ
CUST105620,UNIQ205620,51119,Jaipur,RJ
CUST105621,UNIQ205621,48745,Delhi,DL
CUST105622,UNIQ205622,18934,Delhi,DL
CUST105623,UNIQ205623,57622,Hyderabad,TS
CUST105624,UNIQ205624,21695,Pune,MH
CUST105625,UNIQ205625,33486,Mumbai,MH
CUST105626,UNIQ205626,70390,Indore,MP
CUST105627,UNIQ205627,72031,Hyderabad,TS
CUST105628,UNIQ205628,67939,Hyderabad,TS
CUST105629,UNIQ205629,28408,Coimbatore,TN
CUST105630,UNIQ205630,73997,Mumbai,MH
CUST105631,UNIQ205631,57641,Bangalore,KA
CUST105632,UNIQ205632,62551,Hyderabad,TS
CUST105633,UNIQ205633,26906,Kolkata,WB
CUST105634,UNIQ205634,58068,Jaipur,RJ
CUST105635,UNIQ205635,51110,Lucknow,UP
CUST105636,UNIQ205636,20943,Pune,MH
CUST105637,UNIQ205637,64158,Coimbatore,TN
CUST105638,UNIQ205638,68994,Lucknow,UP
CUST105639,UNIQ205639,15593,Hyderabad,TS
CUST105640,UNIQ205640,17478,Ahmedabad,GJ
CUST105641,UNIQ205641,42088,Indore,MP
CUST105642,UNIQ205642,11041,Indore,MP
CUST105643,UNIQ205643,23801,Delhi,DL
CUST105644,UNIQ205644,59259,Hyderabad,TS
CUST105645,UNIQ205645,62334,Delhi,DL
CUST105646,UNIQ205646,39235,Mumbai,MH
CUST105647,UNIQ205647,70591,Kolkata,WB
CUST105648,UNIQ205648,22255,Coimbatore,TN
CUST105649,UNIQ205649,71063,Pune,MH
CUST105650,UNIQ205650,70929,Jaipur,RJ
CUST105651,UNIQ205651,21248,Mumbai,MH
CUST105652,UNIQ205652,24201,Delhi,DL
CUST105653,UNIQ205653,66769,Kolkata,WB
CUST105654,UNIQ205654,62628,Chennai,TN
CUST105655,UNIQ205655,18450,Pune,MH
CUST105656,UNIQ205656,54882,Pune,MH
CUST105657,UNIQ205657,73739,Ahmedabad,GJ
CUST105658,UNIQ205658,72419,Chennai,TN
CUST105659,UNIQ205659,46487,Mumbai,MH
CUST105660,UNIQ205660,15017,Jaipur,RJ
CUST105661,UNIQ205661,30413,Lucknow,UP
CUST105662,UNIQ205662,29072,Jaipur,RJ
CUST105663,UNIQ205663,37979,Coimbatore,TN
CUST105664,UNIQ205664,14105,Pune,MH
CUST105665,UNIQ205665,59844,Ahmedabad,GJ
CUST105666,UNIQ205666,57381,Bangalore,KA
CUST105667,UNIQ205667,72050,Kolkata,WB
CUST105668,UNIQ205668,17088,Chennai,TN
CUST105669,UNIQ205669,13007,Chennai,TN
CUST105670,UNIQ205670,65433,Coimbatore,TN
CUST105671,UNIQ205671,43039,Hyderabad,TS
CUST105672,UNIQ205672,33082,Coimbatore,TN
CUST105673,UNIQ205673,28577,Mumbai,MH
CUST105674,UNIQ205674,45901,Mumbai,MH
CUST105675,UNIQ205675,20709,Kolkata,WB
CUST105676,UNIQ205676,69168,Hyderabad,TS
CUST105677,UNIQ205677,78783,Kolkata,WB
CUST105678,UNIQ205678,44006,Chennai,TN
CUST105679,UNIQ205679,17044,Delhi,DL
CUST105680,UNIQ205680,66168,Mumbai,MH
CUST105681,UNIQ205681,48915,Pune,MH
CUST105682,UNIQ205682,36031,Delhi,DL
CUST105683,UNIQ205683,64932,Pune,MH
CUST105684,UNIQ205684,72324,Jaipur,RJ
CUST105685,UNIQ205685,31061,Lucknow,UP
CUST105686,UNIQ205686,67250,Indore,MP
CUST105687,UNIQ205687,61005,Pune,MH
CUST105688,UNIQ205688,36025,Bangalore,KA
CUST105689,UNIQ205689,28955,Mumbai,MH
CUST105690,UNIQ205690,51486,Pune,MH
CUST105691,UNIQ205691,29727,Bangalore,KA
CUST105692,UNIQ205692,29331,Jaipur,RJ
CUST105693,UNIQ205693,51472,Jaipur,RJ
CUST105694,UNIQ205694,63265,Mumbai,MH
CUST105695,UNIQ205695,78248,Hyderabad,TS
CUST105696,UNIQ205696,10481,Indore,MP
CUST105697,UNIQ205697,26478,Jaipur,RJ
CUST105698,UNIQ205698,68894,Coimbatore,TN
CUST105699,UNIQ205699,22772,Coimbatore,TN
CUST105700,UNIQ205700,38655,Bangalore,KA
CUST105701,UNIQ205701,34596,Indore,MP
CUST105702,UNIQ205702,31771,Kolkata,WB
CUST105703,UNIQ205703,59487,Ahmedabad,GJ
CUST105704,UNIQ205704,55624,Chennai,TN
CUST105705,UNIQ205705,35055,Chennai,TN
CUST105706,UNIQ205706,11883,Coimbatore,TN
CUST105707,UNIQ205707,57683,Pune,MH
CUST105708,UNIQ205708,49576,Bangalore,KA
CUST105709,UNIQ205709,75809,Hyderabad,TS
CUST105710,UNIQ205710,75422,Mumbai,MH
CUST105711,UNIQ205711,69768,Coimbatore,TN
CUST105712,UNIQ205712,63790,Kolkata,WB
CUST105713,UNIQ205713,56165,Pune,MH
CUST105714,UNIQ205714,65816,Lucknow,UP
CUST105715,UNIQ205715,54017,Lucknow,UP
CUST105716,UNIQ205716,33044,Mumbai,MH
CUST105717,UNIQ205717,66149,Jaipur,RJ
CUST105718,UNIQ205718,33186,Pune,MH
CUST105719,UNIQ205719,31319,Lucknow,UP
CUST105720,UNIQ205720,67131,Lucknow,UP
CUST105721,UNIQ205721,47359,Kolkata,WB
CUST105722,UNIQ205722,67343,Coimbatore,TN
CUST105723,UNIQ205723,47125,Coimbatore,TN
CUST105724,UNIQ205724,23005,Indore,MP
CUST105725,UNIQ205725,23606,Mumbai,MH
CUST105726,UNIQ205726,12153,Mumbai,MH
CUST105727,UNIQ205727,63907,Ahmedabad,GJ
CUST105728,UNIQ205728,75064,Mumbai,MH
CUST105729,UNIQ205729,23068,Indore,MP
CUST105730,UNIQ205730,68209,Coimbatore,TN
CUST105731,UNIQ205731,14277,Lucknow,UP
CUST105732,UNIQ205732,47998,Coimbatore,TN
CUST105733,UNIQ205733,37770,Kolkata,WB
CUST105734,UNIQ205734,69589,Chennai,TN
CUST105735,UNIQ205735,59948,Lucknow,UP
CUST105736,UNIQ205736,35632,Mumbai,MH
CUST105737,UNIQ205737,26310,Jaipur,RJ
CUST105738,UNIQ205738,70810,Pune,MH
CUST105739,UNIQ205739,61879,Kolkata,WB
CUST105740,UNIQ205740,59105,Bangalore,KA
CUST105741,UNIQ205741,76527,Chennai,TN
CUST105742,UNIQ205742,45076,Hyderabad,TS
CUST105743,UNIQ205743,44668,Coimbatore,TN
CUST105744,UNIQ205744,64357,Hyderabad,TS
CUST105745,UNIQ205745,41661,Coimbatore,TN
CUST105746,UNIQ205746,64336,Bangalore,KA
CUST105747,UNIQ205747,12035,Bangalore,KA
CUST105748,UNIQ205748,30103,Bangalore,KA
CUST105749,UNIQ205749,78021,Pune,MH
CUST105750,UNIQ205750,51611,Indore,MP
CUST105751,UNIQ205751,32336,Pune,MH
CUST105752,UNIQ205752,66363,Ahmedabad,GJ
CUST105753,UNIQ205753,61296,Chennai,TN
CUST105754,UNIQ205754,61552,Chennai,TN
CUST105755,UNIQ205755,66243,Bangalore,KA
CUST105756,UNIQ205756,61172,Delhi,DL
CUST105757,UNIQ205757,32769,Indore,MP
CUST105758,UNIQ205758,51697,Kolkata,WB
CUST105759,UNIQ205759,30767,Lucknow,UP
CUST105760,UNIQ205760,40273,Kolkata,WB
CUST105761,UNIQ205761,26558,Mumbai,MH
CUST105762,UNIQ205762,25515,Lucknow,UP
CUST105763,UNIQ205763,61381,Coimbatore,TN
CUST105764,UNIQ205764,44108,Coimbatore,TN
CUST105765,UNIQ205765,30847,Lucknow,UP
CUST105766,UNIQ205766,36707,Pune,MH
CUST105767,UNIQ205767,22224,Mumbai,MH
CUST105768,UNIQ205768,67333,Bangalore,KA
CUST105769,UNIQ205769,30060,Bangalore,KA
CUST105770,UNIQ205770,20324,Bangalore,KA
CUST105771,UNIQ205771,60122,Ahmedabad,GJ
CUST105772,UNIQ205772,27111,Bangalore,KA
CUST105773,UNIQ205773,56939,Jaipur,RJ
CUST105774,UNIQ205774,41420,Delhi,DL
CUST105775,UNIQ205775,39065,Coimbatore,TN
CUST105776,UNIQ205776,35405,Hyderabad,TS
CUST105777,UNIQ205777,42145,Lucknow,UP
CUST105778,UNIQ205778,59559,Indore,MP
CUST105779,UNIQ205779,16782,Hyderabad,TS
CUST105780,UNIQ205780,20874,Hyderabad,TS
CUST105781,UNIQ205781,13033,Delhi,DL
CUST105782,UNIQ205782,23555,Coimbatore,TN
CUST105783,UNIQ205783,70178,Mumbai,MH
CUST105784,UNIQ205784,26080,Ahmedabad,GJ
CUST105785,UNIQ205785,28590,Mumbai,MH
CUST105786,UNIQ205786,44340,Hyderabad,TS
CUST105787,UNIQ205787,22160,Delhi,DL
CUST105788,UNIQ205788,74781,Mumbai,MH
CUST105789,UNIQ205789,37259,Pune,MH
CUST105790,UNIQ205790,23195,Kolkata,WB
CUST105791,UNIQ205791,12877,Jaipur,RJ
CUST105792,UNIQ205792,19643,Kolkata,WB
CUST105793,UNIQ205793,20002,Jaipur,RJ
CUST105794,UNIQ205794,65038,Chennai,TN
CUST105795,UNIQ205795,51102,Kolkata,WB
CUST105796,UNIQ205796,69097,Coimbatore,TN
CUST105797,UNIQ205797,33567,Delhi,DL
CUST105798,UNIQ205798,11329,Hyderabad,TS
CUST105799,UNIQ205799,14122,Delhi,DL
CUST105800,UNIQ205800,54932,Mumbai,MH
CUST105801,UNIQ205801,73427,Pune,MH
CUST105802,UNIQ205802,10657,Ahmedabad,GJ
CUST105803,UNIQ205803,78386,Delhi,DL
CUST105804,UNIQ205804,43357,Indore,MP
CUST105805,UNIQ205805,35276,Mumbai,MH
CUST105806,UNIQ205806,13873,Ahmedabad,GJ
CUST105807,UNIQ205807,13019,Lucknow,UP
CUST105808,UNIQ205808,77075,Lucknow,UP
CUST105809,UNIQ205809,38351,Delhi,DL
CUST105810,UNIQ205810,25045,Pune,MH
CUST105811,UNIQ205811,13866,Chennai,TN
CUST105812,UNIQ205812,28161,Pune,MH
CUST105813,UNIQ205813,20937,Chennai,TN
CUST105814,UNIQ205814,26591,Indore,MP
CUST105815,UNIQ205815,45870,Hyderabad,TS
CUST105816,UNIQ205816,36114,Jaipur,RJ
CUST105817,UNIQ205817,55685,Mumbai,MH
CUST105818,UNIQ205818,48577,Indore,MP
CUST105819,UNIQ205819,74985,Jaipur,RJ
CUST105820,UNIQ205820,77194,Kolkata,WB
CUST105821,UNIQ205821,35304,Kolkata,WB
CUST105822,UNIQ205822,32670,Hyderabad,TS
CUST105823,UNIQ205823,46842,Chennai,TN
CUST105824,UNIQ205824,23486,Kolkata,WB
CUST105825,UNIQ205825,50840,Ahmedabad,GJ
CUST105826,UNIQ205826,36978,Delhi,DL
CUST105827,UNIQ205827,73941,Indore,MP
CUST105828,UNIQ205828,68478,Kolkata,WB
CUST105829,UNIQ205829,45608,Kolkata,WB
CUST105830,UNIQ205830,24097,Pune,MH
CUST105831,UNIQ205831,60206,Ahmedabad,GJ
CUST105832,UNIQ205832,36177,Kolkata,WB
CUST105833,UNIQ205833,56257,Ahmedabad,GJ
CUST105834,UNIQ205834,18423,Pune,MH
CUST105835,UNIQ205835,31921,Jaipur,RJ
CUST105836,UNIQ205836,77024,Bangalore,KA
CUST105837,UNIQ205837,63714,Hyderabad,TS
CUST105838,UNIQ205838,79533,Hyderabad,TS
CUST105839,UNIQ205839,62206,Pune,MH
CUST105840,UNIQ205840,25027,Bangalore,KA
CUST105841,UNIQ205841,52294,Delhi,DL
CUST105842,UNIQ205842,34368,Kolkata,WB
CUST105843,UNIQ205843,42154,Pune,MH
CUST105844,UNIQ205844,38204,Mumbai,MH
CUST105845,UNIQ205845,58714,Coimbatore,TN
CUST105846,UNIQ205846,29010,Pune,MH
CUST105847,UNIQ205847,26030,Pune,MH
CUST105848,UNIQ205848,51758,Bangalore,KA
CUST105849,UNIQ205849,11428,Indore,MP
CUST105850,UNIQ205850,53105,Indore,MP
CUST105851,UNIQ205851,70997,Chennai,TN
CUST105852,UNIQ205852,52147,Ahmedabad,GJ
CUST105853,UNIQ205853,18681,Chennai,TN
CUST105854,UNIQ205854,47173,Kolkata,WB
CUST105855,UNIQ205855,37810,Ahmedabad,GJ
CUST105856,UNIQ205856,38503,Lucknow,UP
CUST105857,UNIQ205857,46444,Mumbai,MH
CUST105858,UNIQ205858,19807,Indore,MP
CUST105859,UNIQ205859,65279,Ahmedabad,GJ
CUST105860,UNIQ205860,67043,Coimbatore,TN
CUST105861,UNIQ205861,51958,Pune,MH
CUST105862,UNIQ205862,35837,Chennai,TN
CUST105863,UNIQ205863,74740,Bangalore,KA
CUST105864,UNIQ205864,16133,Jaipur,RJ
CUST105865,UNIQ205865,65212,Hyderabad,TS
CUST105866,UNIQ205866,26265,Mumbai,MH
CUST105867,UNIQ205867,32431,Jaipur,RJ
CUST105868,UNIQ205868,52844,Ahmedabad,GJ
CUST105869,UNIQ205869,60181,Ahmedabad,GJ
CUST105870,UNIQ205870,12787,Chennai,TN
CUST105871,UNIQ205871,12337,Hyderabad,TS
CUST105872,UNIQ205872,10609,Coimbatore,TN
CUST105873,UNIQ205873,47272,Jaipur,RJ
CUST105874,UNIQ205874,62797,Delhi,DL
CUST105875,UNIQ205875,79922,Bangalore,KA
CUST105876,UNIQ205876,15127,Lucknow,UP
CUST105877,UNIQ205877,12132,Pune,MH
CUST105878,UNIQ205878,71589,Mumbai,MH
CUST105879,UNIQ205879,64405,Mumbai,MH
CUST105880,UNIQ205880,49452,Indore,MP
CUST105881,UNIQ205881,51574,Hyderabad,TS
CUST105882,UNIQ205882,62473,Pune,MH
CUST105883,UNIQ205883,51048,Mumbai,MH
CUST105884,UNIQ205884,16169,Jaipur,RJ
CUST105885,UNIQ205885,49117,Kolkata,WB
CUST105886,UNIQ205886,69582,Indore,MP
CUST105887,UNIQ205887,25913,Jaipur,RJ
CUST105888,UNIQ205888,23466,Pune,MH
CUST105889,UNIQ205889,39362,Bangalore,KA
CUST105890,UNIQ205890,11362,Bangalore,KA
CUST105891,UNIQ205891,23780,Delhi,DL
CUST105892,UNIQ205892,67105,Pune,MH
CUST105893,UNIQ205893,32307,Chennai,TN
CUST105894,UNIQ205894,35055,Mumbai,MH
CUST105895,UNIQ205895,58349,Indore,MP
CUST105896,UNIQ205896,10647,Lucknow,UP
CUST105897,UNIQ205897,16880,Indore,MP
CUST105898,UNIQ205898,15646,Hyderabad,TS
CUST105899,UNIQ205899,16291,Mumbai,MH
CUST105900,UNIQ205900,19835,Hyderabad,TS
CUST105901,UNIQ205901,53165,Hyderabad,TS
CUST105902,UNIQ205902,59749,Indore,MP
CUST105903,UNIQ205903,32326,Hyderabad,TS
CUST105904,UNIQ205904,70384,Delhi,DL
CUST105905,UNIQ205905,26552,Mumbai,MH
CUST105906,UNIQ205906,29398,Pune,MH
CUST105907,UNIQ205907,64171,Ahmedabad,GJ
CUST105908,UNIQ205908,68560,Coimbatore,TN
CUST105909,UNIQ205909,26039,Coimbatore,TN
CUST105910,UNIQ205910,79152,Lucknow,UP
CUST105911,UNIQ205911,72642,Chennai,TN
CUST105912,UNIQ205912,74238,Coimbatore,TN
CUST105913,UNIQ205913,52193,Hyderabad,TS
CUST105914,UNIQ205914,73269,Indore,MP
CUST105915,UNIQ205915,22032,Chennai,TN
CUST105916,UNIQ205916,48828,Hyderabad,TS
CUST105917,UNIQ205917,20852,Indore,MP
CUST105918,UNIQ205918,41768,Pune,MH
CUST105919,UNIQ205919,36986,Coimbatore,TN
CUST105920,UNIQ205920,20225,Indore,MP
CUST105921,UNIQ205921,74828,Mumbai,MH
CUST105922,UNIQ205922,37849,Bangalore,KA
CUST105923,UNIQ205923,38329,Bangalore,KA
CUST105924,UNIQ205924,60470,Jaipur,RJ
CUST105925,UNIQ205925,73916,Chennai,TN
CUST105926,UNIQ205926,54623,Mumbai,MH
CUST105927,UNIQ205927,79159,Chennai,TN
CUST105928,UNIQ205928,51072,Lucknow,UP
CUST105929,UNIQ205929,69509,Hyderabad,TS
CUST105930,UNIQ205930,30184,Coimbatore,TN
CUST105931,UNIQ205931,23849,Lucknow,UP
CUST105932,UNIQ205932,38676,Delhi,DL
CUST105933,UNIQ205933,60538,Pune,MH
CUST105934,UNIQ205934,77300,Jaipur,RJ
CUST105935,UNIQ205935,62455,Chennai,TN
CUST105936,UNIQ205936,18996,Chennai,TN
CUST105937,UNIQ205937,65455,Hyderabad,TS
CUST105938,UNIQ205938,50258,Delhi,DL
CUST105939,UNIQ205939,23377,Ahmedabad,GJ
CUST105940,UNIQ205940,70418,Delhi,DL
CUST105941,UNIQ205941,24444,Mumbai,MH
CUST105942,UNIQ205942,12174,Chennai,TN
CUST105943,UNIQ205943,34514,Jaipur,RJ
CUST105944,UNIQ205944,13746,Hyderabad,TS
CUST105945,UNIQ205945,79584,Jaipur,RJ
CUST105946,UNIQ205946,56131,Jaipur,RJ
CUST105947,UNIQ205947,25509,Hyderabad,TS
CUST105948,UNIQ205948,21018,Lucknow,UP
CUST105949,UNIQ205949,66554,Pune,MH
CUST105950,UNIQ205950,29742,Chennai,TN
CUST105951,UNIQ205951,75823,Kolkata,WB
CUST105952,UNIQ205952,76574,Kolkata,WB
CUST105953,UNIQ205953,16967,Pune,MH
CUST105954,UNIQ205954,45728,Jaipur,RJ
CUST105955,UNIQ205955,22820,Pune,MH
CUST105956,UNIQ205956,60137,Bangalore,KA
CUST105957,UNIQ205957,65389,Indore,MP
CUST105958,UNIQ205958,48535,Chennai,TN
CUST105959,UNIQ205959,62781,Chennai,TN
CUST105960,UNIQ205960,46166,Delhi,DL
CUST105961,UNIQ205961,74699,Lucknow,UP
CUST105962,UNIQ205962,66828,Lucknow,UP
CUST105963,UNIQ205963,16536,Mumbai,MH
CUST105964,UNIQ205964,42629,Coimbatore,TN
CUST105965,UNIQ205965,38780,Mumbai,MH
CUST105966,UNIQ205966,16964,Mumbai,MH
CUST105967,UNIQ205967,44888,Bangalore,KA
CUST105968,UNIQ205968,18630,Chennai,TN
CUST105969,UNIQ205969,23242,Lucknow,UP
CUST105970,UNIQ205970,39683,Hyderabad,TS
CUST105971,UNIQ205971,63026,Ahmedabad,GJ
CUST105972,UNIQ205972,61496,Kolkata,WB
CUST105973,UNIQ205973,38821,Mumbai,MH
CUST105974,UNIQ205974,45162,Indore,MP
CUST105975,UNIQ205975,36962,Jaipur,RJ
CUST105976,UNIQ205976,36683,Delhi,DL
CUST105977,UNIQ205977,47747,Pune,MH
CUST105978,UNIQ205978,47745,Indore,MP
CUST105979,UNIQ205979,10407,Indore,MP
CUST105980,UNIQ205980,34258,Mumbai,MH
CUST105981,UNIQ205981,72489,Lucknow,UP
CUST105982,UNIQ205982,50019,Indore,MP
CUST105983,UNIQ205983,41276,Indore,MP
CUST105984,UNIQ205984,51302,Delhi,DL
CUST105985,UNIQ205985,19103,Coimbatore,TN
CUST105986,UNIQ205986,34555,Delhi,DL
CUST105987,UNIQ205987,69666,Pune,MH
CUST105988,UNIQ205988,11669,Delhi,DL
CUST105989,UNIQ205989,72206,Coimbatore,TN
CUST105990,UNIQ205990,53785,Kolkata,WB
CUST105991,UNIQ205991,33267,Bangalore,KA
CUST105992,UNIQ205992,20089,Hyderabad,TS
CUST105993,UNIQ205993,11275,Delhi,DL
CUST105994,UNIQ205994,56156,Ahmedabad,GJ
CUST105995,UNIQ205995,10131,Jaipur,RJ
CUST105996,UNIQ205996,42441,Jaipur,RJ
CUST105997,UNIQ205997,24337,Jaipur,RJ
CUST105998,UNIQ205998,12279,Bangalore,KA
CUST105999,UNIQ205999,48097,Ahmedabad,GJ
CUST106000,UNIQ206000,78848,Chennai,TN
CUST106001,UNIQ206001,31928,Lucknow,UP
CUST106002,UNIQ206002,22308,Delhi,DL
CUST106003,UNIQ206003,49924,Mumbai,MH
CUST106004,UNIQ206004,53997,Indore,MP
CUST106005,UNIQ206005,74312,Jaipur,RJ
CUST106006,UNIQ206006,55977,Indore,MP
CUST106007,UNIQ206007,43730,Lucknow,UP
CUST106008,UNIQ206008,73765,Coimbatore,TN
CUST106009,UNIQ206009,57748,Hyderabad,TS
CUST106010,UNIQ206010,11777,Jaipur,RJ
CUST106011,UNIQ206011,49470,Pune,MH
CUST106012,UNIQ206012,53743,Indore,MP
CUST106013,UNIQ206013,73485,Lucknow,UP
CUST106014,UNIQ206014,45381,Mumbai,MH
CUST106015,UNIQ206015,78066,Coimbatore,TN
CUST106016,UNIQ206016,12716,Indore,MP
CUST106017,UNIQ206017,63781,Delhi,DL
CUST106018,UNIQ206018,28564,Chennai,TN
CUST106019,UNIQ206019,75251,Pune,MH
CUST106020,UNIQ206020,42029,Bangalore,KA
CUST106021,UNIQ206021,66455,Ahmedabad,GJ
CUST106022,UNIQ206022,37041,Pune,MH
CUST106023,UNIQ206023,21701,Indore,MP
CUST106024,UNIQ206024,59516,Chennai,TN
CUST106025,UNIQ206025,24146,Coimbatore,TN
CUST106026,UNIQ206026,68886,Hyderabad,TS
CUST106027,UNIQ206027,32931,Lucknow,UP
CUST106028,UNIQ206028,55723,Hyderabad,TS
CUST106029,UNIQ206029,61252,Pune,MH
CUST106030,UNIQ206030,64695,Ahmedabad,GJ
CUST106031,UNIQ206031,50543,Hyderabad,TS
CUST106032,UNIQ206032,15387,Chennai,TN
CUST106033,UNIQ206033,78167,Ahmedabad,GJ
CUST106034,UNIQ206034,54993,Indore,MP
CUST106035,UNIQ206035,26116,Ahmedabad,GJ
CUST106036,UNIQ206036,69641,Kolkata,WB
CUST106037,UNIQ206037,55481,Ahmedabad,GJ
CUST106038,UNIQ206038,24442,Hyderabad,TS
CUST106039,UNIQ206039,75395,Bangalore,KA
CUST106040,UNIQ206040,29284,Coimbatore,TN
CUST106041,UNIQ206041,29690,Jaipur,RJ
CUST106042,UNIQ206042,47982,Lucknow,UP
CUST106043,UNIQ206043,31313,Ahmedabad,GJ
CUST106044,UNIQ206044,73809,Hyderabad,TS
CUST106045,UNIQ206045,18469,Hyderabad,TS
CUST106046,UNIQ206046,12043,Hyderabad,TS
CUST106047,UNIQ206047,15367,Jaipur,RJ
CUST106048,UNIQ206048,47095,Chennai,TN
CUST106049,UNIQ206049,26178,Ahmedabad,GJ
CUST106050,UNIQ206050,74011,Bangalore,KA
CUST106051,UNIQ206051,10667,Hyderabad,TS
CUST106052,UNIQ206052,56170,Kolkata,WB
CUST106053,UNIQ206053,10084,Coimbatore,TN
CUST106054,UNIQ206054,42955,Bangalore,KA
CUST106055,UNIQ206055,55903,Delhi,DL
CUST106056,UNIQ206056,75797,Hyderabad,TS
CUST106057,UNIQ206057,30321,Coimbatore,TN
CUST106058,UNIQ206058,45477,Mumbai,MH
CUST106059,UNIQ206059,35785,Delhi,DL
CUST106060,UNIQ206060,20579,Kolkata,WB
CUST106061,UNIQ206061,38686,Hyderabad,TS
CUST106062,UNIQ206062,72020,Bangalore,KA
CUST106063,UNIQ206063,42601,Pune,MH
CUST106064,UNIQ206064,60625,Coimbatore,TN
CUST106065,UNIQ206065,62312,Kolkata,WB
CUST106066,UNIQ206066,44243,Mumbai,MH
CUST106067,UNIQ206067,50728,Hyderabad,TS
CUST106068,UNIQ206068,67123,Delhi,DL
CUST106069,UNIQ206069,52268,Coimbatore,TN
CUST106070,UNIQ206070,28242,Ahmedabad,GJ
CUST106071,UNIQ206071,36149,Coimbatore,TN
CUST106072,UNIQ206072,27785,Hyderabad,TS
CUST106073,UNIQ206073,36151,Kolkata,WB
CUST106074,UNIQ206074,49976,Hyderabad,TS
CUST106075,UNIQ206075,48972,Mumbai,MH
CUST106076,UNIQ206076,70444,Ahmedabad,GJ
CUST106077,UNIQ206077,34034,Lucknow,UP
CUST106078,UNIQ206078,67264,Kolkata,WB
CUST106079,UNIQ206079,28167,Mumbai,MH
CUST106080,UNIQ206080,67920,Lucknow,UP
CUST106081,UNIQ206081,51059,Indore,MP
CUST106082,UNIQ206082,56865,Lucknow,UP
CUST106083,UNIQ206083,56424,Jaipur,RJ
CUST106084,UNIQ206084,71151,Kolkata,WB
CUST106085,UNIQ206085,63773,Kolkata,WB
CUST106086,UNIQ206086,13627,Jaipur,RJ
CUST106087,UNIQ206087,13463,Lucknow,UP
CUST106088,UNIQ206088,21590,Kolkata,WB
CUST106089,UNIQ206089,49634,Delhi,DL
CUST106090,UNIQ206090,77135,Chennai,TN
CUST106091,UNIQ206091,26682,Pune,MH
CUST106092,UNIQ206092,48449,Ahmedabad,GJ
CUST106093,UNIQ206093,61466,Bangalore,KA
CUST106094,UNIQ206094,62814,Delhi,DL
CUST106095,UNIQ206095,10780,Coimbatore,TN
CUST106096,UNIQ206096,77896,Jaipur,RJ
CUST106097,UNIQ206097,17123,Jaipur,RJ
CUST106098,UNIQ206098,17168,Mumbai,MH
CUST106099,UNIQ206099,24031,Hyderabad,TS
CUST106100,UNIQ206100,22766,Pune,MH
CUST106101,UNIQ206101,73106,Hyderabad,TS
CUST106102,UNIQ206102,53425,Indore,MP
CUST106103,UNIQ206103,25917,Bangalore,KA
CUST106104,UNIQ206104,76954,Indore,MP
CUST106105,UNIQ206105,16949,Indore,MP
CUST106106,UNIQ206106,36878,Indore,MP
CUST106107,UNIQ206107,28894,Lucknow,UP
CUST106108,UNIQ206108,74920,Lucknow,UP
CUST106109,UNIQ206109,39300,Delhi,DL
CUST106110,UNIQ206110,30286,Coimbatore,TN
CUST106111,UNIQ206111,50749,Hyderabad,TS
CUST106112,UNIQ206112,10845,Indore,MP
CUST106113,UNIQ206113,36306,Jaipur,RJ
CUST106114,UNIQ206114,18800,Mumbai,MH
CUST106115,UNIQ206115,30056,Bangalore,KA
CUST106116,UNIQ206116,25864,Ahmedabad,GJ
CUST106117,UNIQ206117,22696,Lucknow,UP
CUST106118,UNIQ206118,36777,Chennai,TN
CUST106119,UNIQ206119,72094,Mumbai,MH
CUST106120,UNIQ206120,76296,Bangalore,KA
CUST106121,UNIQ206121,61211,Jaipur,RJ
CUST106122,UNIQ206122,25966,Bangalore,KA
CUST106123,UNIQ206123,63026,Hyderabad,TS
CUST106124,UNIQ206124,34123,Jaipur,RJ
CUST106125,UNIQ206125,44114,Chennai,TN
CUST106126,UNIQ206126,67557,Ahmedabad,GJ
CUST106127,UNIQ206127,26147,Coimbatore,TN
CUST106128,UNIQ206128,29168,Kolkata,WB
CUST106129,UNIQ206129,12838,Coimbatore,TN
CUST106130,UNIQ206130,28571,Delhi,DL
CUST106131,UNIQ206131,41546,Indore,MP
CUST106132,UNIQ206132,77045,Delhi,DL
CUST106133,UNIQ206133,36260,Indore,MP
CUST106134,UNIQ206134,72975,Jaipur,RJ
CUST106135,UNIQ206135,47938,Hyderabad,TS
CUST106136,UNIQ206136,23109,Coimbatore,TN
CUST106137,UNIQ206137,74613,Ahmedabad,GJ
CUST106138,UNIQ206138,46068,Pune,MH
CUST106139,UNIQ206139,60570,Kolkata,WB
CUST106140,UNIQ206140,24068,Indore,MP
CUST106141,UNIQ206141,64643,Jaipur,RJ
CUST106142,UNIQ206142,29420,Kolkata,WB
CUST106143,UNIQ206143,47148,Bangalore,KA
CUST106144,UNIQ206144,25745,Jaipur,RJ
CUST106145,UNIQ206145,61043,Ahmedabad,GJ
CUST106146,UNIQ206146,49683,Bangalore,KA
CUST106147,UNIQ206147,68258,Bangalore,KA
CUST106148,UNIQ206148,56494,Bangalore,KA
CUST106149,UNIQ206149,71329,Delhi,DL
CUST106150,UNIQ206150,70076,Indore,MP
CUST106151,UNIQ206151,11195,Hyderabad,TS
CUST106152,UNIQ206152,56890,Delhi,DL
CUST106153,UNIQ206153,75956,Lucknow,UP
CUST106154,UNIQ206154,55722,Chennai,TN
CUST106155,UNIQ206155,78820,Indore,MP
CUST106156,UNIQ206156,77245,Kolkata,WB
CUST106157,UNIQ206157,32871,Mumbai,MH
CUST106158,UNIQ206158,29844,Coimbatore,TN
CUST106159,UNIQ206159,54471,Pune,MH
CUST106160,UNIQ206160,28355,Jaipur,RJ
CUST106161,UNIQ206161,49705,Hyderabad,TS
CUST106162,UNIQ206162,18940,Kolkata,WB
CUST106163,UNIQ206163,73405,Coimbatore,TN
CUST106164,UNIQ206164,71833,Kolkata,WB
CUST106165,UNIQ206165,33642,Ahmedabad,GJ
CUST106166,UNIQ206166,76450,Ahmedabad,GJ
CUST106167,UNIQ206167,78869,Coimbatore,TN
CUST106168,UNIQ206168,26963,Hyderabad,TS
CUST106169,UNIQ206169,52477,Indore,MP
CUST106170,UNIQ206170,55625,Ahmedabad,GJ
CUST106171,UNIQ206171,62923,Ahmedabad,GJ
CUST106172,UNIQ206172,15888,Mumbai,MH
CUST106173,UNIQ206173,30863,Bangalore,KA
CUST106174,UNIQ206174,22653,Chennai,TN
CUST106175,UNIQ206175,23922,Coimbatore,TN
CUST106176,UNIQ206176,72444,Jaipur,RJ
CUST106177,UNIQ206177,40347,Pune,MH
CUST106178,UNIQ206178,41013,Indore,MP
CUST106179,UNIQ206179,32806,Mumbai,MH
CUST106180,UNIQ206180,60342,Indore,MP
CUST106181,UNIQ206181,18437,Kolkata,WB
CUST106182,UNIQ206182,42831,Bangalore,KA
CUST106183,UNIQ206183,14904,Mumbai,MH
CUST106184,UNIQ206184,19552,Indore,MP
CUST106185,UNIQ206185,59063,Jaipur,RJ
CUST106186,UNIQ206186,13861,Ahmedabad,GJ
CUST106187,UNIQ206187,52094,Delhi,DL
CUST106188,UNIQ206188,68918,Mumbai,MH
CUST106189,UNIQ206189,27460,Kolkata,WB
CUST106190,UNIQ206190,36179,Coimbatore,TN
CUST106191,UNIQ206191,43095,Chennai,TN
CUST106192,UNIQ206192,67345,Jaipur,RJ
CUST106193,UNIQ206193,47498,Coimbatore,TN
CUST106194,UNIQ206194,36370,Chennai,TN
CUST106195,UNIQ206195,31245,Indore,MP
CUST106196,UNIQ206196,79275,Kolkata,WB
CUST106197,UNIQ206197,21274,Chennai,TN
CUST106198,UNIQ206198,13177,Ahmedabad,GJ
CUST106199,UNIQ206199,22609,Coimbatore,TN
CUST106200,UNIQ206200,14356,Chennai,TN
CUST106201,UNIQ206201,10686,Delhi,DL
CUST106202,UNIQ206202,63480,Pune,MH
CUST106203,UNIQ206203,19432,Ahmedabad,GJ
CUST106204,UNIQ206204,34288,Pune,MH
CUST106205,UNIQ206205,79226,Coimbatore,TN
CUST106206,UNIQ206206,34921,Jaipur,RJ
CUST106207,UNIQ206207,72093,Chennai,TN
CUST106208,UNIQ206208,56151,Lucknow,UP
CUST106209,UNIQ206209,28071,Pune,MH
CUST106210,UNIQ206210,67524,Mumbai,MH
CUST106211,UNIQ206211,59298,Kolkata,WB
CUST106212,UNIQ206212,20242,Mumbai,MH
CUST106213,UNIQ206213,77796,Delhi,DL
CUST106214,UNIQ206214,23226,Hyderabad,TS
CUST106215,UNIQ206215,75367,Mumbai,MH
CUST106216,UNIQ206216,16747,Chennai,TN
CUST106217,UNIQ206217,53374,Ahmedabad,GJ
CUST106218,UNIQ206218,39362,Bangalore,KA
CUST106219,UNIQ206219,42949,Hyderabad,TS
CUST106220,UNIQ206220,56911,Kolkata,WB
CUST106221,UNIQ206221,30691,Mumbai,MH
CUST106222,UNIQ206222,19801,Hyderabad,TS
CUST106223,UNIQ206223,41640,Lucknow,UP
CUST106224,UNIQ206224,75542,Lucknow,UP
CUST106225,UNIQ206225,62326,Hyderabad,TS
CUST106226,UNIQ206226,17424,Ahmedabad,GJ
CUST106227,UNIQ206227,24532,Lucknow,UP
CUST106228,UNIQ206228,71732,Ahmedabad,GJ
CUST106229,UNIQ206229,13929,Hyderabad,TS
CUST106230,UNIQ206230,54308,Bangalore,KA
CUST106231,UNIQ206231,44194,Kolkata,WB
CUST106232,UNIQ206232,53848,Chennai,TN
CUST106233,UNIQ206233,28256,Bangalore,KA
CUST106234,UNIQ206234,53202,Chennai,TN
CUST106235,UNIQ206235,18169,Coimbatore,TN
CUST106236,UNIQ206236,74691,Chennai,TN
CUST106237,UNIQ206237,14634,Mumbai,MH
CUST106238,UNIQ206238,19275,Pune,MH
CUST106239,UNIQ206239,20563,Kolkata,WB
CUST106240,UNIQ206240,72753,Lucknow,UP
CUST106241,UNIQ206241,45456,Delhi,DL
CUST106242,UNIQ206242,15471,Indore,MP
CUST106243,UNIQ206243,14666,Mumbai,MH
CUST106244,UNIQ206244,76532,Jaipur,RJ
CUST106245,UNIQ206245,55908,Chennai,TN
CUST106246,UNIQ206246,72599,Kolkata,WB
CUST106247,UNIQ206247,39852,Hyderabad,TS
CUST106248,UNIQ206248,17255,Bangalore,KA
CUST106249,UNIQ206249,35712,Bangalore,KA
CUST106250,UNIQ206250,59727,Lucknow,UP
CUST106251,UNIQ206251,12371,Coimbatore,TN
CUST106252,UNIQ206252,73199,Lucknow,UP
CUST106253,UNIQ206253,60741,Bangalore,KA
CUST106254,UNIQ206254,26415,Kolkata,WB
CUST106255,UNIQ206255,65945,Kolkata,WB
CUST106256,UNIQ206256,28057,Lucknow,UP
CUST106257,UNIQ206257,67403,Mumbai,MH
CUST106258,UNIQ206258,58196,Mumbai,MH
CUST106259,UNIQ206259,35381,Pune,MH
CUST106260,UNIQ206260,67216,Pune,MH
CUST106261,UNIQ206261,41217,Bangalore,KA
CUST106262,UNIQ206262,22057,Chennai,TN
CUST106263,UNIQ206263,11317,Ahmedabad,GJ
CUST106264,UNIQ206264,64141,Chennai,TN
CUST106265,UNIQ206265,16000,Indore,MP
CUST106266,UNIQ206266,42757,Bangalore,KA
CUST106267,UNIQ206267,20041,Bangalore,KA
CUST106268,UNIQ206268,26608,Bangalore,KA
CUST106269,UNIQ206269,33670,Jaipur,RJ
CUST106270,UNIQ206270,15730,Hyderabad,TS
CUST106271,UNIQ206271,55831,Pune,MH
CUST106272,UNIQ206272,42013,Ahmedabad,GJ
CUST106273,UNIQ206273,27002,Hyderabad,TS
CUST106274,UNIQ206274,62142,Ahmedabad,GJ
CUST106275,UNIQ206275,26040,Jaipur,RJ
CUST106276,UNIQ206276,20066,Coimbatore,TN
CUST106277,UNIQ206277,42794,Mumbai,MH
CUST106278,UNIQ206278,36982,Lucknow,UP
CUST106279,UNIQ206279,56787,Jaipur,RJ
CUST106280,UNIQ206280,68135,Chennai,TN
CUST106281,UNIQ206281,49677,Indore,MP
CUST106282,UNIQ206282,48362,Pune,MH
CUST106283,UNIQ206283,42008,Coimbatore,TN
CUST106284,UNIQ206284,45066,Lucknow,UP
CUST106285,UNIQ206285,75987,Pune,MH
CUST106286,UNIQ206286,17077,Mumbai,MH
CUST106287,UNIQ206287,63848,Pune,MH
CUST106288,UNIQ206288,73728,Indore,MP
CUST106289,UNIQ206289,20282,Hyderabad,TS
CUST106290,UNIQ206290,27974,Chennai,TN
CUST106291,UNIQ206291,40216,Lucknow,UP
CUST106292,UNIQ206292,37625,Hyderabad,TS
CUST106293,UNIQ206293,58809,Mumbai,MH
CUST106294,UNIQ206294,28607,Indore,MP
CUST106295,UNIQ206295,40815,Bangalore,KA
CUST106296,UNIQ206296,67708,Indore,MP
CUST106297,UNIQ206297,69475,Coimbatore,TN
CUST106298,UNIQ206298,12790,Mumbai,MH
CUST106299,UNIQ206299,14424,Jaipur,RJ
CUST106300,UNIQ206300,46433,Hyderabad,TS
CUST106301,UNIQ206301,60354,Ahmedabad,GJ
CUST106302,UNIQ206302,21074,Hyderabad,TS
CUST106303,UNIQ206303,46581,Bangalore,KA
CUST106304,UNIQ206304,60323,Ahmedabad,GJ
CUST106305,UNIQ206305,12470,Jaipur,RJ
CUST106306,UNIQ206306,60418,Kolkata,WB
CUST106307,UNIQ206307,15821,Jaipur,RJ
CUST106308,UNIQ206308,36965,Chennai,TN
CUST106309,UNIQ206309,34173,Kolkata,WB
CUST106310,UNIQ206310,66503,Coimbatore,TN
CUST106311,UNIQ206311,16849,Lucknow,UP
CUST106312,UNIQ206312,49996,Coimbatore,TN
CUST106313,UNIQ206313,55587,Bangalore,KA
CUST106314,UNIQ206314,54068,Bangalore,KA
CUST106315,UNIQ206315,38382,Hyderabad,TS
CUST106316,UNIQ206316,54688,Bangalore,KA
CUST106317,UNIQ206317,66895,Indore,MP
CUST106318,UNIQ206318,17486,Kolkata,WB
CUST106319,UNIQ206319,60870,Mumbai,MH
CUST106320,UNIQ206320,47672,Indore,MP
CUST106321,UNIQ206321,70752,Lucknow,UP
CUST106322,UNIQ206322,78014,Kolkata,WB
CUST106323,UNIQ206323,31305,Hyderabad,TS
CUST106324,UNIQ206324,71254,Kolkata,WB
CUST106325,UNIQ206325,41224,Indore,MP
CUST106326,UNIQ206326,11990,Delhi,DL
CUST106327,UNIQ206327,45965,Hyderabad,TS
CUST106328,UNIQ206328,42759,Mumbai,MH
CUST106329,UNIQ206329,48774,Lucknow,UP
CUST106330,UNIQ206330,61721,Pune,MH
CUST106331,UNIQ206331,45949,Bangalore,KA
CUST106332,UNIQ206332,45225,Pune,MH
CUST106333,UNIQ206333,42835,Coimbatore,TN
CUST106334,UNIQ206334,11617,Coimbatore,TN
CUST106335,UNIQ206335,50225,Mumbai,MH
CUST106336,UNIQ206336,52072,Ahmedabad,GJ
CUST106337,UNIQ206337,33433,Hyderabad,TS
CUST106338,UNIQ206338,70650,Jaipur,RJ
CUST106339,UNIQ206339,67659,Bangalore,KA
CUST106340,UNIQ206340,71137,Bangalore,KA
CUST106341,UNIQ206341,57018,Bangalore,KA
CUST106342,UNIQ206342,38553,Jaipur,RJ
CUST106343,UNIQ206343,17678,Kolkata,WB
CUST106344,UNIQ206344,20426,Ahmedabad,GJ
CUST106345,UNIQ206345,51160,Hyderabad,TS
CUST106346,UNIQ206346,67729,Mumbai,MH
CUST106347,UNIQ206347,43817,Delhi,DL
CUST106348,UNIQ206348,44018,Hyderabad,TS
CUST106349,UNIQ206349,26675,Jaipur,RJ
CUST106350,UNIQ206350,32871,Chennai,TN
CUST106351,UNIQ206351,16498,Delhi,DL
CUST106352,UNIQ206352,25000,Chennai,TN
CUST106353,UNIQ206353,15046,Coimbatore,TN
CUST106354,UNIQ206354,76416,Delhi,DL
CUST106355,UNIQ206355,51593,Jaipur,RJ
CUST106356,UNIQ206356,39878,Bangalore,KA
CUST106357,UNIQ206357,43954,Bangalore,KA
CUST106358,UNIQ206358,12112,Hyderabad,TS
CUST106359,UNIQ206359,56312,Coimbatore,TN
CUST106360,UNIQ206360,15863,Lucknow,UP
CUST106361,UNIQ206361,40762,Ahmedabad,GJ
CUST106362,UNIQ206362,24308,Pune,MH
CUST106363,UNIQ206363,76445,Mumbai,MH
CUST106364,UNIQ206364,24835,Jaipur,RJ
CUST106365,UNIQ206365,20151,Lucknow,UP
CUST106366,UNIQ206366,36744,Chennai,TN
CUST106367,UNIQ206367,58674,Pune,MH
CUST106368,UNIQ206368,64521,Coimbatore,TN
CUST106369,UNIQ206369,65898,Mumbai,MH
CUST106370,UNIQ206370,28753,Hyderabad,TS
CUST106371,UNIQ206371,52800,Bangalore,KA
CUST106372,UNIQ206372,57223,Ahmedabad,GJ
CUST106373,UNIQ206373,63495,Pune,MH
CUST106374,UNIQ206374,59114,Coimbatore,TN
CUST106375,UNIQ206375,48543,Jaipur,RJ
CUST106376,UNIQ206376,14083,Ahmedabad,GJ
CUST106377,UNIQ206377,58274,Delhi,DL
CUST106378,UNIQ206378,48125,Bangalore,KA
CUST106379,UNIQ206379,13346,Delhi,DL
CUST106380,UNIQ206380,37719,Mumbai,MH
CUST106381,UNIQ206381,76951,Pune,MH
CUST106382,UNIQ206382,76608,Indore,MP
CUST106383,UNIQ206383,55095,Ahmedabad,GJ
CUST106384,UNIQ206384,59655,Chennai,TN
CUST106385,UNIQ206385,14272,Ahmedabad,GJ
CUST106386,UNIQ206386,29670,Coimbatore,TN
CUST106387,UNIQ206387,20281,Kolkata,WB
CUST106388,UNIQ206388,39436,Mumbai,MH
CUST106389,UNIQ206389,75994,Ahmedabad,GJ
CUST106390,UNIQ206390,64798,Ahmedabad,GJ
CUST106391,UNIQ206391,25891,Lucknow,UP
CUST106392,UNIQ206392,16741,Lucknow,UP
CUST106393,UNIQ206393,71909,Ahmedabad,GJ
CUST106394,UNIQ206394,78740,Coimbatore,TN
CUST106395,UNIQ206395,67805,Lucknow,UP
CUST106396,UNIQ206396,45282,Pune,MH
CUST106397,UNIQ206397,48412,Chennai,TN
CUST106398,UNIQ206398,53081,Chennai,TN
CUST106399,UNIQ206399,57443,Chennai,TN
CUST106400,UNIQ206400,69745,Chennai,TN
CUST106401,UNIQ206401,25127,Pune,MH
CUST106402,UNIQ206402,41594,Indore,MP
CUST106403,UNIQ206403,63729,Jaipur,RJ
CUST106404,UNIQ206404,20445,Pune,MH
CUST106405,UNIQ206405,76275,Pune,MH
CUST106406,UNIQ206406,57486,Mumbai,MH
CUST106407,UNIQ206407,73459,Coimbatore,TN
CUST106408,UNIQ206408,40192,Ahmedabad,GJ
CUST106409,UNIQ206409,64899,Jaipur,RJ
CUST106410,UNIQ206410,26420,Chennai,TN
CUST106411,UNIQ206411,42105,Lucknow,UP
CUST106412,UNIQ206412,28106,Kolkata,WB
CUST106413,UNIQ206413,44115,Ahmedabad,GJ
CUST106414,UNIQ206414,54770,Hyderabad,TS
CUST106415,UNIQ206415,25461,Pune,MH
CUST106416,UNIQ206416,63543,Mumbai,MH
CUST106417,UNIQ206417,76194,Kolkata,WB
CUST106418,UNIQ206418,74775,Delhi,DL
CUST106419,UNIQ206419,35965,Coimbatore,TN
CUST106420,UNIQ206420,69515,Delhi,DL
CUST106421,UNIQ206421,31859,Bangalore,KA
CUST106422,UNIQ206422,64870,Mumbai,MH
CUST106423,UNIQ206423,71585,Hyderabad,TS
CUST106424,UNIQ206424,23237,Indore,MP
CUST106425,UNIQ206425,14466,Delhi,DL
CUST106426,UNIQ206426,13136,Kolkata,WB
CUST106427,UNIQ206427,31880,Indore,MP
CUST106428,UNIQ206428,27351,Mumbai,MH
CUST106429,UNIQ206429,79377,Lucknow,UP
CUST106430,UNIQ206430,65359,Kolkata,WB
CUST106431,UNIQ206431,26705,Pune,MH
CUST106432,UNIQ206432,41645,Kolkata,WB
CUST106433,UNIQ206433,48455,Indore,MP
CUST106434,UNIQ206434,54146,Mumbai,MH
CUST106435,UNIQ206435,24125,Pune,MH
CUST106436,UNIQ206436,15929,Indore,MP
CUST106437,UNIQ206437,56525,Mumbai,MH
CUST106438,UNIQ206438,63592,Jaipur,RJ
CUST106439,UNIQ206439,68950,Coimbatore,TN
CUST106440,UNIQ206440,67106,Indore,MP
CUST106441,UNIQ206441,72535,Hyderabad,TS
CUST106442,UNIQ206442,27643,Indore,MP
CUST106443,UNIQ206443,34045,Indore,MP
CUST106444,UNIQ206444,76764,Indore,MP
CUST106445,UNIQ206445,29956,Mumbai,MH
CUST106446,UNIQ206446,58480,Bangalore,KA
CUST106447,UNIQ206447,69444,Coimbatore,TN
CUST106448,UNIQ206448,52000,Kolkata,WB
CUST106449,UNIQ206449,33163,Jaipur,RJ
CUST106450,UNIQ206450,46608,Lucknow,UP
CUST106451,UNIQ206451,40443,Mumbai,MH
CUST106452,UNIQ206452,74656,Hyderabad,TS
CUST106453,UNIQ206453,16329,Pune,MH
CUST106454,UNIQ206454,77853,Ahmedabad,GJ
CUST106455,UNIQ206455,76614,Lucknow,UP
CUST106456,UNIQ206456,47389,Kolkata,WB
CUST106457,UNIQ206457,60340,Pune,MH
CUST106458,UNIQ206458,33385,Pune,MH
CUST106459,UNIQ206459,15496,Delhi,DL
CUST106460,UNIQ206460,37614,Indore,MP
CUST106461,UNIQ206461,78044,Kolkata,WB
CUST106462,UNIQ206462,51204,Hyderabad,TS
CUST106463,UNIQ206463,55527,Mumbai,MH
CUST106464,UNIQ206464,31704,Hyderabad,TS
CUST106465,UNIQ206465,47728,Mumbai,MH
CUST106466,UNIQ206466,73784,Hyderabad,TS
CUST106467,UNIQ206467,39312,Jaipur,RJ
CUST106468,UNIQ206468,47811,Delhi,DL
CUST106469,UNIQ206469,23909,Hyderabad,TS
CUST106470,UNIQ206470,46520,Chennai,TN
CUST106471,UNIQ206471,22579,Delhi,DL
CUST106472,UNIQ206472,76676,Chennai,TN
CUST106473,UNIQ206473,13584,Delhi,DL
CUST106474,UNIQ206474,15209,Ahmedabad,GJ
CUST106475,UNIQ206475,35576,Lucknow,UP
CUST106476,UNIQ206476,74011,Bangalore,KA
CUST106477,UNIQ206477,58436,Bangalore,KA
CUST106478,UNIQ206478,46941,Chennai,TN
CUST106479,UNIQ206479,65902,Ahmedabad,GJ
CUST106480,UNIQ206480,68304,Indore,MP
CUST106481,UNIQ206481,26538,Lucknow,UP
CUST106482,UNIQ206482,48658,Jaipur,RJ
CUST106483,UNIQ206483,25720,Mumbai,MH
CUST106484,UNIQ206484,66657,Jaipur,RJ
CUST106485,UNIQ206485,44479,Jaipur,RJ
CUST106486,UNIQ206486,27933,Mumbai,MH
CUST106487,UNIQ206487,25264,Hyderabad,TS
CUST106488,UNIQ206488,20363,Pune,MH
CUST106489,UNIQ206489,39155,Indore,MP
CUST106490,UNIQ206490,19745,Indore,MP
CUST106491,UNIQ206491,30542,Pune,MH
CUST106492,UNIQ206492,53953,Lucknow,UP
CUST106493,UNIQ206493,69436,Hyderabad,TS
CUST106494,UNIQ206494,77219,Coimbatore,TN
CUST106495,UNIQ206495,19710,Coimbatore,TN
CUST106496,UNIQ206496,51262,Indore,MP
CUST106497,UNIQ206497,66803,Bangalore,KA
CUST106498,UNIQ206498,78327,Mumbai,MH
CUST106499,UNIQ206499,34955,Pune,MH
CUST106500,UNIQ206500,14670,Lucknow,UP
CUST106501,UNIQ206501,11044,Coimbatore,TN
CUST106502,UNIQ206502,27940,Chennai,TN
CUST106503,UNIQ206503,59310,Ahmedabad,GJ
CUST106504,UNIQ206504,35647,Chennai,TN
CUST106505,UNIQ206505,71618,Hyderabad,TS
CUST106506,UNIQ206506,73505,Delhi,DL
CUST106507,UNIQ206507,75106,Delhi,DL
CUST106508,UNIQ206508,27274,Hyderabad,TS
CUST106509,UNIQ206509,21627,Chennai,TN
CUST106510,UNIQ206510,38074,Lucknow,UP
CUST106511,UNIQ206511,66927,Bangalore,KA
CUST106512,UNIQ206512,74315,Mumbai,MH
CUST106513,UNIQ206513,37334,Lucknow,UP
CUST106514,UNIQ206514,33345,Indore,MP
CUST106515,UNIQ206515,64808,Bangalore,KA
CUST106516,UNIQ206516,44481,Indore,MP
CUST106517,UNIQ206517,59845,Ahmedabad,GJ
CUST106518,UNIQ206518,40764,Coimbatore,TN
CUST106519,UNIQ206519,55705,Coimbatore,TN
CUST106520,UNIQ206520,79528,Jaipur,RJ
CUST106521,UNIQ206521,33601,Coimbatore,TN
CUST106522,UNIQ206522,40394,Hyderabad,TS
CUST106523,UNIQ206523,73577,Hyderabad,TS
CUST106524,UNIQ206524,61407,Jaipur,RJ
CUST106525,UNIQ206525,56809,Ahmedabad,GJ
CUST106526,UNIQ206526,73040,Lucknow,UP
CUST106527,UNIQ206527,22652,Hyderabad,TS
CUST106528,UNIQ206528,24728,Chennai,TN
CUST106529,UNIQ206529,64997,Hyderabad,TS
CUST106530,UNIQ206530,52650,Jaipur,RJ
CUST106531,UNIQ206531,65687,Chennai,TN
CUST106532,UNIQ206532,33094,Mumbai,MH
CUST106533,UNIQ206533,51799,Jaipur,RJ
CUST106534,UNIQ206534,24881,Coimbatore,TN
CUST106535,UNIQ206535,62178,Pune,MH
CUST106536,UNIQ206536,26784,Indore,MP
CUST106537,UNIQ206537,74117,Jaipur,RJ
CUST106538,UNIQ206538,64002,Ahmedabad,GJ
CUST106539,UNIQ206539,40783,Coimbatore,TN
CUST106540,UNIQ206540,48132,Bangalore,KA
CUST106541,UNIQ206541,76517,Hyderabad,TS
CUST106542,UNIQ206542,63609,Chennai,TN
CUST106543,UNIQ206543,52361,Bangalore,KA
CUST106544,UNIQ206544,51630,Hyderabad,TS
CUST106545,UNIQ206545,61298,Kolkata,WB
CUST106546,UNIQ206546,65731,Jaipur,RJ
CUST106547,UNIQ206547,44170,Kolkata,WB
CUST106548,UNIQ206548,45168,Bangalore,KA
CUST106549,UNIQ206549,38697,Jaipur,RJ
CUST106550,UNIQ206550,15980,Pune,MH
CUST106551,UNIQ206551,68672,Hyderabad,TS
CUST106552,UNIQ206552,39007,Kolkata,WB
CUST106553,UNIQ206553,31828,Ahmedabad,GJ
CUST106554,UNIQ206554,37027,Lucknow,UP
CUST106555,UNIQ206555,24459,Coimbatore,TN
CUST106556,UNIQ206556,53212,Ahmedabad,GJ
CUST106557,UNIQ206557,12610,Delhi,DL
CUST106558,UNIQ206558,12767,Indore,MP
CUST106559,UNIQ206559,21829,Kolkata,WB
CUST106560,UNIQ206560,53684,Indore,MP
CUST106561,UNIQ206561,18318,Pune,MH
CUST106562,UNIQ206562,16450,Coimbatore,TN
CUST106563,UNIQ206563,37585,Lucknow,UP
CUST106564,UNIQ206564,36009,Pune,MH
CUST106565,UNIQ206565,61842,Delhi,DL
CUST106566,UNIQ206566,40059,Indore,MP
CUST106567,UNIQ206567,31155,Hyderabad,TS
CUST106568,UNIQ206568,53450,Pune,MH
CUST106569,UNIQ206569,38261,Kolkata,WB
CUST106570,UNIQ206570,42598,Lucknow,UP
CUST106571,UNIQ206571,14728,Bangalore,KA
CUST106572,UNIQ206572,79016,Bangalore,KA
CUST106573,UNIQ206573,75732,Mumbai,MH
CUST106574,UNIQ206574,73556,Kolkata,WB
CUST106575,UNIQ206575,30571,Bangalore,KA
CUST106576,UNIQ206576,49513,Hyderabad,TS
CUST106577,UNIQ206577,40147,Bangalore,KA
CUST106578,UNIQ206578,42415,Coimbatore,TN
CUST106579,UNIQ206579,45711,Bangalore,KA
CUST106580,UNIQ206580,26206,Indore,MP
CUST106581,UNIQ206581,62527,Kolkata,WB
CUST106582,UNIQ206582,45389,Delhi,DL
CUST106583,UNIQ206583,20030,Mumbai,MH
CUST106584,UNIQ206584,76127,Mumbai,MH
CUST106585,UNIQ206585,64444,Indore,MP
CUST106586,UNIQ206586,11932,Bangalore,KA
CUST106587,UNIQ206587,29902,Indore,MP
CUST106588,UNIQ206588,61265,Mumbai,MH
CUST106589,UNIQ206589,50919,Chennai,TN
CUST106590,UNIQ206590,65725,Pune,MH
CUST106591,UNIQ206591,13071,Lucknow,UP
CUST106592,UNIQ206592,45920,Hyderabad,TS
CUST106593,UNIQ206593,36563,Jaipur,RJ
CUST106594,UNIQ206594,44638,Mumbai,MH
CUST106595,UNIQ206595,71787,Coimbatore,TN
CUST106596,UNIQ206596,48173,Kolkata,WB
CUST106597,UNIQ206597,22197,Kolkata,WB
CUST106598,UNIQ206598,63258,Chennai,TN
CUST106599,UNIQ206599,46511,Lucknow,UP
CUST106600,UNIQ206600,47279,Jaipur,RJ
CUST106601,UNIQ206601,79888,Indore,MP
CUST106602,UNIQ206602,42062,Lucknow,UP
CUST106603,UNIQ206603,12256,Kolkata,WB
CUST106604,UNIQ206604,61595,Jaipur,RJ
CUST106605,UNIQ206605,24195,Pune,MH
CUST106606,UNIQ206606,39368,Jaipur,RJ
CUST106607,UNIQ206607,13262,Ahmedabad,GJ
CUST106608,UNIQ206608,40423,Kolkata,WB
CUST106609,UNIQ206609,58473,Jaipur,RJ
CUST106610,UNIQ206610,24280,Jaipur,RJ
CUST106611,UNIQ206611,50712,Coimbatore,TN
CUST106612,UNIQ206612,28844,Pune,MH
CUST106613,UNIQ206613,20962,Coimbatore,TN
CUST106614,UNIQ206614,32184,Mumbai,MH
CUST106615,UNIQ206615,74200,Chennai,TN
CUST106616,UNIQ206616,42763,Ahmedabad,GJ
CUST106617,UNIQ206617,28524,Mumbai,MH
CUST106618,UNIQ206618,72064,Kolkata,WB
CUST106619,UNIQ206619,40465,Lucknow,UP
CUST106620,UNIQ206620,74673,Bangalore,KA
CUST106621,UNIQ206621,63983,Hyderabad,TS
CUST106622,UNIQ206622,54285,Hyderabad,TS
CUST106623,UNIQ206623,14785,Delhi,DL
CUST106624,UNIQ206624,63285,Pune,MH
CUST106625,UNIQ206625,45146,Bangalore,KA
CUST106626,UNIQ206626,37423,Indore,MP
CUST106627,UNIQ206627,74058,Lucknow,UP
CUST106628,UNIQ206628,75511,Lucknow,UP
CUST106629,UNIQ206629,40898,Pune,MH
CUST106630,UNIQ206630,70472,Pune,MH
CUST106631,UNIQ206631,73307,Indore,MP
CUST106632,UNIQ206632,20673,Lucknow,UP
CUST106633,UNIQ206633,65797,Mumbai,MH
CUST106634,UNIQ206634,20158,Indore,MP
CUST106635,UNIQ206635,26683,Kolkata,WB
CUST106636,UNIQ206636,31245,Bangalore,KA
CUST106637,UNIQ206637,25922,Lucknow,UP
CUST106638,UNIQ206638,35869,Delhi,DL
CUST106639,UNIQ206639,24898,Jaipur,RJ
CUST106640,UNIQ206640,65598,Bangalore,KA
CUST106641,UNIQ206641,32376,Jaipur,RJ
CUST106642,UNIQ206642,78758,Coimbatore,TN
CUST106643,UNIQ206643,28332,Jaipur,RJ
CUST106644,UNIQ206644,64807,Indore,MP
CUST106645,UNIQ206645,11213,Kolkata,WB
CUST106646,UNIQ206646,25411,Hyderabad,TS
CUST106647,UNIQ206647,48564,Kolkata,WB
CUST106648,UNIQ206648,45534,Indore,MP
CUST106649,UNIQ206649,52255,Lucknow,UP
CUST106650,UNIQ206650,58710,Ahmedabad,GJ
CUST106651,UNIQ206651,31750,Ahmedabad,GJ
CUST106652,UNIQ206652,48036,Delhi,DL
CUST106653,UNIQ206653,36799,Lucknow,UP
CUST106654,UNIQ206654,58660,Ahmedabad,GJ
CUST106655,UNIQ206655,42930,Lucknow,UP
CUST106656,UNIQ206656,70670,Jaipur,RJ
CUST106657,UNIQ206657,53276,Chennai,TN
CUST106658,UNIQ206658,27739,Indore,MP
CUST106659,UNIQ206659,78731,Delhi,DL
CUST106660,UNIQ206660,72111,Indore,MP
CUST106661,UNIQ206661,51640,Bangalore,KA
CUST106662,UNIQ206662,33491,Kolkata,WB
CUST106663,UNIQ206663,71668,Delhi,DL
CUST106664,UNIQ206664,10734,Mumbai,MH
CUST106665,UNIQ206665,34598,Hyderabad,TS
CUST106666,UNIQ206666,22300,Chennai,TN
CUST106667,UNIQ206667,70108,Lucknow,UP
CUST106668,UNIQ206668,22414,Pune,MH
CUST106669,UNIQ206669,71432,Bangalore,KA
CUST106670,UNIQ206670,30506,Ahmedabad,GJ
CUST106671,UNIQ206671,55934,Mumbai,MH
CUST106672,UNIQ206672,39626,Coimbatore,TN
CUST106673,UNIQ206673,11851,Pune,MH
CUST106674,UNIQ206674,45989,Chennai,TN
CUST106675,UNIQ206675,65858,Hyderabad,TS
CUST106676,UNIQ206676,50075,Ahmedabad,GJ
CUST106677,UNIQ206677,62857,Pune,MH
CUST106678,UNIQ206678,36553,Hyderabad,TS
CUST106679,UNIQ206679,29978,Mumbai,MH
CUST106680,UNIQ206680,38369,Mumbai,MH
CUST106681,UNIQ206681,33373,Hyderabad,TS
CUST106682,UNIQ206682,23411,Hyderabad,TS
CUST106683,UNIQ206683,78461,Delhi,DL
CUST106684,UNIQ206684,60193,Ahmedabad,GJ
CUST106685,UNIQ206685,46338,Pune,MH
CUST106686,UNIQ206686,72050,Indore,MP
CUST106687,UNIQ206687,32033,Chennai,TN
CUST106688,UNIQ206688,40386,Bangalore,KA
CUST106689,UNIQ206689,21971,Chennai,TN
CUST106690,UNIQ206690,29200,Ahmedabad,GJ
CUST106691,UNIQ206691,31603,Delhi,DL
CUST106692,UNIQ206692,10032,Jaipur,RJ
CUST106693,UNIQ206693,20195,Pune,MH
CUST106694,UNIQ206694,27953,Bangalore,KA
CUST106695,UNIQ206695,67630,Lucknow,UP
CUST106696,UNIQ206696,71825,Kolkata,WB
CUST106697,UNIQ206697,49656,Pune,MH
CUST106698,UNIQ206698,25374,Lucknow,UP
CUST106699,UNIQ206699,61543,Chennai,TN
CUST106700,UNIQ206700,60532,Kolkata,WB
CUST106701,UNIQ206701,72190,Indore,MP
CUST106702,UNIQ206702,50863,Pune,MH
CUST106703,UNIQ206703,51546,Lucknow,UP
CUST106704,UNIQ206704,20249,Lucknow,UP
CUST106705,UNIQ206705,38036,Ahmedabad,GJ
CUST106706,UNIQ206706,46403,Delhi,DL
CUST106707,UNIQ206707,28728,Indore,MP
CUST106708,UNIQ206708,67887,Kolkata,WB
CUST106709,UNIQ206709,42838,Jaipur,RJ
CUST106710,UNIQ206710,25760,Coimbatore,TN
CUST106711,UNIQ206711,67070,Lucknow,UP
CUST106712,UNIQ206712,55636,Coimbatore,TN
CUST106713,UNIQ206713,13315,Delhi,DL
CUST106714,UNIQ206714,71089,Pune,MH
CUST106715,UNIQ206715,55349,Coimbatore,TN
CUST106716,UNIQ206716,65584,Indore,MP
CUST106717,UNIQ206717,35032,Chennai,TN
CUST106718,UNIQ206718,59047,Kolkata,WB
CUST106719,UNIQ206719,11398,Delhi,DL
CUST106720,UNIQ206720,67944,Chennai,TN
CUST106721,UNIQ206721,78944,Pune,MH
CUST106722,UNIQ206722,10735,Chennai,TN
CUST106723,UNIQ206723,50683,Ahmedabad,GJ
CUST106724,UNIQ206724,22334,Pune,MH
CUST106725,UNIQ206725,43260,Pune,MH
CUST106726,UNIQ206726,11703,Lucknow,UP
CUST106727,UNIQ206727,45786,Ahmedabad,GJ
CUST106728,UNIQ206728,46038,Bangalore,KA
CUST106729,UNIQ206729,72748,Coimbatore,TN
CUST106730,UNIQ206730,15756,Kolkata,WB
CUST106731,UNIQ206731,43166,Indore,MP
CUST106732,UNIQ206732,17500,Hyderabad,TS
CUST106733,UNIQ206733,13988,Ahmedabad,GJ
CUST106734,UNIQ206734,71709,Indore,MP
CUST106735,UNIQ206735,69569,Ahmedabad,GJ
CUST106736,UNIQ206736,32776,Jaipur,RJ
CUST106737,UNIQ206737,23616,Jaipur,RJ
CUST106738,UNIQ206738,58435,Bangalore,KA
CUST106739,UNIQ206739,30079,Bangalore,KA
CUST106740,UNIQ206740,33187,Indore,MP
CUST106741,UNIQ206741,20855,Delhi,DL
CUST106742,UNIQ206742,25653,Kolkata,WB
CUST106743,UNIQ206743,68114,Bangalore,KA
CUST106744,UNIQ206744,18169,Coimbatore,TN
CUST106745,UNIQ206745,22776,Pune,MH
CUST106746,UNIQ206746,46369,Lucknow,UP
CUST106747,UNIQ206747,12185,Chennai,TN
CUST106748,UNIQ206748,51481,Pune,MH
CUST106749,UNIQ206749,32179,Indore,MP
CUST106750,UNIQ206750,58005,Ahmedabad,GJ
CUST106751,UNIQ206751,11857,Lucknow,UP
CUST106752,UNIQ206752,62844,Coimbatore,TN
CUST106753,UNIQ206753,18058,Kolkata,WB
CUST106754,UNIQ206754,35289,Mumbai,MH
CUST106755,UNIQ206755,29334,Lucknow,UP
CUST106756,UNIQ206756,44948,Indore,MP
CUST106757,UNIQ206757,32621,Mumbai,MH
CUST106758,UNIQ206758,15833,Jaipur,RJ
CUST106759,UNIQ206759,36041,Hyderabad,TS
CUST106760,UNIQ206760,76252,Indore,MP
CUST106761,UNIQ206761,32671,Kolkata,WB
CUST106762,UNIQ206762,10422,Coimbatore,TN
CUST106763,UNIQ206763,45882,Hyderabad,TS
CUST106764,UNIQ206764,55964,Lucknow,UP
CUST106765,UNIQ206765,54754,Mumbai,MH
CUST106766,UNIQ206766,21284,Jaipur,RJ
CUST106767,UNIQ206767,70687,Ahmedabad,GJ
CUST106768,UNIQ206768,25238,Mumbai,MH
CUST106769,UNIQ206769,33920,Mumbai,MH
CUST106770,UNIQ206770,21326,Indore,MP
CUST106771,UNIQ206771,51615,Delhi,DL
CUST106772,UNIQ206772,12635,Ahmedabad,GJ
CUST106773,UNIQ206773,11368,Delhi,DL
CUST106774,UNIQ206774,59090,Chennai,TN
CUST106775,UNIQ206775,20652,Jaipur,RJ
CUST106776,UNIQ206776,42339,Indore,MP
CUST106777,UNIQ206777,35046,Hyderabad,TS
CUST106778,UNIQ206778,27397,Indore,MP
CUST106779,UNIQ206779,16990,Hyderabad,TS
CUST106780,UNIQ206780,47627,Kolkata,WB
CUST106781,UNIQ206781,46564,Delhi,DL
CUST106782,UNIQ206782,51358,Delhi,DL
CUST106783,UNIQ206783,39617,Kolkata,WB
CUST106784,UNIQ206784,45756,Chennai,TN
CUST106785,UNIQ206785,33214,Chennai,TN
CUST106786,UNIQ206786,43994,Hyderabad,TS
CUST106787,UNIQ206787,67619,Indore,MP
CUST106788,UNIQ206788,22112,Hyderabad,TS
CUST106789,UNIQ206789,56550,Jaipur,RJ
CUST106790,UNIQ206790,57659,Ahmedabad,GJ
CUST106791,UNIQ206791,78556,Pune,MH
CUST106792,UNIQ206792,32344,Jaipur,RJ
CUST106793,UNIQ206793,60551,Bangalore,KA
CUST106794,UNIQ206794,37611,Delhi,DL
CUST106795,UNIQ206795,66866,Indore,MP
CUST106796,UNIQ206796,47839,Pune,MH
CUST106797,UNIQ206797,54850,Chennai,TN
CUST106798,UNIQ206798,76029,Indore,MP
CUST106799,UNIQ206799,45251,Lucknow,UP
CUST106800,UNIQ206800,77275,Mumbai,MH
CUST106801,UNIQ206801,43844,Chennai,TN
CUST106802,UNIQ206802,71300,Chennai,TN
CUST106803,UNIQ206803,14121,Hyderabad,TS
CUST106804,UNIQ206804,77768,Mumbai,MH
CUST106805,UNIQ206805,34435,Coimbatore,TN
CUST106806,UNIQ206806,28325,Jaipur,RJ
CUST106807,UNIQ206807,52335,Jaipur,RJ
CUST106808,UNIQ206808,59533,Pune,MH
CUST106809,UNIQ206809,14436,Coimbatore,TN
CUST106810,UNIQ206810,23711,Pune,MH
CUST106811,UNIQ206811,57039,Coimbatore,TN
CUST106812,UNIQ206812,30807,Bangalore,KA
CUST106813,UNIQ206813,72324,Kolkata,WB
CUST106814,UNIQ206814,54128,Pune,MH
CUST106815,UNIQ206815,23134,Coimbatore,TN
CUST106816,UNIQ206816,56924,Delhi,DL
CUST106817,UNIQ206817,31331,Hyderabad,TS
CUST106818,UNIQ206818,34400,Jaipur,RJ
CUST106819,UNIQ206819,67541,Bangalore,KA
CUST106820,UNIQ206820,69827,Ahmedabad,GJ
CUST106821,UNIQ206821,67012,Ahmedabad,GJ
CUST106822,UNIQ206822,62341,Indore,MP
CUST106823,UNIQ206823,41927,Jaipur,RJ
CUST106824,UNIQ206824,58918,Hyderabad,TS
CUST106825,UNIQ206825,54286,Ahmedabad,GJ
CUST106826,UNIQ206826,62579,Jaipur,RJ
CUST106827,UNIQ206827,15259,Hyderabad,TS
CUST106828,UNIQ206828,76448,Chennai,TN
CUST106829,UNIQ206829,65179,Mumbai,MH
CUST106830,UNIQ206830,45305,Kolkata,WB
CUST106831,UNIQ206831,62527,Ahmedabad,GJ
CUST106832,UNIQ206832,13742,Ahmedabad,GJ
CUST106833,UNIQ206833,77135,Delhi,DL
CUST106834,UNIQ206834,49397,Delhi,DL
CUST106835,UNIQ206835,78692,Ahmedabad,GJ
CUST106836,UNIQ206836,28290,Chennai,TN
CUST106837,UNIQ206837,53666,Delhi,DL
CUST106838,UNIQ206838,21848,Bangalore,KA
CUST106839,UNIQ206839,28541,Hyderabad,TS
CUST106840,UNIQ206840,70124,Pune,MH
CUST106841,UNIQ206841,31671,Kolkata,WB
CUST106842,UNIQ206842,10110,Jaipur,RJ
CUST106843,UNIQ206843,29331,Coimbatore,TN
CUST106844,UNIQ206844,32553,Chennai,TN
CUST106845,UNIQ206845,50308,Hyderabad,TS
CUST106846,UNIQ206846,34195,Mumbai,MH
CUST106847,UNIQ206847,36649,Chennai,TN
CUST106848,UNIQ206848,21818,Kolkata,WB
CUST106849,UNIQ206849,42077,Indore,MP
CUST106850,UNIQ206850,59054,Delhi,DL
CUST106851,UNIQ206851,72566,Bangalore,KA
CUST106852,UNIQ206852,55182,Delhi,DL
CUST106853,UNIQ206853,71708,Mumbai,MH
CUST106854,UNIQ206854,61648,Lucknow,UP
CUST106855,UNIQ206855,37851,Indore,MP
CUST106856,UNIQ206856,59321,Jaipur,RJ
CUST106857,UNIQ206857,41816,Jaipur,RJ
CUST106858,UNIQ206858,60800,Mumbai,MH
CUST106859,UNIQ206859,51727,Delhi,DL
CUST106860,UNIQ206860,62413,Delhi,DL
CUST106861,UNIQ206861,47118,Pune,MH
CUST106862,UNIQ206862,65652,Coimbatore,TN
CUST106863,UNIQ206863,61622,Ahmedabad,GJ
CUST106864,UNIQ206864,19392,Lucknow,UP
CUST106865,UNIQ206865,74003,Pune,MH
CUST106866,UNIQ206866,13525,Coimbatore,TN
CUST106867,UNIQ206867,33351,Chennai,TN
CUST106868,UNIQ206868,58382,Chennai,TN
CUST106869,UNIQ206869,54544,Pune,MH
CUST106870,UNIQ206870,10208,Lucknow,UP
CUST106871,UNIQ206871,62190,Ahmedabad,GJ
CUST106872,UNIQ206872,40156,Mumbai,MH
CUST106873,UNIQ206873,75529,Delhi,DL
CUST106874,UNIQ206874,15799,Chennai,TN
CUST106875,UNIQ206875,49575,Chennai,TN
CUST106876,UNIQ206876,22170,Kolkata,WB
CUST106877,UNIQ206877,60340,Pune,MH
CUST106878,UNIQ206878,33576,Coimbatore,TN
CUST106879,UNIQ206879,29758,Kolkata,WB
CUST106880,UNIQ206880,50775,Hyderabad,TS
CUST106881,UNIQ206881,73000,Kolkata,WB
CUST106882,UNIQ206882,44212,Bangalore,KA
CUST106883,UNIQ206883,33529,Kolkata,WB
CUST106884,UNIQ206884,62194,Delhi,DL
CUST106885,UNIQ206885,77809,Coimbatore,TN
CUST106886,UNIQ206886,70938,Mumbai,MH
CUST106887,UNIQ206887,55388,Mumbai,MH
CUST106888,UNIQ206888,23291,Coimbatore,TN
CUST106889,UNIQ206889,63015,Coimbatore,TN
CUST106890,UNIQ206890,31087,Bangalore,KA
CUST106891,UNIQ206891,26874,Pune,MH
CUST106892,UNIQ206892,76449,Ahmedabad,GJ
CUST106893,UNIQ206893,69597,Kolkata,WB
CUST106894,UNIQ206894,73719,Bangalore,KA
CUST106895,UNIQ206895,62652,Coimbatore,TN
CUST106896,UNIQ206896,17144,Kolkata,WB
CUST106897,UNIQ206897,65703,Hyderabad,TS
CUST106898,UNIQ206898,25198,Hyderabad,TS
CUST106899,UNIQ206899,69017,Ahmedabad,GJ
CUST106900,UNIQ206900,58866,Lucknow,UP
CUST106901,UNIQ206901,53917,Jaipur,RJ
CUST106902,UNIQ206902,57823,Lucknow,UP
CUST106903,UNIQ206903,33440,Mumbai,MH
CUST106904,UNIQ206904,79692,Kolkata,WB
CUST106905,UNIQ206905,20486,Kolkata,WB
CUST106906,UNIQ206906,10911,Delhi,DL
CUST106907,UNIQ206907,43795,Pune,MH
CUST106908,UNIQ206908,77488,Chennai,TN
CUST106909,UNIQ206909,69636,Ahmedabad,GJ
CUST106910,UNIQ206910,16362,Kolkata,WB
CUST106911,UNIQ206911,46924,Jaipur,RJ
CUST106912,UNIQ206912,25931,Bangalore,KA
CUST106913,UNIQ206913,70325,Jaipur,RJ
CUST106914,UNIQ206914,16563,Pune,MH
CUST106915,UNIQ206915,58404,Ahmedabad,GJ
CUST106916,UNIQ206916,65797,Hyderabad,TS
CUST106917,UNIQ206917,48816,Pune,MH
CUST106918,UNIQ206918,45027,Bangalore,KA
CUST106919,UNIQ206919,48435,Delhi,DL
CUST106920,UNIQ206920,64664,Pune,MH
CUST106921,UNIQ206921,68559,Bangalore,KA
CUST106922,UNIQ206922,49017,Pune,MH
CUST106923,UNIQ206923,14668,Coimbatore,TN
CUST106924,UNIQ206924,24638,Ahmedabad,GJ
CUST106925,UNIQ206925,14798,Pune,MH
CUST106926,UNIQ206926,61932,Lucknow,UP
CUST106927,UNIQ206927,32968,Chennai,TN
CUST106928,UNIQ206928,22395,Mumbai,MH
CUST106929,UNIQ206929,28958,Delhi,DL
CUST106930,UNIQ206930,74677,Coimbatore,TN
CUST106931,UNIQ206931,46004,Kolkata,WB
CUST106932,UNIQ206932,70035,Pune,MH
CUST106933,UNIQ206933,41994,Indore,MP
CUST106934,UNIQ206934,78623,Indore,MP
CUST106935,UNIQ206935,70085,Ahmedabad,GJ
CUST106936,UNIQ206936,20031,Bangalore,KA
CUST106937,UNIQ206937,58863,Pune,MH
CUST106938,UNIQ206938,29234,Bangalore,KA
CUST106939,UNIQ206939,23254,Ahmedabad,GJ
CUST106940,UNIQ206940,77191,Kolkata,WB
CUST106941,UNIQ206941,20323,Indore,MP
CUST106942,UNIQ206942,49581,Pune,MH
CUST106943,UNIQ206943,62525,Kolkata,WB
CUST106944,UNIQ206944,34108,Bangalore,KA
CUST106945,UNIQ206945,43666,Indore,MP
CUST106946,UNIQ206946,20391,Indore,MP
CUST106947,UNIQ206947,25260,Kolkata,WB
CUST106948,UNIQ206948,44206,Chennai,TN
CUST106949,UNIQ206949,77376,Hyderabad,TS
CUST106950,UNIQ206950,41949,Lucknow,UP
CUST106951,UNIQ206951,16400,Indore,MP
CUST106952,UNIQ206952,71986,Pune,MH
CUST106953,UNIQ206953,67271,Chennai,TN
CUST106954,UNIQ206954,34341,Hyderabad,TS
CUST106955,UNIQ206955,75740,Hyderabad,TS
CUST106956,UNIQ206956,15995,Coimbatore,TN
CUST106957,UNIQ206957,62254,Ahmedabad,GJ
CUST106958,UNIQ206958,47344,Delhi,DL
CUST106959,UNIQ206959,10662,Hyderabad,TS
CUST106960,UNIQ206960,37149,Kolkata,WB
CUST106961,UNIQ206961,64306,Bangalore,KA
CUST106962,UNIQ206962,27008,Coimbatore,TN
CUST106963,UNIQ206963,45003,Hyderabad,TS
CUST106964,UNIQ206964,51701,Jaipur,RJ
CUST106965,UNIQ206965,39009,Mumbai,MH
CUST106966,UNIQ206966,12368,Chennai,TN
CUST106967,UNIQ206967,52547,Indore,MP
CUST106968,UNIQ206968,18352,Chennai,TN
CUST106969,UNIQ206969,47726,Ahmedabad,GJ
CUST106970,UNIQ206970,70377,Indore,MP
CUST106971,UNIQ206971,65150,Ahmedabad,GJ
CUST106972,UNIQ206972,53090,Coimbatore,TN
CUST106973,UNIQ206973,60992,Lucknow,UP
CUST106974,UNIQ206974,11647,Jaipur,RJ
CUST106975,UNIQ206975,54642,Pune,MH
CUST106976,UNIQ206976,55398,Pune,MH
CUST106977,UNIQ206977,29893,Jaipur,RJ
CUST106978,UNIQ206978,75401,Jaipur,RJ
CUST106979,UNIQ206979,79761,Chennai,TN
CUST106980,UNIQ206980,32283,Indore,MP
CUST106981,UNIQ206981,61126,Coimbatore,TN
CUST106982,UNIQ206982,62813,Hyderabad,TS
CUST106983,UNIQ206983,20303,Bangalore,KA
CUST106984,UNIQ206984,73771,Coimbatore,TN
CUST106985,UNIQ206985,55259,Lucknow,UP
CUST106986,UNIQ206986,37204,Mumbai,MH
CUST106987,UNIQ206987,79414,Indore,MP
CUST106988,UNIQ206988,49850,Pune,MH
CUST106989,UNIQ206989,51331,Hyderabad,TS
CUST106990,UNIQ206990,71260,Jaipur,RJ
CUST106991,UNIQ206991,30434,Bangalore,KA
CUST106992,UNIQ206992,31854,Ahmedabad,GJ
CUST106993,UNIQ206993,56088,Ahmedabad,GJ
CUST106994,UNIQ206994,66561,Ahmedabad,GJ
CUST106995,UNIQ206995,13068,Kolkata,WB
CUST106996,UNIQ206996,74324,Hyderabad,TS
CUST106997,UNIQ206997,59189,Chennai,TN
CUST106998,UNIQ206998,27261,Lucknow,UP
CUST106999,UNIQ206999,26186,Kolkata,WB
CUST107000,UNIQ207000,61871,Mumbai,MH
CUST107001,UNIQ207001,37696,Chennai,TN
CUST107002,UNIQ207002,47925,Mumbai,MH
CUST107003,UNIQ207003,30855,Delhi,DL
CUST107004,UNIQ207004,62575,Indore,MP
CUST107005,UNIQ207005,63545,Lucknow,UP
CUST107006,UNIQ207006,38541,Pune,MH
CUST107007,UNIQ207007,46553,Kolkata,WB
CUST107008,UNIQ207008,57602,Pune,MH
CUST107009,UNIQ207009,23846,Coimbatore,TN
CUST107010,UNIQ207010,51651,Coimbatore,TN
CUST107011,UNIQ207011,79796,Lucknow,UP
CUST107012,UNIQ207012,39504,Kolkata,WB
CUST107013,UNIQ207013,74858,Kolkata,WB
CUST107014,UNIQ207014,47523,Jaipur,RJ
CUST107015,UNIQ207015,30574,Jaipur,RJ
CUST107016,UNIQ207016,62435,Delhi,DL
CUST107017,UNIQ207017,10437,Hyderabad,TS
CUST107018,UNIQ207018,53785,Lucknow,UP
CUST107019,UNIQ207019,32579,Jaipur,RJ
CUST107020,UNIQ207020,22887,Coimbatore,TN
CUST107021,UNIQ207021,64801,Kolkata,WB
CUST107022,UNIQ207022,63778,Kolkata,WB
CUST107023,UNIQ207023,13806,Chennai,TN
CUST107024,UNIQ207024,39385,Ahmedabad,GJ
CUST107025,UNIQ207025,75976,Delhi,DL
CUST107026,UNIQ207026,63578,Mumbai,MH
CUST107027,UNIQ207027,52601,Bangalore,KA
CUST107028,UNIQ207028,42760,Ahmedabad,GJ
CUST107029,UNIQ207029,71854,Delhi,DL
CUST107030,UNIQ207030,21923,Coimbatore,TN
CUST107031,UNIQ207031,12977,Pune,MH
CUST107032,UNIQ207032,61031,Indore,MP
CUST107033,UNIQ207033,77021,Lucknow,UP
CUST107034,UNIQ207034,31152,Chennai,TN
CUST107035,UNIQ207035,58373,Jaipur,RJ
CUST107036,UNIQ207036,41367,Indore,MP
CUST107037,UNIQ207037,71888,Delhi,DL
CUST107038,UNIQ207038,36186,Indore,MP
CUST107039,UNIQ207039,27386,Pune,MH
CUST107040,UNIQ207040,18495,Hyderabad,TS
CUST107041,UNIQ207041,37132,Bangalore,KA
CUST107042,UNIQ207042,70447,Ahmedabad,GJ
CUST107043,UNIQ207043,42118,Jaipur,RJ
CUST107044,UNIQ207044,68150,Coimbatore,TN
CUST107045,UNIQ207045,33183,Chennai,TN
CUST107046,UNIQ207046,75564,Jaipur,RJ
CUST107047,UNIQ207047,24569,Coimbatore,TN
CUST107048,UNIQ207048,53418,Ahmedabad,GJ
CUST107049,UNIQ207049,42094,Delhi,DL
CUST107050,UNIQ207050,19154,Jaipur,RJ
CUST107051,UNIQ207051,14236,Bangalore,KA
CUST107052,UNIQ207052,63260,Coimbatore,TN
CUST107053,UNIQ207053,71631,Lucknow,UP
CUST107054,UNIQ207054,19222,Kolkata,WB
CUST107055,UNIQ207055,44082,Kolkata,WB
CUST107056,UNIQ207056,25857,Indore,MP
CUST107057,UNIQ207057,13109,Indore,MP
CUST107058,UNIQ207058,73020,Jaipur,RJ
CUST107059,UNIQ207059,17836,Indore,MP
CUST107060,UNIQ207060,62218,Hyderabad,TS
CUST107061,UNIQ207061,15230,Indore,MP
CUST107062,UNIQ207062,62354,Pune,MH
CUST107063,UNIQ207063,77051,Indore,MP
CUST107064,UNIQ207064,67677,Coimbatore,TN
CUST107065,UNIQ207065,26260,Kolkata,WB
CUST107066,UNIQ207066,29134,Mumbai,MH
CUST107067,UNIQ207067,24651,Hyderabad,TS
CUST107068,UNIQ207068,32145,Indore,MP
CUST107069,UNIQ207069,64118,Pune,MH
CUST107070,UNIQ207070,54542,Coimbatore,TN
CUST107071,UNIQ207071,41859,Delhi,DL
CUST107072,UNIQ207072,37536,Jaipur,RJ
CUST107073,UNIQ207073,22730,Hyderabad,TS
CUST107074,UNIQ207074,19708,Pune,MH
CUST107075,UNIQ207075,74431,Jaipur,RJ
CUST107076,UNIQ207076,44078,Chennai,TN
CUST107077,UNIQ207077,48704,Pune,MH
CUST107078,UNIQ207078,68284,Indore,MP
CUST107079,UNIQ207079,69031,Pune,MH
CUST107080,UNIQ207080,43806,Indore,MP
CUST107081,UNIQ207081,46083,Ahmedabad,GJ
CUST107082,UNIQ207082,14685,Ahmedabad,GJ
CUST107083,UNIQ207083,29401,Delhi,DL
CUST107084,UNIQ207084,47805,Lucknow,UP
CUST107085,UNIQ207085,38969,Bangalore,KA
CUST107086,UNIQ207086,57542,Pune,MH
CUST107087,UNIQ207087,48170,Indore,MP
CUST107088,UNIQ207088,30749,Hyderabad,TS
CUST107089,UNIQ207089,49943,Ahmedabad,GJ
CUST107090,UNIQ207090,67653,Jaipur,RJ
CUST107091,UNIQ207091,48650,Coimbatore,TN
CUST107092,UNIQ207092,26849,Delhi,DL
CUST107093,UNIQ207093,48316,Delhi,DL
CUST107094,UNIQ207094,43725,Kolkata,WB
CUST107095,UNIQ207095,39873,Coimbatore,TN
CUST107096,UNIQ207096,37742,Bangalore,KA
CUST107097,UNIQ207097,49709,Ahmedabad,GJ
CUST107098,UNIQ207098,11581,Delhi,DL
CUST107099,UNIQ207099,57731,Hyderabad,TS
CUST107100,UNIQ207100,76662,Indore,MP
CUST107101,UNIQ207101,77740,Indore,MP
CUST107102,UNIQ207102,72517,Kolkata,WB
CUST107103,UNIQ207103,32335,Ahmedabad,GJ
CUST107104,UNIQ207104,30431,Pune,MH
CUST107105,UNIQ207105,75679,Ahmedabad,GJ
CUST107106,UNIQ207106,78594,Pune,MH
CUST107107,UNIQ207107,59542,Pune,MH
CUST107108,UNIQ207108,32167,Jaipur,RJ
CUST107109,UNIQ207109,73183,Lucknow,UP
CUST107110,UNIQ207110,73438,Delhi,DL
CUST107111,UNIQ207111,11865,Kolkata,WB
CUST107112,UNIQ207112,18487,Coimbatore,TN
CUST107113,UNIQ207113,39468,Pune,MH
CUST107114,UNIQ207114,37057,Hyderabad,TS
CUST107115,UNIQ207115,29672,Chennai,TN
CUST107116,UNIQ207116,25675,Hyderabad,TS
CUST107117,UNIQ207117,35813,Coimbatore,TN
CUST107118,UNIQ207118,75377,Pune,MH
CUST107119,UNIQ207119,11599,Jaipur,RJ
CUST107120,UNIQ207120,78697,Indore,MP
CUST107121,UNIQ207121,36546,Chennai,TN
CUST107122,UNIQ207122,14304,Pune,MH
CUST107123,UNIQ207123,22955,Kolkata,WB
CUST107124,UNIQ207124,76508,Pune,MH
CUST107125,UNIQ207125,45582,Mumbai,MH
CUST107126,UNIQ207126,20413,Lucknow,UP
CUST107127,UNIQ207127,68541,Bangalore,KA
CUST107128,UNIQ207128,78543,Ahmedabad,GJ
CUST107129,UNIQ207129,42072,Chennai,TN
CUST107130,UNIQ207130,33944,Hyderabad,TS
CUST107131,UNIQ207131,42124,Indore,MP
CUST107132,UNIQ207132,69777,Chennai,TN
CUST107133,UNIQ207133,15273,Delhi,DL
CUST107134,UNIQ207134,44834,Ahmedabad,GJ
CUST107135,UNIQ207135,46369,Lucknow,UP
CUST107136,UNIQ207136,34905,Mumbai,MH
CUST107137,UNIQ207137,18345,Indore,MP
CUST107138,UNIQ207138,78492,Delhi,DL
CUST107139,UNIQ207139,17977,Hyderabad,TS
CUST107140,UNIQ207140,39830,Chennai,TN
CUST107141,UNIQ207141,72558,Chennai,TN
CUST107142,UNIQ207142,22880,Jaipur,RJ
CUST107143,UNIQ207143,16695,Lucknow,UP
CUST107144,UNIQ207144,19575,Pune,MH
CUST107145,UNIQ207145,72691,Chennai,TN
CUST107146,UNIQ207146,67920,Mumbai,MH
CUST107147,UNIQ207147,72394,Mumbai,MH
CUST107148,UNIQ207148,23090,Chennai,TN
CUST107149,UNIQ207149,38179,Lucknow,UP
CUST107150,UNIQ207150,73862,Ahmedabad,GJ
CUST107151,UNIQ207151,11258,Hyderabad,TS
CUST107152,UNIQ207152,66328,Ahmedabad,GJ
CUST107153,UNIQ207153,68017,Mumbai,MH
CUST107154,UNIQ207154,35532,Coimbatore,TN
CUST107155,UNIQ207155,69802,Ahmedabad,GJ
CUST107156,UNIQ207156,42997,Bangalore,KA
CUST107157,UNIQ207157,45486,Kolkata,WB
CUST107158,UNIQ207158,33138,Jaipur,RJ
CUST107159,UNIQ207159,76491,Pune,MH
CUST107160,UNIQ207160,77397,Jaipur,RJ
CUST107161,UNIQ207161,49274,Hyderabad,TS
CUST107162,UNIQ207162,79755,Hyderabad,TS
CUST107163,UNIQ207163,54714,Chennai,TN
CUST107164,UNIQ207164,75937,Hyderabad,TS
CUST107165,UNIQ207165,67677,Hyderabad,TS
CUST107166,UNIQ207166,33878,Mumbai,MH
CUST107167,UNIQ207167,10854,Jaipur,RJ
CUST107168,UNIQ207168,76787,Pune,MH
CUST107169,UNIQ207169,74983,Jaipur,RJ
CUST107170,UNIQ207170,33435,Delhi,DL
CUST107171,UNIQ207171,66625,Mumbai,MH
CUST107172,UNIQ207172,49929,Coimbatore,TN
CUST107173,UNIQ207173,68090,Mumbai,MH
CUST107174,UNIQ207174,33941,Pune,MH
CUST107175,UNIQ207175,24249,Chennai,TN
CUST107176,UNIQ207176,37946,Chennai,TN
CUST107177,UNIQ207177,75769,Hyderabad,TS
CUST107178,UNIQ207178,51945,Hyderabad,TS
CUST107179,UNIQ207179,71849,Lucknow,UP
CUST107180,UNIQ207180,49329,Mumbai,MH
CUST107181,UNIQ207181,37563,Ahmedabad,GJ
CUST107182,UNIQ207182,30263,Ahmedabad,GJ
CUST107183,UNIQ207183,30498,Pune,MH
CUST107184,UNIQ207184,61935,Chennai,TN
CUST107185,UNIQ207185,30701,Delhi,DL
CUST107186,UNIQ207186,30595,Ahmedabad,GJ
CUST107187,UNIQ207187,77694,Pune,MH
CUST107188,UNIQ207188,64645,Jaipur,RJ
CUST107189,UNIQ207189,45308,Indore,MP
CUST107190,UNIQ207190,44452,Chennai,TN
CUST107191,UNIQ207191,49795,Jaipur,RJ
CUST107192,UNIQ207192,29003,Pune,MH
CUST107193,UNIQ207193,53741,Hyderabad,TS
CUST107194,UNIQ207194,56390,Indore,MP
CUST107195,UNIQ207195,51333,Indore,MP
CUST107196,UNIQ207196,50372,Jaipur,RJ
CUST107197,UNIQ207197,61582,Kolkata,WB
CUST107198,UNIQ207198,10743,Kolkata,WB
CUST107199,UNIQ207199,17249,Kolkata,WB
CUST107200,UNIQ207200,56348,Kolkata,WB
CUST107201,UNIQ207201,28340,Coimbatore,TN
CUST107202,UNIQ207202,45940,Jaipur,RJ
CUST107203,UNIQ207203,36504,Bangalore,KA
CUST107204,UNIQ207204,43545,Chennai,TN
CUST107205,UNIQ207205,58952,Hyderabad,TS
CUST107206,UNIQ207206,52184,Bangalore,KA
CUST107207,UNIQ207207,60122,Kolkata,WB
CUST107208,UNIQ207208,36142,Pune,MH
CUST107209,UNIQ207209,75921,Chennai,TN
CUST107210,UNIQ207210,45908,Jaipur,RJ
CUST107211,UNIQ207211,19755,Mumbai,MH
CUST107212,UNIQ207212,31026,Chennai,TN
CUST107213,UNIQ207213,72872,Pune,MH
CUST107214,UNIQ207214,71587,Indore,MP
CUST107215,UNIQ207215,61126,Bangalore,KA
CUST107216,UNIQ207216,73837,Indore,MP
CUST107217,UNIQ207217,46718,Chennai,TN
CUST107218,UNIQ207218,59154,Ahmedabad,GJ
CUST107219,UNIQ207219,23295,Bangalore,KA
CUST107220,UNIQ207220,54917,Bangalore,KA
CUST107221,UNIQ207221,58424,Hyderabad,TS
CUST107222,UNIQ207222,47255,Jaipur,RJ
CUST107223,UNIQ207223,71845,Mumbai,MH
CUST107224,UNIQ207224,19697,Delhi,DL
CUST107225,UNIQ207225,64234,Pune,MH
CUST107226,UNIQ207226,29715,Delhi,DL
CUST107227,UNIQ207227,49171,Ahmedabad,GJ
CUST107228,UNIQ207228,36213,Ahmedabad,GJ
CUST107229,UNIQ207229,21535,Lucknow,UP
CUST107230,UNIQ207230,42142,Jaipur,RJ
CUST107231,UNIQ207231,44172,Pune,MH
CUST107232,UNIQ207232,79602,Lucknow,UP
CUST107233,UNIQ207233,12864,Hyderabad,TS
CUST107234,UNIQ207234,18913,Delhi,DL
CUST107235,UNIQ207235,51151,Indore,MP
CUST107236,UNIQ207236,68437,Pune,MH
CUST107237,UNIQ207237,38155,Indore,MP
CUST107238,UNIQ207238,52109,Delhi,DL
CUST107239,UNIQ207239,39842,Jaipur,RJ
CUST107240,UNIQ207240,57474,Jaipur,RJ
CUST107241,UNIQ207241,36081,Pune,MH
CUST107242,UNIQ207242,43951,Coimbatore,TN
CUST107243,UNIQ207243,13032,Hyderabad,TS
CUST107244,UNIQ207244,25622,Delhi,DL
CUST107245,UNIQ207245,63841,Coimbatore,TN
CUST107246,UNIQ207246,61944,Kolkata,WB
CUST107247,UNIQ207247,16295,Jaipur,RJ
CUST107248,UNIQ207248,17901,Lucknow,UP
CUST107249,UNIQ207249,58952,Lucknow,UP
CUST107250,UNIQ207250,67305,Bangalore,KA
CUST107251,UNIQ207251,76088,Bangalore,KA
CUST107252,UNIQ207252,74488,Pune,MH
CUST107253,UNIQ207253,53745,Hyderabad,TS
CUST107254,UNIQ207254,18796,Coimbatore,TN
CUST107255,UNIQ207255,19902,Indore,MP
CUST107256,UNIQ207256,22077,Ahmedabad,GJ
CUST107257,UNIQ207257,24723,Lucknow,UP
CUST107258,UNIQ207258,30738,Lucknow,UP
CUST107259,UNIQ207259,21498,Lucknow,UP
CUST107260,UNIQ207260,71400,Ahmedabad,GJ
CUST107261,UNIQ207261,35020,Ahmedabad,GJ
CUST107262,UNIQ207262,66485,Mumbai,MH
CUST107263,UNIQ207263,71042,Hyderabad,TS
CUST107264,UNIQ207264,29949,Jaipur,RJ
CUST107265,UNIQ207265,53310,Coimbatore,TN
CUST107266,UNIQ207266,33812,Mumbai,MH
CUST107267,UNIQ207267,54539,Coimbatore,TN
CUST107268,UNIQ207268,79168,Jaipur,RJ
CUST107269,UNIQ207269,66675,Indore,MP
CUST107270,UNIQ207270,62620,Bangalore,KA
CUST107271,UNIQ207271,48510,Ahmedabad,GJ
CUST107272,UNIQ207272,61111,Bangalore,KA
CUST107273,UNIQ207273,11119,Bangalore,KA
CUST107274,UNIQ207274,52255,Chennai,TN
CUST107275,UNIQ207275,29725,Kolkata,WB
CUST107276,UNIQ207276,39214,Hyderabad,TS
CUST107277,UNIQ207277,52810,Ahmedabad,GJ
CUST107278,UNIQ207278,69998,Lucknow,UP
CUST107279,UNIQ207279,36257,Coimbatore,TN
CUST107280,UNIQ207280,56484,Ahmedabad,GJ
CUST107281,UNIQ207281,30002,Indore,MP
CUST107282,UNIQ207282,29435,Chennai,TN
CUST107283,UNIQ207283,50433,Chennai,TN
CUST107284,UNIQ207284,23224,Delhi,DL
CUST107285,UNIQ207285,79916,Bangalore,KA
CUST107286,UNIQ207286,15171,Ahmedabad,GJ
CUST107287,UNIQ207287,55681,Delhi,DL
CUST107288,UNIQ207288,52920,Mumbai,MH
CUST107289,UNIQ207289,40160,Pune,MH
CUST107290,UNIQ207290,37368,Coimbatore,TN
CUST107291,UNIQ207291,49705,Chennai,TN
CUST107292,UNIQ207292,65611,Delhi,DL
CUST107293,UNIQ207293,40537,Hyderabad,TS
CUST107294,UNIQ207294,56575,Chennai,TN
CUST107295,UNIQ207295,27997,Bangalore,KA
CUST107296,UNIQ207296,26136,Jaipur,RJ
CUST107297,UNIQ207297,13332,Kolkata,WB
CUST107298,UNIQ207298,37339,Jaipur,RJ
CUST107299,UNIQ207299,16450,Kolkata,WB
CUST107300,UNIQ207300,67481,Jaipur,RJ
CUST107301,UNIQ207301,36035,Kolkata,WB
CUST107302,UNIQ207302,59873,Chennai,TN
CUST107303,UNIQ207303,26338,Ahmedabad,GJ
CUST107304,UNIQ207304,32950,Mumbai,MH
CUST107305,UNIQ207305,77698,Lucknow,UP
CUST107306,UNIQ207306,31349,Mumbai,MH
CUST107307,UNIQ207307,25775,Chennai,TN
CUST107308,UNIQ207308,56974,Jaipur,RJ
CUST107309,UNIQ207309,51534,Indore,MP
CUST107310,UNIQ207310,35032,Kolkata,WB
CUST107311,UNIQ207311,21900,Chennai,TN
CUST107312,UNIQ207312,57167,Lucknow,UP
CUST107313,UNIQ207313,43460,Jaipur,RJ
CUST107314,UNIQ207314,24679,Lucknow,UP
CUST107315,UNIQ207315,12116,Jaipur,RJ
CUST107316,UNIQ207316,59811,Bangalore,KA
CUST107317,UNIQ207317,62469,Kolkata,WB
CUST107318,UNIQ207318,56488,Mumbai,MH
CUST107319,UNIQ207319,50629,Pune,MH
CUST107320,UNIQ207320,66904,Mumbai,MH
CUST107321,UNIQ207321,49412,Coimbatore,TN
CUST107322,UNIQ207322,21069,Chennai,TN
CUST107323,UNIQ207323,61076,Coimbatore,TN
CUST107324,UNIQ207324,12077,Jaipur,RJ
CUST107325,UNIQ207325,52371,Hyderabad,TS
CUST107326,UNIQ207326,28446,Bangalore,KA
CUST107327,UNIQ207327,33246,Chennai,TN
CUST107328,UNIQ207328,11215,Ahmedabad,GJ
CUST107329,UNIQ207329,77976,Delhi,DL
CUST107330,UNIQ207330,28378,Delhi,DL
CUST107331,UNIQ207331,71579,Indore,MP
CUST107332,UNIQ207332,18019,Bangalore,KA
CUST107333,UNIQ207333,37502,Ahmedabad,GJ
CUST107334,UNIQ207334,48415,Indore,MP
CUST107335,UNIQ207335,64378,Pune,MH
CUST107336,UNIQ207336,64950,Delhi,DL
CUST107337,UNIQ207337,32890,Delhi,DL
CUST107338,UNIQ207338,29841,Lucknow,UP
CUST107339,UNIQ207339,33804,Indore,MP
CUST107340,UNIQ207340,24338,Pune,MH
CUST107341,UNIQ207341,13929,Delhi,DL
CUST107342,UNIQ207342,36748,Jaipur,RJ
CUST107343,UNIQ207343,62907,Hyderabad,TS
CUST107344,UNIQ207344,58913,Coimbatore,TN
CUST107345,UNIQ207345,52083,Hyderabad,TS
CUST107346,UNIQ207346,13385,Bangalore,KA
CUST107347,UNIQ207347,13735,Pune,MH
CUST107348,UNIQ207348,14485,Jaipur,RJ
CUST107349,UNIQ207349,28919,Indore,MP
CUST107350,UNIQ207350,16094,Kolkata,WB
CUST107351,UNIQ207351,59418,Lucknow,UP
CUST107352,UNIQ207352,78839,Ahmedabad,GJ
CUST107353,UNIQ207353,30731,Delhi,DL
CUST107354,UNIQ207354,11958,Mumbai,MH
CUST107355,UNIQ207355,39189,Pune,MH
CUST107356,UNIQ207356,65034,Mumbai,MH
CUST107357,UNIQ207357,24733,Mumbai,MH
CUST107358,UNIQ207358,70874,Jaipur,RJ
CUST107359,UNIQ207359,67726,Kolkata,WB
CUST107360,UNIQ207360,10094,Delhi,DL
CUST107361,UNIQ207361,72422,Hyderabad,TS
CUST107362,UNIQ207362,43667,Jaipur,RJ
CUST107363,UNIQ207363,52320,Delhi,DL
CUST107364,UNIQ207364,57917,Coimbatore,TN
CUST107365,UNIQ207365,22635,Ahmedabad,GJ
CUST107366,UNIQ207366,74592,Jaipur,RJ
CUST107367,UNIQ207367,35727,Indore,MP
CUST107368,UNIQ207368,38745,Delhi,DL
CUST107369,UNIQ207369,27014,Lucknow,UP
CUST107370,UNIQ207370,39563,Delhi,DL
CUST107371,UNIQ207371,20772,Coimbatore,TN
CUST107372,UNIQ207372,22424,Indore,MP
CUST107373,UNIQ207373,62931,Indore,MP
CUST107374,UNIQ207374,23792,Hyderabad,TS
CUST107375,UNIQ207375,39651,Chennai,TN
CUST107376,UNIQ207376,34199,Hyderabad,TS
CUST107377,UNIQ207377,49466,Indore,MP
CUST107378,UNIQ207378,70574,Pune,MH
CUST107379,UNIQ207379,78146,Coimbatore,TN
CUST107380,UNIQ207380,44960,Lucknow,UP
CUST107381,UNIQ207381,52984,Delhi,DL
CUST107382,UNIQ207382,59121,Kolkata,WB
CUST107383,UNIQ207383,29034,Coimbatore,TN
CUST107384,UNIQ207384,14485,Ahmedabad,GJ
CUST107385,UNIQ207385,60466,Indore,MP
CUST107386,UNIQ207386,16293,Coimbatore,TN
CUST107387,UNIQ207387,33877,Chennai,TN
CUST107388,UNIQ207388,28737,Bangalore,KA
CUST107389,UNIQ207389,14471,Coimbatore,TN
CUST107390,UNIQ207390,31218,Chennai,TN
CUST107391,UNIQ207391,52274,Kolkata,WB
CUST107392,UNIQ207392,73016,Bangalore,KA
CUST107393,UNIQ207393,55075,Jaipur,RJ
CUST107394,UNIQ207394,63170,Chennai,TN
CUST107395,UNIQ207395,38159,Jaipur,RJ
CUST107396,UNIQ207396,44446,Jaipur,RJ
CUST107397,UNIQ207397,67653,Lucknow,UP
CUST107398,UNIQ207398,46609,Mumbai,MH
CUST107399,UNIQ207399,77435,Coimbatore,TN
CUST107400,UNIQ207400,54204,Pune,MH
CUST107401,UNIQ207401,43460,Delhi,DL
CUST107402,UNIQ207402,73878,Pune,MH
CUST107403,UNIQ207403,69810,Lucknow,UP
CUST107404,UNIQ207404,22648,Coimbatore,TN
CUST107405,UNIQ207405,54875,Coimbatore,TN
CUST107406,UNIQ207406,44454,Lucknow,UP
CUST107407,UNIQ207407,57896,Mumbai,MH
CUST107408,UNIQ207408,13331,Kolkata,WB
CUST107409,UNIQ207409,26544,Lucknow,UP
CUST107410,UNIQ207410,39769,Mumbai,MH
CUST107411,UNIQ207411,24566,Jaipur,RJ
CUST107412,UNIQ207412,48759,Mumbai,MH
CUST107413,UNIQ207413,55563,Delhi,DL
CUST107414,UNIQ207414,69318,Hyderabad,TS
CUST107415,UNIQ207415,20874,Kolkata,WB
CUST107416,UNIQ207416,33935,Lucknow,UP
CUST107417,UNIQ207417,76965,Kolkata,WB
CUST107418,UNIQ207418,28574,Chennai,TN
CUST107419,UNIQ207419,39079,Coimbatore,TN
CUST107420,UNIQ207420,36041,Bangalore,KA
CUST107421,UNIQ207421,56391,Indore,MP
CUST107422,UNIQ207422,29892,Lucknow,UP
CUST107423,UNIQ207423,79541,Ahmedabad,GJ
CUST107424,UNIQ207424,16159,Lucknow,UP
CUST107425,UNIQ207425,57534,Lucknow,UP
CUST107426,UNIQ207426,40202,Lucknow,UP
CUST107427,UNIQ207427,79582,Indore,MP
CUST107428,UNIQ207428,59082,Delhi,DL
CUST107429,UNIQ207429,23125,Delhi,DL
CUST107430,UNIQ207430,31710,Coimbatore,TN
CUST107431,UNIQ207431,39656,Coimbatore,TN
CUST107432,UNIQ207432,29929,Indore,MP
CUST107433,UNIQ207433,65576,Lucknow,UP
CUST107434,UNIQ207434,46493,Chennai,TN
CUST107435,UNIQ207435,62543,Bangalore,KA
CUST107436,UNIQ207436,61088,Hyderabad,TS
CUST107437,UNIQ207437,65215,Lucknow,UP
CUST107438,UNIQ207438,71342,Jaipur,RJ
CUST107439,UNIQ207439,27841,Pune,MH
CUST107440,UNIQ207440,49320,Indore,MP
CUST107441,UNIQ207441,19813,Bangalore,KA
CUST107442,UNIQ207442,50842,Hyderabad,TS
CUST107443,UNIQ207443,18757,Chennai,TN
CUST107444,UNIQ207444,63788,Bangalore,KA
CUST107445,UNIQ207445,28847,Delhi,DL
CUST107446,UNIQ207446,31004,Jaipur,RJ
CUST107447,UNIQ207447,61280,Chennai,TN
CUST107448,UNIQ207448,64920,Delhi,DL
CUST107449,UNIQ207449,35345,Kolkata,WB
CUST107450,UNIQ207450,55928,Chennai,TN
CUST107451,UNIQ207451,39662,Mumbai,MH
CUST107452,UNIQ207452,28407,Hyderabad,TS
CUST107453,UNIQ207453,26183,Kolkata,WB
CUST107454,UNIQ207454,29902,Indore,MP
CUST107455,UNIQ207455,68114,Chennai,TN
CUST107456,UNIQ207456,46106,Delhi,DL
CUST107457,UNIQ207457,11411,Pune,MH
CUST107458,UNIQ207458,25373,Coimbatore,TN
CUST107459,UNIQ207459,50784,Lucknow,UP
CUST107460,UNIQ207460,23449,Lucknow,UP
CUST107461,UNIQ207461,71749,Coimbatore,TN
CUST107462,UNIQ207462,67445,Chennai,TN
CUST107463,UNIQ207463,26366,Hyderabad,TS
CUST107464,UNIQ207464,69554,Lucknow,UP
CUST107465,UNIQ207465,19227,Delhi,DL
CUST107466,UNIQ207466,54744,Indore,MP
CUST107467,UNIQ207467,15370,Hyderabad,TS
CUST107468,UNIQ207468,43482,Kolkata,WB
CUST107469,UNIQ207469,71148,Mumbai,MH
CUST107470,UNIQ207470,32079,Kolkata,WB
CUST107471,UNIQ207471,73871,Indore,MP
CUST107472,UNIQ207472,39443,Hyderabad,TS
CUST107473,UNIQ207473,23506,Lucknow,UP
CUST107474,UNIQ207474,57520,Mumbai,MH
CUST107475,UNIQ207475,74819,Chennai,TN
CUST107476,UNIQ207476,66685,Indore,MP
CUST107477,UNIQ207477,17425,Kolkata,WB
CUST107478,UNIQ207478,23787,Coimbatore,TN
CUST107479,UNIQ207479,46158,Hyderabad,TS
CUST107480,UNIQ207480,76561,Hyderabad,TS
CUST107481,UNIQ207481,65003,Pune,MH
CUST107482,UNIQ207482,42931,Coimbatore,TN
CUST107483,UNIQ207483,20891,Pune,MH
CUST107484,UNIQ207484,23255,Bangalore,KA
CUST107485,UNIQ207485,73641,Indore,MP
CUST107486,UNIQ207486,74877,Chennai,TN
CUST107487,UNIQ207487,66854,Chennai,TN
CUST107488,UNIQ207488,44832,Coimbatore,TN
CUST107489,UNIQ207489,73945,Mumbai,MH
CUST107490,UNIQ207490,59259,Lucknow,UP
CUST107491,UNIQ207491,78022,Ahmedabad,GJ
CUST107492,UNIQ207492,60146,Coimbatore,TN
CUST107493,UNIQ207493,24129,Bangalore,KA
CUST107494,UNIQ207494,22920,Ahmedabad,GJ
CUST107495,UNIQ207495,22440,Ahmedabad,GJ
CUST107496,UNIQ207496,41275,Mumbai,MH
CUST107497,UNIQ207497,65290,Pune,MH
CUST107498,UNIQ207498,15225,Kolkata,WB
CUST107499,UNIQ207499,67703,Pune,MH
CUST107500,UNIQ207500,78519,Jaipur,RJ
CUST107501,UNIQ207501,62257,Bangalore,KA
CUST107502,UNIQ207502,66596,Coimbatore,TN
CUST107503,UNIQ207503,13360,Coimbatore,TN
CUST107504,UNIQ207504,33689,Chennai,TN
CUST107505,UNIQ207505,53117,Bangalore,KA
CUST107506,UNIQ207506,48309,Mumbai,MH
CUST107507,UNIQ207507,13719,Kolkata,WB
CUST107508,UNIQ207508,69850,Indore,MP
CUST107509,UNIQ207509,57000,Hyderabad,TS
CUST107510,UNIQ207510,55095,Coimbatore,TN
CUST107511,UNIQ207511,42597,Pune,MH
CUST107512,UNIQ207512,68459,Hyderabad,TS
CUST107513,UNIQ207513,52534,Bangalore,KA
CUST107514,UNIQ207514,44494,Jaipur,RJ
CUST107515,UNIQ207515,37443,Delhi,DL
CUST107516,UNIQ207516,52189,Lucknow,UP
CUST107517,UNIQ207517,62601,Indore,MP
CUST107518,UNIQ207518,32551,Pune,MH
CUST107519,UNIQ207519,21648,Jaipur,RJ
CUST107520,UNIQ207520,56111,Pune,MH
CUST107521,UNIQ207521,39828,Ahmedabad,GJ
CUST107522,UNIQ207522,50086,Pune,MH
CUST107523,UNIQ207523,21853,Mumbai,MH
CUST107524,UNIQ207524,63223,Coimbatore,TN
CUST107525,UNIQ207525,75168,Pune,MH
CUST107526,UNIQ207526,34404,Coimbatore,TN
CUST107527,UNIQ207527,36496,Kolkata,WB
CUST107528,UNIQ207528,73627,Hyderabad,TS
CUST107529,UNIQ207529,54171,Pune,MH
CUST107530,UNIQ207530,57377,Jaipur,RJ
CUST107531,UNIQ207531,32091,Delhi,DL
CUST107532,UNIQ207532,12087,Pune,MH
CUST107533,UNIQ207533,34876,Mumbai,MH
CUST107534,UNIQ207534,50701,Ahmedabad,GJ
CUST107535,UNIQ207535,48824,Lucknow,UP
CUST107536,UNIQ207536,33318,Lucknow,UP
CUST107537,UNIQ207537,19952,Kolkata,WB
CUST107538,UNIQ207538,22237,Chennai,TN
CUST107539,UNIQ207539,63036,Mumbai,MH
CUST107540,UNIQ207540,29105,Hyderabad,TS
CUST107541,UNIQ207541,54585,Indore,MP
CUST107542,UNIQ207542,56373,Lucknow,UP
CUST107543,UNIQ207543,27436,Kolkata,WB
CUST107544,UNIQ207544,23582,Kolkata,WB
CUST107545,UNIQ207545,48523,Indore,MP
CUST107546,UNIQ207546,20775,Ahmedabad,GJ
CUST107547,UNIQ207547,39468,Pune,MH
CUST107548,UNIQ207548,15344,Jaipur,RJ
CUST107549,UNIQ207549,30317,Chennai,TN
CUST107550,UNIQ207550,45885,Coimbatore,TN
CUST107551,UNIQ207551,74814,Bangalore,KA
CUST107552,UNIQ207552,38701,Chennai,TN
CUST107553,UNIQ207553,39600,Chennai,TN
CUST107554,UNIQ207554,38307,Jaipur,RJ
CUST107555,UNIQ207555,11627,Delhi,DL
CUST107556,UNIQ207556,41939,Hyderabad,TS
CUST107557,UNIQ207557,73343,Bangalore,KA
CUST107558,UNIQ207558,64332,Jaipur,RJ
CUST107559,UNIQ207559,35197,Lucknow,UP
CUST107560,UNIQ207560,34386,Kolkata,WB
CUST107561,UNIQ207561,62378,Lucknow,UP
CUST107562,UNIQ207562,60738,Coimbatore,TN
CUST107563,UNIQ207563,44274,Indore,MP
CUST107564,UNIQ207564,57706,Indore,MP
CUST107565,UNIQ207565,66533,Hyderabad,TS
CUST107566,UNIQ207566,57777,Pune,MH
CUST107567,UNIQ207567,51963,Chennai,TN
CUST107568,UNIQ207568,56802,Lucknow,UP
CUST107569,UNIQ207569,27628,Mumbai,MH
CUST107570,UNIQ207570,42361,Pune,MH
CUST107571,UNIQ207571,26877,Lucknow,UP
CUST107572,UNIQ207572,76512,Mumbai,MH
CUST107573,UNIQ207573,72355,Indore,MP
CUST107574,UNIQ207574,51089,Lucknow,UP
CUST107575,UNIQ207575,39861,Mumbai,MH
CUST107576,UNIQ207576,55657,Indore,MP
CUST107577,UNIQ207577,39355,Indore,MP
CUST107578,UNIQ207578,45275,Jaipur,RJ
CUST107579,UNIQ207579,16973,Ahmedabad,GJ
CUST107580,UNIQ207580,67392,Jaipur,RJ
CUST107581,UNIQ207581,67171,Jaipur,RJ
CUST107582,UNIQ207582,32458,Mumbai,MH
CUST107583,UNIQ207583,68781,Bangalore,KA
CUST107584,UNIQ207584,17542,Lucknow,UP
CUST107585,UNIQ207585,72472,Pune,MH
CUST107586,UNIQ207586,29382,Indore,MP
CUST107587,UNIQ207587,56453,Mumbai,MH
CUST107588,UNIQ207588,46187,Mumbai,MH
CUST107589,UNIQ207589,43031,Ahmedabad,GJ
CUST107590,UNIQ207590,13614,Indore,MP
CUST107591,UNIQ207591,74331,Indore,MP
CUST107592,UNIQ207592,27479,Kolkata,WB
CUST107593,UNIQ207593,38207,Kolkata,WB
CUST107594,UNIQ207594,69259,Coimbatore,TN
CUST107595,UNIQ207595,49932,Hyderabad,TS
CUST107596,UNIQ207596,40482,Pune,MH
CUST107597,UNIQ207597,76578,Ahmedabad,GJ
CUST107598,UNIQ207598,28904,Kolkata,WB
CUST107599,UNIQ207599,51216,Lucknow,UP
CUST107600,UNIQ207600,16943,Bangalore,KA
CUST107601,UNIQ207601,56969,Indore,MP
CUST107602,UNIQ207602,25687,Ahmedabad,GJ
CUST107603,UNIQ207603,18339,Mumbai,MH
CUST107604,UNIQ207604,64225,Lucknow,UP
CUST107605,UNIQ207605,31129,Indore,MP
CUST107606,UNIQ207606,35509,Indore,MP
CUST107607,UNIQ207607,33506,Chennai,TN
CUST107608,UNIQ207608,13864,Delhi,DL
CUST107609,UNIQ207609,74877,Coimbatore,TN
CUST107610,UNIQ207610,25663,Indore,MP
CUST107611,UNIQ207611,21679,Pune,MH
CUST107612,UNIQ207612,62894,Mumbai,MH
CUST107613,UNIQ207613,60783,Ahmedabad,GJ
CUST107614,UNIQ207614,59976,Kolkata,WB
CUST107615,UNIQ207615,72181,Indore,MP
CUST107616,UNIQ207616,54996,Delhi,DL
CUST107617,UNIQ207617,22564,Delhi,DL
CUST107618,UNIQ207618,56551,Hyderabad,TS
CUST107619,UNIQ207619,66408,Delhi,DL
CUST107620,UNIQ207620,75494,Hyderabad,TS
CUST107621,UNIQ207621,34191,Mumbai,MH
CUST107622,UNIQ207622,62615,Hyderabad,TS
CUST107623,UNIQ207623,39706,Chennai,TN
CUST107624,UNIQ207624,20691,Pune,MH
CUST107625,UNIQ207625,69208,Pune,MH
CUST107626,UNIQ207626,78664,Mumbai,MH
CUST107627,UNIQ207627,12673,Hyderabad,TS
CUST107628,UNIQ207628,17982,Ahmedabad,GJ
CUST107629,UNIQ207629,17752,Lucknow,UP
CUST107630,UNIQ207630,58909,Coimbatore,TN
CUST107631,UNIQ207631,32087,Mumbai,MH
CUST107632,UNIQ207632,79352,Bangalore,KA
CUST107633,UNIQ207633,10610,Bangalore,KA
CUST107634,UNIQ207634,60430,Pune,MH
CUST107635,UNIQ207635,13624,Hyderabad,TS
CUST107636,UNIQ207636,59130,Ahmedabad,GJ
CUST107637,UNIQ207637,32595,Mumbai,MH
CUST107638,UNIQ207638,75300,Chennai,TN
CUST107639,UNIQ207639,38622,Delhi,DL
CUST107640,UNIQ207640,22709,Pune,MH
CUST107641,UNIQ207641,30273,Coimbatore,TN
CUST107642,UNIQ207642,59042,Ahmedabad,GJ
CUST107643,UNIQ207643,33190,Ahmedabad,GJ
CUST107644,UNIQ207644,33264,Jaipur,RJ
CUST107645,UNIQ207645,29510,Lucknow,UP
CUST107646,UNIQ207646,13976,Jaipur,RJ
CUST107647,UNIQ207647,15082,Ahmedabad,GJ
CUST107648,UNIQ207648,25765,Lucknow,UP
CUST107649,UNIQ207649,48198,Hyderabad,TS
CUST107650,UNIQ207650,55751,Mumbai,MH
CUST107651,UNIQ207651,33647,Coimbatore,TN
CUST107652,UNIQ207652,77959,Ahmedabad,GJ
CUST107653,UNIQ207653,23070,Delhi,DL
CUST107654,UNIQ207654,35317,Jaipur,RJ
CUST107655,UNIQ207655,30349,Ahmedabad,GJ
CUST107656,UNIQ207656,54223,Ahmedabad,GJ
CUST107657,UNIQ207657,60966,Jaipur,RJ
CUST107658,UNIQ207658,25254,Jaipur,RJ
CUST107659,UNIQ207659,18580,Coimbatore,TN
CUST107660,UNIQ207660,42272,Pune,MH
CUST107661,UNIQ207661,28531,Pune,MH
CUST107662,UNIQ207662,74325,Chennai,TN
CUST107663,UNIQ207663,62990,Chennai,TN
CUST107664,UNIQ207664,56965,Bangalore,KA
CUST107665,UNIQ207665,72970,Bangalore,KA
CUST107666,UNIQ207666,22947,Coimbatore,TN
CUST107667,UNIQ207667,21921,Lucknow,UP
CUST107668,UNIQ207668,52015,Coimbatore,TN
CUST107669,UNIQ207669,79720,Lucknow,UP
CUST107670,UNIQ207670,61666,Lucknow,UP
CUST107671,UNIQ207671,36336,Lucknow,UP
CUST107672,UNIQ207672,51984,Hyderabad,TS
CUST107673,UNIQ207673,68707,Delhi,DL
CUST107674,UNIQ207674,48398,Chennai,TN
CUST107675,UNIQ207675,65878,Coimbatore,TN
CUST107676,UNIQ207676,67034,Kolkata,WB
CUST107677,UNIQ207677,20798,Kolkata,WB
CUST107678,UNIQ207678,13123,Jaipur,RJ
CUST107679,UNIQ207679,23673,Jaipur,RJ
CUST107680,UNIQ207680,73452,Pune,MH
CUST107681,UNIQ207681,60961,Ahmedabad,GJ
CUST107682,UNIQ207682,75223,Hyderabad,TS
CUST107683,UNIQ207683,17224,Hyderabad,TS
CUST107684,UNIQ207684,15456,Lucknow,UP
CUST107685,UNIQ207685,21689,Chennai,TN
CUST107686,UNIQ207686,32722,Hyderabad,TS
CUST107687,UNIQ207687,51111,Coimbatore,TN
CUST107688,UNIQ207688,16285,Indore,MP
CUST107689,UNIQ207689,13665,Lucknow,UP
CUST107690,UNIQ207690,49707,Bangalore,KA
CUST107691,UNIQ207691,34672,Kolkata,WB
CUST107692,UNIQ207692,16872,Pune,MH
CUST107693,UNIQ207693,66859,Coimbatore,TN
CUST107694,UNIQ207694,76633,Indore,MP
CUST107695,UNIQ207695,33368,Lucknow,UP
CUST107696,UNIQ207696,58604,Lucknow,UP
CUST107697,UNIQ207697,15861,Coimbatore,TN
CUST107698,UNIQ207698,22930,Chennai,TN
CUST107699,UNIQ207699,34340,Jaipur,RJ
CUST107700,UNIQ207700,51983,Chennai,TN
CUST107701,UNIQ207701,36687,Mumbai,MH
CUST107702,UNIQ207702,37097,Jaipur,RJ
CUST107703,UNIQ207703,12043,Ahmedabad,GJ
CUST107704,UNIQ207704,60002,Bangalore,KA
CUST107705,UNIQ207705,25247,Chennai,TN
CUST107706,UNIQ207706,10621,Hyderabad,TS
CUST107707,UNIQ207707,53352,Chennai,TN
CUST107708,UNIQ207708,61107,Delhi,DL
CUST107709,UNIQ207709,58730,Chennai,TN
CUST107710,UNIQ207710,15866,Kolkata,WB
CUST107711,UNIQ207711,28568,Delhi,DL
CUST107712,UNIQ207712,42266,Ahmedabad,GJ
CUST107713,UNIQ207713,43840,Ahmedabad,GJ
CUST107714,UNIQ207714,50598,Kolkata,WB
CUST107715,UNIQ207715,45732,Chennai,TN
CUST107716,UNIQ207716,11340,Kolkata,WB
CUST107717,UNIQ207717,64216,Kolkata,WB
CUST107718,UNIQ207718,46449,Kolkata,WB
CUST107719,UNIQ207719,73991,Chennai,TN
CUST107720,UNIQ207720,11367,Hyderabad,TS
CUST107721,UNIQ207721,61834,Coimbatore,TN
CUST107722,UNIQ207722,68868,Bangalore,KA
CUST107723,UNIQ207723,39225,Delhi,DL
CUST107724,UNIQ207724,24992,Mumbai,MH
CUST107725,UNIQ207725,30830,Mumbai,MH
CUST107726,UNIQ207726,18716,Jaipur,RJ
CUST107727,UNIQ207727,52910,Delhi,DL
CUST107728,UNIQ207728,43619,Delhi,DL
CUST107729,UNIQ207729,62193,Coimbatore,TN
CUST107730,UNIQ207730,47544,Hyderabad,TS
CUST107731,UNIQ207731,44275,Hyderabad,TS
CUST107732,UNIQ207732,25650,Mumbai,MH
CUST107733,UNIQ207733,36493,Kolkata,WB
CUST107734,UNIQ207734,75269,Mumbai,MH
CUST107735,UNIQ207735,26661,Chennai,TN
CUST107736,UNIQ207736,14678,Lucknow,UP
CUST107737,UNIQ207737,72759,Jaipur,RJ
CUST107738,UNIQ207738,24602,Mumbai,MH
CUST107739,UNIQ207739,14984,Chennai,TN
CUST107740,UNIQ207740,34179,Kolkata,WB
CUST107741,UNIQ207741,18834,Mumbai,MH
CUST107742,UNIQ207742,67140,Chennai,TN
CUST107743,UNIQ207743,58614,Ahmedabad,GJ
CUST107744,UNIQ207744,28711,Jaipur,RJ
CUST107745,UNIQ207745,15380,Jaipur,RJ
CUST107746,UNIQ207746,76010,Coimbatore,TN
CUST107747,UNIQ207747,37581,Chennai,TN
CUST107748,UNIQ207748,51670,Indore,MP
CUST107749,UNIQ207749,11862,Bangalore,KA
CUST107750,UNIQ207750,54741,Delhi,DL
CUST107751,UNIQ207751,33006,Hyderabad,TS
CUST107752,UNIQ207752,70559,Pune,MH
CUST107753,UNIQ207753,17396,Chennai,TN
CUST107754,UNIQ207754,59811,Kolkata,WB
CUST107755,UNIQ207755,48247,Delhi,DL
CUST107756,UNIQ207756,18342,Lucknow,UP
CUST107757,UNIQ207757,34112,Chennai,TN
CUST107758,UNIQ207758,35472,Coimbatore,TN
CUST107759,UNIQ207759,67523,Pune,MH
CUST107760,UNIQ207760,67741,Bangalore,KA
CUST107761,UNIQ207761,42214,Mumbai,MH
CUST107762,UNIQ207762,79278,Ahmedabad,GJ
CUST107763,UNIQ207763,31115,Hyderabad,TS
CUST107764,UNIQ207764,51622,Delhi,DL
CUST107765,UNIQ207765,24596,Bangalore,KA
CUST107766,UNIQ207766,18536,Coimbatore,TN
CUST107767,UNIQ207767,77901,Kolkata,WB
CUST107768,UNIQ207768,12288,Lucknow,UP
CUST107769,UNIQ207769,32271,Ahmedabad,GJ
CUST107770,UNIQ207770,52160,Indore,MP
CUST107771,UNIQ207771,15037,Pune,MH
CUST107772,UNIQ207772,23604,Delhi,DL
CUST107773,UNIQ207773,40626,Coimbatore,TN
CUST107774,UNIQ207774,59966,Bangalore,KA
CUST107775,UNIQ207775,17656,Bangalore,KA
CUST107776,UNIQ207776,25681,Kolkata,WB
CUST107777,UNIQ207777,14613,Chennai,TN
CUST107778,UNIQ207778,19689,Ahmedabad,GJ
CUST107779,UNIQ207779,72446,Bangalore,KA
CUST107780,UNIQ207780,60600,Ahmedabad,GJ
CUST107781,UNIQ207781,60694,Hyderabad,TS
CUST107782,UNIQ207782,41151,Jaipur,RJ
CUST107783,UNIQ207783,74298,Coimbatore,TN
CUST107784,UNIQ207784,42773,Ahmedabad,GJ
CUST107785,UNIQ207785,69635,Pune,MH
CUST107786,UNIQ207786,30072,Jaipur,RJ
CUST107787,UNIQ207787,57203,Jaipur,RJ
CUST107788,UNIQ207788,28927,Chennai,TN
CUST107789,UNIQ207789,32852,Hyderabad,TS
CUST107790,UNIQ207790,43713,Kolkata,WB
CUST107791,UNIQ207791,58244,Delhi,DL
CUST107792,UNIQ207792,12744,Indore,MP
CUST107793,UNIQ207793,49302,Kolkata,WB
CUST107794,UNIQ207794,15577,Delhi,DL
CUST107795,UNIQ207795,63788,Jaipur,RJ
CUST107796,UNIQ207796,39751,Indore,MP
CUST107797,UNIQ207797,26387,Kolkata,WB
CUST107798,UNIQ207798,56260,Coimbatore,TN
CUST107799,UNIQ207799,63188,Chennai,TN
CUST107800,UNIQ207800,64752,Kolkata,WB
CUST107801,UNIQ207801,69285,Jaipur,RJ
CUST107802,UNIQ207802,60913,Jaipur,RJ
CUST107803,UNIQ207803,57652,Jaipur,RJ
CUST107804,UNIQ207804,52730,Pune,MH
CUST107805,UNIQ207805,62282,Coimbatore,TN
CUST107806,UNIQ207806,79459,Delhi,DL
CUST107807,UNIQ207807,42244,Chennai,TN
CUST107808,UNIQ207808,35030,Chennai,TN
CUST107809,UNIQ207809,35506,Ahmedabad,GJ
CUST107810,UNIQ207810,57633,Indore,MP
CUST107811,UNIQ207811,63504,Jaipur,RJ
CUST107812,UNIQ207812,50225,Pune,MH
CUST107813,UNIQ207813,61488,Chennai,TN
CUST107814,UNIQ207814,71634,Delhi,DL
CUST107815,UNIQ207815,69286,Mumbai,MH
CUST107816,UNIQ207816,64017,Hyderabad,TS
CUST107817,UNIQ207817,36137,Bangalore,KA
CUST107818,UNIQ207818,54260,Chennai,TN
CUST107819,UNIQ207819,30541,Lucknow,UP
CUST107820,UNIQ207820,60369,Coimbatore,TN
CUST107821,UNIQ207821,66594,Lucknow,UP
CUST107822,UNIQ207822,68062,Delhi,DL
CUST107823,UNIQ207823,37060,Bangalore,KA
CUST107824,UNIQ207824,32589,Kolkata,WB
CUST107825,UNIQ207825,30428,Hyderabad,TS
CUST107826,UNIQ207826,62674,Coimbatore,TN
CUST107827,UNIQ207827,35927,Ahmedabad,GJ
CUST107828,UNIQ207828,63908,Delhi,DL
CUST107829,UNIQ207829,71417,Pune,MH
CUST107830,UNIQ207830,27112,Chennai,TN
CUST107831,UNIQ207831,51446,Jaipur,RJ
CUST107832,UNIQ207832,79545,Ahmedabad,GJ
CUST107833,UNIQ207833,14627,Indore,MP
CUST107834,UNIQ207834,22722,Coimbatore,TN
CUST107835,UNIQ207835,21239,Mumbai,MH
CUST107836,UNIQ207836,11136,Bangalore,KA
CUST107837,UNIQ207837,53451,Bangalore,KA
CUST107838,UNIQ207838,51064,Mumbai,MH
CUST107839,UNIQ207839,36608,Pune,MH
CUST107840,UNIQ207840,29739,Indore,MP
CUST107841,UNIQ207841,50312,Chennai,TN
CUST107842,UNIQ207842,57571,Mumbai,MH
CUST107843,UNIQ207843,51353,Ahmedabad,GJ
CUST107844,UNIQ207844,68538,Ahmedabad,GJ
CUST107845,UNIQ207845,54383,Jaipur,RJ
CUST107846,UNIQ207846,32966,Indore,MP
CUST107847,UNIQ207847,49746,Hyderabad,TS
CUST107848,UNIQ207848,30946,Mumbai,MH
CUST107849,UNIQ207849,31398,Delhi,DL
CUST107850,UNIQ207850,25524,Kolkata,WB
CUST107851,UNIQ207851,63697,Lucknow,UP
CUST107852,UNIQ207852,71547,Delhi,DL
CUST107853,UNIQ207853,46861,Indore,MP
CUST107854,UNIQ207854,42688,Indore,MP
CUST107855,UNIQ207855,29221,Mumbai,MH
CUST107856,UNIQ207856,22723,Jaipur,RJ
CUST107857,UNIQ207857,27773,Bangalore,KA
CUST107858,UNIQ207858,71972,Kolkata,WB
CUST107859,UNIQ207859,72505,Kolkata,WB
CUST107860,UNIQ207860,12615,Delhi,DL
CUST107861,UNIQ207861,57498,Ahmedabad,GJ
CUST107862,UNIQ207862,33833,Jaipur,RJ
CUST107863,UNIQ207863,12602,Jaipur,RJ
CUST107864,UNIQ207864,55066,Jaipur,RJ
CUST107865,UNIQ207865,21142,Pune,MH
CUST107866,UNIQ207866,19029,Pune,MH
CUST107867,UNIQ207867,27687,Delhi,DL
CUST107868,UNIQ207868,49335,Ahmedabad,GJ
CUST107869,UNIQ207869,61592,Coimbatore,TN
CUST107870,UNIQ207870,24545,Delhi,DL
CUST107871,UNIQ207871,35838,Coimbatore,TN
CUST107872,UNIQ207872,52034,Coimbatore,TN
CUST107873,UNIQ207873,20888,Hyderabad,TS
CUST107874,UNIQ207874,74847,Pune,MH
CUST107875,UNIQ207875,64753,Bangalore,KA
CUST107876,UNIQ207876,57869,Delhi,DL
CUST107877,UNIQ207877,35168,Hyderabad,TS
CUST107878,UNIQ207878,46732,Lucknow,UP
CUST107879,UNIQ207879,13072,Lucknow,UP
CUST107880,UNIQ207880,51755,Jaipur,RJ
CUST107881,UNIQ207881,16817,Delhi,DL
CUST107882,UNIQ207882,41300,Coimbatore,TN
CUST107883,UNIQ207883,50191,Indore,MP
CUST107884,UNIQ207884,68842,Hyderabad,TS
CUST107885,UNIQ207885,54239,Kolkata,WB
CUST107886,UNIQ207886,45761,Bangalore,KA
CUST107887,UNIQ207887,70042,Indore,MP
CUST107888,UNIQ207888,20517,Coimbatore,TN
CUST107889,UNIQ207889,14112,Pune,MH
CUST107890,UNIQ207890,11399,Delhi,DL
CUST107891,UNIQ207891,12518,Indore,MP
CUST107892,UNIQ207892,59895,Hyderabad,TS
CUST107893,UNIQ207893,71619,Chennai,TN
CUST107894,UNIQ207894,60907,Kolkata,WB
CUST107895,UNIQ207895,45426,Bangalore,KA
CUST107896,UNIQ207896,59170,Indore,MP
CUST107897,UNIQ207897,58076,Pune,MH
CUST107898,UNIQ207898,65641,Lucknow,UP
CUST107899,UNIQ207899,54843,Kolkata,WB
CUST107900,UNIQ207900,55382,Delhi,DL
CUST107901,UNIQ207901,44286,Indore,MP
CUST107902,UNIQ207902,35284,Lucknow,UP
CUST107903,UNIQ207903,46915,Jaipur,RJ
CUST107904,UNIQ207904,20919,Hyderabad,TS
CUST107905,UNIQ207905,21114,Jaipur,RJ
CUST107906,UNIQ207906,51761,Coimbatore,TN
CUST107907,UNIQ207907,24879,Lucknow,UP
CUST107908,UNIQ207908,26846,Bangalore,KA
CUST107909,UNIQ207909,41845,Mumbai,MH
CUST107910,UNIQ207910,33213,Mumbai,MH
CUST107911,UNIQ207911,18514,Pune,MH
CUST107912,UNIQ207912,41056,Delhi,DL
CUST107913,UNIQ207913,19884,Mumbai,MH
CUST107914,UNIQ207914,11762,Bangalore,KA
CUST107915,UNIQ207915,54713,Indore,MP
CUST107916,UNIQ207916,19225,Ahmedabad,GJ
CUST107917,UNIQ207917,70393,Delhi,DL
CUST107918,UNIQ207918,53371,Coimbatore,TN
CUST107919,UNIQ207919,23871,Coimbatore,TN
CUST107920,UNIQ207920,25987,Ahmedabad,GJ
CUST107921,UNIQ207921,28181,Bangalore,KA
CUST107922,UNIQ207922,20637,Chennai,TN
CUST107923,UNIQ207923,22019,Delhi,DL
CUST107924,UNIQ207924,22004,Indore,MP
CUST107925,UNIQ207925,66750,Bangalore,KA
CUST107926,UNIQ207926,40549,Coimbatore,TN
CUST107927,UNIQ207927,16553,Chennai,TN
CUST107928,UNIQ207928,20408,Indore,MP
CUST107929,UNIQ207929,51996,Kolkata,WB
CUST107930,UNIQ207930,79380,Coimbatore,TN
CUST107931,UNIQ207931,72396,Chennai,TN
CUST107932,UNIQ207932,74920,Chennai,TN
CUST107933,UNIQ207933,34387,Ahmedabad,GJ
CUST107934,UNIQ207934,47757,Jaipur,RJ
CUST107935,UNIQ207935,18030,Indore,MP
CUST107936,UNIQ207936,34238,Jaipur,RJ
CUST107937,UNIQ207937,10827,Lucknow,UP
CUST107938,UNIQ207938,33049,Mumbai,MH
CUST107939,UNIQ207939,44506,Chennai,TN
CUST107940,UNIQ207940,34817,Delhi,DL
CUST107941,UNIQ207941,26254,Indore,MP
CUST107942,UNIQ207942,19932,Indore,MP
CUST107943,UNIQ207943,34516,Chennai,TN
CUST107944,UNIQ207944,39847,Pune,MH
CUST107945,UNIQ207945,61729,Delhi,DL
CUST107946,UNIQ207946,48891,Coimbatore,TN
CUST107947,UNIQ207947,64038,Ahmedabad,GJ
CUST107948,UNIQ207948,47408,Lucknow,UP
CUST107949,UNIQ207949,65905,Chennai,TN
CUST107950,UNIQ207950,55188,Hyderabad,TS
CUST107951,UNIQ207951,41558,Indore,MP
CUST107952,UNIQ207952,10915,Lucknow,UP
CUST107953,UNIQ207953,42986,Coimbatore,TN
CUST107954,UNIQ207954,31137,Hyderabad,TS
CUST107955,UNIQ207955,18076,Mumbai,MH
CUST107956,UNIQ207956,74739,Mumbai,MH
CUST107957,UNIQ207957,17917,Pune,MH
CUST107958,UNIQ207958,66373,Ahmedabad,GJ
CUST107959,UNIQ207959,68449,Mumbai,MH
CUST107960,UNIQ207960,21564,Bangalore,KA
CUST107961,UNIQ207961,57379,Pune,MH
CUST107962,UNIQ207962,18634,Indore,MP
CUST107963,UNIQ207963,44398,Ahmedabad,GJ
CUST107964,UNIQ207964,51820,Indore,MP
CUST107965,UNIQ207965,56938,Jaipur,RJ
CUST107966,UNIQ207966,72973,Indore,MP
CUST107967,UNIQ207967,75496,Pune,MH
CUST107968,UNIQ207968,74105,Hyderabad,TS
CUST107969,UNIQ207969,34941,Pune,MH
CUST107970,UNIQ207970,32354,Chennai,TN
CUST107971,UNIQ207971,56254,Bangalore,KA
CUST107972,UNIQ207972,70941,Kolkata,WB
CUST107973,UNIQ207973,52515,Jaipur,RJ
CUST107974,UNIQ207974,70768,Kolkata,WB
CUST107975,UNIQ207975,69267,Jaipur,RJ
CUST107976,UNIQ207976,28623,Delhi,DL
CUST107977,UNIQ207977,60536,Indore,MP
CUST107978,UNIQ207978,13208,Kolkata,WB
CUST107979,UNIQ207979,51513,Delhi,DL
CUST107980,UNIQ207980,29580,Kolkata,WB
CUST107981,UNIQ207981,57934,Kolkata,WB
CUST107982,UNIQ207982,66935,Bangalore,KA
CUST107983,UNIQ207983,32646,Coimbatore,TN
CUST107984,UNIQ207984,34105,Delhi,DL
CUST107985,UNIQ207985,22431,Chennai,TN
CUST107986,UNIQ207986,61287,Bangalore,KA
CUST107987,UNIQ207987,29647,Jaipur,RJ
CUST107988,UNIQ207988,54212,Hyderabad,TS
CUST107989,UNIQ207989,12841,Chennai,TN
CUST107990,UNIQ207990,61410,Jaipur,RJ
CUST107991,UNIQ207991,49783,Delhi,DL
CUST107992,UNIQ207992,46394,Lucknow,UP
CUST107993,UNIQ207993,34896,Chennai,TN
CUST107994,UNIQ207994,75422,Jaipur,RJ
CUST107995,UNIQ207995,67030,Kolkata,WB
CUST107996,UNIQ207996,73876,Delhi,DL
CUST107997,UNIQ207997,17832,Coimbatore,TN
CUST107998,UNIQ207998,23895,Pune,MH
CUST107999,UNIQ207999,52373,Mumbai,MH
