order_id,payment_sequential,payment_type,payment_installments,payment_value
ORD500000,1,COD,7,1670.0
ORD500001,1,debit_card,6,3973.51
ORD500002,1,UPI,1,3222.65
ORD500003,1,wallet,1,2191.26
ORD500003,2,UPI,7,1047.48
ORD500004,1,credit_card,1,1721.77
ORD500005,1,credit_card,1,3171.75
ORD500006,1,COD,1,3722.82
ORD500006,2,debit_card,1,2385.02
ORD500007,1,wallet,1,2034.3
ORD500008,1,wallet,1,2511.58
ORD500009,1,net_banking,10,2862.8
ORD500010,1,debit_card,5,299.42
ORD500010,2,credit_card,1,1449.96
ORD500011,1,UPI,1,3906.23
ORD500012,1,COD,1,1294.22
ORD500012,2,COD,12,2728.87
ORD500013,1,net_banking,6,2469.23
ORD500014,1,debit_card,9,1255.32
ORD500015,1,net_banking,1,3614.5
ORD500016,1,UPI,1,1676.76
ORD500017,1,credit_card,1,1505.61
ORD500018,1,UPI,1,3846.19
ORD500019,1,net_banking,1,2813.4
ORD500020,1,UPI,1,2273.5
ORD500021,1,net_banking,1,3473.16
ORD500022,1,COD,6,361.83
ORD500023,1,UPI,1,1532.25
ORD500024,1,debit_card,1,1784.32
ORD500025,1,COD,1,1199.86
ORD500026,1,COD,1,2479.11
ORD500027,1,credit_card,1,702.16
ORD500028,1,credit_card,1,1665.1
ORD500029,1,wallet,1,1408.73
ORD500030,1,net_banking,1,1530.82
ORD500031,1,COD,1,2861.49
ORD500032,1,UPI,1,3303.07
ORD500033,1,COD,1,3958.88
ORD500034,1,UPI,1,3428.58
ORD500035,1,debit_card,8,2668.52
ORD500036,1,COD,1,3572.53
ORD500037,1,wallet,1,2848.18
ORD500038,1,net_banking,1,1375.24
ORD500039,1,UPI,1,2924.43
ORD500040,1,UPI,1,2854.87
ORD500041,1,wallet,1,1672.68
ORD500042,1,credit_card,1,248.6
ORD500043,1,net_banking,1,2030.77
ORD500044,1,wallet,4,1426.04
ORD500045,1,UPI,1,204.87
ORD500046,1,wallet,1,3243.16
ORD500047,1,debit_card,11,2711.24
ORD500048,1,COD,1,336.48
ORD500049,1,credit_card,8,2466.36
ORD500050,1,net_banking,1,3648.14
ORD500051,1,wallet,1,2101.91
ORD500052,1,debit_card,1,3037.09
ORD500053,1,credit_card,1,255.65
ORD500054,1,wallet,1,2555.15
ORD500054,2,debit_card,1,524.46
ORD500055,1,COD,1,1381.93
ORD500055,2,debit_card,1,3450.45
ORD500056,1,debit_card,1,2070.0
ORD500057,1,UPI,1,891.1
ORD500058,1,credit_card,1,3304.48
ORD500059,1,wallet,1,1026.57
ORD500060,1,debit_card,1,1187.08
ORD500061,1,wallet,5,1013.79
ORD500062,1,wallet,1,2647.45
ORD500062,2,COD,1,3808.5
ORD500063,1,net_banking,1,3905.34
ORD500064,1,credit_card,1,3337.47
ORD500065,1,COD,1,3601.59
ORD500066,1,debit_card,1,274.69
ORD500067,1,UPI,1,2670.53
ORD500068,1,UPI,1,2478.29
ORD500069,1,net_banking,8,2633.02
ORD500070,1,UPI,1,331.96
ORD500071,1,credit_card,1,2792.8
ORD500072,1,net_banking,1,3785.64
ORD500073,1,net_banking,1,2757.79
ORD500074,1,net_banking,1,592.57
ORD500075,1,UPI,1,2470.29
ORD500076,1,net_banking,9,3814.46
ORD500077,1,credit_card,1,3662.23
ORD500078,1,credit_card,1,2586.61
ORD500079,1,wallet,1,3597.01
ORD500080,1,wallet,1,3300.38
ORD500081,1,wallet,1,1542.84
ORD500082,1,net_banking,1,1940.6
ORD500083,1,net_banking,1,2041.17
ORD500084,1,UPI,1,674.82
ORD500085,1,net_banking,1,3465.67
ORD500086,1,wallet,1,3989.22
ORD500087,1,wallet,1,2625.38
ORD500088,1,COD,3,432.48
ORD500088,2,UPI,1,1106.84
ORD500089,1,debit_card,1,3614.16
ORD500090,1,UPI,12,1573.86
ORD500091,1,wallet,1,678.65
ORD500092,1,credit_card,12,3690.74
ORD500093,1,COD,1,529.45
ORD500094,1,net_banking,10,2138.06
ORD500095,1,UPI,1,2954.48
ORD500096,1,credit_card,1,2937.99
ORD500097,1,credit_card,11,1293.71
ORD500098,1,COD,1,251.79
ORD500098,2,wallet,1,2860.22
ORD500099,1,COD,1,1136.95
ORD500100,1,credit_card,1,244.7
ORD500101,1,net_banking,5,556.56
ORD500102,1,net_banking,1,3589.18
ORD500103,1,debit_card,9,774.88
ORD500104,1,UPI,1,2653.47
ORD500105,1,UPI,1,923.61
ORD500106,1,credit_card,1,651.27
ORD500107,1,net_banking,1,208.74
ORD500108,1,wallet,1,1251.08
ORD500109,1,UPI,1,1670.93
ORD500110,1,wallet,1,3378.85
ORD500111,1,net_banking,9,1319.67
ORD500112,1,net_banking,1,1890.54
ORD500113,1,UPI,8,3000.91
ORD500114,1,wallet,1,2489.13
ORD500115,1,net_banking,1,2075.4
ORD500116,1,net_banking,1,1983.33
ORD500117,1,UPI,1,2838.91
ORD500118,1,net_banking,1,1971.72
ORD500119,1,debit_card,1,3349.96
ORD500120,1,COD,1,720.16
ORD500121,1,wallet,1,804.81
ORD500122,1,UPI,1,3631.54
ORD500123,1,wallet,1,2405.57
ORD500124,1,net_banking,1,2095.27
ORD500125,1,COD,1,3179.05
ORD500126,1,credit_card,1,345.16
ORD500127,1,wallet,1,3199.3
ORD500128,1,credit_card,1,3807.51
ORD500129,1,credit_card,1,3003.73
ORD500130,1,wallet,1,1491.25
ORD500131,1,wallet,1,1288.28
ORD500132,1,debit_card,1,3112.01
ORD500133,1,wallet,7,2398.56
ORD500134,1,UPI,5,1041.75
ORD500135,1,debit_card,1,1802.66
ORD500136,1,credit_card,1,3564.2
ORD500137,1,net_banking,1,1718.42
ORD500137,2,credit_card,1,2333.98
ORD500138,1,wallet,1,3308.48
ORD500139,1,debit_card,1,926.08
ORD500140,1,UPI,1,2842.64
ORD500141,1,UPI,8,2539.78
ORD500141,2,net_banking,1,3324.52
ORD500142,1,UPI,1,250.33
ORD500143,1,credit_card,1,3440.06
ORD500143,2,UPI,1,3164.05
ORD500144,1,debit_card,1,1751.67
ORD500145,1,UPI,1,724.96
ORD500146,1,UPI,1,3033.52
ORD500147,1,net_banking,1,1367.96
ORD500147,2,COD,1,3535.22
ORD500148,1,debit_card,1,1639.13
ORD500149,1,debit_card,1,1909.31
ORD500150,1,net_banking,1,991.48
ORD500151,1,COD,1,688.37
ORD500152,1,credit_card,1,1108.45
ORD500153,1,credit_card,1,1743.12
ORD500154,1,credit_card,1,199.5
ORD500155,1,wallet,4,1158.3
ORD500156,1,credit_card,1,3482.04
ORD500157,1,UPI,6,3673.17
ORD500158,1,credit_card,1,2558.35
ORD500159,1,net_banking,1,3978.62
ORD500160,1,COD,1,528.76
ORD500161,1,credit_card,1,1539.65
ORD500162,1,net_banking,1,488.23
ORD500163,1,debit_card,9,3387.32
ORD500164,1,UPI,1,2817.25
ORD500164,2,wallet,1,2683.41
ORD500165,1,net_banking,1,1576.46
ORD500166,1,wallet,1,3059.33
ORD500167,1,COD,1,1863.34
ORD500168,1,wallet,1,238.75
ORD500169,1,COD,1,2992.69
ORD500169,2,COD,1,2338.72
ORD500170,1,credit_card,9,1629.85
ORD500171,1,wallet,1,3119.36
ORD500172,1,COD,1,566.47
ORD500172,2,net_banking,1,1382.55
ORD500173,1,UPI,1,1874.18
ORD500174,1,wallet,1,3236.92
ORD500175,1,debit_card,1,3583.18
ORD500176,1,debit_card,1,2526.58
ORD500177,1,UPI,1,1995.96
ORD500178,1,debit_card,1,2918.29
ORD500179,1,debit_card,1,1024.13
ORD500180,1,UPI,1,2047.39
ORD500181,1,credit_card,1,3136.18
ORD500182,1,credit_card,1,1320.25
ORD500183,1,credit_card,9,1995.75
ORD500184,1,wallet,1,327.57
ORD500185,1,COD,1,1829.15
ORD500186,1,net_banking,1,459.36
ORD500186,2,debit_card,1,3411.7
ORD500187,1,net_banking,1,2502.91
ORD500188,1,credit_card,1,540.98
ORD500189,1,UPI,1,599.39
ORD500190,1,debit_card,1,2252.12
ORD500191,1,COD,1,784.19
ORD500192,1,wallet,1,3684.35
ORD500193,1,UPI,1,663.48
ORD500194,1,UPI,1,1982.07
ORD500195,1,debit_card,1,2652.65
ORD500196,1,COD,1,3271.41
ORD500197,1,credit_card,1,1829.97
ORD500198,1,UPI,1,1249.89
ORD500199,1,UPI,9,3491.58
ORD500200,1,COD,1,2208.16
ORD500201,1,net_banking,6,3675.16
ORD500202,1,net_banking,1,3649.14
ORD500203,1,net_banking,1,2524.38
ORD500204,1,credit_card,10,1187.34
ORD500205,1,UPI,1,2782.65
ORD500206,1,net_banking,1,3484.51
ORD500207,1,UPI,8,3319.35
ORD500208,1,UPI,1,1489.08
ORD500209,1,COD,1,2720.01
ORD500210,1,credit_card,1,2807.17
ORD500211,1,credit_card,11,3723.61
ORD500212,1,UPI,1,3321.92
ORD500213,1,wallet,1,2296.95
ORD500214,1,COD,1,3770.98
ORD500215,1,COD,1,1897.76
ORD500216,1,net_banking,1,1444.51
ORD500217,1,net_banking,1,2202.61
ORD500218,1,debit_card,1,378.75
ORD500219,1,wallet,2,468.98
ORD500219,2,net_banking,1,3438.82
ORD500220,1,net_banking,1,2468.11
ORD500221,1,debit_card,1,3522.49
ORD500222,1,debit_card,1,2424.59
ORD500222,2,UPI,1,3417.2
ORD500223,1,COD,1,3685.2
ORD500224,1,credit_card,1,3165.6
ORD500225,1,net_banking,1,2069.81
ORD500226,1,net_banking,1,561.0
ORD500227,1,UPI,1,3233.17
ORD500228,1,debit_card,1,2784.88
ORD500229,1,net_banking,1,1608.73
ORD500230,1,UPI,1,1368.69
ORD500231,1,wallet,1,408.2
ORD500232,1,debit_card,1,2144.26
ORD500232,2,debit_card,1,638.67
ORD500233,1,credit_card,1,3946.37
ORD500234,1,wallet,1,3607.71
ORD500235,1,UPI,1,350.68
ORD500236,1,credit_card,8,3341.2
ORD500237,1,wallet,4,930.94
ORD500238,1,wallet,1,1317.86
ORD500238,2,net_banking,1,3142.85
ORD500239,1,net_banking,1,731.23
ORD500239,2,COD,1,2868.43
ORD500240,1,UPI,1,1167.62
ORD500241,1,wallet,1,3975.17
ORD500242,1,debit_card,1,3678.13
ORD500243,1,net_banking,1,2212.93
ORD500244,1,credit_card,1,3881.17
ORD500245,1,debit_card,1,385.4
ORD500246,1,debit_card,1,2538.53
ORD500247,1,COD,1,2874.12
ORD500248,1,wallet,1,697.53
ORD500249,1,net_banking,1,1467.73
ORD500249,2,UPI,1,725.27
ORD500250,1,debit_card,1,215.26
ORD500251,1,COD,1,985.27
ORD500252,1,UPI,1,3420.77
ORD500253,1,COD,7,2526.62
ORD500254,1,COD,1,252.51
ORD500255,1,net_banking,1,340.35
ORD500256,1,debit_card,1,2348.73
ORD500257,1,UPI,1,2137.95
ORD500257,2,credit_card,12,763.45
ORD500258,1,credit_card,1,302.11
ORD500259,1,debit_card,1,2733.13
ORD500260,1,net_banking,1,3836.41
ORD500260,2,debit_card,1,286.08
ORD500261,1,UPI,1,3774.48
ORD500262,1,COD,1,2226.75
ORD500263,1,COD,1,990.62
ORD500264,1,UPI,1,3138.23
ORD500265,1,credit_card,1,413.62
ORD500266,1,wallet,12,2529.49
ORD500267,1,debit_card,1,3087.0
ORD500267,2,COD,1,777.87
ORD500268,1,net_banking,1,1364.54
ORD500269,1,net_banking,1,1456.38
ORD500270,1,credit_card,4,708.44
ORD500271,1,credit_card,1,3777.43
ORD500272,1,credit_card,1,2743.93
ORD500272,2,wallet,1,1227.57
ORD500273,1,credit_card,1,305.4
ORD500274,1,net_banking,1,627.2
ORD500275,1,wallet,1,3093.32
ORD500276,1,UPI,1,1004.25
ORD500277,1,COD,1,2642.61
ORD500278,1,wallet,1,1156.65
ORD500279,1,UPI,1,2784.05
ORD500280,1,credit_card,9,2814.97
ORD500281,1,credit_card,1,1270.11
ORD500282,1,net_banking,1,1645.97
ORD500283,1,debit_card,1,704.46
ORD500284,1,wallet,1,3963.63
ORD500284,2,COD,1,1941.15
ORD500285,1,UPI,1,2979.74
ORD500286,1,COD,1,1669.57
ORD500287,1,wallet,1,1003.34
ORD500288,1,wallet,1,1656.36
ORD500289,1,wallet,1,3716.67
ORD500290,1,net_banking,1,897.09
ORD500291,1,net_banking,3,3291.05
ORD500292,1,credit_card,4,2247.52
ORD500292,2,COD,1,2707.92
ORD500293,1,wallet,1,1460.38
ORD500294,1,wallet,1,570.52
ORD500295,1,debit_card,1,957.74
ORD500296,1,UPI,1,2551.11
ORD500297,1,UPI,1,1459.63
ORD500298,1,COD,1,1942.77
ORD500298,2,credit_card,1,3058.86
ORD500299,1,UPI,1,3511.53
ORD500300,1,credit_card,1,955.26
ORD500301,1,debit_card,1,2193.13
ORD500302,1,wallet,1,1844.26
ORD500303,1,COD,1,648.3
ORD500304,1,credit_card,1,3454.38
ORD500305,1,debit_card,1,2631.15
ORD500306,1,UPI,4,1613.17
ORD500306,2,debit_card,1,612.5
ORD500307,1,UPI,1,1368.09
ORD500308,1,debit_card,1,863.05
ORD500309,1,net_banking,1,1292.26
ORD500310,1,COD,1,2249.09
ORD500311,1,UPI,1,2993.13
ORD500312,1,net_banking,1,2147.9
ORD500313,1,net_banking,1,2891.66
ORD500314,1,debit_card,1,1052.96
ORD500314,2,COD,1,1022.35
ORD500315,1,net_banking,3,1787.18
ORD500316,1,wallet,1,2668.12
ORD500317,1,debit_card,1,2662.03
ORD500318,1,credit_card,1,576.44
ORD500319,1,credit_card,1,3706.02
ORD500320,1,net_banking,1,2056.14
ORD500321,1,debit_card,1,3626.21
ORD500322,1,COD,1,1188.99
ORD500322,2,debit_card,1,3782.49
ORD500323,1,wallet,10,2447.82
ORD500324,1,COD,1,617.87
ORD500325,1,credit_card,1,2222.2
ORD500326,1,debit_card,1,1490.64
ORD500327,1,COD,1,3314.5
ORD500328,1,COD,1,3585.76
ORD500329,1,net_banking,5,1734.2
ORD500330,1,UPI,1,3924.01
ORD500331,1,debit_card,1,1857.3
ORD500332,1,wallet,1,615.27
ORD500333,1,UPI,1,2394.08
ORD500334,1,UPI,1,2705.19
ORD500335,1,wallet,1,1507.1
ORD500336,1,COD,1,730.71
ORD500337,1,debit_card,7,2405.51
ORD500337,2,wallet,1,3339.88
ORD500338,1,credit_card,1,2374.12
ORD500339,1,credit_card,1,3579.23
ORD500340,1,COD,1,3571.81
ORD500341,1,COD,12,1849.64
ORD500342,1,UPI,1,3928.97
ORD500343,1,UPI,1,1447.24
ORD500344,1,credit_card,7,639.56
ORD500345,1,COD,1,1459.13
ORD500346,1,COD,1,3001.04
ORD500347,1,credit_card,1,2984.04
ORD500348,1,COD,1,1290.43
ORD500349,1,COD,6,1659.98
ORD500350,1,UPI,1,3781.88
ORD500350,2,credit_card,1,1872.81
ORD500351,1,net_banking,1,2208.49
ORD500352,1,net_banking,1,1023.63
ORD500353,1,wallet,2,2586.06
ORD500354,1,net_banking,1,2534.34
ORD500355,1,debit_card,1,1826.92
ORD500356,1,COD,1,879.23
ORD500357,1,wallet,1,3290.31
ORD500358,1,net_banking,1,1547.41
ORD500358,2,COD,1,1778.47
ORD500359,1,UPI,10,2758.81
ORD500360,1,COD,1,2879.64
ORD500361,1,debit_card,1,3385.05
ORD500362,1,net_banking,1,504.79
ORD500363,1,debit_card,1,2626.21
ORD500364,1,COD,1,3872.42
ORD500365,1,COD,1,2918.45
ORD500366,1,wallet,1,1455.17
ORD500367,1,UPI,1,2189.35
ORD500368,1,debit_card,1,2658.71
ORD500369,1,UPI,1,906.79
ORD500370,1,net_banking,1,498.76
ORD500371,1,credit_card,1,2357.11
ORD500371,2,UPI,1,2309.43
ORD500372,1,net_banking,3,3006.62
ORD500373,1,UPI,5,3108.76
ORD500374,1,wallet,1,1302.76
ORD500375,1,net_banking,1,2885.89
ORD500376,1,credit_card,1,3249.75
ORD500377,1,COD,1,1398.9
ORD500378,1,COD,1,3421.69
ORD500379,1,COD,1,3418.61
ORD500379,2,credit_card,1,3883.46
ORD500380,1,UPI,1,3178.81
ORD500381,1,net_banking,1,3826.12
ORD500382,1,UPI,1,1108.94
ORD500382,2,COD,1,2017.46
ORD500383,1,debit_card,1,2554.09
ORD500384,1,COD,1,3850.12
ORD500385,1,COD,1,2381.8
ORD500386,1,credit_card,1,1537.19
ORD500387,1,COD,1,3721.01
ORD500388,1,COD,1,1512.77
ORD500389,1,COD,1,1489.17
ORD500390,1,credit_card,1,2860.19
ORD500391,1,wallet,1,948.58
ORD500391,2,net_banking,1,1326.1
ORD500392,1,net_banking,1,2957.96
ORD500393,1,debit_card,1,2944.86
ORD500394,1,debit_card,1,2566.46
ORD500395,1,COD,1,1666.73
ORD500396,1,COD,1,490.88
ORD500397,1,net_banking,1,1371.07
ORD500398,1,credit_card,1,3945.22
ORD500398,2,net_banking,1,3246.26
ORD500399,1,credit_card,1,3039.47
ORD500400,1,wallet,1,1958.07
ORD500400,2,UPI,4,2017.06
ORD500401,1,credit_card,11,3620.74
ORD500402,1,UPI,1,2002.52
ORD500403,1,net_banking,1,1394.1
ORD500404,1,net_banking,1,2466.63
ORD500405,1,wallet,1,990.4
ORD500406,1,debit_card,1,2211.57
ORD500407,1,wallet,1,1448.8
ORD500408,1,debit_card,1,2477.8
ORD500409,1,wallet,1,1108.55
ORD500410,1,debit_card,1,3844.51
ORD500411,1,net_banking,1,809.03
ORD500412,1,UPI,1,1150.16
ORD500413,1,UPI,11,2776.89
ORD500413,2,UPI,1,748.0
ORD500414,1,credit_card,1,455.56
ORD500415,1,credit_card,8,1860.2
ORD500416,1,wallet,1,3008.71
ORD500417,1,net_banking,1,1290.4
ORD500418,1,net_banking,1,1053.2
ORD500419,1,credit_card,12,2944.46
ORD500420,1,wallet,1,384.76
ORD500420,2,credit_card,7,2713.79
ORD500421,1,COD,1,3116.34
ORD500422,1,credit_card,1,3510.85
ORD500423,1,COD,1,3564.4
ORD500424,1,COD,1,3759.04
ORD500425,1,UPI,1,3065.13
ORD500426,1,net_banking,1,3340.79
ORD500427,1,net_banking,1,3676.55
ORD500428,1,credit_card,1,2350.63
ORD500429,1,credit_card,1,3103.34
ORD500430,1,debit_card,1,3548.36
ORD500431,1,debit_card,1,2831.48
ORD500432,1,wallet,8,3899.2
ORD500433,1,credit_card,9,2319.84
ORD500434,1,wallet,1,3918.79
ORD500435,1,debit_card,1,2603.13
ORD500435,2,credit_card,1,549.45
ORD500436,1,wallet,1,2116.65
ORD500437,1,wallet,1,3312.23
ORD500438,1,net_banking,1,1573.22
ORD500439,1,net_banking,1,311.36
ORD500440,1,UPI,1,2769.0
ORD500441,1,credit_card,1,3708.24
ORD500442,1,net_banking,1,2526.04
ORD500443,1,wallet,1,1447.28
ORD500444,1,UPI,7,712.21
ORD500445,1,UPI,1,1536.01
ORD500446,1,UPI,1,866.03
ORD500447,1,net_banking,1,2488.32
ORD500448,1,debit_card,1,2315.32
ORD500448,2,wallet,3,3162.6
ORD500449,1,debit_card,1,1680.39
ORD500450,1,credit_card,1,2962.07
ORD500451,1,COD,1,3617.64
ORD500452,1,UPI,1,1763.98
ORD500453,1,wallet,1,380.59
ORD500454,1,wallet,1,3482.79
ORD500455,1,UPI,1,2750.44
ORD500456,1,UPI,1,2488.14
ORD500457,1,net_banking,1,2367.99
ORD500458,1,credit_card,1,2598.09
ORD500459,1,net_banking,1,3808.33
ORD500459,2,net_banking,12,3090.48
ORD500460,1,COD,1,3125.9
ORD500461,1,COD,1,2770.32
ORD500462,1,UPI,1,326.52
ORD500463,1,UPI,1,1922.04
ORD500464,1,wallet,1,1346.53
ORD500465,1,debit_card,1,3078.31
ORD500466,1,COD,1,460.16
ORD500467,1,UPI,5,1872.66
ORD500468,1,COD,7,2349.66
ORD500469,1,UPI,1,3414.5
ORD500470,1,UPI,1,756.18
ORD500471,1,credit_card,1,3068.23
ORD500472,1,UPI,1,2759.76
ORD500472,2,wallet,6,3348.91
ORD500473,1,UPI,1,2747.87
ORD500474,1,COD,1,2106.25
ORD500475,1,debit_card,1,2679.1
ORD500476,1,UPI,1,2191.49
ORD500477,1,debit_card,1,422.04
ORD500477,2,credit_card,1,2342.9
ORD500478,1,debit_card,1,2551.09
ORD500479,1,wallet,1,274.99
ORD500480,1,COD,1,3721.2
ORD500481,1,credit_card,1,237.41
ORD500482,1,net_banking,1,3041.8
ORD500483,1,debit_card,5,297.12
ORD500484,1,wallet,1,1373.84
ORD500485,1,COD,1,2061.61
ORD500485,2,wallet,1,445.81
ORD500486,1,COD,5,835.82
ORD500487,1,net_banking,3,1480.65
ORD500488,1,credit_card,1,2685.73
ORD500489,1,COD,1,3352.44
ORD500490,1,COD,1,3894.38
ORD500491,1,wallet,1,1320.67
ORD500492,1,debit_card,1,1824.45
ORD500493,1,credit_card,1,995.52
ORD500494,1,UPI,5,2414.07
ORD500495,1,net_banking,1,3024.72
ORD500496,1,credit_card,1,1420.72
ORD500497,1,wallet,1,698.31
ORD500498,1,net_banking,1,1575.57
ORD500498,2,net_banking,1,722.95
ORD500499,1,UPI,1,700.27
ORD500500,1,credit_card,1,700.01
ORD500501,1,COD,1,340.75
ORD500502,1,net_banking,1,606.47
ORD500503,1,credit_card,1,2714.26
ORD500503,2,COD,7,597.82
ORD500504,1,net_banking,1,3297.92
ORD500505,1,COD,1,1014.63
ORD500506,1,credit_card,6,2533.53
ORD500507,1,debit_card,1,598.01
ORD500508,1,wallet,5,1065.23
ORD500509,1,COD,1,761.09
ORD500510,1,credit_card,1,3428.15
ORD500511,1,COD,1,3750.09
ORD500512,1,COD,1,1623.71
ORD500513,1,debit_card,1,2606.5
ORD500514,1,wallet,11,2114.66
ORD500515,1,credit_card,1,976.88
ORD500516,1,wallet,1,647.42
ORD500517,1,debit_card,1,2626.3
ORD500517,2,net_banking,1,908.56
ORD500518,1,net_banking,4,2999.38
ORD500519,1,UPI,1,1546.42
ORD500520,1,UPI,1,2565.88
ORD500521,1,wallet,1,700.98
ORD500522,1,credit_card,1,3084.88
ORD500523,1,COD,1,2498.0
ORD500524,1,net_banking,1,1802.61
ORD500525,1,credit_card,1,3375.65
ORD500526,1,net_banking,11,1791.28
ORD500527,1,UPI,1,2010.93
ORD500528,1,debit_card,1,3200.97
ORD500528,2,credit_card,1,3776.13
ORD500529,1,wallet,1,743.81
ORD500530,1,UPI,1,2599.81
ORD500531,1,credit_card,1,2218.55
ORD500532,1,COD,1,974.28
ORD500533,1,COD,1,1460.08
ORD500534,1,COD,1,3051.55
ORD500535,1,COD,1,3803.9
ORD500535,2,net_banking,1,2217.3
ORD500536,1,credit_card,1,1582.62
ORD500537,1,credit_card,1,1195.33
ORD500538,1,credit_card,1,698.47
ORD500539,1,UPI,1,3452.38
ORD500540,1,COD,1,1832.47
ORD500541,1,credit_card,1,2803.89
ORD500542,1,credit_card,1,3609.09
ORD500543,1,UPI,7,438.0
ORD500544,1,credit_card,1,649.14
ORD500545,1,wallet,1,1290.51
ORD500545,2,UPI,1,2462.98
ORD500546,1,UPI,1,1659.94
ORD500547,1,net_banking,1,1555.59
ORD500548,1,UPI,1,2118.43
ORD500549,1,net_banking,1,873.2
ORD500550,1,credit_card,1,3060.53
ORD500551,1,net_banking,1,3082.73
ORD500552,1,COD,1,2683.74
ORD500553,1,credit_card,1,2848.7
ORD500554,1,wallet,1,2632.1
ORD500555,1,UPI,1,3220.13
ORD500555,2,debit_card,1,554.27
ORD500556,1,UPI,1,2681.83
ORD500557,1,debit_card,1,1085.68
ORD500558,1,net_banking,1,354.04
ORD500559,1,UPI,1,1330.43
ORD500560,1,wallet,1,2679.36
ORD500561,1,credit_card,1,3675.99
ORD500562,1,COD,1,1145.7
ORD500563,1,credit_card,5,2701.12
ORD500564,1,UPI,1,2875.28
ORD500565,1,debit_card,1,3990.47
ORD500566,1,debit_card,8,1950.6
ORD500567,1,COD,6,2521.13
ORD500568,1,credit_card,1,1309.36
ORD500569,1,net_banking,1,2283.97
ORD500570,1,credit_card,1,2076.17
ORD500571,1,wallet,1,2967.22
ORD500572,1,UPI,8,645.92
ORD500573,1,net_banking,1,1381.75
ORD500574,1,net_banking,1,1890.23
ORD500575,1,net_banking,5,556.32
ORD500576,1,wallet,12,2213.0
ORD500577,1,COD,1,3457.01
ORD500578,1,net_banking,1,2560.56
ORD500579,1,wallet,1,2750.52
ORD500580,1,wallet,1,405.52
ORD500581,1,credit_card,1,287.72
ORD500582,1,debit_card,1,3254.68
ORD500583,1,net_banking,1,1737.75
ORD500583,2,COD,1,2382.24
ORD500584,1,wallet,1,1208.96
ORD500585,1,COD,1,2253.75
ORD500586,1,net_banking,1,2236.72
ORD500587,1,debit_card,7,2756.45
ORD500588,1,debit_card,1,821.22
ORD500589,1,credit_card,6,2103.24
ORD500590,1,debit_card,10,996.6
ORD500591,1,credit_card,1,631.4
ORD500592,1,wallet,1,1568.77
ORD500593,1,net_banking,4,589.04
ORD500594,1,credit_card,1,406.37
ORD500595,1,wallet,1,2567.54
ORD500595,2,UPI,1,1405.24
ORD500596,1,credit_card,1,2305.25
ORD500597,1,net_banking,1,2594.9
ORD500598,1,credit_card,10,1180.18
ORD500599,1,COD,1,1322.31
ORD500600,1,COD,1,1558.57
ORD500601,1,COD,1,2719.56
ORD500602,1,credit_card,1,1942.59
ORD500603,1,UPI,1,2898.6
ORD500604,1,UPI,1,337.27
ORD500604,2,COD,1,1858.32
ORD500605,1,credit_card,1,3742.55
ORD500606,1,credit_card,1,979.46
ORD500607,1,net_banking,1,1849.45
ORD500608,1,net_banking,1,3125.27
ORD500609,1,COD,1,2350.85
ORD500610,1,debit_card,1,3952.69
ORD500611,1,wallet,1,1335.05
ORD500612,1,credit_card,1,3744.7
ORD500613,1,UPI,1,3309.83
ORD500614,1,UPI,1,1820.43
ORD500614,2,credit_card,1,1928.78
ORD500615,1,wallet,1,1645.83
ORD500616,1,credit_card,1,2119.65
ORD500617,1,wallet,1,2187.92
ORD500618,1,credit_card,1,2224.31
ORD500619,1,UPI,1,2859.5
ORD500620,1,UPI,1,3763.95
ORD500621,1,credit_card,1,2874.41
ORD500622,1,debit_card,1,1885.18
ORD500623,1,debit_card,1,1472.51
ORD500624,1,net_banking,1,779.95
ORD500625,1,debit_card,1,620.91
ORD500626,1,debit_card,1,594.56
ORD500627,1,credit_card,1,1273.81
ORD500628,1,credit_card,10,1843.8
ORD500628,2,credit_card,1,1563.22
ORD500629,1,UPI,1,495.52
ORD500629,2,wallet,1,1420.31
ORD500630,1,COD,1,2566.97
ORD500631,1,COD,6,2313.6
ORD500631,2,debit_card,1,733.59
ORD500632,1,debit_card,7,1217.04
ORD500633,1,UPI,1,1247.53
ORD500634,1,wallet,1,2643.12
ORD500635,1,COD,1,3571.97
ORD500636,1,debit_card,1,747.35
ORD500637,1,credit_card,1,296.78
ORD500638,1,net_banking,5,3647.77
ORD500639,1,credit_card,4,627.75
ORD500640,1,credit_card,1,3882.55
ORD500641,1,net_banking,1,343.94
ORD500642,1,UPI,1,2057.1
ORD500643,1,credit_card,1,335.67
ORD500644,1,net_banking,1,1391.59
ORD500645,1,net_banking,1,1345.6
ORD500646,1,wallet,2,3529.91
ORD500646,2,COD,1,2844.97
ORD500647,1,credit_card,1,1399.87
ORD500648,1,UPI,1,3656.98
ORD500648,2,wallet,3,2556.6
ORD500649,1,net_banking,1,486.39
ORD500649,2,debit_card,1,205.96
ORD500650,1,wallet,1,2377.24
ORD500651,1,debit_card,1,2675.36
ORD500652,1,debit_card,1,3454.12
ORD500653,1,wallet,1,1455.22
ORD500654,1,net_banking,1,1316.92
ORD500655,1,credit_card,1,2949.95
ORD500656,1,COD,1,1296.44
ORD500657,1,net_banking,1,3784.79
ORD500658,1,debit_card,1,3869.59
ORD500659,1,debit_card,1,3733.78
ORD500660,1,UPI,1,1034.22
ORD500661,1,credit_card,1,716.33
ORD500662,1,debit_card,1,1416.73
ORD500663,1,credit_card,1,2904.51
ORD500664,1,credit_card,1,3132.5
ORD500665,1,COD,1,3245.1
ORD500666,1,COD,1,370.36
ORD500667,1,credit_card,1,1594.07
ORD500668,1,net_banking,1,2638.15
ORD500669,1,net_banking,1,2154.42
ORD500669,2,wallet,1,238.95
ORD500670,1,credit_card,1,1397.12
ORD500671,1,credit_card,1,527.92
ORD500672,1,debit_card,12,3383.55
ORD500673,1,wallet,1,1450.42
ORD500674,1,UPI,1,692.13
ORD500675,1,debit_card,1,512.02
ORD500675,2,wallet,1,2963.07
ORD500676,1,net_banking,1,3046.32
ORD500677,1,wallet,1,3622.25
ORD500677,2,UPI,7,2488.22
ORD500678,1,credit_card,11,3047.85
ORD500679,1,COD,1,1659.09
ORD500680,1,COD,1,3430.28
ORD500681,1,COD,12,1740.07
ORD500682,1,debit_card,1,2839.78
ORD500683,1,debit_card,1,1250.5
ORD500684,1,UPI,1,2715.42
ORD500685,1,UPI,3,2949.08
ORD500686,1,credit_card,1,3955.61
ORD500687,1,COD,10,3682.81
ORD500688,1,UPI,1,919.3
ORD500689,1,credit_card,1,1862.07
ORD500690,1,debit_card,1,2134.23
ORD500691,1,net_banking,1,1382.0
ORD500692,1,credit_card,1,3081.3
ORD500693,1,net_banking,1,2048.32
ORD500694,1,net_banking,1,3620.47
ORD500694,2,net_banking,1,2050.12
ORD500695,1,UPI,1,1095.57
ORD500696,1,COD,6,2117.32
ORD500697,1,credit_card,1,1622.89
ORD500698,1,net_banking,1,2746.94
ORD500699,1,debit_card,1,218.73
ORD500699,2,COD,1,2117.72
ORD500700,1,wallet,1,858.48
ORD500701,1,net_banking,1,2188.93
ORD500702,1,credit_card,5,3939.68
ORD500703,1,net_banking,1,827.31
ORD500704,1,COD,1,3279.72
ORD500705,1,wallet,1,668.77
ORD500706,1,debit_card,6,2791.42
ORD500707,1,UPI,1,3976.37
ORD500708,1,net_banking,12,1451.25
ORD500709,1,wallet,1,2877.57
ORD500709,2,COD,9,2764.13
ORD500710,1,wallet,6,319.75
ORD500711,1,COD,1,2822.04
ORD500712,1,COD,1,1268.97
ORD500713,1,credit_card,1,669.73
ORD500714,1,wallet,9,1866.12
ORD500715,1,COD,1,3883.39
ORD500716,1,wallet,1,1676.26
ORD500717,1,credit_card,1,3658.81
ORD500718,1,net_banking,1,2497.62
ORD500719,1,UPI,1,829.4
ORD500720,1,debit_card,1,1623.36
ORD500721,1,net_banking,1,2162.63
ORD500722,1,net_banking,1,603.77
ORD500723,1,debit_card,1,413.63
ORD500724,1,wallet,1,648.04
ORD500725,1,net_banking,1,1597.89
ORD500726,1,UPI,1,413.88
ORD500726,2,wallet,1,3040.2
ORD500727,1,UPI,1,3023.39
ORD500727,2,debit_card,1,3700.48
ORD500728,1,COD,1,3051.86
ORD500729,1,UPI,1,2024.32
ORD500730,1,UPI,1,3709.85
ORD500731,1,COD,1,3242.36
ORD500732,1,wallet,1,1269.37
ORD500733,1,UPI,1,2692.45
ORD500734,1,credit_card,2,2891.46
ORD500735,1,wallet,1,808.7
ORD500736,1,debit_card,1,2795.85
ORD500737,1,credit_card,1,737.69
ORD500738,1,net_banking,1,3163.0
ORD500739,1,UPI,1,354.13
ORD500740,1,UPI,1,3098.27
ORD500740,2,COD,1,1630.8
ORD500741,1,debit_card,1,882.67
ORD500742,1,COD,1,3908.68
ORD500743,1,UPI,12,669.82
ORD500744,1,net_banking,1,480.51
ORD500745,1,UPI,1,471.65
ORD500746,1,wallet,1,2135.81
ORD500747,1,debit_card,1,1176.1
ORD500748,1,net_banking,1,3124.9
ORD500749,1,UPI,1,369.1
ORD500750,1,COD,1,1137.28
ORD500751,1,wallet,1,2520.86
ORD500752,1,net_banking,10,2136.18
ORD500753,1,credit_card,1,3127.83
ORD500754,1,wallet,4,2095.31
ORD500755,1,debit_card,1,1982.26
ORD500756,1,credit_card,1,3332.89
ORD500757,1,COD,1,3458.88
ORD500758,1,net_banking,1,1952.06
ORD500759,1,COD,1,1576.2
ORD500760,1,COD,1,2574.23
ORD500761,1,net_banking,1,3749.41
ORD500762,1,credit_card,1,1595.29
ORD500763,1,wallet,1,812.37
ORD500764,1,COD,1,1495.47
ORD500765,1,UPI,1,3697.59
ORD500766,1,net_banking,1,2638.9
ORD500767,1,UPI,1,3835.31
ORD500768,1,credit_card,1,3708.39
ORD500769,1,net_banking,6,3116.85
ORD500770,1,COD,1,2956.35
ORD500770,2,net_banking,1,1556.13
ORD500771,1,credit_card,1,3765.63
ORD500772,1,credit_card,1,3547.93
ORD500772,2,COD,10,3325.7
ORD500773,1,credit_card,1,2875.52
ORD500774,1,credit_card,1,1911.88
ORD500775,1,debit_card,1,2271.38
ORD500776,1,wallet,1,904.01
ORD500777,1,credit_card,2,3091.98
ORD500778,1,wallet,2,798.15
ORD500779,1,COD,6,695.55
ORD500780,1,credit_card,1,3473.6
ORD500781,1,COD,11,658.15
ORD500782,1,debit_card,1,3555.71
ORD500783,1,debit_card,1,3536.34
ORD500784,1,UPI,1,390.09
ORD500785,1,debit_card,6,388.78
ORD500786,1,credit_card,1,2854.17
ORD500787,1,wallet,1,2088.27
ORD500788,1,COD,1,328.86
ORD500789,1,wallet,1,393.07
ORD500790,1,debit_card,1,1958.61
ORD500791,1,debit_card,10,289.62
ORD500792,1,debit_card,1,955.01
ORD500793,1,wallet,1,667.42
ORD500794,1,wallet,1,1281.09
ORD500795,1,debit_card,1,992.95
ORD500795,2,UPI,1,1631.08
ORD500796,1,UPI,1,3646.06
ORD500797,1,net_banking,1,3639.1
ORD500798,1,debit_card,1,3249.04
ORD500799,1,COD,1,1571.96
ORD500800,1,credit_card,1,1368.99
ORD500801,1,UPI,1,3029.08
ORD500802,1,UPI,1,2396.54
ORD500803,1,wallet,1,3361.5
ORD500804,1,UPI,1,1572.91
ORD500805,1,net_banking,2,2048.09
ORD500806,1,wallet,1,3429.53
ORD500807,1,net_banking,1,3011.74
ORD500808,1,COD,4,1974.03
ORD500809,1,COD,1,3234.7
ORD500810,1,net_banking,1,472.59
ORD500810,2,net_banking,1,2541.56
ORD500811,1,COD,1,3255.94
ORD500811,2,credit_card,1,1782.82
ORD500812,1,debit_card,4,1353.44
ORD500813,1,net_banking,1,2699.34
ORD500814,1,net_banking,1,3974.94
ORD500815,1,debit_card,1,3106.68
ORD500816,1,wallet,1,1655.33
ORD500817,1,net_banking,1,1772.15
ORD500818,1,credit_card,1,1059.79
ORD500819,1,net_banking,11,3487.66
ORD500820,1,debit_card,1,1067.75
ORD500821,1,COD,1,424.46
ORD500821,2,credit_card,2,939.87
ORD500822,1,net_banking,1,3893.24
ORD500823,1,wallet,1,2402.32
ORD500824,1,debit_card,2,1499.99
ORD500825,1,UPI,1,917.65
ORD500826,1,wallet,1,2875.56
ORD500827,1,net_banking,1,2319.82
ORD500828,1,wallet,1,1460.29
ORD500829,1,credit_card,1,3884.25
ORD500830,1,COD,1,1988.73
ORD500831,1,UPI,6,474.33
ORD500832,1,UPI,1,1354.0
ORD500833,1,net_banking,9,2295.64
ORD500834,1,COD,1,3511.12
ORD500835,1,wallet,1,1869.63
ORD500835,2,wallet,1,644.06
ORD500836,1,wallet,1,1932.01
ORD500837,1,credit_card,1,1359.5
ORD500838,1,UPI,1,2780.68
ORD500839,1,UPI,1,1008.56
ORD500840,1,net_banking,1,719.47
ORD500841,1,COD,2,989.93
ORD500841,2,net_banking,1,3985.12
ORD500842,1,wallet,2,3323.37
ORD500843,1,net_banking,1,3859.43
ORD500844,1,wallet,1,3973.44
ORD500845,1,wallet,1,1312.24
ORD500846,1,wallet,1,3176.52
ORD500847,1,debit_card,1,1341.9
ORD500848,1,credit_card,2,2309.98
ORD500849,1,credit_card,1,2559.36
ORD500850,1,wallet,8,3424.15
ORD500850,2,UPI,1,3695.6
ORD500851,1,net_banking,8,3295.85
ORD500851,2,debit_card,1,1157.63
ORD500852,1,credit_card,1,592.76
ORD500852,2,debit_card,1,2998.99
ORD500853,1,COD,7,3801.71
ORD500854,1,credit_card,8,2604.52
ORD500854,2,net_banking,1,518.92
ORD500855,1,debit_card,1,2307.36
ORD500856,1,debit_card,11,2742.77
ORD500857,1,net_banking,1,3447.86
ORD500858,1,UPI,1,3970.07
ORD500858,2,wallet,1,769.22
ORD500859,1,net_banking,1,3888.16
ORD500860,1,UPI,1,959.08
ORD500861,1,net_banking,11,1597.87
ORD500862,1,COD,1,1680.06
ORD500863,1,net_banking,1,1475.22
ORD500864,1,COD,1,1672.85
ORD500865,1,COD,6,214.44
ORD500865,2,wallet,1,2313.51
ORD500866,1,net_banking,1,3330.33
ORD500867,1,debit_card,1,2990.68
ORD500868,1,COD,1,3456.73
ORD500869,1,UPI,1,2429.48
ORD500870,1,credit_card,1,3181.17
ORD500870,2,net_banking,1,3011.77
ORD500871,1,COD,1,1747.38
ORD500872,1,wallet,1,2985.75
ORD500873,1,debit_card,1,3198.72
ORD500874,1,COD,1,2806.28
ORD500875,1,debit_card,1,883.61
ORD500876,1,wallet,1,2308.28
ORD500877,1,wallet,11,2689.95
ORD500878,1,credit_card,1,1245.96
ORD500879,1,debit_card,1,491.64
ORD500880,1,UPI,1,1159.05
ORD500881,1,debit_card,1,2090.13
ORD500882,1,net_banking,1,1132.52
ORD500883,1,debit_card,1,206.48
ORD500883,2,credit_card,1,1504.43
ORD500884,1,credit_card,8,2560.28
ORD500885,1,UPI,1,2467.77
ORD500886,1,wallet,4,1479.27
ORD500887,1,UPI,10,3071.73
ORD500888,1,wallet,1,2937.0
ORD500889,1,credit_card,1,1156.86
ORD500890,1,COD,1,3099.52
ORD500891,1,debit_card,1,1798.0
ORD500892,1,COD,1,1094.18
ORD500893,1,debit_card,1,1568.93
ORD500894,1,debit_card,1,2229.77
ORD500895,1,net_banking,1,1373.16
ORD500896,1,credit_card,1,2754.16
ORD500897,1,credit_card,1,1373.28
ORD500898,1,net_banking,1,508.21
ORD500899,1,debit_card,1,457.4
ORD500900,1,COD,1,2159.81
ORD500901,1,UPI,1,868.26
ORD500902,1,COD,1,3746.57
ORD500903,1,UPI,1,2929.7
ORD500904,1,wallet,12,1952.5
ORD500905,1,debit_card,1,3830.48
ORD500906,1,wallet,1,1987.47
ORD500907,1,net_banking,1,1058.61
ORD500908,1,COD,1,3398.22
ORD500909,1,UPI,1,665.87
ORD500910,1,credit_card,1,3014.47
ORD500911,1,UPI,1,1149.02
ORD500912,1,debit_card,1,3901.73
ORD500913,1,debit_card,3,3813.45
ORD500914,1,UPI,1,3075.77
ORD500915,1,debit_card,1,1655.8
ORD500916,1,credit_card,1,1322.03
ORD500917,1,credit_card,1,1594.8
ORD500918,1,wallet,1,786.77
ORD500919,1,COD,1,839.17
ORD500920,1,wallet,1,2507.44
ORD500920,2,net_banking,1,1137.47
ORD500921,1,net_banking,1,2337.44
ORD500922,1,net_banking,1,2548.17
ORD500923,1,credit_card,1,429.43
ORD500924,1,net_banking,1,3971.24
ORD500925,1,debit_card,1,1532.29
ORD500926,1,COD,1,2004.46
ORD500927,1,debit_card,1,2807.34
ORD500928,1,debit_card,1,3295.19
ORD500929,1,credit_card,10,2472.42
ORD500930,1,wallet,1,3291.33
ORD500931,1,wallet,1,2359.26
ORD500932,1,COD,2,3814.41
ORD500933,1,COD,1,636.56
ORD500934,1,debit_card,5,2594.95
ORD500935,1,COD,1,1850.62
ORD500936,1,net_banking,1,2682.72
ORD500937,1,COD,3,3020.57
ORD500938,1,wallet,1,2758.62
ORD500939,1,wallet,12,518.35
ORD500939,2,UPI,1,363.9
ORD500940,1,wallet,1,3495.68
ORD500941,1,debit_card,1,3575.44
ORD500942,1,net_banking,1,2137.65
ORD500943,1,debit_card,1,3814.89
ORD500944,1,UPI,1,523.88
ORD500945,1,credit_card,1,3137.22
ORD500946,1,net_banking,1,3125.1
ORD500947,1,COD,1,1208.77
ORD500948,1,UPI,1,1551.99
ORD500949,1,net_banking,1,2547.29
ORD500950,1,net_banking,1,1064.49
ORD500951,1,net_banking,1,3458.65
ORD500952,1,net_banking,1,335.27
ORD500953,1,COD,1,3278.02
ORD500954,1,debit_card,12,1888.52
ORD500955,1,net_banking,1,369.65
ORD500955,2,debit_card,1,2996.12
ORD500956,1,debit_card,4,3629.78
ORD500957,1,COD,1,3671.67
ORD500958,1,net_banking,11,2418.16
ORD500959,1,debit_card,1,1334.15
ORD500960,1,credit_card,1,703.29
ORD500961,1,credit_card,1,270.14
ORD500962,1,debit_card,1,1687.25
ORD500963,1,debit_card,1,1075.4
ORD500964,1,COD,1,621.32
ORD500965,1,net_banking,1,1235.52
ORD500966,1,COD,1,3033.18
ORD500967,1,debit_card,1,3185.91
ORD500968,1,debit_card,1,2234.17
ORD500969,1,credit_card,1,2261.77
ORD500970,1,UPI,1,2666.96
ORD500971,1,credit_card,1,799.21
ORD500972,1,COD,1,2305.71
ORD500973,1,UPI,1,1815.55
ORD500974,1,UPI,1,3675.75
ORD500975,1,UPI,1,3925.66
ORD500976,1,net_banking,1,1851.55
ORD500977,1,debit_card,1,3915.63
ORD500978,1,debit_card,1,2992.34
ORD500979,1,COD,1,1874.35
ORD500980,1,UPI,1,3084.81
ORD500981,1,COD,1,3015.23
ORD500982,1,wallet,7,2315.65
ORD500983,1,COD,1,3231.53
ORD500984,1,wallet,1,2535.5
ORD500985,1,net_banking,7,1927.75
ORD500986,1,wallet,1,3412.15
ORD500987,1,UPI,1,263.89
ORD500988,1,UPI,1,2889.52
ORD500989,1,net_banking,1,974.94
ORD500989,2,net_banking,12,3312.22
ORD500990,1,credit_card,1,785.27
ORD500991,1,COD,1,2292.8
ORD500992,1,UPI,1,3210.66
ORD500993,1,wallet,1,1297.86
ORD500993,2,credit_card,12,600.7
ORD500994,1,COD,1,773.6
ORD500995,1,COD,1,2841.52
ORD500996,1,UPI,1,1576.7
ORD500997,1,debit_card,1,1854.88
ORD500998,1,credit_card,1,1399.2
ORD500999,1,UPI,1,3917.16
ORD501000,1,UPI,1,1174.33
ORD501001,1,credit_card,1,3211.0
ORD501002,1,net_banking,1,3988.93
ORD501003,1,UPI,1,3743.53
ORD501004,1,COD,1,480.74
ORD501005,1,wallet,1,1937.04
ORD501006,1,COD,1,2135.41
ORD501007,1,COD,2,403.41
ORD501008,1,UPI,1,1499.45
ORD501009,1,wallet,1,2076.05
ORD501010,1,UPI,1,3753.21
ORD501011,1,credit_card,1,955.59
ORD501012,1,UPI,1,1792.79
ORD501013,1,COD,11,1592.67
ORD501013,2,UPI,1,3288.73
ORD501014,1,credit_card,1,1704.19
ORD501015,1,wallet,1,525.56
ORD501016,1,debit_card,1,3854.2
ORD501017,1,UPI,1,3036.31
ORD501018,1,debit_card,5,437.95
ORD501019,1,COD,1,2554.58
ORD501020,1,net_banking,1,355.56
ORD501021,1,debit_card,1,642.4
ORD501022,1,debit_card,1,3508.95
ORD501023,1,wallet,1,1852.48
ORD501024,1,debit_card,1,3645.32
ORD501024,2,UPI,1,2433.07
ORD501025,1,credit_card,11,2444.46
ORD501026,1,wallet,1,954.75
ORD501027,1,COD,1,694.42
ORD501028,1,net_banking,1,2428.62
ORD501029,1,net_banking,10,1585.32
ORD501030,1,wallet,1,3727.24
ORD501031,1,COD,1,1737.41
ORD501032,1,net_banking,1,1473.25
ORD501032,2,UPI,5,2304.26
ORD501033,1,wallet,1,1269.17
ORD501034,1,credit_card,12,777.45
ORD501035,1,credit_card,1,2797.43
ORD501036,1,debit_card,11,3625.33
ORD501037,1,debit_card,1,3932.15
ORD501038,1,debit_card,1,2175.99
ORD501039,1,wallet,1,532.6
ORD501040,1,wallet,1,2532.21
ORD501041,1,UPI,1,2553.08
ORD501042,1,net_banking,1,1386.0
ORD501043,1,credit_card,1,1369.54
ORD501043,2,net_banking,1,2961.03
ORD501044,1,credit_card,1,3058.98
ORD501045,1,net_banking,1,1853.29
ORD501046,1,wallet,1,2199.25
ORD501047,1,wallet,1,401.13
ORD501047,2,debit_card,1,1682.17
ORD501048,1,debit_card,1,490.66
ORD501049,1,debit_card,1,3084.24
ORD501049,2,net_banking,1,3580.53
ORD501050,1,wallet,1,1024.98
ORD501051,1,debit_card,1,2663.16
ORD501052,1,credit_card,1,2319.84
ORD501053,1,COD,1,1335.43
ORD501054,1,COD,4,765.82
ORD501055,1,UPI,1,3328.09
ORD501056,1,debit_card,9,3446.16
ORD501057,1,net_banking,1,3244.86
ORD501058,1,net_banking,1,1182.17
ORD501059,1,credit_card,1,2984.89
ORD501059,2,credit_card,1,2919.73
ORD501060,1,wallet,1,282.87
ORD501061,1,COD,4,3346.96
ORD501062,1,UPI,1,2516.94
ORD501063,1,UPI,1,1323.57
ORD501064,1,net_banking,1,1379.96
ORD501065,1,debit_card,1,3776.06
ORD501065,2,UPI,1,794.56
ORD501066,1,COD,1,1132.12
ORD501067,1,wallet,1,2469.67
ORD501068,1,UPI,1,857.1
ORD501069,1,credit_card,1,858.97
ORD501070,1,UPI,1,3332.58
ORD501071,1,UPI,1,3003.86
ORD501072,1,debit_card,1,1925.69
ORD501073,1,UPI,1,640.25
ORD501074,1,UPI,1,3054.18
ORD501075,1,debit_card,1,2876.64
ORD501076,1,credit_card,1,1629.39
ORD501077,1,net_banking,1,3719.68
ORD501078,1,net_banking,1,3327.28
ORD501079,1,wallet,1,2858.56
ORD501079,2,net_banking,1,3215.25
ORD501080,1,COD,1,3599.38
ORD501081,1,wallet,1,403.01
ORD501082,1,credit_card,1,3680.5
ORD501082,2,wallet,2,301.63
ORD501083,1,UPI,1,520.19
ORD501084,1,UPI,2,1120.84
ORD501085,1,COD,1,1272.82
ORD501086,1,credit_card,1,3342.01
ORD501087,1,wallet,1,2638.69
ORD501088,1,wallet,1,464.31
ORD501089,1,UPI,1,3658.64
ORD501090,1,credit_card,1,706.9
ORD501091,1,UPI,1,631.92
ORD501092,1,wallet,1,588.36
ORD501092,2,UPI,1,2727.1
ORD501093,1,net_banking,1,767.88
ORD501094,1,COD,1,1049.2
ORD501095,1,UPI,1,1130.35
ORD501096,1,wallet,1,690.04
ORD501097,1,wallet,1,1888.21
ORD501098,1,net_banking,1,565.26
ORD501099,1,net_banking,1,3274.15
ORD501100,1,net_banking,9,428.73
ORD501101,1,UPI,1,1340.45
ORD501101,2,net_banking,1,2289.83
ORD501102,1,wallet,1,1295.13
ORD501103,1,debit_card,1,2785.93
ORD501103,2,COD,1,2745.25
ORD501104,1,wallet,12,1986.67
ORD501105,1,credit_card,6,417.98
ORD501106,1,wallet,1,1205.57
ORD501107,1,net_banking,1,1436.52
ORD501108,1,wallet,1,1347.45
ORD501109,1,debit_card,11,3467.93
ORD501110,1,COD,1,2793.45
ORD501111,1,credit_card,1,984.2
ORD501112,1,debit_card,1,3846.33
ORD501113,1,COD,10,879.81
ORD501114,1,credit_card,1,3915.58
ORD501115,1,credit_card,4,1558.97
ORD501116,1,COD,1,2060.19
ORD501117,1,debit_card,1,1335.27
ORD501118,1,UPI,1,2425.56
ORD501119,1,net_banking,1,1633.7
ORD501120,1,credit_card,1,1700.47
ORD501121,1,COD,5,1497.07
ORD501121,2,wallet,12,1279.69
ORD501122,1,COD,7,1612.59
ORD501123,1,credit_card,1,3769.68
ORD501124,1,wallet,1,843.49
ORD501125,1,net_banking,4,1069.8
ORD501126,1,debit_card,1,3915.37
ORD501127,1,UPI,7,487.74
ORD501128,1,net_banking,1,3713.58
ORD501129,1,COD,1,3898.8
ORD501130,1,debit_card,4,1854.34
ORD501131,1,net_banking,2,829.57
ORD501132,1,net_banking,2,1471.68
ORD501133,1,debit_card,1,2749.17
ORD501134,1,net_banking,1,2225.73
ORD501135,1,UPI,1,1511.58
ORD501136,1,COD,1,3857.33
ORD501137,1,credit_card,1,2400.48
ORD501137,2,wallet,1,3478.81
ORD501138,1,credit_card,1,3591.15
ORD501139,1,UPI,1,296.44
ORD501140,1,debit_card,12,722.15
ORD501141,1,COD,1,3569.5
ORD501142,1,wallet,1,952.1
ORD501143,1,credit_card,1,2992.58
ORD501144,1,debit_card,1,3378.8
ORD501145,1,COD,1,3840.12
ORD501146,1,UPI,1,1089.18
ORD501147,1,credit_card,1,2570.55
ORD501148,1,net_banking,1,3697.66
ORD501149,1,UPI,1,3031.77
ORD501150,1,credit_card,5,2233.62
ORD501150,2,UPI,1,3343.66
ORD501151,1,debit_card,10,737.76
ORD501152,1,credit_card,1,463.0
ORD501153,1,net_banking,1,2855.58
ORD501154,1,net_banking,1,3521.71
ORD501154,2,credit_card,1,1873.28
ORD501155,1,wallet,1,254.65
ORD501156,1,UPI,1,3942.65
ORD501157,1,debit_card,1,3176.65
ORD501158,1,UPI,1,3027.05
ORD501159,1,net_banking,1,612.46
ORD501159,2,net_banking,1,3898.57
ORD501160,1,net_banking,1,1471.52
ORD501161,1,UPI,1,464.68
ORD501162,1,debit_card,1,1803.3
ORD501162,2,net_banking,1,3390.81
ORD501163,1,COD,1,1688.03
ORD501164,1,debit_card,1,321.3
ORD501165,1,wallet,1,1829.13
ORD501166,1,credit_card,1,2935.35
ORD501167,1,debit_card,1,2068.98
ORD501168,1,COD,1,2624.03
ORD501169,1,debit_card,3,2992.12
ORD501170,1,COD,1,2004.95
ORD501171,1,net_banking,4,1458.34
ORD501172,1,debit_card,5,2729.4
ORD501173,1,net_banking,9,516.87
ORD501174,1,COD,1,2894.3
ORD501175,1,debit_card,1,688.99
ORD501176,1,COD,11,1131.07
ORD501177,1,debit_card,1,2553.65
ORD501178,1,debit_card,1,702.57
ORD501179,1,COD,1,1939.38
ORD501180,1,debit_card,2,3983.36
ORD501181,1,net_banking,1,3720.06
ORD501182,1,debit_card,1,1517.98
ORD501182,2,wallet,1,1478.19
ORD501183,1,credit_card,1,3301.41
ORD501184,1,net_banking,1,2787.49
ORD501185,1,COD,1,1935.23
ORD501186,1,credit_card,1,3744.59
ORD501187,1,debit_card,1,2408.87
ORD501188,1,COD,1,3338.27
ORD501189,1,COD,1,2552.88
ORD501189,2,debit_card,1,3090.05
ORD501190,1,debit_card,1,2019.82
ORD501190,2,UPI,1,2110.25
ORD501191,1,net_banking,1,1693.26
ORD501192,1,COD,1,3099.86
ORD501193,1,UPI,1,3262.48
ORD501194,1,net_banking,1,233.03
ORD501195,1,credit_card,5,1818.2
ORD501196,1,net_banking,1,755.08
ORD501197,1,debit_card,12,3982.23
ORD501198,1,net_banking,1,3779.63
ORD501199,1,net_banking,1,1554.48
ORD501200,1,COD,1,3444.63
ORD501201,1,COD,1,1735.69
ORD501201,2,UPI,1,3832.71
ORD501202,1,debit_card,1,868.61
ORD501202,2,debit_card,1,2685.39
ORD501203,1,debit_card,8,331.55
ORD501203,2,net_banking,6,1234.06
ORD501204,1,credit_card,1,3258.02
ORD501205,1,debit_card,8,2340.66
ORD501206,1,net_banking,1,2926.26
ORD501207,1,UPI,1,676.94
ORD501207,2,net_banking,1,1082.5
ORD501208,1,wallet,1,3093.79
ORD501209,1,credit_card,1,835.64
ORD501209,2,COD,1,2815.59
ORD501210,1,debit_card,11,395.29
ORD501211,1,UPI,1,3771.41
ORD501212,1,wallet,1,329.46
ORD501213,1,debit_card,3,2669.81
ORD501214,1,debit_card,8,3154.58
ORD501215,1,debit_card,1,3117.4
ORD501216,1,UPI,1,1651.25
ORD501217,1,debit_card,1,585.83
ORD501217,2,wallet,1,682.5
ORD501218,1,net_banking,1,3085.8
ORD501219,1,COD,1,301.19
ORD501220,1,COD,1,2849.8
ORD501220,2,net_banking,1,504.93
ORD501221,1,COD,1,3505.01
ORD501222,1,net_banking,1,3728.2
ORD501223,1,credit_card,9,2185.03
ORD501224,1,debit_card,12,585.61
ORD501225,1,net_banking,1,2158.76
ORD501226,1,net_banking,1,1658.12
ORD501227,1,wallet,1,1581.45
ORD501228,1,UPI,12,3160.36
ORD501229,1,debit_card,1,3462.15
ORD501230,1,net_banking,1,1316.46
ORD501230,2,COD,6,697.39
ORD501231,1,COD,5,2124.17
ORD501232,1,wallet,2,3288.11
ORD501233,1,debit_card,1,2023.97
ORD501234,1,credit_card,1,3130.55
ORD501235,1,debit_card,1,394.75
ORD501236,1,debit_card,1,3172.21
ORD501237,1,net_banking,1,3223.38
ORD501237,2,credit_card,1,3940.16
ORD501238,1,wallet,1,2270.19
ORD501239,1,net_banking,1,2728.59
ORD501240,1,wallet,1,3572.07
ORD501240,2,debit_card,11,1773.83
ORD501241,1,credit_card,1,2534.6
ORD501242,1,net_banking,1,1474.89
ORD501243,1,net_banking,1,2002.63
ORD501244,1,credit_card,1,3677.09
ORD501245,1,net_banking,1,2309.0
ORD501246,1,debit_card,1,2478.25
ORD501247,1,COD,1,1099.93
ORD501248,1,net_banking,1,3757.74
ORD501249,1,credit_card,2,2116.54
ORD501250,1,debit_card,1,2068.45
ORD501251,1,wallet,4,3621.46
ORD501252,1,UPI,1,685.87
ORD501253,1,COD,5,243.06
ORD501253,2,wallet,1,399.77
ORD501254,1,debit_card,1,2278.05
ORD501255,1,debit_card,1,2072.46
ORD501256,1,credit_card,1,1918.54
ORD501256,2,debit_card,1,2857.41
ORD501257,1,UPI,1,1098.99
ORD501258,1,debit_card,1,509.08
ORD501258,2,net_banking,1,2933.4
ORD501259,1,wallet,1,344.72
ORD501260,1,wallet,1,3790.34
ORD501261,1,UPI,1,2254.63
ORD501262,1,credit_card,1,3800.39
ORD501263,1,net_banking,9,1327.77
ORD501264,1,net_banking,1,2221.44
ORD501264,2,credit_card,1,3056.21
ORD501265,1,net_banking,1,3874.74
ORD501266,1,debit_card,1,2227.95
ORD501267,1,debit_card,1,2661.0
ORD501268,1,wallet,1,1190.71
ORD501269,1,debit_card,1,2689.52
ORD501270,1,credit_card,1,2207.85
ORD501271,1,debit_card,1,3553.14
ORD501272,1,credit_card,1,1507.85
ORD501273,1,net_banking,1,550.23
ORD501274,1,COD,1,1714.9
ORD501275,1,UPI,1,2526.05
ORD501276,1,debit_card,1,2643.64
ORD501277,1,credit_card,1,880.87
ORD501278,1,debit_card,1,3429.1
ORD501279,1,wallet,1,3156.51
ORD501280,1,credit_card,11,1366.28
ORD501281,1,UPI,1,1041.52
ORD501282,1,debit_card,1,2871.72
ORD501283,1,debit_card,1,1326.13
ORD501284,1,debit_card,1,2963.4
ORD501285,1,wallet,1,2696.47
ORD501286,1,wallet,1,2960.42
ORD501287,1,UPI,1,1722.5
ORD501288,1,COD,1,3950.24
ORD501289,1,debit_card,6,1302.01
ORD501290,1,net_banking,7,3922.97
ORD501291,1,debit_card,1,344.24
ORD501292,1,debit_card,1,3091.25
ORD501293,1,UPI,1,511.25
ORD501294,1,COD,8,2102.48
ORD501295,1,debit_card,1,3285.04
ORD501296,1,credit_card,1,2337.76
ORD501297,1,credit_card,1,3778.27
ORD501298,1,COD,1,2298.45
ORD501299,1,wallet,1,1683.07
ORD501300,1,credit_card,9,2442.72
ORD501301,1,credit_card,1,1151.04
ORD501302,1,credit_card,1,576.63
ORD501303,1,net_banking,1,2211.84
ORD501304,1,debit_card,1,3903.07
ORD501305,1,debit_card,1,209.8
ORD501306,1,debit_card,11,3403.75
ORD501307,1,UPI,1,3027.79
ORD501308,1,debit_card,1,1482.8
ORD501309,1,COD,1,2684.8
ORD501310,1,debit_card,1,2164.32
ORD501311,1,credit_card,1,900.81
ORD501312,1,credit_card,1,753.07
ORD501313,1,credit_card,1,3658.29
ORD501314,1,net_banking,1,471.54
ORD501315,1,wallet,7,2660.35
ORD501315,2,credit_card,1,3103.25
ORD501316,1,debit_card,1,2843.36
ORD501317,1,debit_card,1,1859.43
ORD501318,1,UPI,1,2651.25
ORD501319,1,UPI,11,2962.48
ORD501320,1,wallet,1,3575.67
ORD501320,2,net_banking,1,579.29
ORD501321,1,net_banking,1,882.06
ORD501322,1,credit_card,1,879.52
ORD501323,1,credit_card,1,2546.16
ORD501324,1,COD,1,795.64
ORD501325,1,COD,1,1938.12
ORD501326,1,UPI,1,1408.92
ORD501327,1,wallet,1,2649.61
ORD501328,1,UPI,1,478.68
ORD501329,1,credit_card,1,3577.45
ORD501330,1,debit_card,1,287.86
ORD501331,1,COD,11,3525.15
ORD501332,1,debit_card,1,1782.6
ORD501333,1,wallet,1,1022.75
ORD501334,1,COD,1,2705.17
ORD501335,1,UPI,6,3651.5
ORD501336,1,wallet,1,834.26
ORD501337,1,credit_card,8,3615.5
ORD501338,1,debit_card,1,2670.69
ORD501339,1,net_banking,1,998.6
ORD501340,1,debit_card,1,342.48
ORD501341,1,net_banking,1,2948.22
ORD501342,1,net_banking,1,2891.84
ORD501342,2,COD,1,2706.05
ORD501343,1,debit_card,1,1933.04
ORD501344,1,COD,1,564.82
ORD501345,1,credit_card,4,2152.42
ORD501346,1,net_banking,1,371.1
ORD501347,1,COD,1,807.2
ORD501348,1,UPI,1,3819.66
ORD501348,2,COD,1,942.95
ORD501349,1,wallet,1,837.09
ORD501350,1,UPI,1,770.81
ORD501351,1,debit_card,1,273.63
ORD501352,1,COD,1,1496.2
ORD501353,1,wallet,1,1257.85
ORD501354,1,wallet,1,1703.6
ORD501355,1,wallet,1,3632.68
ORD501356,1,net_banking,12,1447.04
ORD501357,1,wallet,1,426.69
ORD501358,1,COD,1,3353.76
ORD501359,1,COD,1,315.96
ORD501360,1,UPI,1,3498.03
ORD501360,2,net_banking,1,3213.11
ORD501361,1,net_banking,1,1670.97
ORD501362,1,UPI,1,2910.68
ORD501362,2,COD,1,3515.03
ORD501363,1,UPI,1,979.12
ORD501364,1,net_banking,1,3643.86
ORD501364,2,credit_card,1,1776.4
ORD501365,1,wallet,1,1406.85
ORD501366,1,net_banking,1,1472.8
ORD501366,2,credit_card,1,3550.75
ORD501367,1,debit_card,1,2005.06
ORD501368,1,credit_card,7,1835.11
ORD501369,1,net_banking,1,3521.38
ORD501370,1,COD,1,935.68
ORD501371,1,debit_card,1,889.52
ORD501372,1,UPI,1,3054.95
ORD501373,1,wallet,1,3605.85
ORD501374,1,credit_card,1,2038.1
ORD501375,1,net_banking,1,1897.99
ORD501376,1,UPI,1,1417.05
ORD501377,1,UPI,1,2816.55
ORD501378,1,wallet,1,2293.19
ORD501379,1,debit_card,1,1185.15
ORD501380,1,credit_card,1,2348.78
ORD501381,1,wallet,1,3583.99
ORD501382,1,COD,1,886.05
ORD501383,1,net_banking,1,3268.39
ORD501384,1,net_banking,4,1449.4
ORD501385,1,credit_card,1,1228.36
ORD501386,1,net_banking,1,1898.74
ORD501387,1,COD,11,1281.44
ORD501388,1,COD,10,3154.44
ORD501389,1,UPI,1,1538.57
ORD501389,2,UPI,1,2654.86
ORD501390,1,UPI,1,3675.09
ORD501391,1,net_banking,1,728.39
ORD501392,1,credit_card,1,3109.71
ORD501393,1,COD,1,2269.48
ORD501394,1,credit_card,7,2487.84
ORD501394,2,net_banking,1,3669.7
ORD501395,1,UPI,1,1523.31
ORD501396,1,credit_card,1,1475.13
ORD501396,2,UPI,1,1174.74
ORD501397,1,COD,1,908.74
ORD501398,1,debit_card,1,2280.3
ORD501399,1,wallet,1,1471.16
ORD501400,1,debit_card,8,3798.63
ORD501401,1,COD,7,1861.96
ORD501402,1,COD,1,1626.66
ORD501403,1,COD,1,3695.93
ORD501404,1,credit_card,6,3835.24
ORD501405,1,credit_card,1,2307.54
ORD501406,1,net_banking,1,347.49
ORD501407,1,debit_card,1,1266.87
ORD501408,1,wallet,1,1081.98
ORD501409,1,net_banking,1,2652.9
ORD501410,1,UPI,1,1796.14
ORD501411,1,debit_card,1,686.52
ORD501412,1,debit_card,1,1379.49
ORD501412,2,COD,1,1584.03
ORD501413,1,net_banking,1,1739.6
ORD501414,1,COD,1,2809.62
ORD501415,1,credit_card,1,573.67
ORD501416,1,debit_card,1,1991.23
ORD501417,1,net_banking,1,2057.04
ORD501418,1,COD,1,730.08
ORD501419,1,COD,1,1286.05
ORD501420,1,COD,1,1944.66
ORD501421,1,debit_card,1,3463.76
ORD501422,1,net_banking,1,1049.01
ORD501423,1,COD,5,277.28
ORD501424,1,credit_card,1,3859.63
ORD501425,1,UPI,9,2862.93
ORD501426,1,net_banking,1,2056.45
ORD501427,1,net_banking,1,2059.96
ORD501428,1,debit_card,1,1579.47
ORD501429,1,debit_card,1,1948.95
ORD501430,1,debit_card,1,2670.05
ORD501431,1,credit_card,1,3204.6
ORD501432,1,UPI,1,823.99
ORD501433,1,UPI,1,3655.48
ORD501434,1,debit_card,1,321.11
ORD501435,1,debit_card,6,3577.02
ORD501436,1,net_banking,1,563.08
ORD501437,1,COD,1,227.76
ORD501438,1,net_banking,3,1993.44
ORD501439,1,credit_card,1,2053.14
ORD501440,1,debit_card,1,2313.9
ORD501441,1,COD,1,660.25
ORD501442,1,debit_card,1,2723.37
ORD501443,1,COD,1,1104.08
ORD501444,1,debit_card,1,2066.19
ORD501445,1,COD,3,2123.12
ORD501446,1,COD,1,1981.18
ORD501447,1,COD,1,2352.1
ORD501448,1,debit_card,1,3256.04
ORD501449,1,net_banking,1,911.71
ORD501450,1,wallet,9,3237.64
ORD501451,1,debit_card,1,3800.2
ORD501452,1,credit_card,1,2125.8
ORD501453,1,UPI,1,1697.12
ORD501454,1,credit_card,1,1458.25
ORD501455,1,credit_card,1,1918.89
ORD501455,2,UPI,1,3718.52
ORD501456,1,UPI,1,2634.98
ORD501457,1,UPI,1,3743.81
ORD501458,1,COD,1,3983.16
ORD501459,1,credit_card,1,843.07
ORD501460,1,UPI,1,2073.08
ORD501461,1,wallet,1,2670.46
ORD501462,1,COD,1,3568.25
ORD501463,1,UPI,5,1356.07
ORD501464,1,wallet,1,3939.84
ORD501465,1,UPI,12,1565.5
ORD501466,1,debit_card,1,3575.27
ORD501467,1,net_banking,4,2974.59
ORD501468,1,UPI,1,1512.72
ORD501469,1,debit_card,1,2530.56
ORD501470,1,credit_card,1,3990.75
ORD501471,1,debit_card,1,572.49
ORD501472,1,COD,1,2130.49
ORD501473,1,COD,1,3587.92
ORD501474,1,credit_card,3,418.94
ORD501475,1,UPI,1,1422.51
ORD501476,1,wallet,1,1899.76
ORD501477,1,COD,1,1625.96
ORD501478,1,wallet,1,3728.58
ORD501479,1,UPI,1,1775.31
ORD501480,1,debit_card,6,2140.19
ORD501481,1,wallet,1,1273.3
ORD501482,1,wallet,1,277.17
ORD501483,1,COD,1,488.02
ORD501484,1,wallet,1,1783.26
ORD501485,1,credit_card,1,1860.85
ORD501486,1,debit_card,1,3604.29
ORD501487,1,UPI,1,2431.12
ORD501488,1,wallet,1,3220.72
ORD501489,1,credit_card,1,2885.91
ORD501489,2,debit_card,1,3920.86
ORD501490,1,COD,1,999.78
ORD501491,1,net_banking,1,3039.41
ORD501492,1,debit_card,1,3976.94
ORD501493,1,debit_card,1,2183.51
ORD501494,1,COD,1,1011.56
ORD501495,1,net_banking,1,2122.51
ORD501496,1,net_banking,12,933.31
ORD501497,1,wallet,8,860.51
ORD501498,1,debit_card,1,2314.28
ORD501499,1,COD,1,529.97
ORD501500,1,COD,1,3234.72
ORD501501,1,net_banking,1,1382.81
ORD501502,1,UPI,1,3135.27
ORD501503,1,COD,1,3428.03
ORD501504,1,wallet,1,2520.08
ORD501505,1,wallet,1,553.48
ORD501506,1,UPI,1,2734.87
ORD501507,1,COD,1,3385.63
ORD501508,1,wallet,1,1306.25
ORD501509,1,net_banking,1,797.31
ORD501510,1,debit_card,10,792.62
ORD501511,1,wallet,1,3140.49
ORD501512,1,debit_card,1,2638.48
ORD501513,1,credit_card,1,1591.54
ORD501514,1,debit_card,1,2549.87
ORD501515,1,wallet,1,2905.55
ORD501516,1,wallet,1,1445.01
ORD501517,1,debit_card,11,1124.77
ORD501518,1,UPI,1,1744.02
ORD501519,1,wallet,1,2817.33
ORD501520,1,UPI,1,2549.3
ORD501521,1,COD,1,223.16
ORD501522,1,net_banking,1,1021.45
ORD501523,1,credit_card,1,3799.78
ORD501524,1,UPI,1,2621.3
ORD501524,2,credit_card,1,3323.21
ORD501525,1,COD,1,1917.54
ORD501526,1,credit_card,1,3346.22
ORD501527,1,net_banking,7,281.08
ORD501528,1,net_banking,1,1590.01
ORD501529,1,credit_card,1,3735.15
ORD501530,1,net_banking,1,2852.59
ORD501531,1,COD,1,540.99
ORD501531,2,UPI,1,3961.63
ORD501532,1,credit_card,1,3995.12
ORD501533,1,COD,1,2172.29
ORD501534,1,debit_card,1,1200.05
ORD501535,1,debit_card,1,2606.8
ORD501535,2,wallet,1,672.16
ORD501536,1,COD,1,2144.91
ORD501537,1,debit_card,9,2792.72
ORD501538,1,net_banking,1,3737.14
ORD501539,1,debit_card,1,3060.51
ORD501540,1,COD,4,2445.35
ORD501541,1,net_banking,1,953.79
ORD501542,1,net_banking,1,3384.06
ORD501543,1,net_banking,1,1004.65
ORD501544,1,credit_card,1,921.74
ORD501545,1,wallet,1,3400.05
ORD501546,1,debit_card,1,2447.75
ORD501547,1,wallet,1,2219.35
ORD501548,1,debit_card,1,3220.42
ORD501549,1,COD,1,3280.43
ORD501550,1,credit_card,4,648.0
ORD501551,1,debit_card,1,3365.92
ORD501551,2,credit_card,1,1549.79
ORD501552,1,wallet,1,2657.59
ORD501553,1,credit_card,1,2327.7
ORD501554,1,credit_card,1,3453.12
ORD501555,1,UPI,11,2564.22
ORD501556,1,UPI,1,3234.92
ORD501557,1,wallet,1,2039.99
ORD501558,1,net_banking,1,3785.8
ORD501559,1,debit_card,1,3139.96
ORD501560,1,UPI,1,2829.39
ORD501560,2,net_banking,1,2851.76
ORD501561,1,debit_card,1,1468.99
ORD501561,2,wallet,1,956.84
ORD501562,1,credit_card,1,3742.24
ORD501563,1,debit_card,1,1703.64
ORD501564,1,debit_card,1,3822.84
ORD501565,1,credit_card,1,3801.91
ORD501566,1,debit_card,1,335.29
ORD501567,1,UPI,1,342.6
ORD501568,1,UPI,1,1924.55
ORD501568,2,wallet,7,3134.21
ORD501569,1,net_banking,8,2763.25
ORD501570,1,wallet,1,1648.51
ORD501571,1,COD,1,3164.99
ORD501572,1,debit_card,1,1564.44
ORD501573,1,wallet,1,3451.54
ORD501573,2,UPI,1,1961.96
ORD501574,1,wallet,5,2197.49
ORD501575,1,wallet,1,1546.71
ORD501575,2,UPI,1,1192.4
ORD501576,1,debit_card,1,2329.44
ORD501577,1,credit_card,1,470.67
ORD501578,1,debit_card,6,2509.3
ORD501579,1,wallet,1,1192.24
ORD501580,1,UPI,1,2964.15
ORD501581,1,debit_card,1,218.8
ORD501582,1,net_banking,1,2354.21
ORD501583,1,wallet,1,1611.29
ORD501584,1,UPI,1,1745.91
ORD501585,1,debit_card,1,706.72
ORD501586,1,credit_card,11,2758.94
ORD501587,1,COD,1,2212.64
ORD501588,1,credit_card,9,1361.48
ORD501589,1,UPI,6,3169.24
ORD501590,1,UPI,1,1024.75
ORD501591,1,COD,1,2441.54
ORD501592,1,COD,1,2276.36
ORD501593,1,debit_card,1,917.21
ORD501594,1,UPI,12,3002.44
ORD501595,1,UPI,1,3302.94
ORD501596,1,debit_card,1,1438.04
ORD501597,1,net_banking,1,2245.5
ORD501598,1,UPI,1,3380.9
ORD501598,2,debit_card,1,1910.18
ORD501599,1,wallet,9,2027.26
ORD501600,1,credit_card,2,775.27
ORD501601,1,debit_card,1,729.18
ORD501602,1,COD,3,1722.09
ORD501603,1,net_banking,7,2856.79
ORD501604,1,COD,11,586.25
ORD501605,1,COD,1,422.4
ORD501606,1,debit_card,1,857.22
ORD501607,1,credit_card,11,3135.98
ORD501608,1,credit_card,1,2911.07
ORD501608,2,debit_card,1,2315.53
ORD501609,1,wallet,1,3894.16
ORD501610,1,credit_card,1,3422.8
ORD501611,1,net_banking,1,1577.57
ORD501612,1,net_banking,1,2422.36
ORD501613,1,COD,8,2918.15
ORD501614,1,UPI,1,2524.49
ORD501614,2,credit_card,1,845.21
ORD501615,1,COD,1,1552.72
ORD501616,1,credit_card,11,2368.56
ORD501617,1,credit_card,1,3834.25
ORD501618,1,debit_card,1,3097.02
ORD501619,1,credit_card,1,2324.36
ORD501620,1,wallet,1,322.98
ORD501621,1,net_banking,12,445.22
ORD501622,1,COD,1,1318.67
ORD501623,1,net_banking,1,772.82
ORD501624,1,credit_card,7,472.39
ORD501625,1,net_banking,1,2862.28
ORD501626,1,UPI,1,2630.19
ORD501627,1,debit_card,3,1073.4
ORD501628,1,net_banking,1,3087.73
ORD501629,1,wallet,1,2667.47
ORD501630,1,debit_card,1,220.93
ORD501631,1,UPI,1,607.47
ORD501632,1,debit_card,1,2475.36
ORD501633,1,wallet,1,3611.38
ORD501634,1,net_banking,6,2471.52
ORD501634,2,UPI,1,885.37
ORD501635,1,wallet,1,1225.78
ORD501636,1,COD,1,3422.68
ORD501636,2,debit_card,1,1538.83
ORD501637,1,debit_card,1,809.85
ORD501638,1,credit_card,1,717.34
ORD501639,1,credit_card,9,2116.54
ORD501640,1,wallet,1,455.82
ORD501641,1,debit_card,1,2945.82
ORD501642,1,COD,1,2991.47
ORD501643,1,COD,1,864.18
ORD501644,1,wallet,7,3372.51
ORD501645,1,COD,11,3922.31
ORD501645,2,debit_card,1,1625.01
ORD501646,1,wallet,1,2184.87
ORD501647,1,net_banking,1,445.97
ORD501648,1,debit_card,1,205.95
ORD501649,1,net_banking,10,3034.23
ORD501650,1,COD,1,3764.98
ORD501651,1,net_banking,1,1356.54
ORD501652,1,UPI,1,1191.42
ORD501653,1,wallet,1,3111.9
ORD501654,1,credit_card,4,1562.48
ORD501655,1,debit_card,1,3451.86
ORD501656,1,COD,1,1608.88
ORD501657,1,UPI,1,915.91
ORD501658,1,wallet,1,3986.98
ORD501658,2,COD,1,1897.02
ORD501659,1,credit_card,1,1698.55
ORD501660,1,net_banking,1,845.71
ORD501661,1,COD,1,2884.28
ORD501662,1,credit_card,1,608.84
ORD501663,1,UPI,1,3600.87
ORD501663,2,net_banking,10,2738.71
ORD501664,1,debit_card,1,2166.58
ORD501665,1,COD,1,3396.22
ORD501666,1,COD,1,2615.3
ORD501667,1,UPI,1,856.2
ORD501667,2,credit_card,1,2016.02
ORD501668,1,COD,4,3541.64
ORD501669,1,debit_card,1,1990.26
ORD501670,1,credit_card,1,2642.44
ORD501671,1,credit_card,1,3492.52
ORD501672,1,UPI,1,3954.78
ORD501673,1,credit_card,1,818.33
ORD501674,1,debit_card,1,345.61
ORD501675,1,COD,1,947.57
ORD501676,1,UPI,4,3381.48
ORD501677,1,wallet,1,3552.87
ORD501678,1,net_banking,1,1216.34
ORD501678,2,net_banking,1,3622.12
ORD501679,1,credit_card,1,503.64
ORD501680,1,UPI,1,2683.39
ORD501681,1,COD,1,1703.84
ORD501682,1,wallet,5,1829.98
ORD501683,1,UPI,1,1316.29
ORD501683,2,UPI,1,3652.47
ORD501684,1,debit_card,1,2420.73
ORD501685,1,UPI,1,2815.78
ORD501686,1,credit_card,12,597.98
ORD501687,1,credit_card,1,3384.77
ORD501688,1,wallet,4,3795.66
ORD501689,1,wallet,1,864.43
ORD501690,1,credit_card,1,2085.4
ORD501691,1,UPI,1,539.64
ORD501692,1,UPI,1,2800.91
ORD501692,2,debit_card,1,1972.3
ORD501693,1,UPI,1,3956.12
ORD501694,1,wallet,1,527.5
ORD501694,2,net_banking,1,463.53
ORD501695,1,wallet,1,3188.57
ORD501696,1,COD,1,3274.92
ORD501697,1,net_banking,1,959.09
ORD501698,1,net_banking,1,3709.06
ORD501699,1,debit_card,1,1202.03
ORD501700,1,net_banking,1,1828.61
ORD501701,1,debit_card,1,1841.75
ORD501702,1,credit_card,1,323.29
ORD501703,1,net_banking,1,2034.74
ORD501704,1,COD,1,3629.37
ORD501705,1,UPI,1,3508.86
ORD501706,1,debit_card,1,2195.73
ORD501707,1,net_banking,7,3940.17
ORD501708,1,UPI,6,396.19
ORD501709,1,credit_card,1,3522.16
ORD501710,1,debit_card,5,3309.71
ORD501711,1,net_banking,1,725.69
ORD501712,1,UPI,1,1601.92
ORD501713,1,COD,1,3802.76
ORD501714,1,credit_card,1,739.0
ORD501714,2,UPI,1,3416.02
ORD501715,1,net_banking,1,917.18
ORD501716,1,credit_card,1,955.72
ORD501717,1,debit_card,1,1815.32
ORD501718,1,debit_card,1,1275.22
ORD501719,1,debit_card,1,3648.51
ORD501720,1,UPI,1,2315.35
ORD501721,1,credit_card,1,1875.46
ORD501722,1,UPI,1,1028.54
ORD501723,1,net_banking,1,1057.5
ORD501724,1,UPI,1,2698.74
ORD501725,1,credit_card,1,1340.57
ORD501726,1,credit_card,1,2221.27
ORD501727,1,debit_card,2,1203.19
ORD501727,2,wallet,1,3407.98
ORD501728,1,wallet,1,2081.77
ORD501729,1,UPI,1,1882.96
ORD501730,1,UPI,1,2908.88
ORD501731,1,credit_card,1,3786.18
ORD501732,1,credit_card,1,2027.76
ORD501732,2,UPI,1,490.06
ORD501733,1,net_banking,1,3749.36
ORD501734,1,credit_card,1,1144.69
ORD501735,1,credit_card,1,1210.86
ORD501736,1,UPI,1,3451.74
ORD501737,1,COD,5,1488.55
ORD501738,1,net_banking,1,2473.08
ORD501739,1,wallet,1,2098.55
ORD501740,1,COD,1,1049.29
ORD501740,2,net_banking,1,2799.09
ORD501741,1,wallet,1,3317.44
ORD501742,1,credit_card,1,776.57
ORD501743,1,wallet,1,808.38
ORD501744,1,credit_card,1,789.54
ORD501745,1,net_banking,1,3022.9
ORD501746,1,UPI,1,1207.43
ORD501747,1,debit_card,1,3667.79
ORD501748,1,debit_card,1,1930.77
ORD501749,1,COD,1,741.46
ORD501750,1,UPI,1,1930.85
ORD501751,1,wallet,3,2696.09
ORD501752,1,COD,1,532.4
ORD501753,1,net_banking,1,1562.42
ORD501754,1,COD,1,3250.22
ORD501755,1,credit_card,2,1522.97
ORD501756,1,credit_card,2,3676.64
ORD501757,1,COD,1,332.85
ORD501757,2,UPI,1,1313.42
ORD501758,1,COD,1,373.76
ORD501759,1,COD,8,1399.44
ORD501760,1,debit_card,7,1439.88
ORD501761,1,debit_card,1,1888.02
ORD501761,2,credit_card,1,1495.84
ORD501762,1,wallet,1,1765.18
ORD501763,1,COD,4,587.38
ORD501764,1,wallet,1,3105.75
ORD501765,1,wallet,1,925.39
ORD501766,1,wallet,9,2617.82
ORD501767,1,wallet,1,3086.13
ORD501768,1,debit_card,1,1110.17
ORD501769,1,wallet,1,3849.46
ORD501770,1,debit_card,1,651.09
ORD501770,2,wallet,1,3117.31
ORD501771,1,UPI,1,449.05
ORD501772,1,COD,1,793.18
ORD501773,1,COD,1,2610.73
ORD501774,1,debit_card,1,3771.97
ORD501775,1,UPI,1,2078.99
ORD501776,1,credit_card,1,2893.76
ORD501777,1,net_banking,1,1570.11
ORD501778,1,credit_card,1,3478.17
ORD501779,1,COD,1,2335.87
ORD501780,1,credit_card,1,434.92
ORD501781,1,credit_card,1,2271.34
ORD501782,1,debit_card,1,2238.41
ORD501782,2,UPI,8,1373.87
ORD501783,1,UPI,1,890.9
ORD501784,1,COD,1,1911.4
ORD501785,1,COD,1,648.96
ORD501786,1,wallet,1,2766.22
ORD501787,1,net_banking,1,2049.51
ORD501788,1,credit_card,1,411.63
ORD501789,1,COD,1,2124.26
ORD501790,1,COD,1,1543.16
ORD501791,1,COD,10,1950.66
ORD501792,1,credit_card,3,516.44
ORD501792,2,debit_card,1,1932.1
ORD501793,1,COD,1,2204.11
ORD501794,1,wallet,1,3568.44
ORD501795,1,wallet,1,374.14
ORD501796,1,credit_card,1,2563.07
ORD501797,1,wallet,1,3143.14
ORD501798,1,UPI,1,1456.09
ORD501799,1,net_banking,2,3289.64
ORD501800,1,debit_card,6,3222.61
ORD501801,1,wallet,1,258.73
ORD501802,1,net_banking,1,2426.47
ORD501803,1,COD,4,3828.7
ORD501804,1,debit_card,1,1783.97
ORD501805,1,COD,1,1781.18
ORD501806,1,UPI,1,2089.12
ORD501807,1,net_banking,5,1990.92
ORD501808,1,COD,1,3363.55
ORD501809,1,UPI,1,667.19
ORD501810,1,credit_card,10,1298.67
ORD501811,1,wallet,1,1833.99
ORD501812,1,wallet,1,2503.49
ORD501813,1,wallet,1,1408.59
ORD501814,1,wallet,1,2409.58
ORD501814,2,wallet,1,2545.37
ORD501815,1,wallet,1,1088.49
ORD501815,2,wallet,1,2045.8
ORD501816,1,net_banking,1,387.78
ORD501817,1,debit_card,7,3744.22
ORD501818,1,COD,1,2469.5
ORD501819,1,UPI,1,3484.95
ORD501820,1,credit_card,1,3267.45
ORD501821,1,UPI,1,2596.67
ORD501822,1,COD,1,2014.65
ORD501823,1,UPI,1,1452.83
ORD501824,1,UPI,7,1538.57
ORD501825,1,COD,1,2806.67
ORD501826,1,credit_card,1,1264.55
ORD501827,1,UPI,1,319.81
ORD501828,1,debit_card,1,1860.46
ORD501829,1,COD,7,1919.8
ORD501830,1,debit_card,1,2982.94
ORD501831,1,debit_card,1,272.03
ORD501832,1,credit_card,8,3131.38
ORD501833,1,COD,1,883.41
ORD501833,2,credit_card,1,3807.85
ORD501834,1,COD,1,899.44
ORD501835,1,credit_card,1,2069.95
ORD501836,1,debit_card,1,2143.46
ORD501837,1,wallet,1,1670.93
ORD501837,2,debit_card,1,2611.98
ORD501838,1,COD,1,3620.84
ORD501839,1,net_banking,7,442.77
ORD501839,2,debit_card,8,1077.56
ORD501840,1,net_banking,1,2374.28
ORD501841,1,net_banking,1,3736.38
ORD501842,1,net_banking,1,1221.14
ORD501843,1,COD,1,480.78
ORD501844,1,UPI,1,2375.94
ORD501845,1,COD,1,3457.37
ORD501846,1,credit_card,1,2712.58
ORD501846,2,credit_card,1,1297.65
ORD501847,1,COD,2,1595.87
ORD501848,1,UPI,3,2774.52
ORD501849,1,wallet,1,1612.15
ORD501850,1,wallet,1,712.34
ORD501851,1,debit_card,1,2057.84
ORD501852,1,net_banking,1,1639.22
ORD501853,1,net_banking,1,2088.24
ORD501854,1,debit_card,1,980.78
ORD501855,1,credit_card,1,541.28
ORD501856,1,credit_card,1,3828.54
ORD501857,1,debit_card,1,736.32
ORD501858,1,COD,1,677.12
ORD501858,2,net_banking,1,2661.39
ORD501859,1,COD,10,216.85
ORD501860,1,COD,1,2901.61
ORD501861,1,UPI,1,681.8
ORD501862,1,UPI,1,2462.46
ORD501863,1,COD,1,3473.49
ORD501864,1,net_banking,1,3460.98
ORD501865,1,COD,1,1243.14
ORD501866,1,credit_card,12,2441.13
ORD501867,1,UPI,1,2420.51
ORD501868,1,credit_card,1,2134.35
ORD501869,1,debit_card,1,2310.69
ORD501870,1,COD,3,1322.87
ORD501871,1,COD,1,3516.56
ORD501872,1,COD,1,2194.31
ORD501873,1,credit_card,1,2148.7
ORD501874,1,COD,7,556.55
ORD501875,1,debit_card,1,1163.35
ORD501876,1,net_banking,1,3651.35
ORD501877,1,net_banking,1,3049.87
ORD501878,1,COD,1,1375.09
ORD501879,1,wallet,12,3053.17
ORD501880,1,credit_card,1,3148.38
ORD501881,1,UPI,1,1056.7
ORD501882,1,wallet,1,3569.93
ORD501882,2,UPI,1,2594.61
ORD501883,1,UPI,1,2184.9
ORD501884,1,debit_card,1,1001.07
ORD501884,2,net_banking,1,1337.93
ORD501885,1,UPI,1,337.68
ORD501886,1,COD,1,1463.18
ORD501887,1,net_banking,11,3729.47
ORD501888,1,UPI,8,1344.88
ORD501889,1,COD,1,2566.37
ORD501890,1,UPI,1,3494.28
ORD501891,1,credit_card,5,2452.8
ORD501891,2,wallet,1,1484.76
ORD501892,1,wallet,6,3286.43
ORD501893,1,UPI,1,705.9
ORD501894,1,net_banking,2,271.72
ORD501895,1,UPI,1,2491.67
ORD501896,1,credit_card,1,1409.38
ORD501897,1,COD,1,2814.87
ORD501898,1,debit_card,1,3397.2
ORD501899,1,COD,1,2906.68
ORD501900,1,wallet,1,2483.92
ORD501901,1,debit_card,1,317.48
ORD501902,1,UPI,1,537.29
ORD501903,1,net_banking,1,2561.11
ORD501904,1,net_banking,1,462.01
ORD501905,1,debit_card,11,3624.39
ORD501905,2,UPI,1,3882.37
ORD501906,1,UPI,1,3591.72
ORD501907,1,credit_card,1,2571.37
ORD501908,1,net_banking,5,3285.05
ORD501909,1,credit_card,1,2000.2
ORD501910,1,debit_card,1,332.91
ORD501911,1,credit_card,1,1707.77
ORD501912,1,UPI,1,3189.06
ORD501913,1,UPI,1,1531.14
ORD501914,1,COD,8,1818.42
ORD501915,1,credit_card,6,2941.53
ORD501916,1,COD,1,2334.02
ORD501917,1,net_banking,1,1163.61
ORD501918,1,credit_card,1,267.36
ORD501919,1,debit_card,1,591.23
ORD501920,1,wallet,6,3703.64
ORD501921,1,UPI,1,2210.63
ORD501922,1,COD,1,2764.43
ORD501923,1,UPI,1,1445.47
ORD501924,1,net_banking,1,2807.53
ORD501924,2,COD,1,576.94
ORD501925,1,COD,1,3468.7
ORD501926,1,credit_card,1,1485.84
ORD501927,1,UPI,1,3480.15
ORD501928,1,UPI,1,2997.96
ORD501929,1,COD,9,2714.21
ORD501930,1,debit_card,1,2116.53
ORD501931,1,UPI,1,3430.53
ORD501932,1,COD,1,1305.9
ORD501933,1,debit_card,6,2883.81
ORD501934,1,UPI,1,2447.39
ORD501935,1,net_banking,1,3559.8
ORD501935,2,wallet,1,3554.79
ORD501936,1,UPI,1,3196.27
ORD501937,1,debit_card,1,452.71
ORD501938,1,COD,1,1112.22
ORD501939,1,credit_card,1,1546.88
ORD501940,1,debit_card,1,462.26
ORD501940,2,net_banking,1,2856.1
ORD501941,1,wallet,1,3827.83
ORD501942,1,UPI,1,2372.14
ORD501943,1,COD,1,2715.47
ORD501944,1,COD,1,763.09
ORD501945,1,UPI,1,1016.92
ORD501946,1,UPI,5,1355.99
ORD501946,2,UPI,9,2093.73
ORD501947,1,UPI,1,1203.62
ORD501948,1,debit_card,1,2131.55
ORD501948,2,credit_card,1,3129.0
ORD501949,1,net_banking,1,3154.96
ORD501950,1,COD,7,564.38
ORD501951,1,wallet,1,1532.31
ORD501952,1,UPI,1,2020.42
ORD501953,1,COD,1,395.54
ORD501954,1,debit_card,1,2744.8
ORD501954,2,credit_card,1,3253.73
ORD501955,1,credit_card,1,1608.01
ORD501956,1,net_banking,1,1548.09
ORD501957,1,net_banking,1,254.4
ORD501958,1,net_banking,1,1754.02
ORD501959,1,net_banking,1,2699.13
ORD501960,1,UPI,1,2526.36
ORD501961,1,credit_card,1,488.25
ORD501962,1,UPI,1,511.14
ORD501962,2,credit_card,1,3348.27
ORD501963,1,credit_card,1,1605.19
ORD501964,1,net_banking,2,1330.54
ORD501964,2,UPI,5,398.49
ORD501965,1,credit_card,1,1380.27
ORD501966,1,net_banking,1,336.05
ORD501967,1,COD,1,1397.24
ORD501968,1,credit_card,1,1243.14
ORD501969,1,wallet,1,1234.47
ORD501970,1,net_banking,1,1038.16
ORD501971,1,debit_card,1,3766.99
ORD501972,1,net_banking,2,2658.86
ORD501973,1,net_banking,3,779.65
ORD501974,1,wallet,1,1816.7
ORD501974,2,net_banking,1,491.66
ORD501975,1,debit_card,1,1647.02
ORD501976,1,net_banking,1,1732.04
ORD501977,1,debit_card,1,1702.93
ORD501978,1,COD,1,567.73
ORD501979,1,net_banking,1,3885.62
ORD501980,1,wallet,1,1865.56
ORD501981,1,COD,1,1541.63
ORD501982,1,UPI,12,3733.78
ORD501982,2,wallet,1,1327.26
ORD501983,1,net_banking,1,3234.52
ORD501984,1,wallet,1,2893.37
ORD501985,1,debit_card,1,1248.15
ORD501986,1,COD,1,3732.12
ORD501987,1,wallet,1,1939.79
ORD501988,1,COD,1,3308.91
ORD501989,1,UPI,1,2375.0
ORD501990,1,wallet,12,1482.55
ORD501991,1,credit_card,10,766.4
ORD501992,1,UPI,1,853.37
ORD501993,1,UPI,1,1011.99
ORD501993,2,COD,1,1497.33
ORD501994,1,UPI,5,2499.58
ORD501995,1,credit_card,1,3033.98
ORD501996,1,net_banking,1,2825.06
ORD501997,1,UPI,1,2264.97
ORD501998,1,debit_card,1,746.57
ORD501999,1,credit_card,1,3947.06
ORD502000,1,UPI,1,2069.58
ORD502001,1,UPI,1,896.61
ORD502002,1,UPI,1,1887.35
ORD502003,1,credit_card,1,1980.1
ORD502004,1,UPI,1,2543.2
ORD502005,1,credit_card,1,2734.37
ORD502006,1,UPI,1,3700.45
ORD502007,1,debit_card,1,602.44
ORD502008,1,credit_card,7,3979.73
ORD502009,1,credit_card,1,2205.96
ORD502010,1,credit_card,1,793.51
ORD502011,1,credit_card,1,1847.02
ORD502012,1,debit_card,1,3545.34
ORD502013,1,debit_card,1,579.79
ORD502014,1,COD,1,2807.18
ORD502015,1,wallet,1,2578.73
ORD502016,1,net_banking,1,417.89
ORD502017,1,net_banking,1,635.76
ORD502018,1,debit_card,8,3360.1
ORD502019,1,debit_card,1,1792.75
ORD502019,2,UPI,1,3799.11
ORD502020,1,debit_card,1,3161.89
ORD502021,1,credit_card,1,3372.67
ORD502022,1,net_banking,1,3565.61
ORD502023,1,debit_card,1,2163.65
ORD502024,1,COD,1,1194.68
ORD502025,1,UPI,1,2036.79
ORD502026,1,debit_card,1,3528.18
ORD502027,1,wallet,1,2262.64
ORD502028,1,COD,1,288.61
ORD502029,1,net_banking,1,2417.81
ORD502030,1,net_banking,1,1290.77
ORD502030,2,credit_card,1,3333.21
ORD502031,1,net_banking,1,2337.21
ORD502032,1,credit_card,12,1442.08
ORD502033,1,debit_card,1,2604.74
ORD502034,1,COD,1,989.2
ORD502035,1,UPI,1,940.96
ORD502036,1,credit_card,1,970.62
ORD502036,2,net_banking,1,3729.14
ORD502037,1,wallet,1,498.74
ORD502038,1,UPI,1,1541.45
ORD502039,1,COD,1,2319.94
ORD502040,1,net_banking,1,2134.77
ORD502041,1,credit_card,1,2973.67
ORD502042,1,net_banking,1,2867.24
ORD502042,2,debit_card,1,3154.81
ORD502043,1,debit_card,1,1866.85
ORD502044,1,COD,1,1935.05
ORD502045,1,COD,1,845.72
ORD502046,1,debit_card,1,3919.6
ORD502047,1,debit_card,1,3762.47
ORD502048,1,credit_card,1,1443.84
ORD502049,1,COD,1,3912.73
ORD502050,1,UPI,1,740.36
ORD502051,1,net_banking,1,620.73
ORD502052,1,credit_card,1,1791.15
ORD502052,2,net_banking,9,1439.37
ORD502053,1,net_banking,1,1774.77
ORD502054,1,debit_card,1,533.78
ORD502055,1,credit_card,1,2210.8
ORD502056,1,COD,1,3528.8
ORD502057,1,COD,1,956.72
ORD502058,1,UPI,1,293.34
ORD502059,1,wallet,1,2498.08
ORD502060,1,COD,1,3716.23
ORD502061,1,COD,1,2474.12
ORD502062,1,debit_card,12,3502.89
ORD502062,2,net_banking,6,2861.44
ORD502063,1,net_banking,1,263.07
ORD502064,1,credit_card,1,2969.63
ORD502065,1,credit_card,1,2121.0
ORD502066,1,UPI,1,1771.68
ORD502067,1,debit_card,1,3731.26
ORD502068,1,net_banking,1,2291.18
ORD502069,1,net_banking,1,2825.67
ORD502070,1,UPI,1,2559.54
ORD502071,1,UPI,1,1848.93
ORD502072,1,debit_card,1,3252.99
ORD502073,1,wallet,1,2153.26
ORD502074,1,COD,3,3522.97
ORD502075,1,UPI,1,622.67
ORD502076,1,COD,1,390.68
ORD502077,1,wallet,1,2310.22
ORD502078,1,COD,1,3236.69
ORD502079,1,wallet,1,3500.22
ORD502080,1,COD,1,338.78
ORD502081,1,net_banking,1,3267.57
ORD502082,1,COD,7,1292.58
ORD502083,1,debit_card,1,1639.21
ORD502084,1,COD,1,2507.51
ORD502085,1,wallet,1,2746.57
ORD502086,1,debit_card,1,2049.61
ORD502087,1,COD,1,2899.37
ORD502088,1,UPI,1,2502.25
ORD502089,1,COD,1,1972.25
ORD502090,1,credit_card,1,2049.73
ORD502091,1,debit_card,1,1319.13
ORD502092,1,UPI,1,1240.67
ORD502093,1,COD,1,2238.91
ORD502094,1,COD,1,1305.48
ORD502094,2,net_banking,9,1182.33
ORD502095,1,credit_card,1,433.14
ORD502096,1,UPI,1,743.02
ORD502097,1,credit_card,1,1312.99
ORD502098,1,wallet,1,216.1
ORD502099,1,COD,1,1964.39
ORD502100,1,wallet,1,2938.73
ORD502101,1,UPI,1,1964.7
ORD502102,1,wallet,1,2840.86
ORD502103,1,wallet,3,468.6
ORD502104,1,UPI,1,2616.63
ORD502105,1,net_banking,1,1286.06
ORD502106,1,wallet,11,2622.1
ORD502107,1,wallet,1,882.47
ORD502107,2,wallet,1,267.45
ORD502108,1,net_banking,4,3842.65
ORD502109,1,wallet,1,3092.06
ORD502110,1,net_banking,1,1240.49
ORD502111,1,credit_card,1,2943.91
ORD502112,1,wallet,1,307.07
ORD502113,1,UPI,1,1317.09
ORD502114,1,COD,1,580.07
ORD502115,1,wallet,1,3851.75
ORD502116,1,credit_card,1,996.13
ORD502117,1,credit_card,1,361.34
ORD502118,1,wallet,1,3928.53
ORD502119,1,UPI,1,3239.82
ORD502119,2,debit_card,6,1930.51
ORD502120,1,debit_card,9,2573.15
ORD502120,2,credit_card,1,3354.27
ORD502121,1,net_banking,10,1828.3
ORD502122,1,UPI,1,297.41
ORD502123,1,COD,12,311.89
ORD502124,1,net_banking,1,3450.04
ORD502125,1,COD,1,1841.29
ORD502125,2,credit_card,1,3916.38
ORD502126,1,wallet,1,304.35
ORD502127,1,wallet,1,3085.74
ORD502128,1,UPI,4,3417.99
ORD502129,1,COD,1,3308.22
ORD502130,1,net_banking,1,574.02
ORD502131,1,debit_card,1,1754.6
ORD502131,2,COD,1,3206.9
ORD502132,1,wallet,1,2302.92
ORD502133,1,wallet,1,2904.0
ORD502134,1,credit_card,1,3969.92
ORD502135,1,wallet,1,537.59
ORD502136,1,COD,1,3380.89
ORD502137,1,COD,1,3028.26
ORD502137,2,debit_card,1,3028.23
ORD502138,1,UPI,1,1544.27
ORD502139,1,credit_card,1,794.79
ORD502140,1,UPI,1,3783.54
ORD502141,1,COD,1,1154.17
ORD502141,2,COD,1,776.47
ORD502142,1,net_banking,1,3036.67
ORD502142,2,credit_card,1,2205.74
ORD502143,1,wallet,1,2983.79
ORD502144,1,wallet,1,3281.4
ORD502145,1,COD,1,1461.94
ORD502146,1,COD,1,696.0
ORD502147,1,net_banking,1,3106.21
ORD502148,1,debit_card,1,3619.29
ORD502149,1,debit_card,1,1042.54
ORD502149,2,wallet,1,1701.38
ORD502150,1,COD,1,1216.52
ORD502151,1,credit_card,2,1827.84
ORD502152,1,debit_card,1,3253.46
ORD502153,1,credit_card,6,1238.72
ORD502154,1,UPI,4,371.16
ORD502155,1,debit_card,1,1119.59
ORD502156,1,debit_card,5,2003.77
ORD502157,1,UPI,1,1122.21
ORD502158,1,net_banking,1,763.13
ORD502159,1,UPI,1,2133.87
ORD502160,1,COD,8,1129.81
ORD502161,1,credit_card,3,1447.95
ORD502162,1,UPI,1,989.53
ORD502163,1,COD,1,2331.92
ORD502164,1,debit_card,1,434.07
ORD502165,1,wallet,9,3964.83
ORD502166,1,credit_card,1,1750.1
ORD502167,1,debit_card,1,3509.42
ORD502168,1,net_banking,1,3372.11
ORD502169,1,net_banking,1,3331.95
ORD502170,1,credit_card,1,588.9
ORD502171,1,debit_card,10,2918.6
ORD502172,1,net_banking,1,2039.42
ORD502173,1,wallet,1,888.05
ORD502174,1,UPI,10,3204.58
ORD502175,1,credit_card,1,2176.37
ORD502176,1,credit_card,1,1764.77
ORD502177,1,debit_card,9,1656.5
ORD502178,1,net_banking,1,2960.07
ORD502178,2,UPI,1,3865.53
ORD502179,1,COD,1,2212.09
ORD502180,1,UPI,1,3151.77
ORD502181,1,net_banking,1,2491.66
ORD502182,1,UPI,1,516.15
ORD502182,2,wallet,1,3195.72
ORD502183,1,net_banking,1,1734.17
ORD502184,1,wallet,10,1290.91
ORD502185,1,credit_card,1,1089.43
ORD502186,1,UPI,1,1806.43
ORD502187,1,debit_card,5,3866.27
ORD502188,1,UPI,5,3754.86
ORD502189,1,debit_card,9,3469.52
ORD502190,1,wallet,1,2855.92
ORD502191,1,COD,1,444.94
ORD502192,1,net_banking,1,3050.36
ORD502193,1,credit_card,1,1079.74
ORD502194,1,credit_card,1,1714.98
ORD502195,1,COD,1,1732.21
ORD502196,1,credit_card,1,2419.68
ORD502197,1,net_banking,1,1748.34
ORD502198,1,COD,1,2785.86
ORD502199,1,debit_card,1,2869.66
ORD502200,1,UPI,1,2807.8
ORD502201,1,credit_card,1,3956.11
ORD502202,1,net_banking,1,852.26
ORD502203,1,debit_card,1,3683.36
ORD502204,1,credit_card,1,2154.59
ORD502205,1,credit_card,1,2513.04
ORD502206,1,credit_card,8,225.87
ORD502207,1,COD,11,3359.03
ORD502208,1,debit_card,1,218.97
ORD502209,1,net_banking,9,1646.0
ORD502209,2,UPI,1,3970.01
ORD502210,1,wallet,1,3519.34
ORD502211,1,debit_card,1,335.07
ORD502212,1,wallet,1,361.2
ORD502212,2,debit_card,1,2532.69
ORD502213,1,COD,6,2764.05
ORD502214,1,net_banking,1,305.09
ORD502215,1,debit_card,1,1799.47
ORD502216,1,credit_card,1,3788.77
ORD502217,1,COD,1,3304.52
ORD502218,1,debit_card,1,1502.08
ORD502219,1,credit_card,1,1487.16
ORD502220,1,wallet,1,3503.67
ORD502221,1,COD,1,2221.64
ORD502221,2,net_banking,1,2402.24
ORD502222,1,wallet,1,3445.18
ORD502223,1,credit_card,1,1862.43
ORD502224,1,UPI,1,2424.43
ORD502224,2,credit_card,1,414.19
ORD502225,1,COD,1,2549.99
ORD502226,1,debit_card,1,3376.73
ORD502227,1,UPI,1,3169.51
ORD502228,1,debit_card,1,3919.13
ORD502229,1,credit_card,1,1304.7
ORD502230,1,UPI,1,1239.03
ORD502231,1,credit_card,1,1663.87
ORD502232,1,debit_card,1,294.56
ORD502233,1,UPI,1,1058.61
ORD502233,2,credit_card,1,3708.14
ORD502234,1,net_banking,1,206.18
ORD502235,1,credit_card,1,3752.81
ORD502236,1,net_banking,1,2654.67
ORD502237,1,UPI,1,522.57
ORD502238,1,wallet,1,3666.98
ORD502239,1,credit_card,1,1430.86
ORD502240,1,wallet,1,2510.82
ORD502241,1,wallet,7,1886.1
ORD502242,1,credit_card,1,2135.09
ORD502243,1,credit_card,1,1989.48
ORD502244,1,debit_card,1,3131.53
ORD502245,1,debit_card,1,3010.03
ORD502246,1,COD,1,671.44
ORD502247,1,debit_card,1,3933.74
ORD502248,1,credit_card,1,3773.0
ORD502249,1,UPI,2,1565.29
ORD502250,1,net_banking,1,3127.95
ORD502251,1,net_banking,1,3908.62
ORD502252,1,COD,1,748.98
ORD502253,1,debit_card,1,796.62
ORD502254,1,net_banking,1,2289.92
ORD502255,1,credit_card,1,847.56
ORD502256,1,debit_card,1,3219.77
ORD502257,1,COD,1,574.79
ORD502258,1,credit_card,1,2774.76
ORD502259,1,net_banking,1,1075.84
ORD502260,1,net_banking,1,2821.3
ORD502260,2,COD,1,2038.86
ORD502261,1,UPI,1,2176.54
ORD502262,1,COD,1,1058.57
ORD502263,1,net_banking,1,1027.19
ORD502264,1,debit_card,1,3985.73
ORD502265,1,credit_card,1,2537.27
ORD502266,1,debit_card,1,543.8
ORD502267,1,COD,1,2957.03
ORD502268,1,COD,1,675.7
ORD502269,1,UPI,1,1739.19
ORD502270,1,UPI,1,3490.28
ORD502271,1,net_banking,1,1454.7
ORD502272,1,COD,9,464.83
ORD502273,1,net_banking,1,1754.36
ORD502274,1,UPI,1,3127.37
ORD502275,1,wallet,1,1029.32
ORD502275,2,COD,1,3163.12
ORD502276,1,wallet,10,1025.27
ORD502277,1,UPI,1,1404.61
ORD502278,1,net_banking,1,1180.59
ORD502279,1,debit_card,1,3129.29
ORD502280,1,COD,1,3360.07
ORD502281,1,credit_card,1,1777.94
ORD502282,1,credit_card,9,1430.69
ORD502283,1,COD,1,2354.64
ORD502284,1,UPI,1,921.78
ORD502285,1,wallet,1,3472.66
ORD502286,1,credit_card,1,766.61
ORD502287,1,net_banking,1,1698.7
ORD502288,1,COD,1,1824.35
ORD502289,1,UPI,1,2725.76
ORD502290,1,debit_card,1,3512.14
ORD502291,1,UPI,1,1738.47
ORD502292,1,credit_card,10,587.1
ORD502293,1,debit_card,1,1078.29
ORD502294,1,UPI,4,2287.29
ORD502295,1,wallet,1,668.21
ORD502296,1,wallet,1,419.41
ORD502297,1,debit_card,1,3247.72
ORD502298,1,net_banking,1,3353.17
ORD502299,1,COD,1,1578.07
ORD502300,1,COD,1,2774.44
ORD502301,1,credit_card,1,2561.93
ORD502302,1,credit_card,1,1993.07
ORD502303,1,net_banking,1,3665.26
ORD502304,1,credit_card,1,2897.24
ORD502305,1,credit_card,1,299.07
ORD502306,1,UPI,4,2259.44
ORD502307,1,debit_card,1,2870.71
ORD502308,1,COD,1,2784.26
ORD502309,1,UPI,5,2976.95
ORD502309,2,debit_card,6,1903.17
ORD502310,1,UPI,1,1694.35
ORD502311,1,COD,1,2567.98
ORD502312,1,COD,1,1187.01
ORD502313,1,net_banking,1,3362.4
ORD502313,2,wallet,1,2008.15
ORD502314,1,UPI,1,1141.65
ORD502315,1,debit_card,1,930.52
ORD502316,1,debit_card,1,3587.39
ORD502317,1,credit_card,1,968.12
ORD502318,1,UPI,1,342.65
ORD502319,1,debit_card,1,3894.78
ORD502320,1,debit_card,1,2353.5
ORD502321,1,net_banking,1,1512.18
ORD502322,1,net_banking,3,3111.0
ORD502323,1,net_banking,1,3673.0
ORD502324,1,UPI,1,334.92
ORD502325,1,wallet,5,3893.59
ORD502326,1,COD,1,1197.76
ORD502326,2,debit_card,1,1159.68
ORD502327,1,wallet,1,393.8
ORD502328,1,UPI,1,1398.9
ORD502329,1,wallet,1,1190.82
ORD502330,1,debit_card,1,1167.63
ORD502331,1,debit_card,7,2923.13
ORD502332,1,net_banking,1,646.06
ORD502333,1,wallet,12,3227.01
ORD502334,1,COD,1,1369.45
ORD502335,1,wallet,1,3439.2
ORD502336,1,debit_card,1,3861.28
ORD502337,1,COD,1,3606.94
ORD502338,1,credit_card,1,791.09
ORD502339,1,COD,4,2942.37
ORD502340,1,debit_card,1,2811.87
ORD502341,1,wallet,12,1325.69
ORD502341,2,UPI,1,834.48
ORD502342,1,net_banking,1,2212.0
ORD502343,1,wallet,1,1151.21
ORD502344,1,debit_card,1,1743.72
ORD502345,1,net_banking,1,1099.92
ORD502345,2,COD,1,1660.12
ORD502346,1,UPI,1,645.45
ORD502347,1,wallet,1,3528.5
ORD502348,1,debit_card,1,646.17
ORD502349,1,UPI,1,2688.17
ORD502350,1,net_banking,7,1140.48
ORD502351,1,wallet,1,978.83
ORD502352,1,debit_card,1,1465.95
ORD502353,1,debit_card,1,207.89
ORD502354,1,net_banking,1,430.27
ORD502355,1,COD,4,1149.05
ORD502356,1,credit_card,1,3251.39
ORD502357,1,UPI,1,2427.91
ORD502358,1,net_banking,1,3702.53
ORD502358,2,UPI,1,2690.08
ORD502359,1,wallet,1,2173.7
ORD502359,2,wallet,1,3530.44
ORD502360,1,debit_card,1,2054.32
ORD502361,1,net_banking,1,3314.6
ORD502362,1,UPI,5,2687.76
ORD502363,1,UPI,1,996.75
ORD502363,2,wallet,1,1424.83
ORD502364,1,UPI,1,1236.55
ORD502365,1,wallet,1,1791.83
ORD502366,1,debit_card,1,432.91
ORD502367,1,debit_card,1,328.82
ORD502368,1,net_banking,11,2599.32
ORD502368,2,UPI,1,774.05
ORD502369,1,net_banking,1,3141.06
ORD502370,1,net_banking,1,1444.5
ORD502371,1,debit_card,1,2353.0
ORD502372,1,net_banking,1,1263.77
ORD502373,1,COD,5,3375.17
ORD502374,1,credit_card,1,3005.15
ORD502375,1,debit_card,1,1506.31
ORD502376,1,UPI,1,2117.89
ORD502377,1,UPI,1,1430.2
ORD502378,1,wallet,5,857.1
ORD502379,1,wallet,3,984.57
ORD502380,1,wallet,1,3080.24
ORD502381,1,net_banking,1,1976.61
ORD502382,1,wallet,1,3655.7
ORD502383,1,UPI,1,751.67
ORD502384,1,COD,1,2347.64
ORD502385,1,credit_card,1,640.08
ORD502386,1,debit_card,1,280.48
ORD502387,1,credit_card,1,2485.33
ORD502388,1,debit_card,1,1086.49
ORD502389,1,UPI,1,1136.35
ORD502389,2,wallet,1,2185.46
ORD502390,1,wallet,2,3280.67
ORD502391,1,debit_card,1,345.16
ORD502392,1,COD,1,2375.35
ORD502393,1,debit_card,1,259.46
ORD502394,1,wallet,1,651.76
ORD502395,1,net_banking,1,891.89
ORD502395,2,COD,8,2293.27
ORD502396,1,COD,1,2434.02
ORD502397,1,wallet,1,3949.71
ORD502398,1,net_banking,1,1285.58
ORD502399,1,UPI,2,2104.08
ORD502400,1,COD,1,2310.49
ORD502401,1,net_banking,8,1947.62
ORD502402,1,UPI,1,311.17
ORD502403,1,UPI,2,2934.68
ORD502404,1,UPI,11,641.71
ORD502405,1,debit_card,1,1339.29
ORD502406,1,wallet,1,617.92
ORD502407,1,wallet,1,973.01
ORD502408,1,debit_card,1,511.32
ORD502409,1,credit_card,7,650.68
ORD502410,1,debit_card,1,2172.77
ORD502411,1,credit_card,1,1761.86
ORD502412,1,UPI,1,1734.14
ORD502413,1,net_banking,1,2122.27
ORD502414,1,wallet,1,312.04
ORD502415,1,net_banking,1,1184.39
ORD502415,2,credit_card,1,2346.34
ORD502416,1,credit_card,1,3689.98
ORD502417,1,COD,1,1607.81
ORD502417,2,credit_card,7,2819.9
ORD502418,1,UPI,1,3956.89
ORD502419,1,wallet,5,2526.84
ORD502420,1,wallet,1,693.76
ORD502421,1,wallet,1,1048.0
ORD502422,1,wallet,1,477.11
ORD502423,1,UPI,1,2360.54
ORD502424,1,COD,1,2987.31
ORD502425,1,net_banking,1,1796.42
ORD502426,1,wallet,9,3648.52
ORD502427,1,COD,1,518.02
ORD502428,1,COD,9,2531.71
ORD502429,1,debit_card,1,841.1
ORD502430,1,debit_card,12,212.79
ORD502431,1,UPI,1,2445.94
ORD502432,1,UPI,4,2953.31
ORD502432,2,UPI,1,1083.27
ORD502433,1,debit_card,1,1479.16
ORD502434,1,debit_card,1,3535.94
ORD502435,1,credit_card,1,576.6
ORD502436,1,net_banking,1,3499.25
ORD502437,1,credit_card,1,430.59
ORD502438,1,COD,1,3993.11
ORD502439,1,UPI,1,2331.41
ORD502440,1,UPI,1,246.97
ORD502441,1,net_banking,1,3315.52
ORD502442,1,COD,1,240.97
ORD502442,2,UPI,1,2214.18
ORD502443,1,COD,1,3740.71
ORD502444,1,COD,1,3354.89
ORD502444,2,COD,1,400.86
ORD502445,1,wallet,1,2624.0
ORD502446,1,COD,1,1234.04
ORD502447,1,debit_card,1,2872.83
ORD502448,1,debit_card,1,3893.52
ORD502449,1,UPI,1,1278.98
ORD502450,1,net_banking,1,3711.86
ORD502451,1,debit_card,1,3240.98
ORD502452,1,debit_card,1,3239.81
ORD502453,1,net_banking,1,1022.42
ORD502454,1,UPI,9,2996.55
ORD502454,2,debit_card,1,2989.48
ORD502455,1,credit_card,1,3018.84
ORD502456,1,COD,1,792.62
ORD502457,1,net_banking,1,337.78
ORD502458,1,credit_card,1,2641.0
ORD502459,1,debit_card,1,3371.06
ORD502459,2,wallet,4,1778.46
ORD502460,1,credit_card,1,2446.76
ORD502461,1,UPI,1,3615.85
ORD502462,1,wallet,1,2907.46
ORD502463,1,wallet,1,1351.24
ORD502464,1,wallet,1,2464.15
ORD502465,1,UPI,5,2155.97
ORD502466,1,credit_card,1,677.76
ORD502467,1,credit_card,1,552.07
ORD502467,2,net_banking,1,2698.5
ORD502468,1,debit_card,1,3301.01
ORD502468,2,COD,1,3099.72
ORD502469,1,net_banking,1,2183.24
ORD502470,1,wallet,1,2172.63
ORD502471,1,credit_card,1,2455.77
ORD502472,1,wallet,1,833.02
ORD502473,1,UPI,1,2230.09
ORD502474,1,UPI,1,1739.34
ORD502475,1,net_banking,1,548.96
ORD502476,1,credit_card,1,1855.09
ORD502477,1,wallet,1,911.22
ORD502478,1,debit_card,1,2726.56
ORD502479,1,net_banking,1,864.73
ORD502480,1,wallet,1,3519.86
ORD502481,1,net_banking,3,1626.87
ORD502481,2,credit_card,1,746.02
ORD502482,1,debit_card,1,3958.0
ORD502483,1,credit_card,1,883.6
ORD502484,1,wallet,1,1180.81
ORD502484,2,net_banking,1,875.08
ORD502485,1,net_banking,1,3330.56
ORD502486,1,debit_card,1,475.17
ORD502487,1,UPI,1,3576.77
ORD502488,1,net_banking,1,311.04
ORD502489,1,net_banking,10,1182.1
ORD502490,1,net_banking,1,2613.44
ORD502491,1,UPI,1,3966.44
ORD502491,2,COD,5,224.43
ORD502492,1,debit_card,11,3879.27
ORD502493,1,net_banking,11,1011.37
ORD502494,1,UPI,1,1923.93
ORD502494,2,COD,1,2634.25
ORD502495,1,UPI,1,1819.91
ORD502496,1,credit_card,1,971.83
ORD502497,1,debit_card,1,1941.08
ORD502498,1,wallet,1,3918.92
ORD502499,1,net_banking,1,2092.53
ORD502500,1,credit_card,1,2294.24
ORD502501,1,credit_card,6,2233.67
ORD502502,1,UPI,12,1914.0
ORD502503,1,credit_card,1,2118.12
ORD502504,1,COD,1,431.9
ORD502505,1,net_banking,1,1964.54
ORD502506,1,wallet,1,2122.03
ORD502507,1,wallet,1,2028.41
ORD502508,1,net_banking,1,815.78
ORD502509,1,wallet,1,1238.75
ORD502510,1,debit_card,1,1078.6
ORD502511,1,wallet,1,1461.8
ORD502512,1,UPI,1,2916.69
ORD502513,1,credit_card,1,3317.04
ORD502514,1,UPI,1,1950.27
ORD502515,1,net_banking,1,1313.69
ORD502516,1,credit_card,1,1663.73
ORD502517,1,wallet,1,3712.33
ORD502518,1,UPI,1,590.99
ORD502519,1,net_banking,1,2731.18
ORD502520,1,debit_card,1,3506.45
ORD502521,1,credit_card,1,3101.88
ORD502522,1,wallet,1,2322.41
ORD502523,1,wallet,1,2614.98
ORD502524,1,net_banking,7,2910.3
ORD502525,1,COD,1,1024.25
ORD502526,1,UPI,1,3618.79
ORD502526,2,credit_card,12,838.41
ORD502527,1,debit_card,1,869.25
ORD502528,1,COD,11,740.79
ORD502529,1,credit_card,7,1147.61
ORD502530,1,COD,1,3920.14
ORD502531,1,credit_card,1,1988.3
ORD502532,1,debit_card,1,3970.18
ORD502533,1,wallet,1,2888.33
ORD502534,1,wallet,1,2599.77
ORD502535,1,net_banking,6,3547.04
ORD502536,1,COD,1,1380.94
ORD502537,1,net_banking,1,1784.04
ORD502538,1,COD,1,1552.95
ORD502539,1,debit_card,6,2479.4
ORD502540,1,net_banking,1,805.78
ORD502540,2,debit_card,1,507.58
ORD502541,1,debit_card,1,1071.62
ORD502542,1,net_banking,1,3825.19
ORD502543,1,UPI,1,459.61
ORD502544,1,net_banking,6,2884.91
ORD502545,1,UPI,1,2774.5
ORD502546,1,UPI,1,3379.16
ORD502547,1,net_banking,1,3687.86
ORD502548,1,debit_card,1,3454.4
ORD502549,1,UPI,1,1138.75
ORD502550,1,UPI,1,1306.74
ORD502551,1,credit_card,1,2534.34
ORD502552,1,COD,1,3993.35
ORD502553,1,net_banking,1,1113.79
ORD502553,2,net_banking,1,3276.45
ORD502554,1,UPI,7,272.6
ORD502554,2,debit_card,12,1407.05
ORD502555,1,COD,1,1218.28
ORD502556,1,debit_card,3,432.67
ORD502557,1,wallet,1,1998.1
ORD502558,1,credit_card,1,291.16
ORD502559,1,COD,1,1898.54
ORD502560,1,UPI,1,3140.87
ORD502561,1,debit_card,3,3679.71
ORD502562,1,debit_card,1,3777.57
ORD502563,1,wallet,1,2962.32
ORD502564,1,debit_card,1,2230.52
ORD502565,1,net_banking,1,1076.05
ORD502566,1,debit_card,1,3563.26
ORD502567,1,debit_card,1,2425.34
ORD502568,1,UPI,1,2710.53
ORD502569,1,debit_card,1,2731.5
ORD502569,2,COD,1,854.81
ORD502570,1,wallet,1,774.11
ORD502571,1,debit_card,6,3657.91
ORD502572,1,debit_card,1,2805.84
ORD502573,1,COD,1,1513.0
ORD502574,1,credit_card,1,1812.33
ORD502575,1,credit_card,1,1002.34
ORD502576,1,net_banking,1,1101.76
ORD502577,1,UPI,1,3228.75
ORD502577,2,wallet,1,3236.98
ORD502578,1,wallet,4,2067.36
ORD502579,1,credit_card,1,842.34
ORD502580,1,COD,3,2544.3
ORD502581,1,wallet,1,2699.89
ORD502582,1,credit_card,1,3049.97
ORD502583,1,wallet,1,325.8
ORD502584,1,UPI,1,242.85
ORD502585,1,UPI,1,3218.04
ORD502586,1,net_banking,1,3570.7
ORD502587,1,COD,12,1996.15
ORD502588,1,credit_card,1,2597.7
ORD502589,1,UPI,1,1355.09
ORD502589,2,credit_card,1,1086.97
ORD502590,1,UPI,1,288.42
ORD502590,2,COD,1,1738.73
ORD502591,1,UPI,1,455.0
ORD502591,2,credit_card,1,848.6
ORD502592,1,COD,2,510.73
ORD502593,1,UPI,6,3236.49
ORD502594,1,debit_card,1,1185.9
ORD502595,1,net_banking,1,1213.45
ORD502596,1,UPI,11,582.54
ORD502597,1,COD,1,1483.01
ORD502598,1,UPI,1,2587.5
ORD502599,1,COD,1,819.81
ORD502600,1,debit_card,1,3036.35
ORD502601,1,debit_card,1,594.94
ORD502602,1,debit_card,1,2019.63
ORD502603,1,wallet,1,1731.69
ORD502604,1,wallet,8,1287.93
ORD502604,2,COD,1,1280.35
ORD502605,1,debit_card,1,2389.63
ORD502606,1,credit_card,1,3957.98
ORD502607,1,credit_card,1,591.96
ORD502607,2,wallet,1,2691.7
ORD502608,1,wallet,1,2992.57
ORD502609,1,debit_card,1,859.3
ORD502610,1,net_banking,11,2499.47
ORD502611,1,net_banking,1,1743.58
ORD502612,1,COD,7,3357.17
ORD502613,1,net_banking,1,2700.32
ORD502614,1,UPI,4,3987.64
ORD502615,1,COD,1,3434.89
ORD502616,1,wallet,1,2907.71
ORD502617,1,COD,1,3480.62
ORD502618,1,wallet,1,1294.98
ORD502619,1,credit_card,1,1323.4
ORD502620,1,COD,1,1240.5
ORD502621,1,UPI,1,432.95
ORD502622,1,COD,1,494.93
ORD502623,1,net_banking,1,1737.95
ORD502624,1,debit_card,1,1937.17
ORD502625,1,credit_card,1,2540.56
ORD502626,1,COD,1,476.69
ORD502627,1,wallet,1,1106.31
ORD502628,1,debit_card,4,726.2
ORD502629,1,COD,1,1312.93
ORD502630,1,COD,1,1595.45
ORD502631,1,UPI,1,775.87
ORD502632,1,debit_card,1,3654.55
ORD502633,1,wallet,1,1375.02
ORD502634,1,COD,1,1207.88
ORD502635,1,net_banking,1,452.67
ORD502636,1,UPI,1,1441.94
ORD502637,1,credit_card,1,3966.27
ORD502638,1,COD,1,1381.63
ORD502639,1,net_banking,1,3385.57
ORD502640,1,credit_card,1,710.48
ORD502641,1,COD,1,1950.18
ORD502641,2,wallet,8,355.82
ORD502642,1,wallet,1,3710.98
ORD502643,1,UPI,8,3703.78
ORD502644,1,credit_card,1,1524.14
ORD502645,1,credit_card,1,1401.61
ORD502646,1,COD,1,1522.36
ORD502647,1,UPI,10,2239.88
ORD502648,1,COD,1,1131.61
ORD502649,1,wallet,3,1808.37
ORD502650,1,COD,1,513.97
ORD502651,1,net_banking,1,3418.69
ORD502652,1,debit_card,1,3768.07
ORD502653,1,debit_card,12,3794.28
ORD502653,2,net_banking,2,2173.99
ORD502654,1,UPI,5,593.01
ORD502655,1,wallet,1,3436.05
ORD502656,1,COD,1,549.59
ORD502657,1,debit_card,1,735.9
ORD502658,1,net_banking,1,2954.65
ORD502659,1,UPI,1,2360.91
ORD502659,2,net_banking,1,2428.2
ORD502660,1,UPI,1,3517.19
ORD502661,1,UPI,1,1293.25
ORD502662,1,net_banking,1,1707.9
ORD502662,2,net_banking,1,3894.14
ORD502663,1,credit_card,1,1089.11
ORD502664,1,debit_card,1,3773.4
ORD502665,1,wallet,10,3742.9
ORD502666,1,UPI,1,327.46
ORD502666,2,UPI,1,2993.11
ORD502667,1,UPI,9,1164.54
ORD502667,2,net_banking,1,1988.91
ORD502668,1,credit_card,1,767.69
ORD502669,1,credit_card,1,3854.5
ORD502670,1,COD,1,3028.48
ORD502671,1,debit_card,1,861.58
ORD502672,1,net_banking,1,2570.45
ORD502673,1,net_banking,1,3627.99
ORD502674,1,debit_card,1,2094.79
ORD502675,1,debit_card,1,1775.85
ORD502676,1,net_banking,1,1955.28
ORD502677,1,COD,1,1662.11
ORD502678,1,COD,1,816.0
ORD502679,1,COD,1,3768.8
ORD502680,1,COD,1,1575.29
ORD502681,1,credit_card,6,1709.01
ORD502682,1,debit_card,1,1227.8
ORD502683,1,COD,8,2148.19
ORD502683,2,debit_card,9,2593.06
ORD502684,1,debit_card,1,1250.56
ORD502685,1,UPI,9,1275.71
ORD502686,1,debit_card,1,3642.43
ORD502687,1,debit_card,9,3881.69
ORD502688,1,UPI,1,1388.95
ORD502688,2,credit_card,1,973.8
ORD502689,1,UPI,1,824.0
ORD502690,1,net_banking,1,1853.18
ORD502691,1,credit_card,11,3098.04
ORD502692,1,COD,1,1654.52
ORD502693,1,COD,12,3739.75
ORD502694,1,wallet,1,3641.63
ORD502695,1,credit_card,1,1321.92
ORD502696,1,UPI,1,3977.89
ORD502697,1,wallet,1,2157.94
ORD502698,1,net_banking,1,1489.15
ORD502699,1,credit_card,1,2668.98
ORD502700,1,COD,1,3073.78
ORD502701,1,wallet,1,2008.16
ORD502702,1,wallet,1,2257.4
ORD502703,1,debit_card,1,374.73
ORD502704,1,net_banking,1,2868.34
ORD502705,1,wallet,1,872.21
ORD502706,1,debit_card,1,867.36
ORD502707,1,wallet,1,3254.36
ORD502708,1,credit_card,5,3676.65
ORD502708,2,credit_card,1,3676.13
ORD502709,1,debit_card,4,3148.36
ORD502710,1,COD,7,3642.69
ORD502711,1,wallet,4,2549.0
ORD502712,1,credit_card,1,2729.45
ORD502713,1,wallet,1,899.6
ORD502714,1,COD,1,2541.82
ORD502715,1,net_banking,1,2627.99
ORD502716,1,COD,1,1716.22
ORD502717,1,net_banking,1,1811.66
ORD502718,1,UPI,6,3996.14
ORD502718,2,COD,1,2107.15
ORD502719,1,UPI,1,2709.69
ORD502720,1,UPI,1,2307.18
ORD502721,1,debit_card,1,1875.91
ORD502722,1,wallet,1,2501.54
ORD502723,1,credit_card,1,2821.32
ORD502724,1,COD,9,1189.05
ORD502725,1,COD,1,2275.36
ORD502725,2,COD,1,2986.69
ORD502726,1,debit_card,1,2047.78
ORD502727,1,COD,1,681.02
ORD502728,1,debit_card,1,331.74
ORD502729,1,debit_card,1,370.29
ORD502730,1,wallet,1,500.94
ORD502731,1,net_banking,1,3324.36
ORD502732,1,net_banking,1,2810.26
ORD502733,1,credit_card,1,2964.13
ORD502734,1,COD,1,495.92
ORD502735,1,wallet,1,1662.68
ORD502736,1,COD,1,3454.57
ORD502737,1,wallet,1,2100.68
ORD502738,1,debit_card,11,949.39
ORD502739,1,wallet,1,982.33
ORD502740,1,credit_card,1,1317.11
ORD502741,1,credit_card,1,3942.29
ORD502742,1,net_banking,1,2229.91
ORD502743,1,wallet,1,2999.96
ORD502744,1,UPI,1,3894.32
ORD502745,1,credit_card,1,2720.32
ORD502746,1,COD,1,2143.87
ORD502747,1,UPI,5,691.6
ORD502747,2,debit_card,1,3980.62
ORD502748,1,UPI,1,1124.02
ORD502748,2,net_banking,1,1266.37
ORD502749,1,COD,1,1236.34
ORD502750,1,UPI,1,3045.81
ORD502751,1,net_banking,1,1029.67
ORD502752,1,COD,1,3462.17
ORD502753,1,net_banking,3,2620.58
ORD502754,1,UPI,1,1664.47
ORD502755,1,credit_card,11,2058.05
ORD502756,1,debit_card,1,1302.45
ORD502757,1,debit_card,1,2734.0
ORD502758,1,UPI,1,1735.3
ORD502758,2,net_banking,1,1338.4
ORD502759,1,wallet,1,3988.62
ORD502760,1,wallet,2,1573.09
ORD502761,1,debit_card,1,700.36
ORD502762,1,UPI,1,1411.51
ORD502762,2,wallet,1,3419.14
ORD502763,1,credit_card,1,1197.76
ORD502764,1,credit_card,2,1198.41
ORD502765,1,net_banking,1,1894.97
ORD502766,1,debit_card,1,3642.65
ORD502767,1,UPI,1,2495.72
ORD502768,1,wallet,1,931.55
ORD502769,1,wallet,1,1288.08
ORD502769,2,wallet,1,2297.82
ORD502770,1,UPI,1,3448.54
ORD502770,2,wallet,1,941.09
ORD502771,1,debit_card,1,1328.39
ORD502772,1,debit_card,1,1718.91
ORD502773,1,COD,1,3405.32
ORD502774,1,UPI,1,348.91
ORD502775,1,wallet,1,1724.69
ORD502776,1,net_banking,1,773.13
ORD502777,1,COD,1,1845.3
ORD502778,1,net_banking,1,2181.12
ORD502779,1,credit_card,1,3319.02
ORD502780,1,COD,5,3545.81
ORD502781,1,UPI,1,2091.3
ORD502782,1,debit_card,1,795.55
ORD502782,2,UPI,4,2540.18
ORD502783,1,debit_card,1,535.56
ORD502784,1,UPI,2,2054.96
ORD502785,1,UPI,1,3750.65
ORD502786,1,credit_card,1,3170.55
ORD502786,2,debit_card,4,3213.04
ORD502787,1,credit_card,1,3533.58
ORD502787,2,wallet,8,264.3
ORD502788,1,wallet,1,2242.37
ORD502789,1,net_banking,1,3492.82
ORD502790,1,COD,1,3173.69
ORD502791,1,credit_card,1,2469.79
ORD502792,1,COD,1,2933.22
ORD502793,1,wallet,1,817.57
ORD502794,1,credit_card,1,2212.23
ORD502795,1,credit_card,1,1204.36
ORD502796,1,UPI,1,3465.22
ORD502797,1,UPI,1,3016.44
ORD502798,1,UPI,1,3200.82
ORD502799,1,net_banking,1,1999.46
ORD502800,1,credit_card,3,1318.97
ORD502801,1,COD,1,384.91
ORD502802,1,UPI,1,1642.24
ORD502803,1,UPI,2,1672.89
ORD502803,2,debit_card,1,387.08
ORD502804,1,net_banking,1,3269.48
ORD502805,1,COD,9,2011.84
ORD502806,1,COD,1,581.92
ORD502807,1,wallet,1,2608.55
ORD502808,1,credit_card,1,3261.79
ORD502809,1,COD,1,3139.7
ORD502809,2,COD,1,3527.03
ORD502810,1,wallet,1,1773.17
ORD502811,1,COD,1,2208.1
ORD502812,1,COD,1,3335.57
ORD502813,1,COD,1,2472.12
ORD502813,2,net_banking,1,2853.85
ORD502814,1,COD,1,1236.38
ORD502815,1,UPI,10,2207.21
ORD502816,1,credit_card,1,1739.86
ORD502817,1,COD,1,786.06
ORD502818,1,net_banking,1,3927.4
ORD502819,1,wallet,1,1504.32
ORD502820,1,COD,1,3491.68
ORD502821,1,debit_card,1,2310.03
ORD502822,1,debit_card,4,203.95
ORD502823,1,debit_card,10,2236.84
ORD502823,2,net_banking,1,2062.8
ORD502824,1,net_banking,1,3365.05
ORD502825,1,UPI,1,3281.61
ORD502826,1,COD,1,1738.1
ORD502827,1,wallet,1,1570.17
ORD502828,1,net_banking,1,3191.56
ORD502829,1,credit_card,1,3810.53
ORD502830,1,credit_card,1,3952.91
ORD502831,1,UPI,1,2158.22
ORD502831,2,UPI,1,1270.67
ORD502832,1,net_banking,1,3900.69
ORD502833,1,wallet,1,448.4
ORD502834,1,net_banking,1,2855.07
ORD502835,1,debit_card,1,3608.61
ORD502836,1,UPI,1,1910.41
ORD502837,1,credit_card,1,1195.54
ORD502838,1,COD,1,199.08
ORD502839,1,net_banking,1,1377.24
ORD502840,1,UPI,1,3959.32
ORD502841,1,UPI,1,3144.92
ORD502842,1,credit_card,10,385.01
ORD502843,1,net_banking,3,2829.07
ORD502844,1,wallet,1,846.21
ORD502845,1,credit_card,1,3742.65
ORD502846,1,UPI,1,2911.16
ORD502847,1,COD,1,1766.06
ORD502848,1,wallet,1,1384.93
ORD502849,1,net_banking,1,2109.51
ORD502850,1,net_banking,9,3823.11
ORD502851,1,COD,1,1971.11
ORD502852,1,wallet,1,942.74
ORD502853,1,debit_card,1,1021.43
ORD502854,1,UPI,1,625.94
ORD502855,1,UPI,5,2099.66
ORD502856,1,credit_card,1,3445.91
ORD502857,1,credit_card,1,1045.18
ORD502858,1,debit_card,9,2490.68
ORD502859,1,wallet,1,2799.75
ORD502860,1,UPI,1,2794.62
ORD502860,2,COD,1,3758.89
ORD502861,1,debit_card,1,3722.98
ORD502862,1,credit_card,1,3052.45
ORD502863,1,credit_card,1,2975.04
ORD502864,1,credit_card,11,3339.67
ORD502865,1,debit_card,4,1274.9
ORD502866,1,net_banking,1,944.57
ORD502867,1,COD,1,458.43
ORD502868,1,debit_card,8,2472.93
ORD502869,1,UPI,11,1862.66
ORD502870,1,wallet,1,3424.19
ORD502871,1,UPI,1,256.97
ORD502871,2,credit_card,1,964.88
ORD502872,1,COD,1,2172.0
ORD502873,1,COD,1,3363.23
ORD502874,1,COD,1,1347.63
ORD502875,1,COD,1,3910.23
ORD502876,1,debit_card,8,2668.44
ORD502877,1,UPI,1,1917.81
ORD502878,1,UPI,1,1174.3
ORD502879,1,wallet,1,302.36
ORD502880,1,net_banking,1,3565.35
ORD502881,1,debit_card,1,3886.91
ORD502882,1,UPI,1,3070.18
ORD502883,1,debit_card,1,2435.37
ORD502884,1,UPI,1,2274.65
ORD502885,1,net_banking,1,2150.13
ORD502886,1,wallet,1,3075.22
ORD502887,1,UPI,9,3748.52
ORD502888,1,wallet,1,1874.06
ORD502889,1,credit_card,1,3439.33
ORD502890,1,credit_card,1,3267.7
ORD502891,1,debit_card,1,2493.97
ORD502892,1,credit_card,1,1968.6
ORD502893,1,credit_card,1,1655.45
ORD502894,1,COD,1,3931.21
ORD502895,1,debit_card,1,1586.0
ORD502896,1,COD,1,2359.65
ORD502897,1,UPI,1,3458.1
ORD502898,1,UPI,1,964.97
ORD502899,1,debit_card,1,3503.98
ORD502899,2,UPI,1,2352.75
ORD502900,1,wallet,1,3248.71
ORD502901,1,net_banking,2,1936.09
ORD502902,1,net_banking,7,2375.1
ORD502903,1,COD,1,2126.34
ORD502904,1,COD,1,2846.2
ORD502905,1,wallet,1,1851.9
ORD502906,1,UPI,1,3908.98
ORD502907,1,wallet,1,2395.08
ORD502908,1,debit_card,1,977.1
ORD502908,2,UPI,12,1820.02
ORD502909,1,credit_card,1,3732.21
ORD502910,1,UPI,2,3111.42
ORD502911,1,credit_card,1,3276.29
ORD502912,1,debit_card,1,3065.73
ORD502913,1,debit_card,1,1524.35
ORD502913,2,net_banking,1,2197.5
ORD502914,1,wallet,1,3317.44
ORD502915,1,UPI,1,3130.6
ORD502915,2,credit_card,1,1342.24
ORD502916,1,net_banking,1,3379.54
ORD502917,1,UPI,1,1148.0
ORD502917,2,credit_card,10,2292.64
ORD502918,1,wallet,1,1453.34
ORD502918,2,debit_card,1,1295.68
ORD502919,1,UPI,2,2899.91
ORD502920,1,credit_card,1,3582.91
ORD502921,1,credit_card,1,2711.96
ORD502922,1,wallet,1,3777.79
ORD502923,1,credit_card,4,3462.31
ORD502924,1,net_banking,1,3141.49
ORD502925,1,COD,1,1756.84
ORD502926,1,wallet,3,2914.85
ORD502927,1,credit_card,1,683.13
ORD502928,1,wallet,1,2611.77
ORD502929,1,debit_card,1,1953.09
ORD502930,1,credit_card,1,1497.51
ORD502931,1,COD,1,3772.17
ORD502932,1,UPI,1,2047.01
ORD502933,1,credit_card,1,2324.95
ORD502934,1,COD,1,1799.56
ORD502935,1,UPI,1,2868.62
ORD502936,1,credit_card,1,3471.9
ORD502937,1,debit_card,1,621.04
ORD502938,1,UPI,1,2913.05
ORD502939,1,debit_card,1,1758.08
ORD502939,2,net_banking,1,3836.02
ORD502940,1,net_banking,12,3365.62
ORD502941,1,credit_card,1,3875.2
ORD502942,1,COD,1,3825.41
ORD502943,1,wallet,1,2889.62
ORD502943,2,credit_card,1,1166.57
ORD502944,1,credit_card,1,2992.61
ORD502945,1,UPI,1,1144.85
ORD502946,1,COD,1,1467.1
ORD502946,2,UPI,1,1339.17
ORD502947,1,COD,1,3134.71
ORD502948,1,net_banking,1,3416.71
ORD502949,1,net_banking,1,3080.9
ORD502950,1,debit_card,1,286.71
ORD502951,1,UPI,1,2953.32
ORD502952,1,COD,1,610.27
ORD502953,1,COD,1,584.44
ORD502954,1,credit_card,1,906.56
ORD502955,1,COD,1,285.63
ORD502956,1,credit_card,4,346.05
ORD502957,1,debit_card,1,1649.62
ORD502957,2,debit_card,1,449.4
ORD502958,1,UPI,1,1028.43
ORD502959,1,debit_card,1,3825.06
ORD502960,1,debit_card,1,1175.0
ORD502961,1,credit_card,12,2680.99
ORD502962,1,UPI,1,3368.73
ORD502963,1,COD,1,293.55
ORD502964,1,credit_card,1,2971.62
ORD502965,1,net_banking,1,372.56
ORD502966,1,net_banking,1,1567.01
ORD502967,1,net_banking,1,1324.78
ORD502967,2,credit_card,1,3325.75
ORD502968,1,credit_card,1,1217.49
ORD502969,1,wallet,1,1810.31
ORD502970,1,UPI,1,1214.96
ORD502971,1,net_banking,1,3882.45
ORD502972,1,COD,1,3602.66
ORD502973,1,UPI,9,2363.95
ORD502974,1,credit_card,1,824.41
ORD502975,1,credit_card,6,1611.76
ORD502976,1,credit_card,1,2820.33
ORD502976,2,UPI,8,458.96
ORD502977,1,UPI,1,2907.03
ORD502978,1,wallet,1,1357.86
ORD502979,1,wallet,1,2480.77
ORD502980,1,COD,1,2244.28
ORD502981,1,UPI,1,3341.32
ORD502982,1,debit_card,1,468.84
ORD502982,2,COD,1,3861.33
ORD502983,1,UPI,1,3102.15
ORD502984,1,credit_card,11,1543.32
ORD502985,1,UPI,1,3056.83
ORD502986,1,UPI,1,1371.24
ORD502987,1,COD,1,2150.04
ORD502988,1,wallet,1,1791.4
ORD502989,1,UPI,1,3025.86
ORD502990,1,wallet,1,456.92
ORD502991,1,UPI,1,2686.14
ORD502992,1,debit_card,1,2108.38
ORD502993,1,credit_card,1,1478.08
ORD502994,1,credit_card,1,3050.56
ORD502995,1,net_banking,1,2204.15
ORD502995,2,wallet,1,2036.53
ORD502996,1,wallet,1,2635.13
ORD502997,1,UPI,1,966.24
ORD502998,1,wallet,1,1801.84
ORD502999,1,net_banking,7,2004.98
ORD503000,1,UPI,4,1117.61
ORD503001,1,credit_card,1,229.25
ORD503002,1,net_banking,1,3111.38
ORD503003,1,net_banking,1,3304.98
ORD503004,1,debit_card,1,1413.57
ORD503005,1,credit_card,1,3033.92
ORD503005,2,COD,6,2110.24
ORD503006,1,net_banking,1,3021.52
ORD503007,1,wallet,1,2346.66
ORD503008,1,credit_card,1,1281.01
ORD503009,1,debit_card,1,1686.65
ORD503010,1,COD,1,1440.59
ORD503010,2,COD,2,3932.78
ORD503011,1,net_banking,1,3419.77
ORD503012,1,net_banking,1,3405.87
ORD503013,1,wallet,1,557.41
ORD503014,1,COD,1,259.8
ORD503014,2,UPI,12,588.04
ORD503015,1,UPI,1,2373.7
ORD503016,1,debit_card,1,1873.95
ORD503017,1,wallet,1,1955.1
ORD503018,1,COD,1,535.84
ORD503019,1,wallet,1,935.6
ORD503020,1,credit_card,3,3037.77
ORD503021,1,net_banking,1,503.77
ORD503022,1,credit_card,5,2464.84
ORD503023,1,net_banking,1,728.63
ORD503024,1,credit_card,1,661.76
ORD503024,2,debit_card,1,3176.08
ORD503025,1,net_banking,12,1015.56
ORD503026,1,credit_card,1,3018.2
ORD503027,1,net_banking,2,800.35
ORD503028,1,credit_card,1,2595.44
ORD503029,1,credit_card,1,3027.47
ORD503030,1,COD,1,3814.53
ORD503031,1,credit_card,1,3053.82
ORD503032,1,debit_card,1,2981.93
ORD503033,1,UPI,1,3435.52
ORD503034,1,credit_card,7,1377.67
ORD503035,1,net_banking,1,3035.65
ORD503035,2,credit_card,9,3243.3
ORD503036,1,net_banking,10,361.61
ORD503037,1,debit_card,1,261.18
ORD503038,1,net_banking,1,1262.9
ORD503039,1,UPI,10,2603.59
ORD503039,2,UPI,1,3385.39
ORD503040,1,debit_card,12,954.62
ORD503040,2,wallet,1,1175.05
ORD503041,1,credit_card,1,2012.75
ORD503042,1,credit_card,1,2003.49
ORD503043,1,credit_card,1,2087.26
ORD503044,1,COD,2,780.12
ORD503045,1,UPI,1,1394.56
ORD503046,1,COD,8,2282.24
ORD503046,2,UPI,5,1572.65
ORD503047,1,credit_card,1,2628.27
ORD503048,1,debit_card,1,1904.41
ORD503049,1,UPI,1,3276.5
ORD503049,2,net_banking,1,1553.26
ORD503050,1,COD,1,2803.63
ORD503051,1,credit_card,1,494.82
ORD503052,1,COD,4,3543.92
ORD503052,2,wallet,7,1115.79
ORD503053,1,credit_card,1,2543.77
ORD503054,1,net_banking,1,1257.16
ORD503055,1,UPI,1,3077.51
ORD503056,1,UPI,1,749.04
ORD503056,2,COD,1,672.59
ORD503057,1,net_banking,1,3453.9
ORD503058,1,UPI,8,2785.47
ORD503059,1,credit_card,1,869.58
ORD503060,1,COD,1,1602.02
ORD503061,1,COD,1,3271.69
ORD503062,1,COD,8,498.4
ORD503063,1,debit_card,1,1611.06
ORD503064,1,UPI,1,657.07
ORD503065,1,credit_card,1,2341.05
ORD503066,1,net_banking,1,2099.32
ORD503067,1,credit_card,1,312.25
ORD503068,1,debit_card,1,3858.35
ORD503069,1,wallet,1,2524.18
ORD503070,1,debit_card,1,473.72
ORD503071,1,debit_card,1,2904.99
ORD503072,1,net_banking,1,1082.13
ORD503073,1,COD,1,989.0
ORD503074,1,UPI,1,1962.04
ORD503075,1,credit_card,1,1623.79
ORD503076,1,debit_card,1,505.02
ORD503077,1,credit_card,1,1209.49
ORD503078,1,COD,1,799.83
ORD503079,1,wallet,1,2567.86
ORD503080,1,debit_card,1,1144.21
ORD503081,1,COD,1,288.31
ORD503082,1,credit_card,1,1303.1
ORD503083,1,credit_card,1,808.83
ORD503084,1,wallet,1,1165.25
ORD503084,2,COD,6,3608.33
ORD503085,1,UPI,3,2000.67
ORD503086,1,UPI,2,576.55
ORD503087,1,debit_card,1,1514.8
ORD503088,1,COD,1,1108.15
ORD503089,1,credit_card,1,3958.85
ORD503090,1,net_banking,1,722.71
ORD503091,1,COD,1,3237.28
ORD503091,2,wallet,1,3991.07
ORD503092,1,credit_card,1,913.84
ORD503093,1,debit_card,1,3369.31
ORD503094,1,credit_card,1,2065.78
ORD503095,1,wallet,1,1440.04
ORD503096,1,COD,1,2017.38
ORD503097,1,net_banking,1,446.1
ORD503097,2,debit_card,1,1233.19
ORD503098,1,wallet,8,1391.28
ORD503099,1,credit_card,1,3019.48
ORD503100,1,wallet,1,2465.18
ORD503101,1,net_banking,3,665.56
ORD503102,1,UPI,1,1459.2
ORD503103,1,debit_card,1,3487.56
ORD503104,1,wallet,1,1959.99
ORD503105,1,wallet,4,1742.3
ORD503106,1,credit_card,1,2623.91
ORD503107,1,COD,1,3012.99
ORD503108,1,UPI,1,2942.87
ORD503109,1,debit_card,5,583.42
ORD503110,1,debit_card,1,2463.31
ORD503111,1,credit_card,1,3611.36
ORD503112,1,net_banking,1,2302.4
ORD503113,1,credit_card,1,2350.25
ORD503114,1,COD,1,3918.56
ORD503115,1,COD,10,3613.43
ORD503116,1,COD,7,1900.93
ORD503117,1,debit_card,1,3221.69
ORD503118,1,net_banking,1,2097.36
ORD503119,1,UPI,1,1945.81
ORD503120,1,wallet,1,2848.42
ORD503121,1,COD,1,942.07
ORD503122,1,COD,1,2507.31
ORD503123,1,UPI,1,2617.17
ORD503124,1,credit_card,7,287.82
ORD503125,1,debit_card,5,3976.88
ORD503126,1,wallet,10,1680.6
ORD503127,1,net_banking,1,3395.19
ORD503128,1,net_banking,1,1068.46
ORD503129,1,debit_card,1,881.86
ORD503130,1,wallet,1,865.61
ORD503131,1,COD,1,3166.06
ORD503132,1,UPI,1,2344.9
ORD503133,1,UPI,6,3033.06
ORD503134,1,debit_card,1,2281.49
ORD503135,1,wallet,1,2784.65
ORD503136,1,debit_card,1,2972.23
ORD503137,1,UPI,1,3580.99
ORD503138,1,net_banking,1,224.25
ORD503139,1,wallet,1,3330.09
ORD503139,2,UPI,1,1686.82
ORD503140,1,wallet,12,1808.2
ORD503141,1,UPI,1,1744.39
ORD503142,1,COD,4,391.27
ORD503143,1,UPI,1,1510.62
ORD503144,1,UPI,1,2932.46
ORD503145,1,credit_card,1,3878.16
ORD503146,1,wallet,2,2492.91
ORD503147,1,COD,1,1432.17
ORD503148,1,UPI,1,1450.1
ORD503148,2,COD,8,288.09
ORD503149,1,COD,1,352.89
ORD503150,1,COD,1,2469.26
ORD503151,1,debit_card,1,3134.11
ORD503152,1,COD,1,3339.2
ORD503153,1,net_banking,1,1953.61
ORD503154,1,UPI,1,965.87
ORD503155,1,debit_card,1,2510.05
ORD503156,1,debit_card,1,205.11
ORD503157,1,COD,1,1385.96
ORD503158,1,net_banking,6,2280.34
ORD503159,1,debit_card,1,3408.06
ORD503159,2,credit_card,1,3424.49
ORD503160,1,debit_card,1,2102.07
ORD503161,1,wallet,1,1039.35
ORD503162,1,wallet,2,3204.39
ORD503163,1,COD,1,2304.55
ORD503164,1,net_banking,1,1406.85
ORD503165,1,COD,1,2988.95
ORD503166,1,net_banking,1,3038.99
ORD503167,1,debit_card,1,561.53
ORD503168,1,debit_card,1,3640.55
ORD503169,1,UPI,11,2525.87
ORD503169,2,net_banking,1,1990.13
ORD503170,1,debit_card,1,1517.5
ORD503171,1,debit_card,1,1785.47
ORD503172,1,credit_card,1,3681.6
ORD503173,1,COD,1,778.14
ORD503174,1,net_banking,1,3407.84
ORD503175,1,COD,1,2695.52
ORD503176,1,wallet,1,935.51
ORD503177,1,COD,1,2113.66
ORD503178,1,wallet,1,3651.21
ORD503179,1,debit_card,1,825.38
ORD503180,1,wallet,1,3368.44
ORD503181,1,debit_card,1,1157.63
ORD503182,1,UPI,1,3604.25
ORD503183,1,wallet,9,1478.2
ORD503184,1,credit_card,3,3606.05
ORD503185,1,net_banking,1,2178.64
ORD503186,1,COD,2,3126.57
ORD503187,1,UPI,1,1755.19
ORD503188,1,credit_card,1,1119.96
ORD503189,1,net_banking,1,3004.73
ORD503190,1,net_banking,1,3822.86
ORD503191,1,credit_card,5,3802.93
ORD503192,1,net_banking,10,1603.8
ORD503193,1,COD,1,1728.91
ORD503194,1,credit_card,1,283.36
ORD503195,1,credit_card,5,1757.9
ORD503196,1,COD,6,2102.97
ORD503197,1,debit_card,1,3846.9
ORD503198,1,COD,1,1562.46
ORD503198,2,net_banking,1,1666.24
ORD503199,1,net_banking,1,846.65
ORD503200,1,UPI,10,208.71
ORD503201,1,wallet,1,2181.92
ORD503202,1,credit_card,1,692.69
ORD503203,1,credit_card,1,2498.66
ORD503203,2,credit_card,3,1431.95
ORD503204,1,credit_card,1,3045.27
ORD503205,1,net_banking,1,3545.91
ORD503206,1,credit_card,1,3382.85
ORD503207,1,credit_card,1,3992.66
ORD503208,1,credit_card,1,2964.12
ORD503209,1,credit_card,1,1815.72
ORD503210,1,net_banking,1,2839.17
ORD503211,1,credit_card,1,1933.68
ORD503212,1,COD,10,3482.08
ORD503213,1,debit_card,1,3183.07
ORD503214,1,net_banking,1,793.34
ORD503215,1,UPI,3,1125.9
ORD503216,1,net_banking,1,1702.08
ORD503217,1,debit_card,1,1401.22
ORD503217,2,credit_card,1,830.13
ORD503218,1,debit_card,1,678.78
ORD503219,1,net_banking,1,2646.55
ORD503220,1,net_banking,1,2319.74
ORD503221,1,UPI,1,3248.39
ORD503221,2,credit_card,1,1596.97
ORD503222,1,debit_card,1,1763.36
ORD503223,1,COD,1,1041.63
ORD503224,1,COD,6,3238.98
ORD503225,1,net_banking,1,352.13
ORD503226,1,debit_card,1,3662.86
ORD503227,1,UPI,8,3732.74
ORD503228,1,debit_card,1,3771.28
ORD503229,1,UPI,1,3951.04
ORD503230,1,UPI,1,3861.89
ORD503231,1,net_banking,1,2637.96
ORD503232,1,UPI,1,3990.16
ORD503233,1,net_banking,1,1367.04
ORD503234,1,UPI,1,2188.38
ORD503235,1,UPI,1,3471.18
ORD503236,1,credit_card,1,742.52
ORD503237,1,credit_card,1,1859.47
ORD503238,1,credit_card,1,3445.95
ORD503239,1,net_banking,6,3229.96
ORD503240,1,debit_card,1,2241.08
ORD503241,1,net_banking,5,1642.95
ORD503241,2,wallet,1,2088.61
ORD503242,1,COD,10,2286.04
ORD503243,1,wallet,1,400.37
ORD503244,1,UPI,1,3690.2
ORD503245,1,credit_card,1,3007.75
ORD503245,2,wallet,2,3392.96
ORD503246,1,net_banking,1,2630.06
ORD503247,1,wallet,1,3357.92
ORD503247,2,UPI,12,581.71
ORD503248,1,credit_card,1,3494.35
ORD503249,1,net_banking,1,734.85
ORD503250,1,UPI,1,3764.62
ORD503251,1,credit_card,1,2828.87
ORD503252,1,wallet,1,2790.18
ORD503253,1,net_banking,1,459.95
ORD503254,1,COD,1,456.53
ORD503255,1,net_banking,9,597.04
ORD503256,1,COD,6,3867.36
ORD503257,1,credit_card,1,2121.56
ORD503258,1,COD,12,1666.72
ORD503259,1,COD,1,995.14
ORD503260,1,debit_card,1,646.71
ORD503261,1,net_banking,1,2182.46
ORD503261,2,COD,1,1841.68
ORD503262,1,net_banking,10,2541.41
ORD503262,2,COD,1,2792.41
ORD503263,1,UPI,1,314.06
ORD503264,1,COD,6,3853.67
ORD503265,1,wallet,1,1257.19
ORD503266,1,UPI,1,1160.43
ORD503267,1,COD,1,1419.13
ORD503268,1,wallet,1,2434.17
ORD503269,1,UPI,1,589.62
ORD503270,1,COD,1,2382.6
ORD503271,1,UPI,8,619.01
ORD503272,1,debit_card,1,3036.39
ORD503273,1,credit_card,1,3937.0
ORD503274,1,COD,1,2458.13
ORD503275,1,net_banking,1,1412.5
ORD503276,1,wallet,1,604.37
ORD503277,1,COD,1,680.26
ORD503277,2,debit_card,1,3482.13
ORD503278,1,COD,1,3649.14
ORD503279,1,wallet,1,1607.27
ORD503280,1,debit_card,1,2052.1
ORD503281,1,wallet,1,3773.61
ORD503282,1,debit_card,1,1170.41
ORD503283,1,UPI,1,3155.99
ORD503284,1,credit_card,1,3490.94
ORD503285,1,debit_card,1,3021.97
ORD503286,1,COD,4,3139.43
ORD503287,1,UPI,1,3657.92
ORD503288,1,COD,1,2207.25
ORD503289,1,COD,1,2599.03
ORD503289,2,COD,1,463.51
ORD503290,1,net_banking,1,394.66
ORD503291,1,debit_card,1,3547.69
ORD503292,1,wallet,1,1804.31
ORD503293,1,wallet,1,2724.25
ORD503293,2,net_banking,1,2949.16
ORD503294,1,net_banking,1,2767.33
ORD503295,1,COD,1,3078.44
ORD503296,1,COD,1,3650.36
ORD503297,1,credit_card,1,677.68
ORD503298,1,net_banking,9,3228.7
ORD503298,2,wallet,1,1830.78
ORD503299,1,UPI,3,3535.88
ORD503300,1,credit_card,1,301.27
ORD503300,2,UPI,1,3461.04
ORD503301,1,net_banking,1,3884.63
ORD503302,1,COD,1,1977.28
ORD503303,1,COD,1,2926.79
ORD503304,1,net_banking,1,969.34
ORD503305,1,credit_card,1,762.95
ORD503306,1,UPI,1,999.0
ORD503306,2,COD,1,283.29
ORD503307,1,debit_card,1,2117.35
ORD503308,1,UPI,1,355.25
ORD503309,1,credit_card,1,2904.23
ORD503310,1,COD,1,2227.12
ORD503311,1,net_banking,1,2642.51
ORD503311,2,COD,1,1491.61
ORD503312,1,COD,1,3104.31
ORD503313,1,UPI,1,615.9
ORD503314,1,UPI,1,2543.2
ORD503315,1,wallet,1,3664.78
ORD503316,1,COD,1,3969.48
ORD503317,1,wallet,1,2318.99
ORD503318,1,wallet,1,2824.86
ORD503319,1,UPI,1,2469.3
ORD503320,1,wallet,5,3342.04
ORD503321,1,net_banking,1,1519.65
ORD503322,1,COD,1,3570.66
ORD503323,1,net_banking,1,2563.68
ORD503324,1,net_banking,8,357.82
ORD503324,2,credit_card,1,2311.21
ORD503325,1,credit_card,1,3332.55
ORD503326,1,credit_card,1,1032.23
ORD503327,1,UPI,1,1762.69
ORD503328,1,credit_card,1,355.99
ORD503328,2,net_banking,1,3173.86
ORD503329,1,wallet,1,750.62
ORD503330,1,credit_card,1,3907.45
ORD503331,1,wallet,1,854.44
ORD503331,2,COD,1,2714.69
ORD503332,1,debit_card,10,2150.21
ORD503333,1,UPI,1,267.17
ORD503334,1,debit_card,1,2681.85
ORD503335,1,COD,1,3379.16
ORD503336,1,debit_card,1,3171.01
ORD503337,1,wallet,3,1477.96
ORD503338,1,wallet,12,3601.26
ORD503339,1,wallet,6,318.05
ORD503340,1,net_banking,1,985.09
ORD503341,1,UPI,1,2531.63
ORD503342,1,UPI,1,3913.59
ORD503343,1,COD,1,653.95
ORD503344,1,COD,1,3609.98
ORD503344,2,net_banking,1,1073.15
ORD503345,1,net_banking,1,1667.07
ORD503346,1,wallet,1,3018.56
ORD503347,1,wallet,1,766.69
ORD503348,1,net_banking,1,1711.67
ORD503349,1,wallet,1,2859.01
ORD503350,1,wallet,1,583.8
ORD503351,1,credit_card,1,2134.14
ORD503352,1,net_banking,1,3371.36
ORD503353,1,COD,1,1509.68
ORD503354,1,net_banking,6,963.0
ORD503354,2,COD,1,3368.36
ORD503355,1,wallet,10,1054.96
ORD503356,1,credit_card,1,1989.87
ORD503357,1,UPI,1,3454.46
ORD503358,1,wallet,1,3345.37
ORD503358,2,net_banking,1,823.26
ORD503359,1,net_banking,1,2438.2
ORD503360,1,wallet,4,3339.76
ORD503361,1,net_banking,1,2188.94
ORD503362,1,COD,1,760.6
ORD503362,2,debit_card,2,3635.79
ORD503363,1,COD,1,1895.25
ORD503364,1,UPI,6,2198.06
ORD503365,1,UPI,1,3850.26
ORD503366,1,wallet,9,497.56
ORD503367,1,net_banking,1,2805.13
ORD503368,1,wallet,1,1635.34
ORD503369,1,credit_card,1,967.97
ORD503370,1,net_banking,1,3433.07
ORD503371,1,UPI,1,2336.27
ORD503372,1,UPI,1,2812.22
ORD503373,1,debit_card,8,2366.84
ORD503374,1,wallet,1,3053.79
ORD503375,1,credit_card,1,3446.18
ORD503376,1,UPI,1,1439.03
ORD503377,1,wallet,1,2802.48
ORD503378,1,debit_card,1,384.03
ORD503379,1,COD,1,3253.43
ORD503380,1,wallet,1,3822.08
ORD503381,1,wallet,1,1641.16
ORD503382,1,COD,1,3487.34
ORD503383,1,wallet,1,709.96
ORD503384,1,net_banking,1,2780.07
ORD503385,1,net_banking,1,3052.67
ORD503386,1,wallet,1,2216.03
ORD503387,1,debit_card,1,749.21
ORD503388,1,credit_card,1,3693.95
ORD503389,1,UPI,1,1823.92
ORD503389,2,UPI,1,2245.84
ORD503390,1,credit_card,1,3095.78
ORD503391,1,net_banking,1,648.08
ORD503392,1,net_banking,1,3027.53
ORD503393,1,credit_card,1,361.47
ORD503394,1,credit_card,1,3928.46
ORD503395,1,debit_card,1,2999.31
ORD503396,1,debit_card,1,3008.92
ORD503397,1,debit_card,1,821.48
ORD503397,2,credit_card,1,678.91
ORD503398,1,credit_card,1,2789.56
ORD503399,1,wallet,1,2775.1
ORD503400,1,COD,1,3131.33
ORD503401,1,wallet,1,1709.44
ORD503402,1,net_banking,1,1419.89
ORD503403,1,UPI,5,2352.08
ORD503404,1,wallet,1,1323.74
ORD503405,1,wallet,1,3037.78
ORD503406,1,UPI,1,1705.19
ORD503407,1,UPI,1,516.96
ORD503408,1,COD,3,3635.11
ORD503409,1,wallet,1,3009.59
ORD503410,1,credit_card,1,499.68
ORD503411,1,credit_card,1,1854.78
ORD503412,1,COD,1,2931.39
ORD503413,1,wallet,4,2197.91
ORD503414,1,COD,1,1444.84
ORD503415,1,COD,1,2540.3
ORD503416,1,credit_card,1,3846.99
ORD503417,1,wallet,1,578.5
ORD503418,1,credit_card,1,1584.86
ORD503419,1,net_banking,10,3481.5
ORD503420,1,net_banking,1,563.11
ORD503421,1,credit_card,1,3685.45
ORD503421,2,credit_card,1,3645.95
ORD503422,1,net_banking,1,3697.27
ORD503423,1,debit_card,1,2965.36
ORD503423,2,credit_card,1,3032.82
ORD503424,1,UPI,1,1188.42
ORD503425,1,debit_card,1,1398.06
ORD503426,1,UPI,1,2220.61
ORD503427,1,credit_card,10,1712.12
ORD503428,1,UPI,1,3321.74
ORD503429,1,credit_card,2,2578.99
ORD503430,1,UPI,1,382.46
ORD503430,2,COD,1,2806.84
ORD503431,1,UPI,1,3071.9
ORD503432,1,net_banking,1,1901.07
ORD503433,1,net_banking,1,1149.59
ORD503434,1,net_banking,1,2865.13
ORD503435,1,UPI,1,3179.66
ORD503436,1,UPI,6,1122.46
ORD503437,1,UPI,1,2877.0
ORD503438,1,debit_card,1,735.91
ORD503439,1,debit_card,1,873.69
ORD503440,1,wallet,1,1612.8
ORD503441,1,credit_card,1,2858.49
ORD503442,1,UPI,1,624.73
ORD503443,1,UPI,1,2391.56
ORD503444,1,net_banking,8,2626.02
ORD503445,1,UPI,1,1172.85
ORD503446,1,UPI,3,270.4
ORD503446,2,COD,1,1581.39
ORD503447,1,wallet,1,799.53
ORD503448,1,COD,1,2560.31
ORD503449,1,COD,7,2526.2
ORD503450,1,COD,3,3869.77
ORD503451,1,net_banking,8,2805.16
ORD503452,1,wallet,1,3787.23
ORD503453,1,COD,1,2030.18
ORD503454,1,COD,1,1407.68
ORD503455,1,wallet,9,493.43
ORD503456,1,credit_card,7,823.33
ORD503457,1,net_banking,1,3260.7
ORD503458,1,UPI,1,302.59
ORD503459,1,COD,1,646.97
ORD503460,1,debit_card,1,2164.55
ORD503461,1,credit_card,1,3340.91
ORD503462,1,credit_card,1,3287.55
ORD503462,2,COD,1,3012.87
ORD503463,1,UPI,1,1740.72
ORD503464,1,credit_card,1,1796.63
ORD503465,1,COD,7,2081.96
ORD503466,1,COD,9,2241.87
ORD503467,1,UPI,1,2137.65
ORD503468,1,UPI,1,1868.33
ORD503469,1,COD,1,818.13
ORD503469,2,credit_card,1,3017.21
ORD503470,1,COD,1,2157.85
ORD503471,1,credit_card,1,1658.37
ORD503472,1,COD,1,3775.02
ORD503473,1,UPI,1,2964.86
ORD503473,2,wallet,1,2907.2
ORD503474,1,COD,1,2620.77
ORD503475,1,COD,1,1317.39
ORD503476,1,wallet,8,3961.0
ORD503477,1,UPI,1,1455.05
ORD503478,1,credit_card,1,1079.64
ORD503479,1,net_banking,12,1034.88
ORD503480,1,credit_card,1,1417.1
ORD503480,2,wallet,1,3345.97
ORD503481,1,COD,1,1439.66
ORD503481,2,UPI,1,3025.61
ORD503482,1,net_banking,1,2027.48
ORD503483,1,UPI,1,2341.53
ORD503484,1,wallet,7,1270.12
ORD503485,1,UPI,1,3582.08
ORD503486,1,debit_card,1,1904.36
ORD503487,1,COD,1,3390.23
ORD503487,2,UPI,2,3389.82
ORD503488,1,COD,1,3345.0
ORD503489,1,credit_card,1,1994.19
ORD503490,1,wallet,1,3378.82
ORD503491,1,net_banking,3,3884.59
ORD503492,1,COD,1,1967.53
ORD503493,1,COD,11,3991.33
ORD503494,1,UPI,1,3799.29
ORD503494,2,COD,1,2707.73
ORD503495,1,net_banking,1,535.18
ORD503496,1,COD,1,737.3
ORD503497,1,UPI,1,618.42
ORD503498,1,COD,1,1416.67
ORD503499,1,credit_card,7,841.68
ORD503500,1,net_banking,1,530.59
ORD503501,1,UPI,1,1190.9
ORD503502,1,UPI,1,457.56
ORD503503,1,debit_card,1,3958.31
ORD503504,1,net_banking,1,2311.23
ORD503505,1,credit_card,1,1088.49
ORD503506,1,wallet,4,475.23
ORD503507,1,debit_card,1,1056.36
ORD503508,1,wallet,1,1965.75
ORD503509,1,UPI,1,904.9
ORD503510,1,UPI,1,3574.04
ORD503511,1,debit_card,1,733.22
ORD503512,1,net_banking,1,1295.62
ORD503512,2,wallet,1,475.17
ORD503513,1,COD,1,2697.82
ORD503514,1,debit_card,1,603.62
ORD503515,1,COD,2,2667.65
ORD503515,2,COD,1,3049.45
ORD503516,1,debit_card,8,1529.77
ORD503517,1,COD,1,1224.29
ORD503518,1,debit_card,12,3948.86
ORD503519,1,net_banking,1,1816.73
ORD503520,1,net_banking,1,3659.28
ORD503520,2,net_banking,1,3151.42
ORD503521,1,COD,1,2404.87
ORD503522,1,COD,1,3702.59
ORD503523,1,UPI,3,3977.22
ORD503524,1,wallet,1,2213.76
ORD503525,1,COD,1,2178.02
ORD503526,1,UPI,1,2803.23
ORD503527,1,COD,1,2304.91
ORD503528,1,UPI,1,244.8
ORD503529,1,debit_card,1,2008.81
ORD503530,1,credit_card,1,1851.68
ORD503531,1,net_banking,1,457.36
ORD503532,1,wallet,1,985.74
ORD503533,1,debit_card,1,3676.03
ORD503534,1,wallet,1,785.37
ORD503535,1,debit_card,1,1529.6
ORD503536,1,net_banking,1,1243.84
ORD503537,1,net_banking,1,3339.92
ORD503538,1,net_banking,1,2577.42
ORD503538,2,credit_card,1,3726.64
ORD503539,1,COD,1,2737.74
ORD503540,1,net_banking,1,699.83
ORD503541,1,COD,1,681.18
ORD503541,2,debit_card,1,3747.94
ORD503542,1,net_banking,1,3940.22
ORD503543,1,UPI,1,1989.45
ORD503544,1,COD,1,1081.72
ORD503545,1,wallet,1,1440.2
ORD503546,1,wallet,1,2504.47
ORD503547,1,debit_card,1,1314.79
ORD503548,1,credit_card,1,3575.13
ORD503549,1,credit_card,1,3284.02
ORD503550,1,UPI,1,3267.24
ORD503550,2,UPI,1,2982.76
ORD503551,1,debit_card,1,3623.78
ORD503552,1,COD,10,1222.47
ORD503553,1,debit_card,1,1175.04
ORD503554,1,COD,1,609.53
ORD503555,1,debit_card,1,3760.06
ORD503556,1,net_banking,12,1402.02
ORD503556,2,net_banking,2,2106.87
ORD503557,1,COD,1,2576.32
ORD503558,1,net_banking,1,404.07
ORD503559,1,COD,1,2677.47
ORD503560,1,net_banking,1,2882.08
ORD503561,1,debit_card,1,2624.62
ORD503562,1,net_banking,1,1146.49
ORD503563,1,net_banking,1,1540.48
ORD503564,1,debit_card,1,3751.55
ORD503565,1,UPI,1,3189.05
ORD503566,1,wallet,1,390.9
ORD503567,1,COD,1,2862.52
ORD503568,1,UPI,1,2238.26
ORD503569,1,wallet,1,1241.66
ORD503570,1,credit_card,1,3858.53
ORD503571,1,COD,1,564.8
ORD503572,1,wallet,1,3045.07
ORD503573,1,COD,1,1982.9
ORD503574,1,UPI,1,3439.27
ORD503574,2,debit_card,1,3855.84
ORD503575,1,credit_card,1,2695.59
ORD503576,1,COD,1,1851.39
ORD503577,1,COD,1,1405.93
ORD503578,1,COD,8,3777.27
ORD503579,1,credit_card,10,3563.58
ORD503580,1,debit_card,1,1330.98
ORD503581,1,COD,1,3146.12
ORD503582,1,UPI,8,3218.3
ORD503582,2,net_banking,1,391.67
ORD503583,1,wallet,1,2723.18
ORD503584,1,credit_card,1,1657.16
ORD503585,1,net_banking,1,2807.99
ORD503586,1,wallet,10,2566.71
ORD503587,1,credit_card,1,1697.69
ORD503588,1,net_banking,1,2045.52
ORD503589,1,UPI,1,3928.45
ORD503590,1,UPI,1,318.98
ORD503591,1,debit_card,4,2309.96
ORD503592,1,debit_card,8,3013.81
ORD503593,1,debit_card,1,2031.35
ORD503594,1,COD,1,1527.11
ORD503595,1,debit_card,1,333.8
ORD503596,1,net_banking,1,1312.57
ORD503597,1,wallet,1,1347.1
ORD503598,1,UPI,1,884.55
ORD503599,1,net_banking,1,3355.44
ORD503600,1,net_banking,1,298.88
ORD503601,1,credit_card,1,3250.2
ORD503602,1,credit_card,1,3487.36
ORD503602,2,UPI,1,3093.95
ORD503603,1,wallet,1,2086.81
ORD503604,1,UPI,1,949.73
ORD503605,1,credit_card,7,202.42
ORD503606,1,credit_card,1,1759.33
ORD503607,1,credit_card,10,3400.97
ORD503608,1,COD,1,2970.47
ORD503609,1,wallet,1,256.95
ORD503610,1,COD,1,271.14
ORD503611,1,credit_card,1,2235.57
ORD503612,1,COD,1,3554.51
ORD503613,1,wallet,1,521.24
ORD503614,1,wallet,1,1132.82
ORD503615,1,net_banking,1,1163.11
ORD503616,1,net_banking,10,3509.0
ORD503617,1,net_banking,1,2034.31
ORD503618,1,debit_card,1,2301.16
ORD503619,1,COD,1,2386.64
ORD503620,1,credit_card,9,832.53
ORD503621,1,debit_card,1,911.52
ORD503622,1,wallet,1,2382.53
ORD503623,1,wallet,1,3265.41
ORD503624,1,net_banking,1,3443.75
ORD503625,1,debit_card,1,1870.27
ORD503626,1,net_banking,1,2908.11
ORD503627,1,net_banking,1,2628.92
ORD503628,1,COD,1,1281.29
ORD503629,1,wallet,1,274.69
ORD503630,1,credit_card,1,342.31
ORD503631,1,UPI,1,741.75
ORD503632,1,net_banking,1,638.17
ORD503633,1,debit_card,1,2847.84
ORD503633,2,credit_card,1,493.75
ORD503634,1,COD,1,1951.76
ORD503635,1,UPI,1,1548.81
ORD503636,1,credit_card,1,1692.85
ORD503637,1,credit_card,1,2985.91
ORD503638,1,debit_card,9,2612.16
ORD503639,1,debit_card,1,1578.95
ORD503640,1,wallet,1,1216.55
ORD503641,1,credit_card,1,1783.13
ORD503642,1,wallet,1,3841.4
ORD503642,2,COD,1,1335.18
ORD503643,1,net_banking,1,3221.96
ORD503644,1,wallet,1,558.89
ORD503645,1,COD,1,3120.0
ORD503646,1,COD,1,1146.24
ORD503647,1,debit_card,12,983.62
ORD503648,1,wallet,1,3588.73
ORD503649,1,wallet,1,2483.24
ORD503650,1,net_banking,1,2462.03
ORD503650,2,wallet,1,3526.98
ORD503651,1,COD,11,3745.59
ORD503651,2,net_banking,1,3363.37
ORD503652,1,credit_card,1,601.32
ORD503653,1,debit_card,1,743.54
ORD503654,1,net_banking,1,1939.57
ORD503655,1,credit_card,1,1267.22
ORD503656,1,UPI,1,637.3
ORD503657,1,wallet,1,394.65
ORD503658,1,debit_card,1,2335.08
ORD503659,1,credit_card,11,2982.41
ORD503660,1,credit_card,1,827.61
ORD503661,1,COD,9,3502.76
ORD503662,1,COD,1,884.91
ORD503663,1,credit_card,1,3066.74
ORD503664,1,credit_card,1,994.18
ORD503665,1,wallet,1,3474.55
ORD503666,1,UPI,1,3977.59
ORD503667,1,debit_card,8,1122.51
ORD503668,1,debit_card,1,801.03
ORD503668,2,debit_card,1,1501.48
ORD503669,1,credit_card,1,2189.54
ORD503670,1,debit_card,1,3638.47
ORD503671,1,COD,1,877.04
ORD503672,1,debit_card,1,2678.87
ORD503673,1,net_banking,1,1299.15
ORD503674,1,debit_card,1,666.52
ORD503675,1,debit_card,1,1279.06
ORD503676,1,UPI,1,2474.14
ORD503677,1,UPI,1,2239.32
ORD503678,1,net_banking,1,559.74
ORD503679,1,debit_card,1,891.76
ORD503680,1,wallet,12,1334.94
ORD503681,1,credit_card,1,1505.49
ORD503682,1,net_banking,1,2760.08
ORD503683,1,net_banking,9,2545.69
ORD503684,1,UPI,1,3949.41
ORD503685,1,net_banking,1,204.35
ORD503686,1,net_banking,1,1154.28
ORD503687,1,COD,1,3502.37
ORD503688,1,UPI,1,1441.61
ORD503689,1,UPI,1,957.68
ORD503690,1,debit_card,1,3669.61
ORD503691,1,UPI,1,3287.6
ORD503692,1,credit_card,1,1729.85
ORD503692,2,credit_card,1,1633.3
ORD503693,1,COD,1,544.32
ORD503694,1,wallet,1,208.86
ORD503695,1,debit_card,1,2431.28
ORD503695,2,credit_card,1,2617.55
ORD503696,1,debit_card,4,1394.94
ORD503697,1,credit_card,1,1944.79
ORD503698,1,debit_card,1,2020.59
ORD503699,1,UPI,1,1683.47
ORD503699,2,UPI,1,1151.73
ORD503700,1,wallet,4,1101.53
ORD503701,1,COD,1,1964.58
ORD503702,1,net_banking,1,3322.81
ORD503703,1,wallet,1,2252.32
ORD503704,1,debit_card,1,1820.57
ORD503705,1,credit_card,1,1252.18
ORD503706,1,wallet,1,2474.63
ORD503706,2,credit_card,1,2169.97
ORD503707,1,UPI,1,584.35
ORD503708,1,debit_card,1,2420.64
ORD503709,1,UPI,1,3470.71
ORD503710,1,COD,1,1037.4
ORD503711,1,COD,1,2865.81
ORD503711,2,UPI,1,2264.99
ORD503712,1,UPI,1,848.49
ORD503712,2,COD,1,999.37
ORD503713,1,debit_card,1,3119.72
ORD503714,1,wallet,1,2543.41
ORD503715,1,COD,2,626.01
ORD503716,1,COD,2,1265.65
ORD503716,2,wallet,1,1497.03
ORD503717,1,net_banking,1,1476.58
ORD503718,1,net_banking,1,936.19
ORD503719,1,wallet,1,499.19
ORD503720,1,credit_card,2,1798.67
ORD503720,2,credit_card,1,1465.12
ORD503721,1,debit_card,1,394.79
ORD503722,1,net_banking,3,1494.59
ORD503723,1,COD,1,3765.7
ORD503724,1,debit_card,1,3204.42
ORD503725,1,COD,1,986.44
ORD503726,1,COD,1,631.1
ORD503727,1,wallet,1,1720.2
ORD503728,1,wallet,1,2175.99
ORD503729,1,wallet,10,3925.03
ORD503730,1,COD,1,2053.62
ORD503731,1,debit_card,4,2135.5
ORD503732,1,debit_card,1,1341.73
ORD503732,2,wallet,1,242.26
ORD503733,1,debit_card,6,1907.93
ORD503734,1,UPI,1,323.73
ORD503735,1,credit_card,1,501.79
ORD503736,1,wallet,1,3577.41
ORD503737,1,debit_card,1,2781.89
ORD503738,1,debit_card,1,1882.67
ORD503739,1,debit_card,1,484.64
ORD503740,1,debit_card,1,1392.56
ORD503741,1,COD,1,2523.05
ORD503742,1,wallet,9,581.98
ORD503743,1,debit_card,1,2348.06
ORD503744,1,credit_card,1,1289.52
ORD503745,1,wallet,1,1633.82
ORD503746,1,wallet,1,2012.57
ORD503747,1,debit_card,12,680.41
ORD503748,1,credit_card,1,880.07
ORD503749,1,credit_card,1,3168.42
ORD503750,1,credit_card,1,959.2
ORD503751,1,UPI,1,3686.21
ORD503752,1,net_banking,1,671.1
ORD503753,1,wallet,1,967.47
ORD503754,1,COD,1,989.11
ORD503755,1,UPI,7,1398.12
ORD503756,1,UPI,1,1120.0
ORD503757,1,COD,1,286.14
ORD503758,1,debit_card,10,2317.05
ORD503759,1,debit_card,1,1032.69
ORD503760,1,debit_card,1,1395.14
ORD503761,1,COD,1,752.76
ORD503762,1,COD,1,900.12
ORD503763,1,COD,1,2747.71
ORD503764,1,COD,1,2183.61
ORD503765,1,debit_card,5,1285.0
ORD503766,1,net_banking,1,826.61
ORD503767,1,credit_card,1,1915.76
ORD503768,1,net_banking,1,3961.45
ORD503769,1,COD,1,3542.75
ORD503770,1,COD,1,2237.43
ORD503771,1,credit_card,12,3361.7
ORD503771,2,UPI,11,787.79
ORD503772,1,debit_card,1,1897.84
ORD503773,1,COD,4,806.34
ORD503774,1,wallet,1,1318.14
ORD503775,1,net_banking,1,513.08
ORD503776,1,wallet,1,1363.2
ORD503777,1,COD,1,1733.65
ORD503778,1,credit_card,1,662.8
ORD503779,1,wallet,5,1937.0
ORD503780,1,wallet,1,753.83
ORD503781,1,UPI,1,2381.76
ORD503782,1,COD,1,670.21
ORD503783,1,COD,1,1171.44
ORD503784,1,COD,1,3473.44
ORD503785,1,UPI,1,1014.06
ORD503786,1,COD,1,409.53
ORD503787,1,credit_card,1,2581.09
ORD503788,1,net_banking,1,2255.56
ORD503789,1,net_banking,1,1307.09
ORD503790,1,UPI,1,3592.84
ORD503790,2,credit_card,1,3491.61
ORD503791,1,debit_card,1,3544.22
ORD503792,1,net_banking,1,3786.58
ORD503793,1,debit_card,1,2117.6
ORD503794,1,credit_card,1,1381.9
ORD503795,1,COD,1,3319.08
ORD503796,1,wallet,1,3600.08
ORD503797,1,credit_card,1,3962.62
ORD503798,1,UPI,5,662.38
ORD503799,1,credit_card,1,3172.61
ORD503800,1,net_banking,1,1676.49
ORD503801,1,COD,1,3683.8
ORD503802,1,wallet,1,2795.87
ORD503803,1,UPI,1,1798.51
ORD503804,1,debit_card,1,2620.39
ORD503805,1,credit_card,10,2497.0
ORD503806,1,net_banking,1,2773.35
ORD503807,1,wallet,1,3227.09
ORD503808,1,wallet,1,2849.25
ORD503809,1,wallet,5,3326.79
ORD503809,2,debit_card,1,1280.27
ORD503810,1,COD,1,2621.98
ORD503811,1,UPI,1,967.69
ORD503812,1,COD,1,2330.16
ORD503813,1,COD,1,1967.7
ORD503814,1,wallet,8,2115.08
ORD503814,2,COD,1,2004.04
ORD503815,1,credit_card,1,3692.78
ORD503816,1,wallet,1,1581.99
ORD503817,1,net_banking,1,1968.69
ORD503818,1,wallet,1,664.99
ORD503819,1,debit_card,1,2156.0
ORD503820,1,net_banking,7,2660.86
ORD503821,1,wallet,1,2236.04
ORD503822,1,debit_card,1,2478.91
ORD503822,2,debit_card,1,385.77
ORD503823,1,debit_card,5,3091.59
ORD503824,1,UPI,1,2587.77
ORD503825,1,UPI,1,3970.08
ORD503826,1,UPI,1,818.19
ORD503827,1,COD,1,3543.75
ORD503827,2,COD,1,1105.76
ORD503828,1,COD,1,1141.66
ORD503829,1,credit_card,8,3562.23
ORD503830,1,COD,11,710.13
ORD503831,1,net_banking,8,955.36
ORD503831,2,UPI,1,3859.73
ORD503832,1,credit_card,1,1842.87
ORD503833,1,UPI,1,2645.3
ORD503834,1,wallet,1,3316.82
ORD503834,2,wallet,1,2524.6
ORD503835,1,wallet,1,452.89
ORD503836,1,UPI,1,3602.87
ORD503837,1,credit_card,1,3296.59
ORD503838,1,COD,1,1456.58
ORD503839,1,COD,1,2472.29
ORD503840,1,COD,1,2903.66
ORD503841,1,debit_card,1,1115.24
ORD503842,1,net_banking,1,2242.66
ORD503842,2,COD,1,551.37
ORD503843,1,UPI,1,3280.78
ORD503844,1,UPI,1,2188.5
ORD503845,1,net_banking,1,3771.02
ORD503846,1,net_banking,1,2730.98
ORD503847,1,debit_card,1,661.73
ORD503847,2,wallet,1,891.16
ORD503848,1,UPI,1,3242.76
ORD503849,1,UPI,6,1311.62
ORD503850,1,credit_card,1,3821.63
ORD503851,1,UPI,1,1055.12
ORD503852,1,credit_card,5,2638.45
ORD503853,1,net_banking,1,1180.84
ORD503853,2,COD,1,523.65
ORD503854,1,COD,3,2925.67
ORD503855,1,wallet,1,286.89
ORD503856,1,debit_card,1,2591.58
ORD503857,1,credit_card,1,2278.69
ORD503858,1,credit_card,1,2278.13
ORD503859,1,debit_card,1,205.39
ORD503860,1,wallet,1,817.39
ORD503861,1,wallet,1,3988.87
ORD503862,1,wallet,4,2446.49
ORD503863,1,credit_card,1,2221.51
ORD503863,2,UPI,1,954.67
ORD503864,1,UPI,6,615.3
ORD503865,1,net_banking,9,453.06
ORD503866,1,UPI,1,529.37
ORD503867,1,wallet,1,3783.48
ORD503868,1,net_banking,1,3505.24
ORD503869,1,net_banking,1,2135.72
ORD503870,1,net_banking,1,2513.95
ORD503871,1,UPI,12,1581.89
ORD503872,1,credit_card,1,3431.77
ORD503872,2,COD,1,2097.67
ORD503873,1,debit_card,6,1630.46
ORD503874,1,wallet,1,911.02
ORD503875,1,wallet,1,1116.15
ORD503876,1,debit_card,1,734.92
ORD503877,1,UPI,1,432.39
ORD503878,1,debit_card,1,1287.63
ORD503879,1,credit_card,1,3782.45
ORD503880,1,credit_card,1,3045.11
ORD503881,1,net_banking,1,1758.1
ORD503881,2,debit_card,1,3647.91
ORD503882,1,UPI,1,1636.06
ORD503883,1,UPI,1,3023.59
ORD503884,1,UPI,1,3779.93
ORD503885,1,debit_card,1,1658.95
ORD503886,1,debit_card,1,2069.54
ORD503887,1,UPI,1,1257.64
ORD503887,2,credit_card,1,850.16
ORD503888,1,wallet,1,1582.22
ORD503889,1,debit_card,1,2547.77
ORD503890,1,wallet,8,539.28
ORD503891,1,credit_card,1,656.63
ORD503892,1,COD,1,2738.86
ORD503893,1,debit_card,1,500.94
ORD503894,1,UPI,6,3166.88
ORD503895,1,UPI,10,1641.0
ORD503895,2,UPI,1,3134.13
ORD503896,1,COD,1,1089.33
ORD503897,1,COD,1,1407.0
ORD503898,1,COD,1,3655.84
ORD503899,1,UPI,1,3873.8
ORD503900,1,credit_card,1,501.96
ORD503901,1,UPI,1,2174.15
ORD503902,1,net_banking,1,1861.05
ORD503903,1,wallet,1,1591.65
ORD503904,1,credit_card,1,2078.66
ORD503905,1,wallet,1,700.27
ORD503906,1,wallet,1,2123.63
ORD503907,1,credit_card,1,3054.12
ORD503908,1,credit_card,3,1842.18
ORD503909,1,debit_card,1,3490.85
ORD503910,1,debit_card,1,1994.1
ORD503911,1,net_banking,1,2561.23
ORD503912,1,debit_card,1,528.1
ORD503913,1,debit_card,12,1589.51
ORD503914,1,net_banking,5,1744.34
ORD503915,1,credit_card,1,554.68
ORD503916,1,COD,1,3352.86
ORD503917,1,net_banking,1,470.76
ORD503918,1,net_banking,7,2666.41
ORD503919,1,COD,1,3834.19
ORD503920,1,net_banking,1,2288.7
ORD503921,1,debit_card,1,201.91
ORD503922,1,credit_card,1,2143.7
ORD503923,1,UPI,1,3870.89
ORD503924,1,UPI,1,3467.92
ORD503925,1,COD,1,2113.74
ORD503926,1,UPI,1,3023.61
ORD503927,1,COD,1,2622.64
ORD503928,1,COD,9,2746.08
ORD503929,1,COD,8,1136.62
ORD503930,1,net_banking,8,1032.21
ORD503931,1,debit_card,1,3369.38
ORD503932,1,COD,1,2279.82
ORD503932,2,debit_card,1,276.76
ORD503933,1,debit_card,3,3955.15
ORD503934,1,net_banking,1,2028.66
ORD503935,1,credit_card,1,3040.93
ORD503936,1,COD,1,2260.61
ORD503937,1,UPI,1,2599.59
ORD503938,1,debit_card,3,3129.67
ORD503939,1,net_banking,1,745.55
ORD503940,1,net_banking,1,1953.7
ORD503941,1,wallet,1,3264.14
ORD503941,2,UPI,1,3148.74
ORD503942,1,UPI,1,2868.45
ORD503943,1,debit_card,1,2812.49
ORD503944,1,debit_card,1,1789.88
ORD503944,2,net_banking,1,2484.64
ORD503945,1,credit_card,1,1132.37
ORD503946,1,COD,1,1925.53
ORD503947,1,net_banking,6,2827.31
ORD503948,1,wallet,1,2807.07
ORD503949,1,wallet,1,1787.88
ORD503950,1,credit_card,1,2285.48
ORD503951,1,debit_card,1,2673.92
ORD503952,1,COD,1,1943.17
ORD503953,1,net_banking,12,1087.9
ORD503954,1,debit_card,9,3909.16
ORD503955,1,wallet,1,2474.83
ORD503956,1,UPI,9,2758.71
ORD503957,1,UPI,1,2726.1
ORD503957,2,wallet,1,3111.51
ORD503958,1,net_banking,1,902.62
ORD503959,1,wallet,1,2539.73
ORD503960,1,net_banking,1,512.25
ORD503961,1,COD,1,1647.75
ORD503962,1,credit_card,1,3642.82
ORD503963,1,COD,1,2377.21
ORD503964,1,net_banking,1,3119.18
ORD503965,1,UPI,1,1307.9
ORD503966,1,debit_card,2,375.3
ORD503967,1,debit_card,1,1125.31
ORD503968,1,UPI,1,2310.91
ORD503969,1,debit_card,1,1468.39
ORD503970,1,credit_card,1,1059.07
ORD503971,1,credit_card,4,1540.31
ORD503972,1,COD,1,2744.93
ORD503973,1,net_banking,1,1063.61
ORD503974,1,UPI,1,609.24
ORD503974,2,COD,1,1531.01
ORD503975,1,credit_card,1,1246.87
ORD503976,1,debit_card,1,2206.17
ORD503977,1,COD,1,3691.81
ORD503978,1,debit_card,1,1696.72
ORD503979,1,debit_card,1,3019.48
ORD503980,1,COD,1,1819.36
ORD503981,1,debit_card,1,501.71
ORD503982,1,UPI,1,1882.24
ORD503983,1,UPI,1,3917.36
ORD503983,2,COD,1,3712.83
ORD503984,1,net_banking,1,707.68
ORD503985,1,credit_card,1,3770.91
ORD503986,1,COD,1,1258.74
ORD503987,1,credit_card,1,3492.22
ORD503988,1,net_banking,1,465.6
ORD503989,1,debit_card,4,1205.84
ORD503990,1,COD,1,3568.16
ORD503991,1,debit_card,12,3734.14
ORD503992,1,COD,1,1450.51
ORD503993,1,net_banking,7,1477.61
ORD503994,1,debit_card,10,3387.79
ORD503995,1,debit_card,1,204.62
ORD503996,1,UPI,1,1889.1
ORD503997,1,UPI,1,2305.57
ORD503998,1,COD,6,1288.23
ORD503998,2,wallet,1,1528.03
ORD503999,1,net_banking,11,374.55
ORD503999,2,COD,1,247.42
ORD504000,1,wallet,1,3959.73
ORD504001,1,credit_card,1,2843.55
ORD504002,1,net_banking,1,3356.0
ORD504002,2,wallet,1,1402.68
ORD504003,1,net_banking,1,604.79
ORD504004,1,debit_card,1,3298.75
ORD504005,1,COD,1,2092.13
ORD504006,1,UPI,1,898.3
ORD504007,1,net_banking,1,3570.19
ORD504008,1,UPI,1,2124.09
ORD504009,1,credit_card,1,1077.24
ORD504010,1,UPI,1,1546.42
ORD504011,1,COD,2,370.54
ORD504012,1,net_banking,1,1815.02
ORD504013,1,COD,1,1749.99
ORD504013,2,net_banking,1,1233.32
ORD504014,1,UPI,1,2398.55
ORD504014,2,credit_card,1,1799.45
ORD504015,1,debit_card,1,1210.07
ORD504015,2,debit_card,1,2988.14
ORD504016,1,UPI,1,222.9
ORD504017,1,debit_card,1,2105.48
ORD504018,1,COD,1,2556.1
ORD504019,1,debit_card,1,3062.89
ORD504020,1,COD,1,3642.12
ORD504021,1,debit_card,1,490.44
ORD504022,1,COD,1,1714.27
ORD504023,1,UPI,1,1748.43
ORD504024,1,COD,1,3618.64
ORD504025,1,COD,1,1244.91
ORD504026,1,net_banking,1,2189.07
ORD504027,1,debit_card,1,3330.12
ORD504028,1,net_banking,1,929.14
ORD504029,1,COD,1,782.99
ORD504030,1,debit_card,1,3706.47
ORD504031,1,COD,1,847.55
ORD504032,1,wallet,1,3002.32
ORD504033,1,wallet,1,1143.97
ORD504033,2,credit_card,1,3296.54
ORD504034,1,COD,5,1288.36
ORD504035,1,COD,1,3297.47
ORD504036,1,debit_card,1,1576.4
ORD504037,1,COD,1,3739.27
ORD504038,1,debit_card,1,2458.93
ORD504038,2,net_banking,6,678.83
ORD504039,1,net_banking,1,2146.99
ORD504040,1,debit_card,2,493.5
ORD504040,2,credit_card,1,3021.33
ORD504041,1,debit_card,1,3471.87
ORD504042,1,debit_card,1,2452.7
ORD504043,1,debit_card,1,765.33
ORD504044,1,debit_card,1,1700.37
ORD504045,1,COD,1,1633.45
ORD504045,2,net_banking,1,980.4
ORD504046,1,UPI,4,1019.52
ORD504047,1,COD,1,1906.84
ORD504047,2,net_banking,9,621.11
ORD504048,1,credit_card,3,2195.42
ORD504049,1,UPI,1,2170.04
ORD504050,1,debit_card,1,1831.62
ORD504050,2,COD,1,1590.98
ORD504051,1,COD,1,1932.54
ORD504052,1,credit_card,1,1898.95
ORD504053,1,credit_card,1,3434.65
ORD504054,1,wallet,1,3134.24
ORD504055,1,debit_card,1,674.5
ORD504056,1,debit_card,1,2761.36
ORD504057,1,debit_card,1,2966.95
ORD504058,1,wallet,1,539.1
ORD504059,1,debit_card,1,3834.31
ORD504060,1,debit_card,5,992.32
ORD504061,1,net_banking,1,2026.86
ORD504062,1,UPI,1,3926.31
ORD504062,2,wallet,1,2365.15
ORD504063,1,UPI,1,3700.39
ORD504064,1,debit_card,1,987.31
ORD504065,1,net_banking,6,2614.44
ORD504066,1,COD,5,2086.76
ORD504067,1,wallet,8,2209.07
ORD504068,1,wallet,1,684.05
ORD504068,2,debit_card,1,467.1
ORD504069,1,COD,1,3784.24
ORD504069,2,UPI,1,2814.86
ORD504070,1,credit_card,8,3234.55
ORD504071,1,credit_card,1,3628.56
ORD504072,1,COD,1,1519.05
ORD504073,1,COD,8,1500.28
ORD504074,1,UPI,1,2252.28
ORD504075,1,COD,1,1937.59
ORD504076,1,net_banking,1,3461.64
ORD504077,1,COD,9,1213.84
ORD504078,1,debit_card,10,1822.09
ORD504079,1,UPI,1,2303.1
ORD504080,1,UPI,1,1103.31
ORD504081,1,credit_card,1,644.07
ORD504082,1,COD,1,3251.29
ORD504083,1,debit_card,1,2386.87
ORD504083,2,debit_card,2,2266.35
ORD504084,1,credit_card,11,1235.31
ORD504084,2,UPI,1,365.13
ORD504085,1,wallet,10,742.43
ORD504086,1,net_banking,1,3043.62
ORD504087,1,net_banking,1,1405.4
ORD504088,1,COD,1,3579.64
ORD504089,1,UPI,1,3443.03
ORD504090,1,credit_card,1,1650.56
ORD504091,1,net_banking,10,695.64
ORD504092,1,debit_card,1,3968.85
ORD504093,1,net_banking,1,2496.42
ORD504093,2,net_banking,1,3028.81
ORD504094,1,UPI,1,3239.0
ORD504095,1,net_banking,1,2617.8
ORD504096,1,COD,1,2931.97
ORD504097,1,net_banking,1,3921.96
ORD504098,1,wallet,1,3299.27
ORD504099,1,wallet,1,1617.15
ORD504100,1,UPI,1,740.72
ORD504101,1,credit_card,1,3326.08
ORD504102,1,credit_card,1,667.02
ORD504103,1,COD,1,2273.27
ORD504104,1,debit_card,1,3668.12
ORD504105,1,net_banking,10,3390.62
ORD504105,2,UPI,1,2188.84
ORD504106,1,net_banking,1,3572.1
ORD504107,1,credit_card,1,1803.64
ORD504108,1,COD,1,471.39
ORD504109,1,wallet,1,1421.88
ORD504110,1,debit_card,1,435.2
ORD504111,1,COD,1,1120.45
ORD504112,1,wallet,6,941.21
ORD504113,1,net_banking,1,1200.6
ORD504114,1,debit_card,9,2856.25
ORD504115,1,UPI,11,3393.27
ORD504116,1,credit_card,1,1443.39
ORD504117,1,wallet,1,3779.47
ORD504118,1,UPI,11,567.4
ORD504119,1,debit_card,1,555.35
ORD504120,1,credit_card,1,2736.54
ORD504121,1,debit_card,1,395.91
ORD504122,1,wallet,1,399.45
ORD504123,1,net_banking,1,3877.5
ORD504124,1,UPI,1,2479.99
ORD504125,1,COD,1,1810.24
ORD504126,1,UPI,1,3718.38
ORD504127,1,net_banking,1,2214.65
ORD504128,1,COD,1,1182.21
ORD504129,1,debit_card,1,211.07
ORD504130,1,UPI,1,998.08
ORD504131,1,wallet,3,3098.76
ORD504132,1,credit_card,1,3631.89
ORD504133,1,net_banking,1,331.86
ORD504134,1,debit_card,1,1198.41
ORD504135,1,COD,1,982.77
ORD504136,1,wallet,1,1177.95
ORD504137,1,wallet,1,893.11
ORD504138,1,UPI,1,2019.3
ORD504139,1,COD,1,954.18
ORD504140,1,net_banking,1,2645.14
ORD504141,1,debit_card,1,1801.0
ORD504142,1,credit_card,1,3516.65
ORD504142,2,COD,1,1077.3
ORD504143,1,wallet,1,383.05
ORD504144,1,debit_card,1,3173.12
ORD504145,1,credit_card,1,2871.88
ORD504146,1,credit_card,1,2959.13
ORD504147,1,credit_card,1,1207.56
ORD504148,1,credit_card,1,2741.68
ORD504149,1,COD,1,2207.89
ORD504150,1,COD,1,3775.63
ORD504150,2,net_banking,1,2735.79
ORD504151,1,net_banking,1,1396.31
ORD504152,1,COD,1,1591.71
ORD504153,1,credit_card,1,1324.97
ORD504154,1,UPI,1,2080.49
ORD504155,1,wallet,1,3891.65
ORD504156,1,credit_card,9,369.87
ORD504157,1,debit_card,7,3759.16
ORD504158,1,wallet,1,2435.26
ORD504159,1,UPI,1,827.53
ORD504160,1,net_banking,1,2240.97
ORD504161,1,wallet,1,2460.53
ORD504162,1,credit_card,1,1320.61
ORD504163,1,debit_card,1,1282.56
ORD504163,2,COD,1,3794.52
ORD504164,1,net_banking,1,2897.51
ORD504165,1,net_banking,1,367.4
ORD504166,1,UPI,2,3628.9
ORD504167,1,UPI,1,2753.05
ORD504168,1,net_banking,1,1443.89
ORD504169,1,wallet,1,3453.26
ORD504169,2,debit_card,1,2385.63
ORD504170,1,wallet,1,1538.36
ORD504171,1,net_banking,1,3770.03
ORD504172,1,COD,1,3773.69
ORD504172,2,UPI,1,3367.56
ORD504173,1,debit_card,1,838.14
ORD504174,1,credit_card,9,2466.94
ORD504174,2,credit_card,1,1764.32
ORD504175,1,net_banking,1,3272.25
ORD504176,1,credit_card,1,3459.79
ORD504177,1,wallet,1,2129.3
ORD504178,1,COD,2,2748.14
ORD504179,1,COD,1,3713.29
ORD504180,1,net_banking,1,3319.84
ORD504181,1,net_banking,1,2265.46
ORD504182,1,wallet,6,1437.46
ORD504183,1,credit_card,1,3674.17
ORD504184,1,credit_card,1,2743.83
ORD504185,1,net_banking,5,3135.09
ORD504186,1,UPI,1,1556.98
ORD504187,1,credit_card,1,2712.92
ORD504188,1,COD,1,3662.33
ORD504189,1,UPI,1,2895.72
ORD504190,1,credit_card,1,2247.05
ORD504191,1,debit_card,1,1622.79
ORD504192,1,wallet,1,377.53
ORD504193,1,UPI,1,1114.5
ORD504194,1,wallet,10,2471.91
ORD504195,1,wallet,1,3383.96
ORD504195,2,debit_card,1,3903.12
ORD504196,1,debit_card,1,3653.61
ORD504197,1,COD,1,1904.39
ORD504198,1,UPI,1,762.64
ORD504199,1,COD,1,3572.33
ORD504200,1,COD,11,3919.86
ORD504201,1,net_banking,1,2809.41
ORD504202,1,debit_card,1,1774.23
ORD504203,1,UPI,1,1828.31
ORD504204,1,net_banking,9,2886.84
ORD504205,1,credit_card,1,2876.46
ORD504206,1,COD,1,2769.68
ORD504207,1,credit_card,8,1271.91
ORD504208,1,UPI,1,3754.6
ORD504209,1,wallet,1,1733.02
ORD504210,1,debit_card,1,1446.94
ORD504211,1,debit_card,1,2695.28
ORD504211,2,net_banking,7,203.95
ORD504212,1,COD,12,2523.55
ORD504213,1,COD,1,1499.4
ORD504213,2,net_banking,1,979.25
ORD504214,1,UPI,1,289.86
ORD504215,1,debit_card,1,3622.4
ORD504216,1,COD,1,1024.63
ORD504217,1,credit_card,1,3922.09
ORD504218,1,debit_card,1,3367.34
ORD504219,1,debit_card,1,3074.75
ORD504219,2,COD,1,3505.97
ORD504220,1,UPI,1,3987.56
ORD504221,1,debit_card,1,2527.93
ORD504222,1,UPI,9,3990.72
ORD504223,1,net_banking,1,2624.6
ORD504224,1,net_banking,1,663.99
ORD504225,1,UPI,1,3401.36
ORD504226,1,debit_card,1,2774.35
ORD504227,1,net_banking,1,3696.92
ORD504227,2,UPI,1,726.53
ORD504228,1,credit_card,1,2307.16
ORD504229,1,credit_card,1,1963.73
ORD504230,1,debit_card,1,3626.71
ORD504231,1,COD,11,1559.52
ORD504232,1,credit_card,6,2731.68
ORD504233,1,debit_card,1,1362.5
ORD504234,1,net_banking,1,2732.32
ORD504235,1,wallet,9,3790.72
ORD504236,1,wallet,1,3471.15
ORD504237,1,COD,1,2924.08
ORD504238,1,wallet,1,1002.4
ORD504239,1,net_banking,1,2710.64
ORD504240,1,wallet,1,2050.59
ORD504241,1,wallet,1,3962.91
ORD504242,1,net_banking,1,2690.84
ORD504243,1,wallet,1,2226.07
ORD504244,1,wallet,1,3655.69
ORD504244,2,credit_card,1,1815.86
ORD504245,1,debit_card,1,733.9
ORD504246,1,net_banking,1,3384.89
ORD504247,1,net_banking,1,901.23
ORD504248,1,wallet,1,2632.03
ORD504249,1,wallet,9,390.68
ORD504250,1,COD,4,816.11
ORD504251,1,credit_card,1,286.4
ORD504252,1,debit_card,1,795.5
ORD504253,1,credit_card,1,2672.55
ORD504254,1,credit_card,1,1021.3
ORD504255,1,debit_card,1,1521.39
ORD504256,1,UPI,1,1863.59
ORD504257,1,debit_card,1,2563.94
ORD504258,1,COD,1,3878.41
ORD504259,1,wallet,1,3802.78
ORD504260,1,credit_card,1,1511.05
ORD504261,1,net_banking,1,2381.78
ORD504262,1,COD,1,551.93
ORD504263,1,UPI,11,3350.22
ORD504264,1,UPI,1,2510.5
ORD504265,1,COD,12,1077.45
ORD504266,1,wallet,1,1631.28
ORD504267,1,net_banking,1,2159.38
ORD504268,1,debit_card,1,848.79
ORD504269,1,wallet,1,1468.37
ORD504270,1,wallet,1,1380.43
ORD504271,1,credit_card,1,1121.63
ORD504272,1,COD,1,1307.98
ORD504273,1,COD,1,1194.59
ORD504274,1,credit_card,8,348.54
ORD504275,1,UPI,1,2119.59
ORD504276,1,UPI,1,2911.27
ORD504277,1,UPI,1,3381.96
ORD504278,1,wallet,1,3769.43
ORD504279,1,debit_card,1,3619.11
ORD504280,1,wallet,5,1645.34
ORD504281,1,COD,1,3206.56
ORD504282,1,COD,1,1570.84
ORD504283,1,debit_card,1,1953.13
ORD504284,1,wallet,1,490.76
ORD504284,2,UPI,1,2537.62
ORD504285,1,debit_card,1,2800.67
ORD504286,1,net_banking,1,3265.64
ORD504287,1,wallet,1,1429.93
ORD504288,1,COD,1,331.4
ORD504289,1,net_banking,1,573.53
ORD504290,1,credit_card,1,2692.6
ORD504291,1,COD,1,1964.92
ORD504292,1,wallet,4,1213.59
ORD504293,1,UPI,1,1728.86
ORD504294,1,UPI,1,3158.2
ORD504295,1,net_banking,1,578.71
ORD504296,1,UPI,1,258.75
ORD504297,1,credit_card,1,3039.87
ORD504298,1,COD,1,595.62
ORD504299,1,UPI,1,2462.35
ORD504299,2,net_banking,1,1291.69
ORD504300,1,debit_card,1,2916.57
ORD504300,2,net_banking,1,3647.51
ORD504301,1,UPI,1,2149.9
ORD504302,1,net_banking,1,1828.05
ORD504303,1,credit_card,8,1843.82
ORD504304,1,debit_card,1,1398.45
ORD504305,1,COD,1,1274.51
ORD504306,1,COD,1,1633.82
ORD504307,1,wallet,1,2332.63
ORD504308,1,COD,1,2055.87
ORD504309,1,net_banking,1,501.88
ORD504310,1,net_banking,1,1036.38
ORD504311,1,net_banking,1,948.11
ORD504312,1,wallet,1,3090.41
ORD504313,1,net_banking,1,211.05
ORD504314,1,debit_card,1,2229.86
ORD504315,1,credit_card,5,2601.8
ORD504316,1,COD,1,1665.18
ORD504317,1,net_banking,1,3938.32
ORD504318,1,COD,1,3442.95
ORD504319,1,UPI,5,1697.84
ORD504319,2,credit_card,1,2309.45
ORD504320,1,wallet,1,3131.16
ORD504321,1,COD,1,3807.19
ORD504322,1,credit_card,11,522.98
ORD504323,1,UPI,1,359.04
ORD504323,2,net_banking,1,1208.8
ORD504324,1,debit_card,1,2036.86
ORD504324,2,net_banking,1,3328.95
ORD504325,1,wallet,1,2671.53
ORD504326,1,UPI,1,2915.02
ORD504327,1,net_banking,1,3935.86
ORD504328,1,credit_card,1,3924.68
ORD504329,1,UPI,1,1581.66
ORD504330,1,net_banking,6,2168.56
ORD504331,1,UPI,1,482.17
ORD504332,1,net_banking,4,1051.13
ORD504333,1,credit_card,1,429.22
ORD504334,1,net_banking,1,1040.48
ORD504335,1,UPI,1,1087.55
ORD504336,1,debit_card,1,358.46
ORD504337,1,COD,1,2138.65
ORD504338,1,credit_card,1,3148.04
ORD504339,1,wallet,1,2696.79
ORD504340,1,credit_card,1,2659.63
ORD504341,1,net_banking,1,2018.58
ORD504342,1,COD,2,1027.66
ORD504343,1,credit_card,1,1447.93
ORD504344,1,net_banking,1,2938.41
ORD504345,1,UPI,10,1420.69
ORD504346,1,UPI,3,464.13
ORD504347,1,debit_card,1,1261.47
ORD504348,1,credit_card,1,432.6
ORD504349,1,UPI,1,3866.81
ORD504350,1,UPI,1,452.39
ORD504351,1,COD,1,2399.68
ORD504352,1,debit_card,1,2366.93
ORD504353,1,net_banking,1,3479.87
ORD504354,1,net_banking,1,1628.19
ORD504355,1,debit_card,10,2619.25
ORD504356,1,credit_card,1,329.34
ORD504357,1,wallet,2,1852.93
ORD504358,1,net_banking,1,3660.95
ORD504359,1,net_banking,1,3195.12
ORD504360,1,credit_card,1,1422.52
ORD504361,1,credit_card,3,2266.48
ORD504362,1,wallet,1,268.23
ORD504363,1,UPI,9,3512.83
ORD504364,1,wallet,1,2370.4
ORD504365,1,debit_card,1,2404.95
ORD504366,1,wallet,1,667.59
ORD504367,1,wallet,12,3031.12
ORD504368,1,credit_card,1,2091.21
ORD504368,2,debit_card,7,2428.62
ORD504369,1,COD,1,1441.19
ORD504370,1,UPI,1,2561.32
ORD504371,1,wallet,1,1122.26
ORD504372,1,credit_card,1,1895.68
ORD504373,1,UPI,2,2207.93
ORD504374,1,wallet,1,1590.13
ORD504375,1,COD,1,221.22
ORD504376,1,credit_card,1,3942.45
ORD504377,1,UPI,1,1037.27
ORD504377,2,net_banking,1,3929.91
ORD504378,1,wallet,1,2175.63
ORD504379,1,debit_card,10,3330.47
ORD504380,1,debit_card,8,2030.2
ORD504381,1,debit_card,10,974.16
ORD504382,1,debit_card,9,1871.89
ORD504383,1,credit_card,1,3629.59
ORD504384,1,debit_card,1,749.86
ORD504385,1,debit_card,1,3602.3
ORD504386,1,COD,1,2322.6
ORD504387,1,COD,3,456.94
ORD504388,1,net_banking,1,2882.76
ORD504388,2,credit_card,1,1031.9
ORD504389,1,net_banking,1,2844.18
ORD504390,1,credit_card,1,1196.44
ORD504391,1,credit_card,1,1433.11
ORD504392,1,debit_card,1,2983.18
ORD504393,1,wallet,1,3370.79
ORD504394,1,credit_card,1,3254.0
ORD504395,1,credit_card,1,2961.35
ORD504396,1,credit_card,1,3219.57
ORD504397,1,COD,2,1263.18
ORD504398,1,COD,1,342.05
ORD504399,1,wallet,1,414.73
ORD504400,1,wallet,1,2923.45
ORD504400,2,UPI,1,1844.56
ORD504401,1,COD,4,3355.99
ORD504402,1,credit_card,1,3144.53
ORD504403,1,UPI,1,3319.68
ORD504404,1,COD,1,1584.52
ORD504404,2,COD,1,2485.25
ORD504405,1,UPI,1,2350.59
ORD504406,1,wallet,1,2538.96
ORD504407,1,UPI,1,788.24
ORD504408,1,COD,5,2809.12
ORD504409,1,credit_card,1,3595.55
ORD504410,1,debit_card,1,2037.83
ORD504411,1,UPI,1,1474.81
ORD504412,1,debit_card,8,2873.0
ORD504413,1,credit_card,1,3718.96
ORD504414,1,UPI,10,2852.92
ORD504415,1,UPI,10,1588.92
ORD504415,2,UPI,1,2538.26
ORD504416,1,COD,1,3626.29
ORD504417,1,COD,1,3437.16
ORD504418,1,UPI,1,2218.43
ORD504419,1,UPI,1,2360.2
ORD504419,2,debit_card,1,2214.63
ORD504420,1,credit_card,1,2738.48
ORD504421,1,credit_card,1,3097.72
ORD504422,1,debit_card,1,2556.43
ORD504423,1,UPI,1,2163.0
ORD504424,1,wallet,1,2774.61
ORD504425,1,debit_card,1,2051.69
ORD504426,1,COD,1,3482.54
ORD504427,1,UPI,1,2115.36
ORD504428,1,UPI,1,3676.81
ORD504429,1,debit_card,1,2101.31
ORD504430,1,wallet,1,1812.39
ORD504431,1,UPI,1,3858.79
ORD504432,1,debit_card,11,1701.35
ORD504433,1,debit_card,1,1348.53
ORD504434,1,net_banking,1,811.33
ORD504435,1,UPI,1,3589.62
ORD504436,1,credit_card,1,1637.48
ORD504437,1,wallet,1,1744.9
ORD504438,1,credit_card,1,346.92
ORD504439,1,UPI,1,3598.43
ORD504440,1,wallet,1,3880.43
ORD504441,1,UPI,1,2600.03
ORD504442,1,wallet,1,285.74
ORD504443,1,UPI,10,960.96
ORD504444,1,wallet,1,3264.06
ORD504445,1,debit_card,1,2513.5
ORD504446,1,UPI,1,3013.93
ORD504447,1,net_banking,2,3961.81
ORD504448,1,net_banking,8,3205.53
ORD504449,1,wallet,7,3959.2
ORD504450,1,debit_card,1,2230.03
ORD504451,1,COD,2,3356.84
ORD504452,1,wallet,1,3913.83
ORD504452,2,credit_card,1,1847.55
ORD504453,1,wallet,1,1248.66
ORD504453,2,credit_card,1,3521.59
ORD504454,1,debit_card,1,487.16
ORD504455,1,wallet,1,414.65
ORD504456,1,wallet,1,308.44
ORD504456,2,COD,1,3170.7
ORD504457,1,credit_card,1,635.57
ORD504458,1,credit_card,1,1125.94
ORD504459,1,UPI,1,2864.81
ORD504460,1,credit_card,3,1559.41
ORD504461,1,UPI,1,3674.63
ORD504462,1,COD,1,3872.72
ORD504462,2,wallet,5,274.04
ORD504463,1,wallet,1,2564.13
ORD504464,1,debit_card,1,3566.45
ORD504465,1,wallet,1,3006.22
ORD504466,1,credit_card,1,3167.96
ORD504467,1,UPI,1,2361.52
ORD504468,1,wallet,1,681.98
ORD504469,1,wallet,1,223.35
ORD504470,1,credit_card,1,2080.97
ORD504470,2,UPI,11,560.54
ORD504471,1,UPI,1,2321.86
ORD504472,1,credit_card,1,3402.02
ORD504473,1,debit_card,1,1886.89
ORD504474,1,UPI,1,3348.07
ORD504475,1,net_banking,1,1840.35
ORD504476,1,credit_card,1,3610.68
ORD504477,1,wallet,10,3350.89
ORD504478,1,UPI,2,1649.66
ORD504478,2,COD,1,3342.11
ORD504479,1,COD,12,818.72
ORD504480,1,COD,1,2029.13
ORD504481,1,UPI,1,2468.44
ORD504482,1,COD,1,2200.68
ORD504482,2,COD,1,2416.12
ORD504483,1,credit_card,1,1788.31
ORD504484,1,UPI,1,1494.24
ORD504485,1,net_banking,1,1967.99
ORD504486,1,wallet,1,872.63
ORD504487,1,UPI,1,2566.36
ORD504488,1,COD,1,3298.4
ORD504489,1,UPI,1,1204.26
ORD504490,1,credit_card,1,1139.46
ORD504491,1,debit_card,1,2778.24
ORD504492,1,UPI,1,713.04
ORD504493,1,COD,1,601.92
ORD504494,1,debit_card,1,911.24
ORD504495,1,wallet,1,2710.98
ORD504496,1,UPI,1,3969.13
ORD504497,1,UPI,1,3884.79
ORD504498,1,debit_card,1,1464.0
ORD504498,2,wallet,1,375.33
ORD504499,1,debit_card,1,1578.72
ORD504500,1,net_banking,1,2016.62
ORD504501,1,net_banking,1,584.21
ORD504502,1,UPI,1,1022.95
ORD504503,1,debit_card,1,2879.92
ORD504504,1,UPI,1,1034.29
ORD504504,2,wallet,1,1553.18
ORD504505,1,net_banking,1,591.94
ORD504506,1,UPI,1,1612.17
ORD504507,1,UPI,1,896.29
ORD504508,1,COD,1,2562.03
ORD504509,1,COD,1,1139.84
ORD504510,1,UPI,1,1354.9
ORD504511,1,net_banking,8,1946.67
ORD504512,1,wallet,1,3218.5
ORD504513,1,net_banking,1,3731.75
ORD504513,2,credit_card,1,1335.42
ORD504514,1,UPI,1,948.54
ORD504515,1,net_banking,1,3786.59
ORD504516,1,wallet,1,3607.4
ORD504516,2,debit_card,3,1017.32
ORD504517,1,net_banking,3,3153.17
ORD504518,1,net_banking,1,2864.52
ORD504518,2,net_banking,1,991.54
ORD504519,1,wallet,1,1934.93
ORD504519,2,credit_card,1,2653.63
ORD504520,1,UPI,1,1592.07
ORD504521,1,UPI,12,1095.13
ORD504522,1,credit_card,1,2368.42
ORD504523,1,credit_card,1,1037.63
ORD504524,1,debit_card,2,1862.32
ORD504525,1,debit_card,1,647.49
ORD504526,1,net_banking,1,1553.79
ORD504527,1,debit_card,1,3178.05
ORD504528,1,UPI,1,3357.3
ORD504529,1,net_banking,1,935.29
ORD504529,2,net_banking,1,3897.46
ORD504530,1,UPI,1,3755.25
ORD504531,1,UPI,8,281.5
ORD504532,1,UPI,1,3581.27
ORD504533,1,credit_card,1,2307.5
ORD504534,1,UPI,1,3546.97
ORD504535,1,COD,1,279.16
ORD504536,1,debit_card,9,2485.48
ORD504537,1,net_banking,1,2868.03
ORD504538,1,wallet,5,959.85
ORD504538,2,UPI,1,218.19
ORD504539,1,debit_card,1,2338.11
ORD504540,1,UPI,1,3851.22
ORD504541,1,credit_card,1,3054.77
ORD504542,1,net_banking,1,1993.47
ORD504543,1,COD,1,846.23
ORD504543,2,credit_card,1,2688.7
ORD504544,1,COD,1,3073.63
ORD504544,2,net_banking,1,677.68
ORD504545,1,COD,1,255.63
ORD504546,1,net_banking,1,2892.9
ORD504547,1,net_banking,1,871.3
ORD504548,1,COD,1,569.15
ORD504549,1,UPI,4,3168.72
ORD504550,1,UPI,6,2028.11
ORD504551,1,credit_card,1,3919.96
ORD504552,1,debit_card,1,845.66
ORD504553,1,UPI,1,1252.75
ORD504554,1,debit_card,1,2067.77
ORD504554,2,net_banking,1,1425.06
ORD504555,1,COD,1,1145.46
ORD504555,2,credit_card,8,1732.28
ORD504556,1,credit_card,1,1980.14
ORD504557,1,net_banking,1,3516.54
ORD504558,1,wallet,12,2626.22
ORD504559,1,COD,1,2487.58
ORD504560,1,net_banking,1,527.83
ORD504561,1,COD,1,884.91
ORD504562,1,UPI,1,1344.33
ORD504563,1,credit_card,9,3626.06
ORD504563,2,credit_card,1,3580.72
ORD504564,1,net_banking,6,3421.86
ORD504564,2,credit_card,1,2941.35
ORD504565,1,COD,1,653.99
ORD504566,1,credit_card,1,576.68
ORD504567,1,wallet,10,307.85
ORD504568,1,wallet,1,1430.63
ORD504569,1,wallet,1,659.94
ORD504570,1,credit_card,1,1518.19
ORD504571,1,net_banking,1,947.98
ORD504571,2,COD,1,2791.38
ORD504572,1,wallet,10,1175.98
ORD504573,1,debit_card,1,907.85
ORD504574,1,wallet,1,507.1
ORD504575,1,credit_card,1,861.76
ORD504576,1,net_banking,1,2654.14
ORD504577,1,UPI,2,1117.26
ORD504578,1,wallet,1,2903.6
ORD504579,1,net_banking,1,2088.68
ORD504580,1,UPI,1,1599.65
ORD504581,1,UPI,1,2241.1
ORD504582,1,credit_card,1,1317.15
ORD504582,2,COD,12,3329.31
ORD504583,1,wallet,1,2683.19
ORD504584,1,wallet,1,2042.49
ORD504585,1,COD,1,2847.51
ORD504586,1,COD,1,347.88
ORD504586,2,net_banking,1,3606.04
ORD504587,1,net_banking,1,815.69
ORD504588,1,debit_card,1,937.94
ORD504588,2,UPI,1,2302.73
ORD504589,1,debit_card,1,3548.45
ORD504590,1,net_banking,1,261.73
ORD504591,1,UPI,1,764.79
ORD504592,1,credit_card,1,3477.72
ORD504593,1,COD,1,1390.48
ORD504594,1,wallet,1,630.7
ORD504595,1,net_banking,1,3533.77
ORD504595,2,COD,1,3439.19
ORD504596,1,debit_card,1,2496.39
ORD504597,1,wallet,1,841.21
ORD504598,1,net_banking,11,3201.1
ORD504599,1,net_banking,1,792.59
ORD504600,1,debit_card,1,2231.91
ORD504601,1,wallet,1,395.06
ORD504602,1,wallet,1,3947.37
ORD504603,1,COD,2,2734.51
ORD504603,2,wallet,1,784.2
ORD504604,1,debit_card,1,1308.56
ORD504605,1,net_banking,1,2557.1
ORD504606,1,net_banking,1,260.21
ORD504607,1,debit_card,1,2874.76
ORD504608,1,net_banking,1,2480.6
ORD504609,1,debit_card,1,3255.4
ORD504610,1,net_banking,1,2328.83
ORD504611,1,COD,1,1101.99
ORD504612,1,debit_card,3,1398.32
ORD504613,1,wallet,1,2175.65
ORD504614,1,credit_card,1,3244.5
ORD504615,1,UPI,1,221.6
ORD504616,1,UPI,1,277.13
ORD504617,1,UPI,6,834.43
ORD504618,1,COD,1,2799.98
ORD504619,1,UPI,1,1015.32
ORD504620,1,wallet,1,353.16
ORD504621,1,wallet,1,1111.62
ORD504622,1,UPI,1,755.53
ORD504623,1,debit_card,3,317.47
ORD504624,1,debit_card,1,3780.24
ORD504625,1,debit_card,9,2602.34
ORD504625,2,wallet,1,634.46
ORD504626,1,wallet,1,3609.65
ORD504627,1,net_banking,1,3655.89
ORD504628,1,COD,1,2022.05
ORD504629,1,UPI,1,1677.15
ORD504630,1,net_banking,3,2638.8
ORD504631,1,UPI,11,761.25
ORD504632,1,credit_card,1,2112.8
ORD504633,1,credit_card,1,3818.85
ORD504634,1,credit_card,1,3482.76
ORD504635,1,wallet,7,2493.1
ORD504636,1,wallet,1,3996.0
ORD504637,1,net_banking,1,1518.17
ORD504638,1,wallet,1,2398.14
ORD504639,1,wallet,1,1338.55
ORD504640,1,net_banking,1,657.35
ORD504641,1,UPI,1,943.56
ORD504642,1,net_banking,1,1901.71
ORD504643,1,net_banking,1,1447.74
ORD504644,1,net_banking,1,2149.0
ORD504645,1,credit_card,1,3587.48
ORD504646,1,debit_card,1,721.65
ORD504647,1,COD,1,1068.72
ORD504648,1,wallet,1,2900.75
ORD504649,1,COD,1,3220.36
ORD504650,1,UPI,1,3682.56
ORD504651,1,debit_card,1,1411.62
ORD504652,1,net_banking,1,253.16
ORD504653,1,wallet,1,3947.88
ORD504654,1,wallet,1,3164.52
ORD504655,1,debit_card,1,2690.38
ORD504656,1,UPI,1,1100.86
ORD504657,1,UPI,1,872.67
ORD504658,1,wallet,1,298.7
ORD504658,2,credit_card,1,2842.69
ORD504659,1,debit_card,1,436.58
ORD504659,2,UPI,1,2363.67
ORD504660,1,net_banking,1,3788.92
ORD504661,1,COD,1,2021.97
ORD504662,1,COD,2,298.0
ORD504663,1,debit_card,1,1131.1
ORD504664,1,net_banking,1,584.14
ORD504665,1,wallet,1,3210.09
ORD504665,2,COD,1,861.85
ORD504666,1,COD,1,852.58
ORD504667,1,net_banking,1,503.82
ORD504668,1,debit_card,1,2737.28
ORD504669,1,credit_card,1,403.76
ORD504670,1,net_banking,1,1440.0
ORD504671,1,COD,1,2910.84
ORD504672,1,debit_card,1,3148.6
ORD504673,1,COD,1,3920.69
ORD504674,1,credit_card,9,1271.7
ORD504675,1,credit_card,1,3792.59
ORD504676,1,credit_card,1,2327.6
ORD504677,1,wallet,1,3686.89
ORD504678,1,net_banking,1,2983.74
ORD504679,1,debit_card,1,2626.11
ORD504680,1,UPI,1,3482.77
ORD504680,2,net_banking,1,3117.42
ORD504681,1,wallet,1,835.9
ORD504682,1,debit_card,1,2668.76
ORD504683,1,wallet,1,2480.94
ORD504684,1,net_banking,7,3954.28
ORD504685,1,COD,1,2639.52
ORD504686,1,wallet,1,484.94
ORD504687,1,wallet,1,564.25
ORD504688,1,UPI,1,1707.33
ORD504689,1,debit_card,1,3922.97
ORD504690,1,credit_card,1,2544.67
ORD504691,1,net_banking,1,3508.82
ORD504692,1,net_banking,1,207.46
ORD504693,1,net_banking,1,3463.88
ORD504694,1,credit_card,1,369.31
ORD504695,1,wallet,1,3377.05
ORD504696,1,net_banking,11,1377.43
ORD504697,1,credit_card,1,2703.51
ORD504698,1,credit_card,1,245.12
ORD504699,1,debit_card,1,635.56
ORD504699,2,credit_card,1,2277.95
ORD504700,1,debit_card,1,459.87
ORD504701,1,COD,5,3310.17
ORD504702,1,UPI,1,3967.28
ORD504703,1,UPI,1,899.59
ORD504704,1,credit_card,1,2447.19
ORD504705,1,COD,1,2615.71
ORD504706,1,net_banking,1,907.49
ORD504707,1,debit_card,1,667.24
ORD504708,1,debit_card,1,3115.83
ORD504709,1,UPI,6,2026.95
ORD504710,1,net_banking,1,2545.29
ORD504710,2,debit_card,10,888.5
ORD504711,1,COD,5,485.81
ORD504712,1,net_banking,1,3781.8
ORD504713,1,debit_card,1,1246.67
ORD504714,1,UPI,4,1499.14
ORD504715,1,COD,1,1558.06
ORD504715,2,net_banking,1,1652.42
ORD504716,1,UPI,1,1091.6
ORD504717,1,debit_card,1,3866.18
ORD504718,1,COD,2,1183.0
ORD504719,1,debit_card,1,1566.67
ORD504720,1,credit_card,1,2361.05
ORD504721,1,wallet,1,939.93
ORD504721,2,credit_card,1,3429.66
ORD504722,1,COD,6,3153.95
ORD504723,1,credit_card,1,871.11
ORD504724,1,COD,1,385.53
ORD504725,1,credit_card,1,856.14
ORD504726,1,debit_card,1,3785.58
ORD504727,1,UPI,5,2533.46
ORD504728,1,UPI,1,881.78
ORD504729,1,COD,1,544.64
ORD504729,2,credit_card,1,3256.45
ORD504730,1,credit_card,1,3531.61
ORD504731,1,UPI,11,3947.47
ORD504732,1,credit_card,1,3651.73
ORD504733,1,debit_card,1,1672.44
ORD504734,1,debit_card,1,2213.9
ORD504735,1,debit_card,1,2767.23
ORD504736,1,net_banking,11,3041.3
ORD504737,1,debit_card,1,1156.74
ORD504738,1,UPI,1,268.21
ORD504739,1,debit_card,1,3480.98
ORD504740,1,debit_card,1,2658.75
ORD504741,1,COD,1,788.29
ORD504742,1,debit_card,9,2402.07
ORD504742,2,net_banking,1,323.45
ORD504743,1,wallet,1,2362.83
ORD504744,1,wallet,1,3324.61
ORD504745,1,debit_card,3,378.18
ORD504745,2,net_banking,1,3454.52
ORD504746,1,debit_card,1,924.38
ORD504747,1,wallet,1,3096.65
ORD504748,1,wallet,1,288.35
ORD504749,1,UPI,1,1742.16
ORD504750,1,COD,1,2913.26
ORD504751,1,debit_card,1,3642.39
ORD504752,1,wallet,1,2598.97
ORD504753,1,wallet,1,2905.28
ORD504754,1,COD,1,2560.87
ORD504755,1,net_banking,1,3873.99
ORD504756,1,credit_card,1,3152.25
ORD504757,1,wallet,1,1965.93
ORD504758,1,UPI,1,2671.78
ORD504759,1,debit_card,1,3677.49
ORD504760,1,credit_card,1,2547.88
ORD504761,1,net_banking,11,3877.58
ORD504762,1,debit_card,1,1539.3
ORD504763,1,credit_card,1,2437.49
ORD504764,1,net_banking,1,3509.88
ORD504765,1,UPI,5,1388.13
ORD504766,1,wallet,12,2315.4
ORD504767,1,wallet,1,866.82
ORD504767,2,credit_card,1,1510.73
ORD504768,1,COD,1,3088.61
ORD504769,1,COD,1,1044.63
ORD504770,1,debit_card,1,2007.79
ORD504771,1,COD,1,3443.35
ORD504772,1,net_banking,1,534.59
ORD504773,1,credit_card,1,3883.59
ORD504774,1,COD,1,754.58
ORD504775,1,UPI,6,334.39
ORD504776,1,debit_card,1,2231.99
ORD504777,1,UPI,1,2034.44
ORD504778,1,UPI,1,1203.23
ORD504779,1,COD,1,3053.64
ORD504780,1,debit_card,1,3481.73
ORD504781,1,net_banking,1,1404.44
ORD504781,2,credit_card,1,552.2
ORD504782,1,net_banking,1,2866.81
ORD504783,1,net_banking,1,1681.35
ORD504784,1,net_banking,1,2232.08
ORD504785,1,net_banking,1,1675.98
ORD504786,1,credit_card,1,1019.64
ORD504787,1,wallet,7,3948.8
ORD504788,1,UPI,1,3730.11
ORD504789,1,credit_card,1,3196.69
ORD504790,1,COD,1,1897.71
ORD504791,1,credit_card,1,3996.42
ORD504792,1,debit_card,1,1461.14
ORD504793,1,debit_card,1,2715.33
ORD504794,1,wallet,1,3658.53
ORD504795,1,COD,1,1216.86
ORD504796,1,wallet,1,1470.23
ORD504797,1,credit_card,1,703.99
ORD504798,1,UPI,1,3389.72
ORD504799,1,debit_card,1,1812.3
ORD504800,1,net_banking,1,687.9
ORD504801,1,net_banking,1,3197.09
ORD504802,1,UPI,1,3293.88
ORD504803,1,UPI,1,1830.84
ORD504804,1,COD,1,1134.7
ORD504805,1,net_banking,1,3015.11
ORD504806,1,UPI,1,1087.92
ORD504807,1,UPI,1,731.55
ORD504808,1,debit_card,12,3683.38
ORD504809,1,net_banking,1,1750.41
ORD504810,1,net_banking,8,2170.16
ORD504810,2,net_banking,1,2611.15
ORD504811,1,wallet,1,1151.89
ORD504811,2,wallet,1,2744.2
ORD504812,1,net_banking,1,3275.37
ORD504813,1,wallet,1,281.0
ORD504814,1,wallet,5,899.01
ORD504815,1,net_banking,1,258.73
ORD504816,1,net_banking,1,1671.08
ORD504817,1,debit_card,8,2001.72
ORD504818,1,debit_card,1,3364.18
ORD504819,1,net_banking,1,1650.02
ORD504820,1,wallet,1,2476.24
ORD504821,1,net_banking,1,3859.69
ORD504822,1,wallet,1,1091.73
ORD504823,1,net_banking,1,693.97
ORD504824,1,COD,1,3752.07
ORD504825,1,net_banking,1,1091.57
ORD504826,1,debit_card,1,969.64
ORD504827,1,credit_card,1,1455.12
ORD504828,1,net_banking,1,1521.16
ORD504829,1,UPI,1,2524.45
ORD504830,1,credit_card,1,1699.35
ORD504830,2,debit_card,2,366.19
ORD504831,1,net_banking,11,3679.91
ORD504832,1,net_banking,1,3787.67
ORD504833,1,wallet,1,1240.37
ORD504834,1,debit_card,10,3542.94
ORD504835,1,wallet,1,463.32
ORD504836,1,credit_card,1,1160.22
ORD504837,1,wallet,1,681.32
ORD504838,1,COD,7,2559.7
ORD504839,1,wallet,1,1087.7
ORD504840,1,COD,1,2707.46
ORD504841,1,credit_card,1,2973.7
ORD504842,1,net_banking,1,1072.13
ORD504843,1,wallet,1,433.13
ORD504844,1,net_banking,1,2282.18
ORD504844,2,COD,1,3077.19
ORD504845,1,COD,1,856.75
ORD504846,1,credit_card,1,3252.26
ORD504847,1,debit_card,5,327.71
ORD504848,1,credit_card,1,1554.58
ORD504849,1,net_banking,1,3165.25
ORD504850,1,debit_card,1,1219.24
ORD504851,1,net_banking,1,3984.82
ORD504852,1,net_banking,1,385.73
ORD504853,1,credit_card,1,1731.28
ORD504854,1,debit_card,1,964.86
ORD504855,1,COD,1,1029.32
ORD504856,1,net_banking,1,1089.19
ORD504857,1,wallet,1,284.63
ORD504857,2,net_banking,1,729.01
ORD504858,1,wallet,1,2802.81
ORD504859,1,wallet,1,1060.06
ORD504860,1,credit_card,1,2202.53
ORD504860,2,debit_card,1,2174.19
ORD504861,1,debit_card,3,3185.35
ORD504862,1,UPI,12,3684.8
ORD504863,1,COD,1,2270.75
ORD504864,1,wallet,1,3896.51
ORD504865,1,COD,1,2931.16
ORD504866,1,wallet,1,298.13
ORD504867,1,wallet,1,1311.12
ORD504868,1,net_banking,1,2646.1
ORD504868,2,net_banking,1,522.75
ORD504869,1,credit_card,7,3623.54
ORD504870,1,wallet,12,3155.57
ORD504870,2,credit_card,11,1463.15
ORD504871,1,debit_card,1,2696.89
ORD504872,1,UPI,9,1252.51
ORD504873,1,debit_card,9,2374.03
ORD504874,1,debit_card,1,1966.37
ORD504875,1,COD,1,1952.56
ORD504876,1,wallet,1,2470.93
ORD504877,1,UPI,1,2355.58
ORD504878,1,net_banking,1,1076.34
ORD504879,1,UPI,1,894.63
ORD504880,1,debit_card,10,3265.98
ORD504881,1,COD,1,2979.96
ORD504882,1,wallet,1,2867.47
ORD504883,1,COD,1,2020.04
ORD504884,1,wallet,1,2588.38
ORD504885,1,wallet,11,625.19
ORD504885,2,credit_card,1,825.05
ORD504886,1,UPI,1,3951.36
ORD504887,1,debit_card,1,3718.52
ORD504888,1,debit_card,4,2560.71
ORD504889,1,credit_card,1,219.32
ORD504890,1,UPI,1,3964.63
ORD504891,1,debit_card,5,3753.13
ORD504892,1,wallet,1,2083.05
ORD504892,2,credit_card,1,455.34
ORD504893,1,credit_card,1,3912.17
ORD504893,2,net_banking,12,1581.21
ORD504894,1,COD,1,2093.8
ORD504895,1,net_banking,10,2166.8
ORD504896,1,credit_card,1,815.18
ORD504897,1,net_banking,1,1808.72
ORD504898,1,UPI,1,2713.61
ORD504899,1,UPI,1,3329.99
ORD504900,1,credit_card,1,2586.89
ORD504901,1,wallet,1,494.27
ORD504902,1,UPI,1,3837.73
ORD504903,1,credit_card,1,1815.57
ORD504903,2,UPI,1,1838.6
ORD504904,1,credit_card,1,2273.77
ORD504905,1,UPI,2,1327.05
ORD504906,1,net_banking,5,2793.65
ORD504907,1,COD,1,3719.64
ORD504908,1,UPI,1,588.93
ORD504908,2,wallet,1,1080.02
ORD504909,1,wallet,1,2872.54
ORD504910,1,wallet,1,1334.26
ORD504911,1,UPI,1,1201.87
ORD504912,1,UPI,1,748.97
ORD504913,1,wallet,9,3916.48
ORD504913,2,debit_card,1,953.89
ORD504914,1,debit_card,1,1928.35
ORD504915,1,UPI,1,947.87
ORD504916,1,wallet,1,993.09
ORD504917,1,UPI,1,1731.24
ORD504918,1,net_banking,1,3821.31
ORD504918,2,debit_card,12,622.39
ORD504919,1,net_banking,1,3108.71
ORD504920,1,UPI,1,1396.5
ORD504921,1,net_banking,1,3829.82
ORD504922,1,net_banking,1,3653.45
ORD504923,1,UPI,1,2994.65
ORD504924,1,COD,1,3103.87
ORD504925,1,credit_card,1,2610.9
ORD504926,1,debit_card,1,3463.61
ORD504927,1,UPI,1,2321.67
ORD504928,1,net_banking,1,3000.84
ORD504929,1,net_banking,1,489.82
ORD504930,1,credit_card,1,3546.53
ORD504931,1,UPI,1,3164.87
ORD504931,2,UPI,1,2888.43
ORD504932,1,debit_card,1,1574.77
ORD504933,1,credit_card,1,3994.92
ORD504934,1,credit_card,1,819.57
ORD504935,1,net_banking,6,2888.56
ORD504936,1,net_banking,9,966.09
ORD504937,1,COD,1,1687.07
ORD504937,2,net_banking,1,3203.28
ORD504938,1,credit_card,1,3259.54
ORD504939,1,wallet,1,2973.02
ORD504940,1,credit_card,1,1151.01
ORD504941,1,credit_card,1,3010.31
ORD504941,2,wallet,1,3524.46
ORD504942,1,UPI,1,221.97
ORD504943,1,COD,1,2815.45
ORD504944,1,net_banking,11,1139.56
ORD504945,1,credit_card,1,2383.28
ORD504946,1,wallet,6,3423.36
ORD504947,1,wallet,1,1544.42
ORD504948,1,COD,1,1360.72
ORD504949,1,COD,4,1105.72
ORD504950,1,credit_card,1,3621.84
ORD504951,1,debit_card,1,2521.49
ORD504952,1,credit_card,1,755.85
ORD504953,1,COD,1,1388.07
ORD504954,1,wallet,11,2255.11
ORD504955,1,UPI,10,318.8
ORD504956,1,credit_card,1,1281.16
ORD504957,1,credit_card,1,1596.43
ORD504958,1,wallet,5,3525.83
ORD504959,1,COD,1,738.94
ORD504960,1,debit_card,1,3879.1
ORD504961,1,net_banking,1,3809.26
ORD504962,1,wallet,1,1700.09
ORD504963,1,net_banking,6,2282.72
ORD504963,2,COD,1,3268.64
ORD504964,1,debit_card,1,3426.92
ORD504965,1,credit_card,1,2933.49
ORD504966,1,wallet,1,3468.92
ORD504967,1,net_banking,1,1871.4
ORD504968,1,UPI,1,961.05
ORD504969,1,wallet,10,2528.26
ORD504970,1,debit_card,1,3221.14
ORD504971,1,UPI,1,2758.7
ORD504972,1,credit_card,1,265.09
ORD504972,2,net_banking,1,1668.9
ORD504973,1,net_banking,1,1470.49
ORD504974,1,credit_card,1,1169.24
ORD504975,1,net_banking,1,523.38
ORD504976,1,credit_card,7,245.36
ORD504977,1,wallet,1,3699.41
ORD504978,1,debit_card,1,1424.03
ORD504979,1,COD,1,2497.4
ORD504980,1,COD,1,1180.18
ORD504981,1,wallet,1,1624.9
ORD504982,1,credit_card,1,1973.97
ORD504983,1,UPI,1,1877.95
ORD504984,1,COD,1,3654.91
ORD504985,1,debit_card,1,1225.62
ORD504986,1,wallet,1,617.57
ORD504987,1,credit_card,1,1878.31
ORD504988,1,debit_card,1,2511.15
ORD504989,1,debit_card,1,3645.56
ORD504990,1,wallet,1,1623.59
ORD504991,1,UPI,1,469.08
ORD504991,2,COD,1,1415.13
ORD504992,1,credit_card,1,2637.63
ORD504992,2,UPI,8,3983.45
ORD504993,1,net_banking,4,2822.08
ORD504994,1,debit_card,1,2232.12
ORD504995,1,debit_card,1,3034.6
ORD504996,1,net_banking,3,1899.46
ORD504997,1,debit_card,1,1579.08
ORD504998,1,debit_card,1,2376.16
ORD504998,2,net_banking,1,2212.48
ORD504999,1,credit_card,1,3878.63
ORD505000,1,net_banking,1,939.46
ORD505001,1,net_banking,8,2038.2
ORD505002,1,net_banking,1,2867.73
ORD505003,1,UPI,1,1844.29
ORD505004,1,UPI,1,2127.57
ORD505005,1,UPI,1,3769.05
ORD505006,1,debit_card,3,700.4
ORD505007,1,debit_card,1,1694.92
ORD505008,1,credit_card,1,936.52
ORD505009,1,net_banking,1,1718.25
ORD505010,1,wallet,1,1598.83
ORD505011,1,net_banking,1,3758.03
ORD505012,1,credit_card,1,3184.98
ORD505013,1,net_banking,1,604.08
ORD505014,1,UPI,1,1523.85
ORD505015,1,credit_card,1,1156.07
ORD505016,1,COD,1,2385.21
ORD505017,1,wallet,1,1772.13
ORD505018,1,UPI,1,3766.71
ORD505019,1,debit_card,1,1536.67
ORD505020,1,debit_card,1,1034.1
ORD505021,1,debit_card,1,3959.01
ORD505022,1,net_banking,1,384.67
ORD505023,1,debit_card,1,1165.94
ORD505024,1,COD,1,3930.45
ORD505025,1,wallet,1,737.11
ORD505026,1,wallet,1,1408.52
ORD505027,1,wallet,1,666.36
ORD505028,1,net_banking,1,2344.85
ORD505028,2,credit_card,1,2924.41
ORD505029,1,debit_card,1,1443.41
ORD505030,1,wallet,7,2947.89
ORD505031,1,debit_card,1,1165.16
ORD505032,1,net_banking,1,2607.54
ORD505033,1,net_banking,1,3777.55
ORD505034,1,UPI,1,1503.71
ORD505035,1,net_banking,1,642.81
ORD505036,1,credit_card,1,1793.73
ORD505037,1,debit_card,1,3567.13
ORD505038,1,debit_card,1,3461.7
ORD505039,1,net_banking,1,2789.4
ORD505040,1,wallet,12,436.43
ORD505041,1,COD,1,865.74
ORD505042,1,debit_card,1,2363.53
ORD505043,1,UPI,1,3101.97
ORD505044,1,wallet,1,592.84
ORD505045,1,COD,4,361.74
ORD505046,1,debit_card,1,2611.43
ORD505047,1,credit_card,1,342.43
ORD505048,1,credit_card,1,2022.66
ORD505048,2,UPI,1,486.21
ORD505049,1,net_banking,1,493.81
ORD505050,1,UPI,1,774.76
ORD505051,1,COD,1,604.16
ORD505052,1,debit_card,1,1615.37
ORD505053,1,UPI,1,3089.6
ORD505054,1,COD,1,3739.83
ORD505055,1,debit_card,1,2766.9
ORD505056,1,UPI,1,271.91
ORD505057,1,UPI,1,598.98
ORD505058,1,UPI,1,2906.45
ORD505059,1,UPI,1,1315.61
ORD505060,1,UPI,1,1620.87
ORD505061,1,debit_card,1,2828.81
ORD505062,1,debit_card,12,3342.76
ORD505063,1,COD,5,2381.99
ORD505064,1,net_banking,10,1005.51
ORD505065,1,net_banking,1,2910.77
ORD505066,1,UPI,1,521.64
ORD505067,1,net_banking,12,2501.56
ORD505068,1,debit_card,1,2178.54
ORD505069,1,UPI,1,3473.36
ORD505070,1,UPI,1,1806.02
ORD505071,1,net_banking,1,2849.29
ORD505072,1,UPI,8,1992.23
ORD505073,1,wallet,1,2004.75
ORD505074,1,credit_card,1,3963.41
ORD505074,2,wallet,1,3424.24
ORD505075,1,net_banking,1,2292.38
ORD505076,1,wallet,1,3089.74
ORD505077,1,COD,1,2453.25
ORD505078,1,wallet,1,2287.51
ORD505079,1,net_banking,5,376.97
ORD505080,1,UPI,1,2005.99
ORD505081,1,credit_card,1,3102.36
ORD505082,1,UPI,1,3488.49
ORD505083,1,net_banking,1,3545.24
ORD505084,1,net_banking,1,1682.72
ORD505085,1,net_banking,1,3965.54
ORD505086,1,net_banking,1,1324.51
ORD505086,2,credit_card,1,652.41
ORD505087,1,net_banking,7,1204.83
ORD505087,2,wallet,1,2240.12
ORD505088,1,credit_card,1,2919.51
ORD505089,1,wallet,1,2471.54
ORD505089,2,debit_card,5,287.73
ORD505090,1,credit_card,1,2950.81
ORD505091,1,credit_card,1,2330.69
ORD505092,1,UPI,1,2972.4
ORD505093,1,COD,1,2093.64
ORD505094,1,COD,1,3857.26
ORD505095,1,credit_card,1,2109.08
ORD505096,1,debit_card,1,2319.35
ORD505096,2,debit_card,1,3801.4
ORD505097,1,wallet,1,2591.67
ORD505098,1,debit_card,1,1243.18
ORD505099,1,credit_card,1,866.3
ORD505100,1,UPI,1,3371.3
ORD505101,1,credit_card,1,2013.5
ORD505102,1,COD,1,3860.35
ORD505103,1,wallet,7,3714.34
ORD505104,1,wallet,1,2644.04
ORD505105,1,UPI,1,1898.09
ORD505105,2,UPI,10,2764.89
ORD505106,1,credit_card,1,2883.54
ORD505107,1,net_banking,1,3574.0
ORD505108,1,wallet,1,388.91
ORD505109,1,wallet,1,1261.76
ORD505110,1,net_banking,1,2465.42
ORD505110,2,UPI,1,785.16
ORD505111,1,net_banking,1,779.53
ORD505112,1,UPI,1,2304.82
ORD505113,1,wallet,1,3450.78
ORD505113,2,wallet,1,3557.68
ORD505114,1,UPI,8,599.7
ORD505115,1,UPI,1,2528.19
ORD505116,1,net_banking,1,3713.13
ORD505117,1,UPI,1,1924.59
ORD505118,1,net_banking,1,243.23
ORD505119,1,debit_card,1,295.19
ORD505120,1,net_banking,1,1327.43
ORD505121,1,credit_card,1,3327.13
ORD505122,1,credit_card,6,1875.92
ORD505123,1,UPI,1,658.51
ORD505124,1,COD,1,2783.5
ORD505125,1,UPI,1,579.63
ORD505126,1,net_banking,1,1194.38
ORD505127,1,wallet,1,887.92
ORD505128,1,net_banking,1,464.0
ORD505129,1,debit_card,10,3835.66
ORD505130,1,net_banking,1,2191.86
ORD505131,1,debit_card,1,966.94
ORD505132,1,UPI,2,363.47
ORD505133,1,COD,1,2972.27
ORD505134,1,debit_card,1,3429.84
ORD505135,1,UPI,1,1196.42
ORD505135,2,UPI,1,1534.42
ORD505136,1,debit_card,1,344.77
ORD505137,1,credit_card,12,2337.11
ORD505138,1,debit_card,1,1210.17
ORD505139,1,COD,1,1772.66
ORD505140,1,net_banking,1,542.53
ORD505141,1,wallet,1,2153.72
ORD505142,1,debit_card,1,222.32
ORD505143,1,wallet,9,2806.78
ORD505144,1,UPI,1,2431.18
ORD505144,2,credit_card,1,1277.35
ORD505145,1,COD,1,1124.69
ORD505146,1,net_banking,1,3458.99
ORD505147,1,debit_card,1,2562.5
ORD505148,1,wallet,1,1425.9
ORD505149,1,net_banking,1,2238.1
ORD505150,1,UPI,1,2622.36
ORD505151,1,credit_card,1,3197.04
ORD505152,1,UPI,1,1042.19
ORD505153,1,UPI,1,796.8
ORD505154,1,credit_card,1,3556.58
ORD505155,1,COD,4,1476.33
ORD505156,1,debit_card,1,3426.53
ORD505157,1,COD,1,1704.87
ORD505158,1,debit_card,1,1208.69
ORD505158,2,wallet,1,2966.54
ORD505159,1,wallet,1,1304.83
ORD505160,1,credit_card,1,1867.67
ORD505161,1,net_banking,1,3261.67
ORD505162,1,net_banking,1,1786.35
ORD505163,1,debit_card,1,2626.45
ORD505164,1,UPI,1,3256.3
ORD505165,1,debit_card,1,1521.07
ORD505166,1,credit_card,1,1258.1
ORD505167,1,debit_card,1,1934.63
ORD505168,1,credit_card,1,3783.35
ORD505169,1,credit_card,1,3473.82
ORD505170,1,net_banking,1,3414.44
ORD505171,1,net_banking,1,828.99
ORD505172,1,wallet,1,653.81
ORD505173,1,UPI,5,3142.29
ORD505174,1,net_banking,1,3816.02
ORD505175,1,COD,1,1174.33
ORD505176,1,net_banking,1,1821.55
ORD505177,1,COD,1,2644.37
ORD505178,1,net_banking,1,3795.04
ORD505179,1,debit_card,1,3581.15
ORD505180,1,debit_card,1,1253.7
ORD505181,1,debit_card,1,2833.82
ORD505181,2,COD,1,3427.78
ORD505182,1,COD,1,2915.57
ORD505183,1,UPI,1,2025.56
ORD505184,1,wallet,1,2526.12
ORD505185,1,credit_card,1,1128.15
ORD505186,1,COD,1,1522.66
ORD505187,1,wallet,1,2106.38
ORD505188,1,COD,1,2098.73
ORD505189,1,COD,4,2227.5
ORD505190,1,UPI,1,1871.67
ORD505190,2,UPI,1,3374.04
ORD505191,1,debit_card,1,3703.52
ORD505192,1,COD,1,965.1
ORD505193,1,debit_card,3,334.04
ORD505194,1,wallet,7,475.36
ORD505195,1,debit_card,1,3872.46
ORD505196,1,UPI,3,2560.04
ORD505197,1,COD,6,432.34
ORD505198,1,net_banking,1,2095.69
ORD505199,1,credit_card,4,3523.16
ORD505200,1,COD,1,3966.15
ORD505201,1,net_banking,11,2738.47
ORD505202,1,debit_card,1,3745.35
ORD505203,1,net_banking,1,908.89
ORD505204,1,UPI,1,2055.37
ORD505205,1,wallet,1,2736.72
ORD505206,1,credit_card,1,3002.53
ORD505207,1,credit_card,1,3154.11
ORD505208,1,UPI,1,3240.17
ORD505209,1,wallet,9,1388.01
ORD505210,1,credit_card,1,1439.48
ORD505211,1,COD,1,1921.95
ORD505212,1,credit_card,1,359.55
ORD505213,1,net_banking,1,3377.56
ORD505214,1,credit_card,1,929.48
ORD505215,1,credit_card,5,2949.72
ORD505216,1,UPI,1,3761.2
ORD505217,1,net_banking,1,1983.95
ORD505218,1,debit_card,1,1567.63
ORD505219,1,credit_card,1,3119.73
ORD505220,1,credit_card,1,2801.03
ORD505221,1,debit_card,1,596.66
ORD505222,1,wallet,1,2305.78
ORD505223,1,UPI,1,908.88
ORD505224,1,COD,1,3048.61
ORD505225,1,credit_card,1,230.32
ORD505226,1,debit_card,5,3604.53
ORD505226,2,credit_card,1,2293.98
ORD505227,1,net_banking,1,3143.23
ORD505228,1,UPI,1,3284.13
ORD505229,1,wallet,1,488.18
ORD505230,1,UPI,1,2980.35
ORD505231,1,debit_card,1,1240.73
ORD505232,1,COD,1,354.71
ORD505233,1,debit_card,1,3365.38
ORD505234,1,UPI,1,1838.97
ORD505234,2,debit_card,9,2598.13
ORD505235,1,wallet,1,649.82
ORD505236,1,wallet,7,3574.68
ORD505236,2,credit_card,11,3883.65
ORD505237,1,UPI,1,2514.34
ORD505238,1,net_banking,9,2831.63
ORD505239,1,credit_card,12,643.19
ORD505240,1,credit_card,1,235.17
ORD505241,1,credit_card,1,1623.64
ORD505242,1,COD,1,347.12
ORD505242,2,net_banking,1,770.8
ORD505243,1,UPI,1,3361.17
ORD505243,2,credit_card,1,857.1
ORD505244,1,UPI,5,3133.07
ORD505245,1,UPI,1,1730.35
ORD505246,1,debit_card,4,238.35
ORD505247,1,credit_card,1,3462.06
ORD505248,1,debit_card,1,2405.46
ORD505249,1,UPI,1,2118.08
ORD505250,1,credit_card,1,265.84
ORD505251,1,COD,1,1302.53
ORD505252,1,net_banking,2,3382.85
ORD505253,1,UPI,1,1649.43
ORD505254,1,debit_card,1,1537.13
ORD505255,1,net_banking,1,1700.79
ORD505256,1,wallet,1,2952.7
ORD505256,2,net_banking,1,1169.66
ORD505257,1,debit_card,1,3608.39
ORD505258,1,credit_card,1,1399.66
ORD505259,1,COD,1,3756.02
ORD505260,1,credit_card,1,2578.47
ORD505261,1,UPI,1,1234.21
ORD505262,1,credit_card,1,2985.83
ORD505263,1,wallet,1,2091.22
ORD505263,2,debit_card,1,3532.46
ORD505264,1,wallet,2,320.62
ORD505265,1,credit_card,11,3526.06
ORD505265,2,net_banking,1,3471.98
ORD505266,1,UPI,1,597.53
ORD505267,1,COD,1,1035.46
ORD505268,1,net_banking,1,1092.11
ORD505269,1,net_banking,1,1275.04
ORD505270,1,UPI,4,1115.88
ORD505271,1,UPI,1,3918.59
ORD505272,1,debit_card,1,3895.93
ORD505273,1,wallet,5,3452.18
ORD505274,1,net_banking,1,1831.61
ORD505275,1,debit_card,1,1028.87
ORD505276,1,UPI,1,3213.06
ORD505277,1,debit_card,12,360.21
ORD505278,1,COD,1,3119.98
ORD505279,1,COD,1,3555.07
ORD505280,1,UPI,1,2594.04
ORD505281,1,debit_card,1,476.55
ORD505282,1,net_banking,1,2400.78
ORD505283,1,COD,1,2929.13
ORD505284,1,debit_card,1,1301.45
ORD505285,1,COD,1,3879.23
ORD505286,1,COD,1,3171.61
ORD505287,1,credit_card,1,614.51
ORD505288,1,debit_card,1,1269.75
ORD505289,1,credit_card,1,2684.05
ORD505290,1,debit_card,1,207.82
ORD505291,1,UPI,1,3633.12
ORD505292,1,COD,1,1787.05
ORD505293,1,UPI,1,1854.82
ORD505294,1,debit_card,1,2218.75
ORD505295,1,net_banking,1,3746.1
ORD505296,1,credit_card,1,3545.0
ORD505297,1,net_banking,1,3508.75
ORD505298,1,wallet,1,3384.22
ORD505299,1,wallet,5,3393.33
ORD505300,1,credit_card,1,3492.88
ORD505301,1,UPI,1,3949.62
ORD505302,1,credit_card,1,3697.53
ORD505303,1,COD,1,978.61
ORD505304,1,COD,1,1763.74
ORD505305,1,credit_card,8,1219.89
ORD505306,1,UPI,1,2407.95
ORD505306,2,wallet,1,1408.98
ORD505307,1,wallet,1,2924.28
ORD505308,1,wallet,1,1881.43
ORD505309,1,UPI,1,1100.97
ORD505310,1,UPI,1,385.45
ORD505311,1,COD,1,353.12
ORD505311,2,debit_card,2,2710.61
ORD505312,1,UPI,1,730.44
ORD505313,1,wallet,8,1939.4
ORD505313,2,credit_card,1,3476.32
ORD505314,1,credit_card,1,2874.02
ORD505315,1,COD,1,1177.59
ORD505316,1,UPI,1,1929.77
ORD505317,1,wallet,1,205.28
ORD505318,1,UPI,1,1104.47
ORD505319,1,credit_card,1,3639.16
ORD505319,2,net_banking,1,1383.47
ORD505320,1,COD,1,1601.78
ORD505320,2,wallet,1,3843.76
ORD505321,1,COD,1,2053.69
ORD505322,1,net_banking,1,1754.52
ORD505323,1,COD,1,1972.95
ORD505323,2,COD,1,719.5
ORD505324,1,debit_card,1,1436.07
ORD505325,1,debit_card,1,3732.09
ORD505326,1,net_banking,1,287.77
ORD505326,2,COD,1,2096.3
ORD505327,1,debit_card,1,1207.48
ORD505327,2,wallet,1,453.15
ORD505328,1,debit_card,1,3390.28
ORD505328,2,wallet,1,297.9
ORD505329,1,debit_card,1,955.98
ORD505329,2,credit_card,1,575.96
ORD505330,1,debit_card,1,537.21
ORD505331,1,wallet,1,3184.44
ORD505332,1,UPI,12,874.05
ORD505333,1,wallet,1,454.24
ORD505334,1,wallet,1,2466.85
ORD505335,1,debit_card,8,437.94
ORD505336,1,net_banking,1,3220.19
ORD505337,1,net_banking,1,3846.22
ORD505338,1,debit_card,9,1198.3
ORD505339,1,COD,1,704.36
ORD505339,2,COD,1,1586.14
ORD505340,1,wallet,1,3946.03
ORD505341,1,COD,6,1954.08
ORD505342,1,wallet,1,948.02
ORD505343,1,COD,1,3011.17
ORD505344,1,credit_card,1,2257.41
ORD505345,1,UPI,1,3597.78
ORD505346,1,credit_card,1,2598.39
ORD505347,1,UPI,1,3835.29
ORD505348,1,wallet,1,3493.47
ORD505349,1,credit_card,1,3691.91
ORD505350,1,credit_card,1,1611.58
ORD505351,1,credit_card,1,3453.14
ORD505352,1,debit_card,1,620.38
ORD505353,1,UPI,1,1960.02
ORD505354,1,debit_card,1,3297.72
ORD505355,1,COD,5,1318.62
ORD505356,1,debit_card,7,1476.74
ORD505357,1,credit_card,1,275.44
ORD505358,1,debit_card,1,1275.75
ORD505358,2,UPI,2,1807.31
ORD505359,1,net_banking,1,2183.71
ORD505360,1,UPI,1,1224.72
ORD505361,1,wallet,1,2829.9
ORD505362,1,wallet,1,1297.06
ORD505363,1,UPI,1,755.0
ORD505364,1,net_banking,1,878.8
ORD505365,1,UPI,3,3567.05
ORD505366,1,UPI,1,1594.2
ORD505367,1,UPI,1,930.95
ORD505368,1,UPI,1,1512.13
ORD505369,1,debit_card,1,2532.18
ORD505370,1,wallet,1,1500.35
ORD505371,1,net_banking,1,3233.94
ORD505372,1,COD,1,855.46
ORD505373,1,COD,1,3561.41
ORD505374,1,wallet,6,870.32
ORD505375,1,COD,1,1000.71
ORD505376,1,net_banking,1,3597.74
ORD505377,1,COD,1,3891.05
ORD505378,1,UPI,4,420.04
ORD505378,2,wallet,1,2677.19
ORD505379,1,COD,1,3249.82
ORD505380,1,COD,1,1502.82
ORD505381,1,credit_card,1,563.82
ORD505382,1,wallet,1,710.17
ORD505383,1,credit_card,1,3038.3
ORD505384,1,UPI,1,1341.12
ORD505385,1,credit_card,1,3501.56
ORD505386,1,wallet,1,864.45
ORD505387,1,debit_card,1,3685.59
ORD505387,2,wallet,4,743.24
ORD505388,1,debit_card,1,972.28
ORD505389,1,debit_card,11,3621.47
ORD505390,1,debit_card,1,963.15
ORD505391,1,credit_card,1,2544.2
ORD505392,1,net_banking,1,722.78
ORD505393,1,COD,1,1027.03
ORD505394,1,net_banking,1,2212.94
ORD505394,2,credit_card,1,1954.95
ORD505395,1,credit_card,1,1798.19
ORD505396,1,COD,1,2966.73
ORD505397,1,COD,1,1877.55
ORD505398,1,UPI,1,856.87
ORD505399,1,UPI,1,1484.48
ORD505400,1,net_banking,1,203.06
ORD505401,1,wallet,1,1736.42
ORD505402,1,debit_card,1,3734.58
ORD505403,1,wallet,1,765.31
ORD505404,1,debit_card,10,2016.5
ORD505405,1,wallet,1,206.01
ORD505406,1,debit_card,1,3349.23
ORD505407,1,COD,1,1338.65
ORD505408,1,net_banking,1,218.49
ORD505409,1,COD,1,3263.76
ORD505409,2,UPI,1,3169.41
ORD505410,1,COD,1,2762.21
ORD505411,1,COD,1,1434.25
ORD505412,1,UPI,1,3050.15
ORD505412,2,net_banking,1,2816.27
ORD505413,1,UPI,1,1040.83
ORD505414,1,credit_card,1,463.08
ORD505415,1,COD,1,935.51
ORD505416,1,credit_card,5,3682.22
ORD505416,2,wallet,1,2473.12
ORD505417,1,wallet,1,3211.14
ORD505418,1,wallet,10,1984.11
ORD505419,1,UPI,1,3318.93
ORD505420,1,credit_card,1,242.55
ORD505421,1,COD,1,2801.05
ORD505422,1,credit_card,1,1236.32
ORD505423,1,UPI,1,832.71
ORD505424,1,UPI,1,2383.31
ORD505425,1,UPI,1,806.95
ORD505426,1,credit_card,1,588.74
ORD505426,2,debit_card,1,3069.35
ORD505427,1,debit_card,4,1978.79
ORD505428,1,wallet,2,1432.98
ORD505429,1,wallet,1,2078.0
ORD505430,1,net_banking,1,3134.65
ORD505431,1,wallet,1,926.66
ORD505432,1,debit_card,1,3722.26
ORD505433,1,debit_card,1,1108.72
ORD505434,1,COD,1,379.48
ORD505435,1,COD,1,1121.34
ORD505436,1,net_banking,1,232.28
ORD505437,1,COD,1,652.35
ORD505438,1,UPI,1,1248.91
ORD505439,1,credit_card,1,783.29
ORD505440,1,UPI,1,1459.23
ORD505441,1,debit_card,1,1150.27
ORD505442,1,wallet,1,2921.84
ORD505443,1,COD,1,2875.18
ORD505443,2,COD,1,1570.6
ORD505444,1,net_banking,1,3806.52
ORD505444,2,COD,1,441.78
ORD505445,1,debit_card,5,1412.56
ORD505446,1,UPI,1,1893.05
ORD505447,1,wallet,1,3513.89
ORD505448,1,COD,1,3180.76
ORD505449,1,wallet,1,3226.99
ORD505450,1,COD,1,3379.2
ORD505451,1,wallet,1,3450.57
ORD505452,1,COD,1,3855.54
ORD505453,1,UPI,1,1434.4
ORD505454,1,net_banking,1,1801.45
ORD505454,2,UPI,1,3443.99
ORD505455,1,net_banking,1,1962.89
ORD505456,1,credit_card,1,2914.38
ORD505457,1,debit_card,1,3021.62
ORD505458,1,credit_card,1,2873.2
ORD505459,1,credit_card,1,2983.82
ORD505460,1,UPI,1,3932.22
ORD505461,1,wallet,1,231.46
ORD505462,1,UPI,1,3706.03
ORD505462,2,UPI,1,2123.44
ORD505463,1,COD,3,1934.87
ORD505464,1,net_banking,1,3810.88
ORD505465,1,net_banking,1,1080.14
ORD505465,2,COD,1,3711.33
ORD505466,1,net_banking,1,3944.93
ORD505467,1,credit_card,1,3814.49
ORD505468,1,UPI,1,3296.11
ORD505469,1,credit_card,3,3652.8
ORD505470,1,credit_card,1,1955.59
ORD505471,1,credit_card,1,3650.28
ORD505472,1,COD,1,2308.9
ORD505473,1,credit_card,1,1935.97
ORD505474,1,credit_card,1,3909.13
ORD505475,1,debit_card,1,1089.29
ORD505476,1,debit_card,1,1909.85
ORD505477,1,net_banking,1,3357.0
ORD505478,1,wallet,1,2947.8
ORD505479,1,COD,9,1781.82
ORD505480,1,COD,1,2986.96
ORD505481,1,debit_card,1,2108.63
ORD505482,1,wallet,1,3133.61
ORD505483,1,wallet,1,2200.03
ORD505484,1,COD,1,1610.14
ORD505485,1,debit_card,1,227.16
ORD505486,1,UPI,1,2891.38
ORD505487,1,COD,1,1371.62
ORD505488,1,net_banking,1,1314.95
ORD505489,1,COD,1,3455.54
ORD505490,1,debit_card,1,2729.99
ORD505491,1,UPI,1,2546.27
ORD505492,1,net_banking,1,1975.38
ORD505493,1,net_banking,1,1085.0
ORD505494,1,UPI,1,2291.58
ORD505495,1,credit_card,1,3560.47
ORD505496,1,wallet,1,3214.49
ORD505497,1,UPI,1,2736.32
ORD505498,1,net_banking,1,2924.45
ORD505499,1,wallet,1,1392.19
ORD505500,1,COD,1,2851.72
ORD505501,1,net_banking,1,1035.34
ORD505502,1,net_banking,1,737.42
ORD505503,1,credit_card,1,1289.82
ORD505504,1,UPI,1,600.68
ORD505505,1,UPI,1,321.7
ORD505506,1,net_banking,1,1144.6
ORD505507,1,credit_card,6,1835.28
ORD505508,1,UPI,5,3033.49
ORD505509,1,debit_card,1,2491.55
ORD505510,1,UPI,1,3143.36
ORD505511,1,COD,1,3419.22
ORD505512,1,debit_card,1,660.05
ORD505513,1,net_banking,1,2831.72
ORD505513,2,COD,1,3606.52
ORD505514,1,wallet,1,625.27
ORD505515,1,net_banking,1,1746.84
ORD505516,1,net_banking,1,2200.51
ORD505517,1,wallet,1,1213.68
ORD505518,1,wallet,1,782.24
ORD505519,1,debit_card,1,1564.56
ORD505520,1,wallet,1,1946.36
ORD505521,1,credit_card,1,896.57
ORD505522,1,wallet,1,776.16
ORD505523,1,UPI,6,1355.66
ORD505524,1,debit_card,1,1688.53
ORD505525,1,UPI,6,486.96
ORD505526,1,UPI,1,1255.88
ORD505527,1,UPI,8,1103.91
ORD505528,1,net_banking,1,213.65
ORD505529,1,debit_card,1,327.38
ORD505530,1,COD,3,2300.58
ORD505531,1,credit_card,1,2340.83
ORD505532,1,net_banking,1,2917.32
ORD505533,1,credit_card,1,2018.62
ORD505534,1,net_banking,1,2652.39
ORD505535,1,UPI,1,299.99
ORD505535,2,net_banking,1,3167.58
ORD505536,1,COD,1,3224.07
ORD505537,1,wallet,1,1779.31
ORD505538,1,net_banking,1,473.45
ORD505539,1,net_banking,1,3141.67
ORD505540,1,credit_card,1,3897.08
ORD505541,1,net_banking,1,1288.21
ORD505541,2,COD,1,2273.28
ORD505542,1,net_banking,1,1763.27
ORD505543,1,debit_card,1,942.96
ORD505544,1,UPI,6,1029.45
ORD505545,1,COD,1,454.57
ORD505546,1,COD,1,263.19
ORD505547,1,credit_card,1,2437.37
ORD505548,1,credit_card,1,867.4
ORD505549,1,debit_card,1,3701.1
ORD505550,1,COD,4,3682.9
ORD505551,1,COD,1,3935.52
ORD505552,1,net_banking,1,3041.57
ORD505552,2,net_banking,1,1577.34
ORD505553,1,UPI,1,3486.29
ORD505554,1,credit_card,1,3088.98
ORD505555,1,debit_card,3,411.17
ORD505556,1,net_banking,1,3290.44
ORD505557,1,UPI,1,1706.42
ORD505558,1,COD,1,724.48
ORD505559,1,COD,11,3245.89
ORD505560,1,net_banking,1,3822.55
ORD505561,1,UPI,4,2326.4
ORD505562,1,debit_card,1,418.12
ORD505563,1,UPI,1,1626.19
ORD505564,1,UPI,1,1114.36
ORD505565,1,wallet,1,249.01
ORD505566,1,UPI,1,3399.78
ORD505567,1,COD,1,2192.87
ORD505568,1,wallet,1,2292.41
ORD505569,1,net_banking,1,3611.66
ORD505570,1,credit_card,1,3067.45
ORD505571,1,wallet,1,633.36
ORD505572,1,COD,1,2128.27
ORD505573,1,UPI,1,299.87
ORD505574,1,COD,2,646.97
ORD505575,1,COD,1,2866.06
ORD505576,1,debit_card,1,985.58
ORD505577,1,COD,1,3827.42
ORD505577,2,net_banking,1,1339.62
ORD505578,1,UPI,5,2538.25
ORD505579,1,credit_card,1,2705.1
ORD505580,1,wallet,1,2134.57
ORD505581,1,UPI,1,1042.4
ORD505582,1,COD,1,3082.86
ORD505583,1,debit_card,1,1902.62
ORD505584,1,credit_card,11,1916.73
ORD505585,1,wallet,1,1306.98
ORD505586,1,debit_card,1,330.14
ORD505587,1,credit_card,1,2186.04
ORD505588,1,COD,1,2831.32
ORD505589,1,debit_card,9,2055.03
ORD505590,1,credit_card,1,2462.52
ORD505591,1,UPI,1,3386.62
ORD505592,1,UPI,1,1143.04
ORD505592,2,wallet,1,274.45
ORD505593,1,debit_card,1,2736.13
ORD505594,1,UPI,1,1378.63
ORD505595,1,UPI,1,3247.96
ORD505596,1,UPI,1,1083.42
ORD505597,1,wallet,10,2709.47
ORD505598,1,net_banking,1,2041.68
ORD505599,1,credit_card,1,1125.18
ORD505600,1,debit_card,1,1929.86
ORD505601,1,net_banking,1,3265.79
ORD505601,2,wallet,1,3316.72
ORD505602,1,debit_card,1,3164.99
ORD505603,1,net_banking,1,541.53
ORD505603,2,COD,1,728.63
ORD505604,1,wallet,1,1441.23
ORD505605,1,credit_card,1,2700.8
ORD505606,1,credit_card,1,1046.92
ORD505607,1,COD,2,3909.75
ORD505608,1,net_banking,1,205.02
ORD505609,1,net_banking,1,3163.39
ORD505610,1,debit_card,1,2523.24
ORD505611,1,COD,1,1454.19
ORD505612,1,COD,5,641.0
ORD505613,1,UPI,1,3613.62
ORD505614,1,UPI,1,3539.27
ORD505614,2,credit_card,1,2903.77
ORD505615,1,wallet,1,505.27
ORD505615,2,debit_card,6,1364.11
ORD505616,1,wallet,1,3477.41
ORD505617,1,wallet,2,847.06
ORD505618,1,credit_card,1,3816.19
ORD505619,1,wallet,9,1786.33
ORD505620,1,debit_card,1,3973.32
ORD505621,1,COD,3,3227.21
ORD505622,1,debit_card,8,1847.33
ORD505623,1,debit_card,1,1810.97
ORD505624,1,UPI,1,3076.1
ORD505625,1,wallet,1,925.93
ORD505626,1,wallet,1,1455.43
ORD505627,1,wallet,6,2676.04
ORD505628,1,net_banking,1,271.12
ORD505629,1,wallet,1,988.93
ORD505630,1,net_banking,1,2978.86
ORD505631,1,debit_card,1,502.28
ORD505631,2,COD,1,222.22
ORD505632,1,wallet,1,1389.02
ORD505633,1,credit_card,5,2945.92
ORD505634,1,net_banking,1,982.44
ORD505634,2,UPI,1,3485.58
ORD505635,1,net_banking,1,2302.52
ORD505636,1,wallet,1,865.55
ORD505637,1,UPI,4,1170.63
ORD505637,2,UPI,1,2532.09
ORD505638,1,COD,1,3207.31
ORD505638,2,credit_card,1,3443.91
ORD505639,1,COD,1,1248.95
ORD505640,1,UPI,1,1812.44
ORD505641,1,wallet,1,3526.29
ORD505642,1,credit_card,1,950.96
ORD505643,1,debit_card,1,2131.7
ORD505644,1,UPI,1,1481.65
ORD505645,1,credit_card,6,827.98
ORD505646,1,debit_card,1,3767.74
ORD505647,1,credit_card,1,1675.82
ORD505648,1,credit_card,1,3666.86
ORD505649,1,COD,1,287.79
ORD505650,1,net_banking,1,1347.83
ORD505650,2,credit_card,1,754.47
ORD505651,1,net_banking,1,935.0
ORD505652,1,wallet,1,3448.63
ORD505653,1,net_banking,1,3722.5
ORD505654,1,wallet,2,1782.75
ORD505654,2,COD,1,948.27
ORD505655,1,UPI,1,3343.47
ORD505656,1,wallet,1,2686.71
ORD505657,1,debit_card,1,1013.44
ORD505658,1,credit_card,1,3618.76
ORD505659,1,net_banking,1,1370.45
ORD505660,1,UPI,1,1741.24
ORD505661,1,COD,1,855.05
ORD505662,1,net_banking,1,1285.58
ORD505663,1,net_banking,1,3712.49
ORD505664,1,credit_card,5,672.12
ORD505665,1,wallet,1,2179.41
ORD505666,1,UPI,1,3842.43
ORD505666,2,net_banking,12,3586.35
ORD505667,1,debit_card,1,201.3
ORD505668,1,credit_card,1,1121.03
ORD505668,2,COD,1,2365.89
ORD505669,1,COD,1,1920.02
ORD505670,1,credit_card,1,2352.5
ORD505671,1,COD,1,935.49
ORD505672,1,COD,1,3616.57
ORD505673,1,COD,1,3399.26
ORD505674,1,debit_card,1,1324.27
ORD505675,1,COD,1,2526.6
ORD505676,1,wallet,7,894.8
ORD505677,1,credit_card,1,3156.36
ORD505678,1,net_banking,1,710.3
ORD505679,1,COD,1,1079.74
ORD505680,1,net_banking,1,638.63
ORD505681,1,credit_card,1,649.26
ORD505681,2,debit_card,1,2995.9
ORD505682,1,wallet,1,2013.05
ORD505683,1,UPI,1,3449.88
ORD505684,1,debit_card,1,799.59
ORD505685,1,debit_card,1,287.62
ORD505686,1,net_banking,1,3371.39
ORD505687,1,wallet,1,2368.61
ORD505688,1,credit_card,1,1670.75
ORD505688,2,net_banking,1,749.76
ORD505689,1,COD,1,3433.99
ORD505690,1,debit_card,1,1959.28
ORD505691,1,COD,6,3164.76
ORD505692,1,UPI,1,3836.33
ORD505693,1,wallet,8,747.46
ORD505694,1,UPI,1,2219.33
ORD505694,2,UPI,1,3157.6
ORD505695,1,UPI,1,628.26
ORD505696,1,wallet,10,2576.73
ORD505697,1,UPI,1,1248.69
ORD505698,1,COD,1,2775.25
ORD505699,1,COD,1,245.64
ORD505700,1,COD,1,1824.17
ORD505701,1,debit_card,1,497.99
ORD505702,1,debit_card,1,843.01
ORD505703,1,UPI,12,607.07
ORD505704,1,net_banking,1,3412.0
ORD505704,2,credit_card,1,891.24
ORD505705,1,COD,1,2517.12
ORD505706,1,debit_card,1,3912.65
ORD505707,1,UPI,1,2883.6
ORD505708,1,credit_card,1,1229.67
ORD505709,1,wallet,1,267.26
ORD505710,1,net_banking,1,515.88
ORD505711,1,UPI,9,3332.84
ORD505712,1,debit_card,11,1202.62
ORD505713,1,wallet,8,1268.21
ORD505714,1,wallet,1,580.43
ORD505715,1,debit_card,1,2769.08
ORD505716,1,debit_card,4,3567.89
ORD505716,2,credit_card,1,2694.55
ORD505717,1,credit_card,8,3685.87
ORD505717,2,credit_card,7,898.13
ORD505718,1,net_banking,1,2026.56
ORD505719,1,COD,1,2793.36
ORD505720,1,UPI,1,2761.51
ORD505721,1,wallet,1,2362.64
ORD505722,1,wallet,1,1206.39
ORD505723,1,debit_card,1,3460.22
ORD505724,1,COD,1,2879.81
ORD505725,1,wallet,1,3060.36
ORD505726,1,debit_card,12,2547.28
ORD505727,1,wallet,1,1515.14
ORD505728,1,net_banking,12,2689.53
ORD505729,1,wallet,1,990.45
ORD505730,1,credit_card,1,3342.98
ORD505731,1,UPI,1,515.48
ORD505731,2,COD,1,2940.69
ORD505732,1,UPI,1,3690.83
ORD505733,1,net_banking,1,2261.2
ORD505734,1,wallet,1,2072.49
ORD505735,1,net_banking,1,3188.45
ORD505736,1,COD,7,1555.38
ORD505737,1,debit_card,1,2932.45
ORD505738,1,debit_card,1,1286.56
ORD505738,2,UPI,1,2209.4
ORD505739,1,COD,1,3759.91
ORD505739,2,debit_card,1,1313.99
ORD505740,1,UPI,12,1092.92
ORD505741,1,UPI,1,3543.95
ORD505742,1,COD,1,430.66
ORD505743,1,credit_card,1,1244.69
ORD505744,1,net_banking,3,3427.55
ORD505745,1,credit_card,1,601.01
ORD505746,1,debit_card,11,1077.78
ORD505747,1,COD,1,3022.28
ORD505748,1,credit_card,1,777.23
ORD505749,1,COD,11,2514.85
ORD505750,1,wallet,1,1107.45
ORD505751,1,wallet,1,2390.06
ORD505752,1,net_banking,1,2307.8
ORD505753,1,net_banking,1,3656.26
ORD505754,1,wallet,1,3780.16
ORD505755,1,debit_card,1,2356.44
ORD505756,1,wallet,1,2378.06
ORD505757,1,UPI,1,2348.45
ORD505758,1,debit_card,1,1187.87
ORD505759,1,UPI,9,1051.57
ORD505760,1,COD,1,826.87
ORD505761,1,COD,1,3384.0
ORD505762,1,COD,8,1520.38
ORD505763,1,UPI,1,2164.49
ORD505764,1,debit_card,1,2359.91
ORD505765,1,wallet,1,2778.94
ORD505765,2,UPI,1,1565.39
ORD505766,1,wallet,1,678.64
ORD505767,1,UPI,9,258.5
ORD505768,1,credit_card,11,3171.29
ORD505769,1,net_banking,1,2072.53
ORD505770,1,UPI,1,1697.11
ORD505771,1,wallet,1,352.04
ORD505772,1,net_banking,1,1048.19
ORD505773,1,COD,1,3939.02
ORD505774,1,UPI,1,3807.08
ORD505775,1,UPI,1,889.09
ORD505776,1,credit_card,2,3894.15
ORD505777,1,wallet,1,2514.58
ORD505777,2,COD,1,291.6
ORD505778,1,COD,1,3000.19
ORD505779,1,net_banking,1,1642.49
ORD505780,1,UPI,1,2738.47
ORD505781,1,credit_card,1,3217.1
ORD505782,1,COD,1,3997.82
ORD505783,1,credit_card,1,1012.06
ORD505784,1,debit_card,8,370.87
ORD505785,1,UPI,1,3276.49
ORD505786,1,debit_card,1,3134.39
ORD505787,1,debit_card,1,842.22
ORD505788,1,net_banking,1,3107.63
ORD505789,1,credit_card,1,2574.0
ORD505790,1,wallet,1,3782.14
ORD505791,1,UPI,1,637.38
ORD505792,1,debit_card,1,3611.38
ORD505793,1,credit_card,1,1725.0
ORD505794,1,debit_card,1,1243.02
ORD505795,1,COD,1,264.28
ORD505796,1,net_banking,1,587.96
ORD505797,1,debit_card,1,3759.94
ORD505798,1,debit_card,1,3746.47
ORD505799,1,credit_card,1,939.31
ORD505800,1,credit_card,1,2496.67
ORD505801,1,debit_card,1,1885.89
ORD505802,1,COD,1,841.73
ORD505803,1,net_banking,1,378.27
ORD505804,1,net_banking,1,1008.41
ORD505805,1,net_banking,1,2045.01
ORD505806,1,UPI,1,3739.14
ORD505807,1,credit_card,1,2515.73
ORD505808,1,credit_card,1,2566.8
ORD505809,1,debit_card,1,3579.77
ORD505810,1,debit_card,4,716.89
ORD505811,1,UPI,10,1183.03
ORD505812,1,wallet,1,2892.02
ORD505813,1,UPI,1,3519.62
ORD505814,1,UPI,1,3289.59
ORD505815,1,COD,1,2912.04
ORD505816,1,net_banking,8,2862.67
ORD505817,1,COD,1,715.94
ORD505818,1,wallet,1,1481.55
ORD505819,1,net_banking,1,3962.72
ORD505820,1,debit_card,1,298.12
ORD505821,1,UPI,1,681.66
ORD505822,1,net_banking,1,1090.06
ORD505823,1,wallet,1,879.75
ORD505824,1,credit_card,1,453.76
ORD505825,1,COD,1,2445.08
ORD505826,1,UPI,1,3346.49
ORD505827,1,net_banking,1,770.53
ORD505828,1,wallet,1,690.4
ORD505829,1,net_banking,1,1797.4
ORD505830,1,credit_card,11,402.91
ORD505831,1,COD,1,2221.99
ORD505832,1,wallet,1,2796.79
ORD505833,1,credit_card,1,3514.95
ORD505834,1,UPI,1,357.92
ORD505835,1,credit_card,1,3823.33
ORD505836,1,UPI,1,1525.66
ORD505837,1,UPI,10,1099.94
ORD505838,1,credit_card,1,3785.18
ORD505839,1,COD,1,3505.32
ORD505839,2,debit_card,1,3635.69
ORD505840,1,net_banking,1,3199.78
ORD505841,1,credit_card,3,2993.89
ORD505842,1,net_banking,1,2704.93
ORD505843,1,UPI,1,232.04
ORD505844,1,UPI,1,1381.9
ORD505845,1,debit_card,1,453.84
ORD505846,1,UPI,1,2315.67
ORD505847,1,debit_card,1,1339.53
ORD505848,1,wallet,1,1900.23
ORD505849,1,wallet,1,1337.5
ORD505850,1,net_banking,1,2041.86
ORD505851,1,wallet,1,1971.36
ORD505852,1,credit_card,1,1592.77
ORD505853,1,wallet,1,581.78
ORD505854,1,debit_card,1,3966.8
ORD505855,1,net_banking,1,1553.09
ORD505856,1,COD,1,1827.54
ORD505857,1,wallet,1,3694.08
ORD505857,2,UPI,1,2082.06
ORD505858,1,COD,1,2890.31
ORD505858,2,UPI,1,3449.09
ORD505859,1,wallet,1,1715.37
ORD505860,1,wallet,1,231.0
ORD505861,1,net_banking,1,536.25
ORD505862,1,credit_card,1,1433.7
ORD505863,1,COD,1,2774.34
ORD505864,1,credit_card,1,3453.18
ORD505865,1,credit_card,1,3424.77
ORD505865,2,net_banking,1,1170.37
ORD505866,1,credit_card,1,1573.96
ORD505867,1,wallet,1,2550.53
ORD505868,1,UPI,1,1638.82
ORD505869,1,credit_card,1,1419.73
ORD505870,1,COD,1,3715.82
ORD505871,1,UPI,1,1282.04
ORD505872,1,wallet,1,609.19
ORD505873,1,UPI,1,683.65
ORD505874,1,credit_card,10,3519.36
ORD505875,1,debit_card,1,3455.07
ORD505876,1,debit_card,1,2156.53
ORD505877,1,wallet,1,1975.21
ORD505878,1,debit_card,3,992.33
ORD505879,1,UPI,1,2846.34
ORD505880,1,net_banking,7,2041.61
ORD505881,1,net_banking,1,1003.35
ORD505882,1,UPI,1,2514.46
ORD505883,1,UPI,1,2896.06
ORD505884,1,wallet,2,2642.01
ORD505884,2,wallet,1,748.68
ORD505885,1,UPI,1,1598.75
ORD505886,1,debit_card,1,2616.61
ORD505887,1,UPI,1,1689.4
ORD505888,1,COD,1,1057.83
ORD505889,1,credit_card,1,711.47
ORD505890,1,wallet,1,2446.12
ORD505891,1,UPI,1,3117.59
ORD505892,1,COD,3,3897.4
ORD505893,1,wallet,1,3824.45
ORD505894,1,wallet,1,762.47
ORD505895,1,COD,1,3377.38
ORD505896,1,UPI,1,2149.74
ORD505896,2,net_banking,1,2586.36
ORD505897,1,COD,1,2253.18
ORD505898,1,wallet,6,3233.76
ORD505899,1,COD,1,3604.46
ORD505900,1,debit_card,1,3219.48
ORD505901,1,wallet,6,2369.81
ORD505902,1,net_banking,1,199.95
ORD505903,1,net_banking,1,2762.63
ORD505904,1,wallet,1,3474.73
ORD505905,1,COD,1,1693.73
ORD505905,2,wallet,1,3018.67
ORD505906,1,net_banking,1,704.66
ORD505907,1,debit_card,1,1137.5
ORD505907,2,debit_card,1,876.06
ORD505908,1,wallet,1,351.4
ORD505909,1,debit_card,1,3427.24
ORD505910,1,wallet,1,955.88
ORD505911,1,debit_card,9,1030.02
ORD505912,1,debit_card,12,3353.53
ORD505912,2,wallet,1,2355.05
ORD505913,1,wallet,1,3556.23
ORD505914,1,UPI,1,1242.69
ORD505915,1,COD,1,1354.63
ORD505916,1,UPI,1,2862.74
ORD505916,2,wallet,1,3254.35
ORD505917,1,debit_card,6,2800.64
ORD505918,1,wallet,1,1192.1
ORD505918,2,wallet,1,416.08
ORD505919,1,debit_card,1,463.63
ORD505920,1,wallet,1,1447.42
ORD505921,1,net_banking,1,1543.89
ORD505922,1,UPI,1,2681.98
ORD505923,1,wallet,1,3006.7
ORD505924,1,debit_card,1,422.75
ORD505925,1,UPI,1,3301.68
ORD505926,1,COD,4,2444.37
ORD505927,1,net_banking,1,3857.46
ORD505928,1,net_banking,1,3559.61
ORD505929,1,COD,1,1822.69
ORD505930,1,COD,1,824.64
ORD505931,1,UPI,1,1302.87
ORD505932,1,COD,1,2741.52
ORD505933,1,UPI,1,3021.65
ORD505934,1,wallet,1,1941.32
ORD505935,1,debit_card,6,340.01
ORD505936,1,credit_card,1,2337.12
ORD505937,1,debit_card,1,3959.34
ORD505938,1,wallet,5,2706.92
ORD505939,1,UPI,1,3837.35
ORD505940,1,credit_card,1,1404.78
ORD505941,1,UPI,1,2614.31
ORD505942,1,net_banking,1,803.5
ORD505943,1,COD,1,1735.79
ORD505944,1,net_banking,1,1290.41
ORD505945,1,debit_card,1,1936.99
ORD505946,1,net_banking,1,3758.51
ORD505947,1,wallet,1,2115.64
ORD505948,1,credit_card,1,2268.38
ORD505948,2,debit_card,1,3310.09
ORD505949,1,UPI,1,2350.76
ORD505950,1,debit_card,1,2724.47
ORD505951,1,credit_card,2,2396.29
ORD505952,1,debit_card,1,943.09
ORD505953,1,credit_card,1,2432.8
ORD505954,1,UPI,1,3690.51
ORD505955,1,debit_card,1,3233.58
ORD505956,1,net_banking,1,3282.93
ORD505957,1,net_banking,1,1617.49
ORD505958,1,UPI,1,1397.76
ORD505959,1,credit_card,1,2652.94
ORD505960,1,net_banking,1,1237.81
ORD505961,1,credit_card,1,1809.47
ORD505962,1,COD,1,392.78
ORD505963,1,COD,1,1362.51
ORD505963,2,COD,1,470.79
ORD505964,1,net_banking,1,3402.68
ORD505965,1,wallet,1,3564.73
ORD505966,1,credit_card,1,3723.85
ORD505967,1,credit_card,1,1583.53
ORD505968,1,net_banking,10,3761.57
ORD505969,1,credit_card,1,3980.3
ORD505970,1,COD,1,2491.24
ORD505971,1,UPI,1,3967.94
ORD505972,1,COD,1,2729.51
ORD505972,2,credit_card,1,1546.8
ORD505973,1,net_banking,1,1791.25
ORD505974,1,wallet,1,1836.84
ORD505975,1,debit_card,1,2840.7
ORD505976,1,net_banking,1,3955.61
ORD505977,1,wallet,1,3367.49
ORD505978,1,UPI,1,3102.59
ORD505979,1,credit_card,1,3039.37
ORD505980,1,wallet,1,1139.24
ORD505981,1,COD,1,920.55
ORD505981,2,COD,4,237.45
ORD505982,1,debit_card,1,2390.64
ORD505983,1,UPI,1,3156.7
ORD505984,1,credit_card,1,3773.74
ORD505985,1,debit_card,1,2522.68
ORD505986,1,debit_card,1,3554.57
ORD505987,1,net_banking,1,1491.11
ORD505988,1,COD,1,2789.46
ORD505988,2,credit_card,1,1021.6
ORD505989,1,wallet,1,2510.78
ORD505990,1,net_banking,1,2439.61
ORD505991,1,debit_card,1,282.29
ORD505992,1,net_banking,1,3354.75
ORD505993,1,credit_card,8,2656.85
ORD505994,1,wallet,1,3566.81
ORD505995,1,UPI,1,316.69
ORD505996,1,credit_card,1,2996.04
ORD505997,1,net_banking,10,1446.63
ORD505998,1,credit_card,1,2659.27
ORD505999,1,UPI,1,3437.48
ORD506000,1,debit_card,1,3131.21
ORD506001,1,debit_card,1,975.54
ORD506002,1,debit_card,1,2747.52
ORD506003,1,net_banking,1,3478.03
ORD506004,1,net_banking,1,1078.0
ORD506004,2,UPI,1,288.22
ORD506005,1,wallet,1,3841.67
ORD506006,1,net_banking,1,3154.58
ORD506007,1,credit_card,4,3536.79
ORD506008,1,UPI,9,963.15
ORD506009,1,COD,1,292.76
ORD506010,1,debit_card,1,2690.08
ORD506011,1,UPI,5,219.51
ORD506012,1,debit_card,1,3548.51
ORD506013,1,COD,1,3836.72
ORD506014,1,net_banking,1,1857.82
ORD506015,1,net_banking,1,2015.63
ORD506016,1,debit_card,1,3021.53
ORD506017,1,credit_card,1,954.83
ORD506018,1,COD,1,800.87
ORD506019,1,wallet,1,1919.5
ORD506020,1,net_banking,1,1971.04
ORD506021,1,credit_card,1,3196.21
ORD506022,1,net_banking,1,2277.66
ORD506023,1,UPI,3,2142.53
ORD506024,1,net_banking,9,661.79
ORD506025,1,net_banking,1,2148.33
ORD506026,1,COD,2,3996.39
ORD506027,1,UPI,1,2087.35
ORD506028,1,UPI,3,3315.57
ORD506029,1,credit_card,1,917.76
ORD506030,1,COD,1,913.59
ORD506031,1,UPI,1,1287.44
ORD506032,1,debit_card,1,1705.34
ORD506033,1,debit_card,1,1936.57
ORD506034,1,net_banking,1,3759.3
ORD506035,1,debit_card,1,2559.13
ORD506036,1,COD,1,3533.81
ORD506037,1,net_banking,1,1003.1
ORD506038,1,COD,10,533.88
ORD506039,1,net_banking,1,313.6
ORD506040,1,UPI,10,854.73
ORD506041,1,COD,1,3660.41
ORD506042,1,UPI,1,1798.91
ORD506043,1,COD,1,456.86
ORD506044,1,debit_card,1,831.78
ORD506045,1,net_banking,1,557.7
ORD506046,1,credit_card,1,235.24
ORD506047,1,UPI,1,2586.29
ORD506048,1,wallet,1,277.27
ORD506049,1,wallet,1,3961.7
ORD506050,1,debit_card,2,3419.32
ORD506051,1,credit_card,2,3841.66
ORD506052,1,wallet,1,1201.82
ORD506053,1,net_banking,1,617.62
ORD506054,1,credit_card,1,2915.71
ORD506055,1,credit_card,7,3664.93
ORD506056,1,UPI,1,758.63
ORD506057,1,wallet,1,2088.35
ORD506058,1,UPI,1,2466.42
ORD506059,1,UPI,1,321.43
ORD506060,1,credit_card,1,2136.55
ORD506060,2,net_banking,1,1857.53
ORD506061,1,debit_card,1,2182.12
ORD506062,1,COD,1,887.37
ORD506063,1,credit_card,1,3181.65
ORD506064,1,net_banking,1,846.17
ORD506064,2,credit_card,1,1959.3
ORD506065,1,COD,1,1440.68
ORD506066,1,debit_card,1,3283.64
ORD506067,1,debit_card,1,307.84
ORD506068,1,debit_card,1,2829.55
ORD506069,1,net_banking,1,1504.38
ORD506070,1,credit_card,1,353.67
ORD506071,1,net_banking,1,2506.89
ORD506072,1,debit_card,1,1006.26
ORD506073,1,debit_card,1,634.95
ORD506074,1,COD,1,1021.58
ORD506075,1,UPI,1,3754.75
ORD506076,1,UPI,1,519.34
ORD506077,1,debit_card,1,2486.46
ORD506078,1,COD,1,1913.09
ORD506079,1,UPI,1,2658.97
ORD506080,1,credit_card,1,2728.17
ORD506081,1,debit_card,1,564.34
ORD506082,1,net_banking,1,587.17
ORD506083,1,COD,1,1809.79
ORD506084,1,net_banking,1,3481.35
ORD506084,2,wallet,1,2603.1
ORD506085,1,debit_card,1,962.25
ORD506086,1,UPI,4,3181.28
ORD506087,1,wallet,1,491.59
ORD506088,1,COD,1,2468.77
ORD506089,1,COD,1,964.7
ORD506090,1,wallet,1,2580.32
ORD506091,1,credit_card,3,2484.1
ORD506092,1,COD,1,2835.55
ORD506093,1,debit_card,1,1257.56
ORD506094,1,COD,1,1840.12
ORD506095,1,net_banking,1,877.9
ORD506096,1,net_banking,1,2255.9
ORD506097,1,wallet,6,3556.23
ORD506097,2,wallet,1,3967.27
ORD506098,1,debit_card,1,1413.22
ORD506099,1,UPI,1,2919.3
ORD506100,1,net_banking,1,1326.69
ORD506101,1,wallet,1,291.73
ORD506101,2,COD,5,1851.43
ORD506102,1,COD,1,3365.62
ORD506103,1,net_banking,1,2421.73
ORD506104,1,debit_card,1,1905.07
ORD506105,1,UPI,1,400.22
ORD506105,2,COD,1,1641.5
ORD506106,1,net_banking,1,3937.81
ORD506107,1,UPI,1,2316.19
ORD506108,1,credit_card,1,1170.39
ORD506109,1,credit_card,1,1410.59
ORD506110,1,COD,1,1445.2
ORD506111,1,UPI,11,3207.07
ORD506112,1,net_banking,1,1439.15
ORD506113,1,UPI,1,2474.5
ORD506114,1,UPI,1,985.94
ORD506115,1,credit_card,4,1149.23
ORD506116,1,debit_card,1,1387.69
ORD506117,1,UPI,1,2401.2
ORD506117,2,net_banking,1,2609.74
ORD506118,1,net_banking,1,2725.25
ORD506119,1,debit_card,1,1164.23
ORD506120,1,UPI,1,3847.57
ORD506121,1,UPI,1,1636.88
ORD506122,1,debit_card,3,3124.83
ORD506123,1,wallet,1,3189.18
ORD506124,1,wallet,1,1822.22
ORD506125,1,debit_card,1,2870.65
ORD506126,1,COD,2,662.64
ORD506127,1,debit_card,1,350.48
ORD506128,1,debit_card,1,2159.35
ORD506129,1,wallet,1,3515.63
ORD506130,1,COD,1,3351.72
ORD506131,1,credit_card,1,2729.31
ORD506131,2,net_banking,1,2281.15
ORD506132,1,wallet,1,1322.57
ORD506132,2,debit_card,11,966.24
ORD506133,1,debit_card,1,838.29
ORD506134,1,debit_card,1,1182.3
ORD506135,1,credit_card,1,531.67
ORD506136,1,wallet,1,733.62
ORD506137,1,UPI,1,2175.49
ORD506137,2,net_banking,1,2558.43
ORD506138,1,debit_card,1,1899.57
ORD506139,1,debit_card,1,1909.66
ORD506140,1,UPI,1,2647.57
ORD506141,1,credit_card,1,3406.26
ORD506142,1,UPI,1,3684.02
ORD506143,1,net_banking,1,1617.81
ORD506144,1,net_banking,5,3623.5
ORD506145,1,wallet,1,3129.33
ORD506146,1,wallet,1,2554.84
ORD506147,1,wallet,1,3635.89
ORD506148,1,credit_card,1,1089.76
ORD506149,1,debit_card,1,3874.13
ORD506150,1,net_banking,1,573.61
ORD506151,1,credit_card,1,1627.44
ORD506152,1,UPI,1,1814.82
ORD506153,1,COD,1,3089.45
ORD506153,2,COD,1,1337.22
ORD506154,1,COD,3,3007.8
ORD506155,1,net_banking,1,1398.99
ORD506156,1,UPI,1,2088.27
ORD506157,1,wallet,1,1217.21
ORD506158,1,credit_card,1,3915.05
ORD506159,1,credit_card,1,707.45
ORD506159,2,wallet,3,245.55
ORD506160,1,credit_card,4,1011.66
ORD506161,1,UPI,1,967.78
ORD506162,1,wallet,1,3067.48
ORD506162,2,wallet,1,3722.48
ORD506163,1,credit_card,1,1717.29
ORD506164,1,credit_card,6,3946.31
ORD506165,1,credit_card,1,2534.11
ORD506166,1,UPI,1,1927.31
ORD506167,1,COD,1,301.06
ORD506168,1,COD,1,1015.94
ORD506169,1,UPI,7,2672.23
ORD506170,1,credit_card,5,2617.13
ORD506171,1,net_banking,1,2025.78
ORD506172,1,UPI,1,1381.66
ORD506173,1,net_banking,1,305.84
ORD506174,1,COD,1,1502.17
ORD506175,1,COD,1,955.62
ORD506175,2,COD,1,2672.92
ORD506176,1,UPI,7,2188.67
ORD506177,1,UPI,1,285.17
ORD506177,2,UPI,1,2908.84
ORD506178,1,net_banking,1,3939.41
ORD506179,1,credit_card,1,2974.32
ORD506180,1,wallet,1,2739.65
ORD506181,1,wallet,2,2157.57
ORD506182,1,credit_card,1,291.65
ORD506183,1,debit_card,1,3208.5
ORD506184,1,COD,1,3101.53
ORD506185,1,UPI,1,784.97
ORD506185,2,UPI,1,3157.25
ORD506186,1,debit_card,1,3059.67
ORD506187,1,wallet,6,1098.61
ORD506187,2,debit_card,1,3521.74
ORD506188,1,COD,1,3833.97
ORD506189,1,net_banking,1,3672.54
ORD506190,1,UPI,1,3825.59
ORD506191,1,net_banking,1,3407.34
ORD506192,1,wallet,1,1961.23
ORD506193,1,wallet,1,1382.18
ORD506194,1,debit_card,1,518.99
ORD506195,1,COD,1,1261.03
ORD506196,1,wallet,4,2418.72
ORD506197,1,net_banking,1,2802.38
ORD506197,2,net_banking,1,3766.74
ORD506198,1,net_banking,1,929.69
ORD506199,1,net_banking,7,2198.74
ORD506200,1,credit_card,1,928.33
ORD506200,2,wallet,9,1789.99
ORD506201,1,debit_card,1,3657.7
ORD506202,1,wallet,1,2725.05
ORD506203,1,net_banking,1,950.18
ORD506204,1,UPI,1,499.44
ORD506205,1,wallet,1,2951.49
ORD506206,1,net_banking,1,3462.6
ORD506207,1,credit_card,1,212.05
ORD506208,1,wallet,1,2359.66
ORD506208,2,wallet,1,2262.56
ORD506209,1,COD,8,1138.83
ORD506210,1,debit_card,1,1837.88
ORD506211,1,COD,1,3548.23
ORD506212,1,COD,1,1796.81
ORD506213,1,net_banking,7,1956.68
ORD506213,2,debit_card,1,3086.03
ORD506214,1,COD,1,495.95
ORD506215,1,debit_card,1,2350.37
ORD506216,1,UPI,1,1884.76
ORD506217,1,credit_card,1,1936.66
ORD506218,1,credit_card,1,1399.45
ORD506219,1,UPI,1,1802.5
ORD506220,1,wallet,1,3340.97
ORD506221,1,COD,1,616.32
ORD506222,1,UPI,1,1522.46
ORD506223,1,COD,1,2535.22
ORD506224,1,credit_card,1,3130.42
ORD506225,1,credit_card,1,347.04
ORD506225,2,wallet,1,1900.6
ORD506226,1,credit_card,8,668.54
ORD506227,1,COD,1,2076.62
ORD506228,1,COD,1,3524.3
ORD506229,1,net_banking,1,2903.08
ORD506230,1,credit_card,1,2678.68
ORD506231,1,debit_card,10,1386.8
ORD506232,1,credit_card,1,2429.92
ORD506233,1,debit_card,1,1023.21
ORD506234,1,net_banking,5,3508.98
ORD506235,1,credit_card,1,1359.38
ORD506236,1,credit_card,1,2428.47
ORD506237,1,UPI,1,1151.53
ORD506238,1,credit_card,1,3551.15
ORD506239,1,debit_card,1,1919.52
ORD506240,1,UPI,1,386.9
ORD506241,1,net_banking,1,3871.66
ORD506242,1,wallet,1,1604.93
ORD506243,1,credit_card,1,2695.53
ORD506244,1,debit_card,1,1116.46
ORD506245,1,net_banking,1,2372.87
ORD506246,1,credit_card,1,2129.48
ORD506247,1,COD,1,999.97
ORD506248,1,net_banking,1,729.14
ORD506249,1,wallet,1,247.63
ORD506250,1,credit_card,1,1277.13
ORD506251,1,wallet,1,1429.36
ORD506252,1,debit_card,1,3411.6
ORD506253,1,credit_card,1,2275.45
ORD506254,1,COD,1,1886.62
ORD506255,1,wallet,1,1847.41
ORD506256,1,debit_card,1,1657.64
ORD506257,1,UPI,1,2381.66
ORD506258,1,net_banking,1,2246.25
ORD506259,1,net_banking,1,2687.81
ORD506260,1,credit_card,1,3418.37
ORD506261,1,wallet,1,828.49
ORD506262,1,credit_card,1,1372.94
ORD506263,1,net_banking,1,3894.52
ORD506264,1,net_banking,1,1761.03
ORD506265,1,debit_card,1,3821.58
ORD506266,1,wallet,1,520.33
ORD506267,1,wallet,1,1212.46
ORD506268,1,debit_card,1,3477.5
ORD506269,1,debit_card,1,3497.94
ORD506270,1,net_banking,1,1248.89
ORD506271,1,wallet,1,3466.33
ORD506272,1,credit_card,1,3574.45
ORD506273,1,COD,9,1924.15
ORD506274,1,COD,1,3784.85
ORD506275,1,debit_card,1,206.41
ORD506275,2,net_banking,1,1948.01
ORD506276,1,net_banking,1,3948.09
ORD506277,1,COD,5,3921.87
ORD506278,1,COD,1,1708.03
ORD506279,1,credit_card,1,2168.39
ORD506280,1,credit_card,1,2002.81
ORD506281,1,UPI,1,437.44
ORD506282,1,UPI,1,2597.41
ORD506283,1,credit_card,1,2756.85
ORD506284,1,credit_card,1,3641.32
ORD506285,1,UPI,1,574.07
ORD506286,1,credit_card,1,1251.09
ORD506287,1,UPI,1,2032.55
ORD506287,2,credit_card,1,766.93
ORD506288,1,UPI,1,974.13
ORD506289,1,credit_card,12,2178.57
ORD506290,1,credit_card,1,1904.97
ORD506291,1,net_banking,1,2929.33
ORD506292,1,wallet,1,2097.2
ORD506293,1,wallet,1,1071.96
ORD506294,1,debit_card,1,3542.4
ORD506295,1,net_banking,1,1148.65
ORD506296,1,UPI,5,1739.31
ORD506297,1,net_banking,7,816.11
ORD506298,1,wallet,10,2153.1
ORD506299,1,credit_card,11,3818.16
ORD506300,1,credit_card,1,3007.67
ORD506301,1,UPI,1,356.63
ORD506302,1,wallet,1,3845.12
ORD506303,1,wallet,1,1307.66
ORD506304,1,UPI,8,3875.35
ORD506305,1,wallet,1,2720.87
ORD506306,1,UPI,1,3639.49
ORD506307,1,UPI,1,2165.46
ORD506307,2,credit_card,1,2374.21
ORD506308,1,credit_card,1,2977.34
ORD506309,1,credit_card,8,782.88
ORD506310,1,wallet,1,3371.29
ORD506311,1,COD,1,3637.69
ORD506312,1,wallet,1,1249.68
ORD506313,1,debit_card,9,3280.44
ORD506314,1,UPI,1,2412.68
ORD506314,2,net_banking,1,3344.09
ORD506315,1,wallet,1,2852.62
ORD506316,1,debit_card,1,2242.5
ORD506317,1,COD,1,948.74
ORD506318,1,credit_card,1,1582.7
ORD506319,1,debit_card,1,2014.37
ORD506320,1,wallet,9,1176.41
ORD506321,1,credit_card,1,322.43
ORD506322,1,COD,1,1613.06
ORD506323,1,UPI,1,3672.67
ORD506324,1,debit_card,10,1301.07
ORD506325,1,net_banking,1,1186.07
ORD506326,1,COD,1,1500.4
ORD506327,1,credit_card,4,1360.66
ORD506327,2,wallet,1,858.51
ORD506328,1,wallet,12,2456.35
ORD506328,2,net_banking,1,2236.86
ORD506329,1,wallet,1,2318.65
ORD506330,1,COD,8,3431.96
ORD506331,1,debit_card,1,2080.51
ORD506332,1,credit_card,1,2837.32
ORD506333,1,credit_card,1,2743.25
ORD506334,1,wallet,1,747.94
ORD506335,1,UPI,1,407.52
ORD506336,1,UPI,1,681.37
ORD506337,1,credit_card,1,3064.69
ORD506338,1,UPI,1,1896.73
ORD506339,1,credit_card,1,1131.06
ORD506340,1,wallet,1,3674.27
ORD506340,2,credit_card,1,3497.48
ORD506341,1,debit_card,1,2913.87
ORD506342,1,UPI,1,2056.78
ORD506343,1,COD,1,2851.69
ORD506344,1,debit_card,1,2671.67
ORD506345,1,UPI,1,1880.23
ORD506346,1,wallet,1,3200.3
ORD506346,2,COD,1,3473.73
ORD506347,1,COD,1,2018.14
ORD506348,1,credit_card,1,3371.7
ORD506349,1,debit_card,1,2816.76
ORD506350,1,UPI,1,2840.79
ORD506350,2,credit_card,1,519.02
ORD506351,1,COD,1,600.46
ORD506352,1,credit_card,1,697.49
ORD506353,1,credit_card,1,3043.87
ORD506354,1,debit_card,11,3397.19
ORD506355,1,credit_card,4,607.74
ORD506355,2,COD,1,3061.91
ORD506356,1,credit_card,1,1237.09
ORD506357,1,net_banking,1,574.32
ORD506358,1,wallet,1,2682.65
ORD506359,1,credit_card,1,272.35
ORD506360,1,COD,1,3820.17
ORD506361,1,net_banking,1,1894.91
ORD506362,1,net_banking,8,3572.62
ORD506362,2,wallet,5,749.87
ORD506363,1,UPI,1,3449.28
ORD506364,1,COD,1,2226.54
ORD506365,1,wallet,1,1178.43
ORD506365,2,UPI,1,3134.34
ORD506366,1,debit_card,1,622.57
ORD506367,1,debit_card,1,2093.3
ORD506368,1,net_banking,1,3131.38
ORD506369,1,COD,1,1700.55
ORD506370,1,COD,1,1907.39
ORD506371,1,COD,1,3846.19
ORD506372,1,credit_card,1,2714.28
ORD506373,1,wallet,1,1813.06
ORD506374,1,credit_card,1,1243.52
ORD506375,1,debit_card,1,1552.33
ORD506376,1,credit_card,5,340.12
ORD506377,1,net_banking,1,3269.17
ORD506378,1,debit_card,1,960.81
ORD506379,1,wallet,1,493.41
ORD506380,1,UPI,1,2206.86
ORD506381,1,debit_card,1,1217.87
ORD506382,1,wallet,11,409.4
ORD506382,2,credit_card,1,1802.87
ORD506383,1,net_banking,1,605.09
ORD506384,1,debit_card,1,3927.16
ORD506385,1,debit_card,1,573.9
ORD506386,1,debit_card,1,2573.4
ORD506387,1,COD,1,1994.97
ORD506388,1,net_banking,1,1137.04
ORD506389,1,COD,6,1154.54
ORD506390,1,COD,1,1927.09
ORD506391,1,UPI,1,3734.64
ORD506392,1,credit_card,5,398.71
ORD506393,1,credit_card,1,3923.12
ORD506393,2,wallet,1,1047.87
ORD506394,1,UPI,1,653.47
ORD506394,2,debit_card,1,1469.45
ORD506395,1,credit_card,1,2857.08
ORD506396,1,wallet,1,3133.95
ORD506397,1,credit_card,1,312.9
ORD506397,2,net_banking,1,817.69
ORD506398,1,net_banking,1,2368.93
ORD506399,1,UPI,1,826.69
ORD506400,1,wallet,1,1787.83
ORD506401,1,wallet,1,1394.43
ORD506402,1,credit_card,1,1248.05
ORD506403,1,UPI,1,3269.07
ORD506404,1,COD,1,3208.22
ORD506405,1,COD,1,1543.41
ORD506406,1,wallet,1,1657.79
ORD506407,1,wallet,10,2343.5
ORD506408,1,wallet,1,3109.49
ORD506409,1,net_banking,1,2364.24
ORD506410,1,debit_card,1,2008.14
ORD506411,1,debit_card,11,3788.08
ORD506412,1,debit_card,1,208.65
ORD506413,1,net_banking,1,1792.62
ORD506414,1,COD,1,1206.09
ORD506415,1,UPI,1,2093.01
ORD506416,1,debit_card,1,2207.25
ORD506417,1,UPI,1,3124.71
ORD506418,1,COD,1,3933.25
ORD506419,1,UPI,1,1301.61
ORD506420,1,wallet,1,1596.46
ORD506421,1,wallet,1,3020.45
ORD506422,1,COD,1,2417.24
ORD506422,2,UPI,1,2086.7
ORD506423,1,wallet,1,1862.05
ORD506424,1,wallet,1,3910.78
ORD506425,1,wallet,1,3639.82
ORD506426,1,credit_card,1,2262.75
ORD506426,2,debit_card,1,2127.42
ORD506427,1,net_banking,1,2571.02
ORD506427,2,credit_card,1,1391.77
ORD506428,1,UPI,12,1137.94
ORD506429,1,COD,1,2847.23
ORD506430,1,wallet,1,3797.34
ORD506431,1,UPI,1,3883.05
ORD506432,1,debit_card,1,1050.34
ORD506433,1,credit_card,1,1079.96
ORD506434,1,net_banking,1,787.5
ORD506435,1,debit_card,1,2842.39
ORD506436,1,net_banking,10,425.01
ORD506436,2,UPI,1,3653.22
ORD506437,1,UPI,1,2850.69
ORD506438,1,UPI,1,2694.53
ORD506439,1,net_banking,1,3719.96
ORD506440,1,net_banking,1,453.64
ORD506441,1,credit_card,3,1199.35
ORD506442,1,debit_card,1,975.45
ORD506442,2,wallet,1,2913.43
ORD506443,1,credit_card,1,3690.54
ORD506444,1,debit_card,1,3822.27
ORD506445,1,COD,6,1068.91
ORD506446,1,debit_card,8,710.77
ORD506447,1,wallet,1,1639.35
ORD506448,1,UPI,1,3954.0
ORD506449,1,credit_card,1,581.74
ORD506450,1,net_banking,1,2147.32
ORD506451,1,credit_card,1,2403.43
ORD506452,1,COD,6,1628.33
ORD506453,1,UPI,1,912.44
ORD506454,1,wallet,1,2172.95
ORD506455,1,UPI,1,1614.05
ORD506456,1,UPI,1,939.09
ORD506457,1,UPI,1,3006.77
ORD506458,1,wallet,1,1031.1
ORD506459,1,wallet,1,505.14
ORD506460,1,COD,1,742.96
ORD506461,1,net_banking,1,2089.73
ORD506462,1,net_banking,1,3238.72
ORD506463,1,COD,1,2830.47
ORD506464,1,debit_card,1,471.77
ORD506465,1,credit_card,1,3181.36
ORD506466,1,net_banking,1,2683.85
ORD506467,1,net_banking,1,861.71
ORD506468,1,net_banking,1,2964.82
ORD506469,1,UPI,1,3693.65
ORD506470,1,COD,1,3812.82
ORD506470,2,debit_card,1,1866.26
ORD506471,1,net_banking,1,3092.39
ORD506472,1,credit_card,1,2357.95
ORD506473,1,wallet,8,746.78
ORD506473,2,debit_card,1,1176.17
ORD506474,1,UPI,4,3865.47
ORD506475,1,UPI,1,2568.28
ORD506476,1,net_banking,5,3211.68
ORD506477,1,wallet,1,3177.9
ORD506478,1,credit_card,1,2357.78
ORD506478,2,UPI,11,1538.31
ORD506479,1,debit_card,1,2097.56
ORD506480,1,debit_card,1,2034.81
ORD506481,1,wallet,1,331.67
ORD506482,1,net_banking,1,2245.43
ORD506483,1,net_banking,1,2396.57
ORD506484,1,wallet,1,3087.16
ORD506485,1,UPI,1,3187.81
ORD506485,2,net_banking,1,2802.82
ORD506486,1,credit_card,1,2153.62
ORD506487,1,net_banking,1,3617.61
ORD506488,1,credit_card,1,321.77
ORD506488,2,debit_card,1,835.74
ORD506489,1,wallet,1,2174.98
ORD506490,1,COD,1,537.82
ORD506491,1,UPI,6,3124.53
ORD506491,2,COD,1,1742.32
ORD506492,1,net_banking,2,863.73
ORD506493,1,wallet,1,1819.21
ORD506494,1,UPI,1,1747.82
ORD506495,1,UPI,1,3513.67
ORD506496,1,COD,1,2259.36
ORD506497,1,UPI,1,1661.28
ORD506498,1,net_banking,1,1276.23
ORD506499,1,UPI,1,1982.9
ORD506500,1,wallet,1,1063.01
ORD506501,1,debit_card,1,2189.38
ORD506502,1,credit_card,1,965.32
ORD506503,1,credit_card,1,2525.72
ORD506504,1,debit_card,1,1467.28
ORD506505,1,credit_card,11,430.58
ORD506506,1,UPI,1,3346.69
ORD506507,1,debit_card,7,838.81
ORD506508,1,net_banking,1,1996.26
ORD506509,1,net_banking,3,3297.21
ORD506510,1,COD,1,3082.07
ORD506511,1,net_banking,11,2236.86
ORD506512,1,debit_card,1,567.76
ORD506513,1,UPI,3,2152.04
ORD506513,2,COD,1,1715.82
ORD506514,1,wallet,1,1945.21
ORD506515,1,credit_card,1,3789.47
ORD506516,1,wallet,1,1832.75
ORD506517,1,debit_card,1,2722.89
ORD506518,1,credit_card,1,220.28
ORD506519,1,credit_card,1,3893.84
ORD506520,1,debit_card,1,972.05
ORD506521,1,debit_card,1,631.04
ORD506522,1,net_banking,11,1056.87
ORD506522,2,UPI,1,653.52
ORD506523,1,net_banking,2,2700.78
ORD506524,1,debit_card,1,3053.04
ORD506525,1,net_banking,2,1471.88
ORD506526,1,debit_card,11,3789.1
ORD506527,1,net_banking,11,3531.76
ORD506528,1,wallet,4,1135.17
ORD506529,1,wallet,9,3380.74
ORD506530,1,wallet,1,967.13
ORD506531,1,net_banking,11,3835.44
ORD506532,1,COD,1,2242.09
ORD506533,1,COD,1,1264.16
ORD506534,1,net_banking,1,3022.96
ORD506535,1,debit_card,1,3575.02
ORD506536,1,wallet,1,1488.01
ORD506536,2,credit_card,1,2211.9
ORD506537,1,wallet,1,3480.94
ORD506538,1,COD,1,2206.6
ORD506538,2,UPI,1,3720.1
ORD506539,1,net_banking,1,2056.71
ORD506540,1,wallet,1,1288.36
ORD506541,1,debit_card,1,3196.48
ORD506542,1,COD,1,2263.23
ORD506543,1,debit_card,5,872.1
ORD506544,1,net_banking,1,2394.71
ORD506545,1,debit_card,1,2224.3
ORD506546,1,wallet,8,3605.69
ORD506547,1,debit_card,1,3752.08
ORD506547,2,debit_card,3,963.74
ORD506548,1,credit_card,7,2252.98
ORD506549,1,net_banking,12,1460.46
ORD506550,1,credit_card,1,2137.23
ORD506551,1,credit_card,1,2988.29
ORD506552,1,debit_card,9,1486.36
ORD506553,1,UPI,1,2406.05
ORD506554,1,wallet,1,769.89
ORD506555,1,net_banking,1,884.26
ORD506556,1,UPI,1,1371.93
ORD506557,1,debit_card,1,748.83
ORD506558,1,wallet,1,1453.19
ORD506559,1,credit_card,1,1798.55
ORD506560,1,net_banking,1,3097.87
ORD506561,1,net_banking,1,2629.96
ORD506562,1,UPI,1,2848.52
ORD506563,1,debit_card,1,2097.31
ORD506564,1,credit_card,1,3563.54
ORD506565,1,wallet,1,3339.45
ORD506566,1,net_banking,1,2899.0
ORD506567,1,net_banking,1,1669.31
ORD506567,2,UPI,12,1190.91
ORD506568,1,net_banking,1,2531.16
ORD506569,1,wallet,1,2705.47
ORD506570,1,credit_card,1,1442.26
ORD506571,1,credit_card,1,2913.61
ORD506572,1,COD,10,3020.85
ORD506573,1,wallet,1,1066.73
ORD506574,1,net_banking,1,3174.7
ORD506575,1,COD,1,1507.64
ORD506576,1,COD,1,1398.54
ORD506577,1,COD,1,3888.49
ORD506578,1,credit_card,1,2682.95
ORD506579,1,debit_card,1,649.19
ORD506580,1,net_banking,1,2600.56
ORD506581,1,COD,12,1526.13
ORD506582,1,debit_card,1,2140.02
ORD506583,1,debit_card,1,3246.18
ORD506584,1,net_banking,1,1357.48
ORD506585,1,wallet,1,3686.84
ORD506586,1,credit_card,1,3342.28
ORD506587,1,debit_card,1,1618.85
ORD506588,1,UPI,1,3253.23
ORD506589,1,credit_card,1,844.11
ORD506590,1,debit_card,1,2292.54
ORD506591,1,wallet,1,1467.19
ORD506591,2,credit_card,1,1511.48
ORD506592,1,wallet,1,235.08
ORD506593,1,UPI,1,883.42
ORD506594,1,wallet,10,3954.77
ORD506595,1,COD,1,2624.17
ORD506596,1,debit_card,1,2327.96
ORD506597,1,UPI,1,3162.06
ORD506598,1,debit_card,1,3479.71
ORD506599,1,credit_card,1,209.2
ORD506600,1,net_banking,1,1166.09
ORD506601,1,wallet,1,3610.47
ORD506602,1,debit_card,1,3618.09
ORD506603,1,debit_card,1,857.88
ORD506603,2,COD,1,2805.29
ORD506604,1,debit_card,1,2075.92
ORD506605,1,credit_card,1,1685.95
ORD506606,1,debit_card,2,1280.78
ORD506607,1,COD,1,1897.72
ORD506608,1,debit_card,1,3191.81
ORD506609,1,credit_card,1,2968.15
ORD506610,1,UPI,1,3659.12
ORD506611,1,COD,1,3534.03
ORD506612,1,COD,1,2831.78
ORD506613,1,credit_card,1,3788.18
ORD506614,1,net_banking,1,3666.98
ORD506615,1,credit_card,1,2380.4
ORD506616,1,wallet,1,2013.75
ORD506617,1,UPI,1,622.24
ORD506618,1,net_banking,1,2922.79
ORD506618,2,wallet,1,3898.1
ORD506619,1,credit_card,1,3312.79
ORD506620,1,COD,3,2098.1
ORD506621,1,COD,1,2444.91
ORD506622,1,UPI,1,3469.2
ORD506623,1,COD,1,1327.98
ORD506623,2,wallet,6,3367.7
ORD506624,1,credit_card,3,1535.53
ORD506624,2,COD,1,3877.05
ORD506625,1,UPI,1,1421.0
ORD506626,1,wallet,1,1641.87
ORD506627,1,credit_card,1,1284.45
ORD506628,1,wallet,1,371.06
ORD506629,1,COD,1,2541.5
ORD506630,1,debit_card,1,3362.18
ORD506630,2,wallet,1,2437.78
ORD506631,1,debit_card,1,3742.44
ORD506632,1,UPI,1,2764.92
ORD506633,1,credit_card,1,3374.54
ORD506634,1,credit_card,7,1829.75
ORD506635,1,net_banking,1,270.61
ORD506636,1,wallet,1,1044.6
ORD506637,1,credit_card,1,1899.1
ORD506638,1,COD,1,1235.69
ORD506639,1,debit_card,1,2409.43
ORD506640,1,debit_card,3,3089.48
ORD506640,2,net_banking,1,406.92
ORD506641,1,credit_card,9,3748.28
ORD506642,1,UPI,1,483.9
ORD506643,1,COD,1,2545.8
ORD506644,1,COD,8,1918.29
ORD506645,1,net_banking,1,2496.22
ORD506646,1,debit_card,1,2515.05
ORD506647,1,credit_card,1,3919.7
ORD506648,1,debit_card,1,346.88
ORD506649,1,net_banking,1,603.15
ORD506650,1,UPI,1,3939.86
ORD506651,1,credit_card,1,2307.82
ORD506652,1,UPI,8,3838.19
ORD506653,1,UPI,1,1694.96
ORD506654,1,net_banking,1,984.45
ORD506655,1,COD,1,1155.87
ORD506656,1,UPI,1,1653.46
ORD506657,1,debit_card,1,2638.12
ORD506658,1,credit_card,1,3558.45
ORD506659,1,credit_card,1,2158.22
ORD506660,1,wallet,1,2998.98
ORD506660,2,debit_card,1,3803.9
ORD506661,1,debit_card,1,426.77
ORD506662,1,COD,1,2046.83
ORD506663,1,wallet,11,2178.73
ORD506664,1,net_banking,1,2739.72
ORD506665,1,wallet,1,2192.27
ORD506666,1,net_banking,1,3074.32
ORD506667,1,wallet,1,308.34
ORD506668,1,UPI,1,1442.62
ORD506669,1,net_banking,1,1857.74
ORD506670,1,credit_card,1,455.56
ORD506671,1,COD,1,3329.99
ORD506672,1,COD,1,2608.72
ORD506673,1,debit_card,3,3191.07
ORD506674,1,wallet,1,1296.81
ORD506675,1,net_banking,1,3112.73
ORD506676,1,wallet,1,2706.04
ORD506677,1,UPI,1,3681.37
ORD506678,1,debit_card,1,3953.06
ORD506679,1,debit_card,1,3440.22
ORD506680,1,net_banking,1,2077.37
ORD506681,1,net_banking,1,1645.05
ORD506682,1,COD,7,2636.87
ORD506683,1,debit_card,1,2775.65
ORD506684,1,credit_card,1,1988.01
ORD506684,2,wallet,1,1994.2
ORD506685,1,credit_card,1,3294.83
ORD506686,1,COD,1,1407.22
ORD506687,1,COD,1,2995.14
ORD506688,1,debit_card,1,2442.12
ORD506689,1,credit_card,7,1853.75
ORD506690,1,debit_card,4,1821.53
ORD506691,1,credit_card,1,1557.8
ORD506692,1,net_banking,1,298.8
ORD506693,1,COD,1,2849.22
ORD506694,1,debit_card,1,787.63
ORD506695,1,wallet,1,1337.92
ORD506696,1,net_banking,4,1863.11
ORD506696,2,UPI,10,3526.61
ORD506697,1,debit_card,1,750.54
ORD506698,1,wallet,1,1993.64
ORD506699,1,wallet,1,1503.13
ORD506700,1,wallet,1,410.97
ORD506700,2,credit_card,1,1905.97
ORD506701,1,wallet,1,534.33
ORD506702,1,UPI,1,1748.54
ORD506703,1,credit_card,1,1596.6
ORD506704,1,credit_card,1,3413.68
ORD506705,1,credit_card,1,3578.14
ORD506706,1,wallet,1,928.75
ORD506707,1,credit_card,1,1494.41
ORD506708,1,debit_card,10,1489.72
ORD506709,1,credit_card,1,866.81
ORD506710,1,UPI,1,437.36
ORD506711,1,UPI,1,1900.81
ORD506712,1,COD,1,2918.14
ORD506713,1,net_banking,1,1860.02
ORD506714,1,debit_card,1,2036.36
ORD506715,1,COD,1,1906.12
ORD506716,1,wallet,1,1948.14
ORD506717,1,UPI,1,384.72
ORD506718,1,net_banking,1,1474.17
ORD506719,1,COD,1,2319.72
ORD506720,1,wallet,1,3247.43
ORD506721,1,credit_card,1,2790.13
ORD506722,1,debit_card,3,487.45
ORD506723,1,net_banking,1,3400.91
ORD506724,1,debit_card,11,3192.64
ORD506725,1,credit_card,1,3539.51
ORD506726,1,wallet,1,805.2
ORD506727,1,COD,1,2108.94
ORD506728,1,debit_card,1,3927.32
ORD506729,1,debit_card,5,332.89
ORD506730,1,net_banking,1,688.38
ORD506731,1,UPI,1,632.55
ORD506732,1,COD,1,227.82
ORD506733,1,net_banking,11,329.7
ORD506734,1,wallet,1,1471.44
ORD506735,1,credit_card,1,1081.31
ORD506736,1,net_banking,3,1138.19
ORD506737,1,debit_card,1,1680.11
ORD506738,1,UPI,1,1289.03
ORD506738,2,wallet,1,2127.42
ORD506739,1,debit_card,1,3478.64
ORD506740,1,wallet,1,2516.92
ORD506741,1,wallet,1,3468.7
ORD506742,1,UPI,8,1306.69
ORD506743,1,COD,1,3604.48
ORD506743,2,net_banking,1,250.51
ORD506744,1,COD,1,2866.17
ORD506745,1,wallet,1,3289.3
ORD506746,1,credit_card,1,2497.43
ORD506747,1,wallet,2,1619.2
ORD506748,1,COD,1,1628.9
ORD506748,2,COD,9,3061.82
ORD506749,1,credit_card,1,2061.27
ORD506750,1,COD,1,2459.06
ORD506751,1,COD,1,2985.47
ORD506752,1,net_banking,1,3352.67
ORD506752,2,net_banking,1,3826.19
ORD506753,1,credit_card,1,3722.86
ORD506754,1,UPI,1,2852.05
ORD506755,1,COD,2,3584.78
ORD506756,1,net_banking,1,1514.09
ORD506757,1,net_banking,8,3514.45
ORD506758,1,credit_card,1,476.86
ORD506759,1,UPI,1,1010.43
ORD506760,1,credit_card,1,680.43
ORD506761,1,debit_card,1,1905.36
ORD506761,2,wallet,1,1993.15
ORD506762,1,net_banking,1,2124.76
ORD506763,1,net_banking,1,359.19
ORD506764,1,credit_card,1,801.87
ORD506765,1,debit_card,1,3125.72
ORD506766,1,COD,1,2101.43
ORD506767,1,UPI,1,3986.46
ORD506768,1,credit_card,1,2908.71
ORD506769,1,UPI,1,3175.72
ORD506770,1,credit_card,1,2945.2
ORD506771,1,net_banking,1,1386.2
ORD506772,1,wallet,8,791.38
ORD506773,1,net_banking,3,1455.61
ORD506774,1,wallet,1,3653.13
ORD506775,1,net_banking,1,1005.51
ORD506776,1,COD,1,1900.21
ORD506777,1,debit_card,1,348.42
ORD506778,1,credit_card,1,3769.12
ORD506779,1,net_banking,1,1958.53
ORD506780,1,COD,4,3507.17
ORD506781,1,wallet,1,2333.92
ORD506782,1,net_banking,1,1190.95
ORD506783,1,COD,1,2084.01
ORD506784,1,UPI,1,662.13
ORD506785,1,COD,1,1826.2
ORD506786,1,UPI,1,775.65
ORD506787,1,wallet,1,550.3
ORD506788,1,wallet,1,2254.26
ORD506789,1,UPI,8,2988.81
ORD506790,1,credit_card,1,2162.13
ORD506791,1,COD,1,2407.08
ORD506792,1,COD,1,1573.09
ORD506792,2,debit_card,1,1732.24
ORD506793,1,debit_card,1,1396.15
ORD506794,1,net_banking,1,1799.47
ORD506795,1,UPI,1,2693.32
ORD506795,2,wallet,1,2672.42
ORD506796,1,COD,8,1322.42
ORD506797,1,wallet,1,1337.83
ORD506798,1,UPI,1,2036.2
ORD506799,1,debit_card,4,210.17
ORD506800,1,COD,1,578.93
ORD506801,1,UPI,1,373.05
ORD506802,1,wallet,1,228.52
ORD506803,1,UPI,1,871.77
ORD506804,1,net_banking,1,1123.99
ORD506805,1,credit_card,1,3240.97
ORD506806,1,credit_card,1,1325.65
ORD506807,1,COD,1,3190.38
ORD506808,1,debit_card,1,249.81
ORD506809,1,COD,7,2315.19
ORD506810,1,wallet,1,2448.78
ORD506811,1,wallet,1,711.05
ORD506812,1,COD,12,3173.39
ORD506813,1,net_banking,1,1446.94
ORD506814,1,net_banking,1,670.93
ORD506815,1,UPI,1,3176.47
ORD506816,1,COD,1,2739.87
ORD506817,1,COD,7,401.98
ORD506818,1,COD,9,2400.3
ORD506819,1,debit_card,1,2807.97
ORD506820,1,credit_card,1,3769.53
ORD506821,1,credit_card,5,1728.62
ORD506822,1,debit_card,1,2999.81
ORD506822,2,debit_card,1,2592.24
ORD506823,1,COD,1,869.25
ORD506824,1,credit_card,1,2696.44
ORD506825,1,net_banking,1,2948.29
ORD506826,1,COD,1,301.3
ORD506827,1,COD,1,3112.78
ORD506828,1,UPI,9,2340.14
ORD506829,1,net_banking,10,1520.46
ORD506830,1,wallet,1,3158.88
ORD506831,1,net_banking,6,776.61
ORD506832,1,credit_card,1,236.19
ORD506833,1,UPI,1,671.45
ORD506834,1,credit_card,3,3116.96
ORD506835,1,credit_card,1,3691.74
ORD506836,1,credit_card,1,248.69
ORD506837,1,credit_card,1,1682.8
ORD506837,2,UPI,1,642.86
ORD506838,1,COD,1,2989.08
ORD506839,1,debit_card,1,322.44
ORD506840,1,UPI,1,561.72
ORD506841,1,UPI,1,3394.17
ORD506842,1,COD,7,1500.09
ORD506843,1,wallet,1,3688.33
ORD506844,1,debit_card,1,3229.37
ORD506845,1,debit_card,1,525.57
ORD506846,1,net_banking,1,3767.06
ORD506847,1,credit_card,1,1474.22
ORD506848,1,net_banking,1,3564.78
ORD506849,1,wallet,1,678.62
ORD506850,1,credit_card,1,408.24
ORD506851,1,credit_card,1,1132.19
ORD506852,1,credit_card,1,452.76
ORD506853,1,wallet,1,3356.33
ORD506854,1,UPI,1,3553.38
ORD506855,1,UPI,1,2896.04
ORD506856,1,wallet,1,1224.24
ORD506857,1,COD,11,3930.44
ORD506858,1,debit_card,1,2591.02
ORD506859,1,credit_card,1,3775.57
ORD506859,2,COD,1,1301.43
ORD506860,1,UPI,1,1397.31
ORD506860,2,COD,1,587.66
ORD506861,1,UPI,1,2578.48
ORD506861,2,credit_card,1,3363.62
ORD506862,1,credit_card,1,2584.19
ORD506863,1,wallet,1,2361.19
ORD506864,1,COD,1,228.25
ORD506864,2,net_banking,1,2684.81
ORD506865,1,COD,1,2783.57
ORD506866,1,credit_card,1,1839.08
ORD506867,1,UPI,12,2716.79
ORD506868,1,net_banking,1,370.98
ORD506869,1,UPI,1,3104.25
ORD506870,1,wallet,9,213.45
ORD506871,1,wallet,2,995.75
ORD506872,1,credit_card,1,1555.14
ORD506873,1,COD,1,757.78
ORD506874,1,debit_card,1,1701.47
ORD506874,2,net_banking,1,1330.48
ORD506875,1,wallet,6,3779.91
ORD506876,1,COD,1,340.02
ORD506877,1,COD,1,3103.9
ORD506877,2,credit_card,1,3873.89
ORD506878,1,UPI,1,501.8
ORD506879,1,debit_card,1,3516.42
ORD506880,1,net_banking,1,3678.65
ORD506881,1,wallet,12,509.52
ORD506882,1,net_banking,1,2202.73
ORD506883,1,credit_card,1,808.91
ORD506884,1,COD,6,2320.48
ORD506885,1,debit_card,8,3645.59
ORD506886,1,net_banking,5,1731.22
ORD506887,1,credit_card,1,1957.43
ORD506888,1,wallet,1,3382.48
ORD506889,1,credit_card,1,2991.47
ORD506890,1,COD,1,3072.41
ORD506891,1,UPI,1,1682.93
ORD506892,1,COD,1,1744.68
ORD506893,1,UPI,10,3774.02
ORD506894,1,net_banking,2,3123.26
ORD506895,1,wallet,1,2151.0
ORD506896,1,UPI,1,403.46
ORD506897,1,UPI,1,1440.25
ORD506898,1,wallet,1,307.64
ORD506899,1,debit_card,1,3531.67
ORD506900,1,debit_card,1,3693.57
ORD506901,1,COD,1,1013.36
ORD506902,1,COD,1,1218.48
ORD506902,2,debit_card,10,439.13
ORD506903,1,COD,1,3794.5
ORD506904,1,UPI,1,3009.21
ORD506905,1,credit_card,1,1100.98
ORD506906,1,net_banking,1,2643.37
ORD506907,1,credit_card,1,1158.59
ORD506908,1,wallet,1,3730.79
ORD506909,1,wallet,1,2983.59
ORD506910,1,credit_card,1,2000.05
ORD506911,1,COD,1,2009.14
ORD506912,1,debit_card,1,530.78
ORD506913,1,debit_card,1,741.83
ORD506914,1,debit_card,1,2830.45
ORD506915,1,net_banking,1,3527.94
ORD506916,1,debit_card,6,2497.69
ORD506917,1,credit_card,1,1478.58
ORD506918,1,debit_card,1,2711.96
ORD506919,1,wallet,1,791.71
ORD506920,1,credit_card,1,1016.32
ORD506921,1,credit_card,1,2150.8
ORD506922,1,COD,1,422.1
ORD506923,1,wallet,1,3213.15
ORD506924,1,UPI,1,1106.4
ORD506925,1,UPI,1,492.34
ORD506926,1,net_banking,1,1298.85
ORD506927,1,UPI,1,319.0
ORD506928,1,wallet,1,2832.41
ORD506929,1,credit_card,1,3855.62
ORD506930,1,net_banking,1,2728.08
ORD506931,1,credit_card,1,3628.59
ORD506932,1,UPI,3,3258.52
ORD506933,1,net_banking,1,2706.27
ORD506934,1,credit_card,1,2179.96
ORD506935,1,credit_card,2,1761.23
ORD506936,1,wallet,1,894.56
ORD506936,2,credit_card,1,3841.01
ORD506937,1,UPI,1,2930.13
ORD506938,1,UPI,1,2034.84
ORD506938,2,wallet,11,686.55
ORD506939,1,debit_card,1,308.22
ORD506940,1,net_banking,5,1951.58
ORD506941,1,credit_card,1,3137.03
ORD506942,1,COD,1,387.21
ORD506943,1,COD,1,674.73
ORD506944,1,debit_card,8,3299.71
ORD506945,1,net_banking,8,3481.64
ORD506945,2,debit_card,1,3326.2
ORD506946,1,COD,1,2550.2
ORD506946,2,COD,1,733.46
ORD506947,1,credit_card,1,3085.55
ORD506948,1,debit_card,1,1830.36
ORD506949,1,credit_card,1,785.58
ORD506950,1,debit_card,1,1385.04
ORD506950,2,credit_card,4,1562.79
ORD506951,1,debit_card,1,3947.42
ORD506952,1,debit_card,1,3788.62
ORD506953,1,debit_card,6,3407.93
ORD506954,1,debit_card,1,1056.57
ORD506955,1,net_banking,7,3054.78
ORD506956,1,UPI,1,3427.04
ORD506957,1,UPI,1,3550.41
ORD506958,1,net_banking,1,227.38
ORD506959,1,net_banking,2,1130.75
ORD506960,1,wallet,1,3706.99
ORD506961,1,UPI,1,1106.77
ORD506962,1,net_banking,1,3468.52
ORD506963,1,UPI,1,216.23
ORD506963,2,credit_card,1,792.33
ORD506964,1,debit_card,1,1370.6
ORD506965,1,wallet,1,990.86
ORD506966,1,credit_card,1,767.69
ORD506967,1,debit_card,9,2916.94
ORD506968,1,credit_card,1,3348.04
ORD506969,1,debit_card,1,3230.24
ORD506970,1,credit_card,1,3783.21
ORD506971,1,credit_card,1,2508.22
ORD506972,1,UPI,1,1370.47
ORD506973,1,UPI,1,1990.19
ORD506974,1,COD,1,3239.23
ORD506975,1,UPI,1,2082.18
ORD506975,2,debit_card,1,216.39
ORD506976,1,net_banking,1,3695.6
ORD506977,1,debit_card,1,1961.55
ORD506978,1,UPI,1,2731.45
ORD506979,1,net_banking,1,2161.93
ORD506980,1,credit_card,1,1814.84
ORD506981,1,wallet,1,3763.08
ORD506982,1,credit_card,10,737.72
ORD506983,1,credit_card,1,1078.71
ORD506984,1,net_banking,4,1270.12
ORD506985,1,wallet,1,3302.63
ORD506986,1,debit_card,4,447.12
ORD506987,1,UPI,1,3800.79
ORD506988,1,debit_card,1,3544.6
ORD506989,1,net_banking,1,3005.19
ORD506990,1,COD,1,2860.93
ORD506990,2,net_banking,1,1444.0
ORD506991,1,COD,1,3478.15
ORD506992,1,net_banking,1,1787.98
ORD506993,1,UPI,1,964.98
ORD506994,1,debit_card,1,3649.45
ORD506995,1,wallet,1,3299.91
ORD506996,1,credit_card,1,3757.6
ORD506997,1,debit_card,1,2696.17
ORD506998,1,debit_card,1,686.54
ORD506999,1,credit_card,1,1457.29
ORD507000,1,COD,1,3782.6
ORD507001,1,COD,1,698.53
ORD507001,2,net_banking,1,3189.83
ORD507002,1,debit_card,1,3892.62
ORD507003,1,credit_card,1,388.99
ORD507004,1,debit_card,1,803.71
ORD507005,1,debit_card,1,759.02
ORD507006,1,COD,1,3732.23
ORD507007,1,COD,1,3780.0
ORD507008,1,net_banking,1,307.01
ORD507008,2,debit_card,1,1646.43
ORD507009,1,UPI,1,3781.6
ORD507010,1,wallet,1,3918.78
ORD507011,1,debit_card,1,3621.41
ORD507011,2,COD,9,3854.32
ORD507012,1,wallet,10,3128.23
ORD507013,1,credit_card,1,2525.39
ORD507013,2,wallet,1,3175.38
ORD507014,1,credit_card,1,3486.5
ORD507015,1,credit_card,1,483.57
ORD507016,1,COD,1,2180.08
ORD507017,1,credit_card,1,1448.0
ORD507018,1,UPI,1,1980.13
ORD507019,1,credit_card,1,1827.74
ORD507020,1,UPI,1,1806.39
ORD507021,1,wallet,1,1368.95
ORD507022,1,net_banking,1,1227.67
ORD507023,1,UPI,1,1331.08
ORD507024,1,credit_card,1,2450.92
ORD507025,1,wallet,1,2786.06
ORD507026,1,net_banking,1,2064.98
ORD507027,1,credit_card,1,3215.51
ORD507027,2,net_banking,1,312.16
ORD507028,1,UPI,1,1201.55
ORD507029,1,COD,1,294.24
ORD507030,1,credit_card,1,2241.13
ORD507031,1,credit_card,1,2636.97
ORD507032,1,debit_card,1,3529.32
ORD507033,1,credit_card,5,2895.48
ORD507033,2,debit_card,1,456.28
ORD507034,1,net_banking,1,3267.69
ORD507035,1,COD,1,3340.84
ORD507036,1,debit_card,6,2536.01
ORD507037,1,debit_card,1,1924.89
ORD507038,1,credit_card,1,2438.91
ORD507039,1,net_banking,1,3133.79
ORD507040,1,credit_card,1,3032.61
ORD507041,1,COD,1,2249.63
ORD507042,1,UPI,1,2934.84
ORD507043,1,credit_card,1,3127.37
ORD507044,1,COD,1,2898.12
ORD507045,1,credit_card,1,933.03
ORD507046,1,debit_card,1,1430.86
ORD507046,2,debit_card,1,1645.53
ORD507047,1,credit_card,4,1044.33
ORD507048,1,wallet,1,2191.43
ORD507049,1,net_banking,1,1574.82
ORD507050,1,UPI,1,2545.89
ORD507051,1,credit_card,1,626.85
ORD507052,1,credit_card,4,2700.61
ORD507053,1,UPI,1,2562.8
ORD507054,1,UPI,9,1513.02
ORD507055,1,credit_card,7,1437.5
ORD507056,1,debit_card,1,2836.46
ORD507057,1,credit_card,1,320.14
ORD507058,1,net_banking,1,1380.72
ORD507059,1,UPI,1,658.53
ORD507060,1,COD,1,3908.95
ORD507060,2,wallet,8,1272.63
ORD507061,1,wallet,12,3859.43
ORD507062,1,wallet,1,536.99
ORD507063,1,UPI,1,509.33
ORD507064,1,net_banking,1,3190.87
ORD507065,1,net_banking,1,1868.0
ORD507066,1,net_banking,1,1930.37
ORD507067,1,net_banking,1,1121.83
ORD507068,1,debit_card,1,2111.7
ORD507069,1,credit_card,1,2598.23
ORD507070,1,COD,1,2796.44
ORD507071,1,credit_card,1,3725.46
ORD507072,1,UPI,1,1046.76
ORD507072,2,COD,1,1598.54
ORD507073,1,COD,1,680.97
ORD507074,1,UPI,1,2072.76
ORD507075,1,net_banking,1,3101.83
ORD507076,1,COD,1,2420.66
ORD507077,1,net_banking,1,1639.51
ORD507078,1,net_banking,1,1919.84
ORD507078,2,debit_card,1,1579.15
ORD507079,1,COD,1,3902.31
ORD507080,1,net_banking,1,3109.26
ORD507081,1,credit_card,1,3064.97
ORD507082,1,UPI,1,2253.38
ORD507082,2,net_banking,9,530.31
ORD507083,1,COD,1,558.51
ORD507084,1,COD,1,2809.43
ORD507085,1,UPI,1,2996.94
ORD507086,1,UPI,1,3014.31
ORD507087,1,net_banking,1,1480.99
ORD507088,1,net_banking,1,710.83
ORD507089,1,debit_card,1,2332.5
ORD507090,1,UPI,1,265.98
ORD507091,1,wallet,1,3253.8
ORD507091,2,net_banking,1,1793.95
ORD507092,1,net_banking,1,3057.54
ORD507093,1,debit_card,1,597.45
ORD507094,1,COD,1,2325.69
ORD507095,1,wallet,5,1325.24
ORD507096,1,COD,1,3304.45
ORD507097,1,credit_card,1,612.23
ORD507098,1,wallet,1,1771.63
ORD507099,1,COD,1,275.52
ORD507100,1,wallet,1,965.67
ORD507101,1,COD,1,3567.3
ORD507102,1,UPI,1,3812.48
ORD507103,1,COD,4,3382.56
ORD507104,1,credit_card,1,3455.64
ORD507105,1,net_banking,1,3134.47
ORD507106,1,COD,1,2524.0
ORD507107,1,wallet,1,3874.62
ORD507108,1,credit_card,1,1795.17
ORD507109,1,wallet,1,1470.67
ORD507110,1,credit_card,1,305.6
ORD507111,1,net_banking,1,3477.55
ORD507112,1,UPI,1,3155.17
ORD507113,1,debit_card,1,3229.65
ORD507114,1,net_banking,7,206.48
ORD507114,2,UPI,1,3000.09
ORD507115,1,credit_card,1,759.73
ORD507116,1,debit_card,1,1789.92
ORD507117,1,UPI,8,1913.74
ORD507118,1,net_banking,1,1138.05
ORD507118,2,wallet,1,1355.2
ORD507119,1,wallet,1,1866.24
ORD507120,1,COD,1,1552.25
ORD507121,1,COD,1,2242.89
ORD507122,1,debit_card,1,715.99
ORD507123,1,wallet,8,2607.56
ORD507124,1,UPI,1,673.47
ORD507125,1,UPI,1,3969.96
ORD507125,2,credit_card,12,3896.08
ORD507126,1,UPI,1,1120.55
ORD507127,1,wallet,3,386.62
ORD507127,2,debit_card,1,1897.74
ORD507128,1,debit_card,1,1075.11
ORD507129,1,debit_card,1,3843.07
ORD507130,1,UPI,1,689.86
ORD507131,1,COD,1,3392.64
ORD507132,1,net_banking,1,3740.75
ORD507133,1,net_banking,1,2427.66
ORD507134,1,credit_card,1,2585.18
ORD507135,1,debit_card,1,1326.37
ORD507135,2,credit_card,1,2549.4
ORD507136,1,credit_card,1,1393.51
ORD507137,1,debit_card,1,1673.08
ORD507138,1,UPI,7,3713.96
ORD507139,1,wallet,1,3314.48
ORD507140,1,COD,1,3929.35
ORD507140,2,UPI,1,1436.09
ORD507141,1,net_banking,6,3465.07
ORD507142,1,debit_card,1,2318.65
ORD507143,1,wallet,6,3834.83
ORD507144,1,net_banking,3,1543.75
ORD507145,1,COD,1,3703.19
ORD507146,1,UPI,1,3937.14
ORD507146,2,COD,1,830.12
ORD507147,1,credit_card,1,1371.0
ORD507148,1,wallet,1,2517.75
ORD507149,1,net_banking,1,1528.71
ORD507150,1,COD,1,3635.71
ORD507151,1,credit_card,1,3239.26
ORD507152,1,wallet,1,307.72
ORD507153,1,wallet,1,2496.98
ORD507154,1,UPI,12,966.11
ORD507155,1,debit_card,1,2639.22
ORD507156,1,debit_card,6,2843.93
ORD507157,1,credit_card,3,986.19
ORD507158,1,COD,1,1544.96
ORD507159,1,debit_card,1,3982.99
ORD507160,1,credit_card,1,3809.76
ORD507161,1,net_banking,1,983.4
ORD507162,1,debit_card,1,3297.91
ORD507162,2,debit_card,11,2039.27
ORD507163,1,credit_card,1,1698.28
ORD507164,1,wallet,1,3870.65
ORD507164,2,credit_card,1,1651.06
ORD507165,1,wallet,1,3305.56
ORD507166,1,UPI,7,1625.91
ORD507167,1,debit_card,1,2366.34
ORD507168,1,UPI,7,2806.25
ORD507169,1,debit_card,1,1380.5
ORD507170,1,wallet,1,3578.63
ORD507171,1,UPI,1,2723.3
ORD507172,1,COD,1,689.7
ORD507173,1,debit_card,6,3365.86
ORD507174,1,COD,1,280.54
ORD507175,1,UPI,12,600.57
ORD507176,1,wallet,1,3377.34
ORD507177,1,UPI,1,3356.39
ORD507178,1,UPI,1,1310.2
ORD507179,1,COD,1,3854.04
ORD507180,1,net_banking,8,3085.46
ORD507181,1,credit_card,1,547.18
ORD507181,2,wallet,1,1538.63
ORD507182,1,credit_card,1,3799.87
ORD507182,2,net_banking,1,3052.69
ORD507183,1,UPI,11,1330.15
ORD507184,1,net_banking,1,1407.43
ORD507185,1,net_banking,1,1305.51
ORD507186,1,UPI,1,2439.33
ORD507187,1,credit_card,1,2050.8
ORD507188,1,UPI,1,1203.93
ORD507189,1,credit_card,1,1533.13
ORD507190,1,debit_card,12,3974.79
ORD507191,1,debit_card,11,2727.91
ORD507192,1,net_banking,1,664.09
ORD507192,2,credit_card,10,2029.7
ORD507193,1,COD,1,872.18
ORD507194,1,UPI,1,2863.94
ORD507195,1,net_banking,1,985.62
ORD507196,1,debit_card,1,1802.73
ORD507197,1,wallet,5,2444.12
ORD507198,1,debit_card,1,3556.7
ORD507199,1,wallet,1,437.4
ORD507200,1,UPI,1,3163.85
ORD507201,1,debit_card,1,1309.82
ORD507202,1,debit_card,1,3281.58
ORD507203,1,wallet,1,554.25
ORD507204,1,wallet,1,1202.47
ORD507205,1,COD,7,209.41
ORD507206,1,UPI,1,1800.39
ORD507207,1,debit_card,1,3176.48
ORD507207,2,debit_card,1,1004.29
ORD507208,1,UPI,1,3381.55
ORD507209,1,UPI,1,3195.95
ORD507210,1,wallet,1,1438.18
ORD507210,2,credit_card,1,3692.53
ORD507211,1,wallet,1,2458.46
ORD507212,1,UPI,1,283.51
ORD507213,1,UPI,1,250.12
ORD507214,1,credit_card,1,3015.15
ORD507215,1,debit_card,1,1414.13
ORD507216,1,COD,1,1749.26
ORD507217,1,net_banking,1,822.42
ORD507217,2,net_banking,1,2310.71
ORD507218,1,debit_card,1,1337.93
ORD507219,1,credit_card,6,3095.36
ORD507219,2,COD,1,1296.36
ORD507220,1,credit_card,1,1541.97
ORD507220,2,wallet,1,3930.15
ORD507221,1,wallet,1,1851.57
ORD507221,2,net_banking,2,3451.97
ORD507222,1,net_banking,1,1506.45
ORD507223,1,UPI,1,1350.02
ORD507224,1,credit_card,1,802.24
ORD507225,1,UPI,1,1643.25
ORD507226,1,wallet,1,927.31
ORD507227,1,wallet,9,1858.5
ORD507228,1,UPI,1,629.82
ORD507229,1,COD,1,2125.55
ORD507230,1,credit_card,1,3790.95
ORD507231,1,net_banking,1,1379.95
ORD507232,1,credit_card,1,900.52
ORD507233,1,debit_card,1,828.73
ORD507234,1,COD,1,3688.42
ORD507235,1,debit_card,12,631.34
ORD507236,1,UPI,1,2043.9
ORD507237,1,COD,1,657.48
ORD507238,1,debit_card,1,2845.64
ORD507239,1,credit_card,1,1622.91
ORD507240,1,net_banking,1,2724.14
ORD507241,1,wallet,11,3638.64
ORD507242,1,COD,1,2570.12
ORD507243,1,credit_card,1,2382.74
ORD507244,1,credit_card,1,320.55
ORD507245,1,credit_card,3,2540.62
ORD507246,1,wallet,1,3395.04
ORD507247,1,credit_card,12,3508.0
ORD507248,1,debit_card,1,987.56
ORD507249,1,net_banking,1,607.91
ORD507250,1,COD,4,1370.85
ORD507251,1,debit_card,1,3304.92
ORD507252,1,UPI,1,2259.07
ORD507253,1,credit_card,5,1227.74
ORD507254,1,COD,1,3057.97
ORD507255,1,COD,1,2511.23
ORD507256,1,debit_card,1,3224.36
ORD507257,1,credit_card,1,1314.15
ORD507258,1,wallet,1,1860.22
ORD507259,1,wallet,1,3332.25
ORD507260,1,COD,1,2163.3
ORD507261,1,net_banking,1,2083.49
ORD507262,1,credit_card,4,891.28
ORD507263,1,wallet,1,3612.51
ORD507264,1,UPI,1,3800.02
ORD507265,1,net_banking,1,1418.79
ORD507266,1,net_banking,1,3434.58
ORD507267,1,UPI,11,2377.71
ORD507268,1,debit_card,1,3242.31
ORD507269,1,credit_card,1,696.61
ORD507270,1,COD,1,3313.17
ORD507271,1,UPI,1,2077.98
ORD507272,1,net_banking,1,1734.6
ORD507273,1,COD,8,3991.56
ORD507274,1,UPI,1,2087.99
ORD507275,1,COD,1,238.94
ORD507276,1,credit_card,1,320.23
ORD507277,1,COD,1,852.58
ORD507278,1,UPI,2,3019.78
ORD507279,1,credit_card,1,2260.74
ORD507280,1,debit_card,1,408.94
ORD507281,1,credit_card,1,1661.16
ORD507282,1,credit_card,11,431.67
ORD507283,1,net_banking,1,3183.47
ORD507284,1,UPI,11,525.87
ORD507285,1,debit_card,1,2064.94
ORD507286,1,debit_card,1,1251.88
ORD507287,1,debit_card,11,2734.76
ORD507288,1,COD,1,2985.09
ORD507289,1,COD,1,2140.31
ORD507290,1,COD,1,1278.27
ORD507291,1,net_banking,1,792.56
ORD507292,1,COD,1,662.65
ORD507293,1,COD,1,217.21
ORD507294,1,net_banking,1,1696.47
ORD507295,1,net_banking,1,1311.3
ORD507296,1,COD,1,2122.17
ORD507297,1,wallet,1,3650.11
ORD507298,1,UPI,1,3711.04
ORD507298,2,credit_card,1,2580.86
ORD507299,1,debit_card,1,2481.69
ORD507300,1,credit_card,1,3591.12
ORD507301,1,COD,10,1539.9
ORD507302,1,wallet,1,1475.94
ORD507303,1,credit_card,1,581.84
ORD507304,1,debit_card,1,2599.27
ORD507305,1,COD,1,3720.69
ORD507306,1,debit_card,12,3359.89
ORD507306,2,UPI,1,808.43
ORD507307,1,net_banking,1,3458.85
ORD507308,1,COD,12,1264.46
ORD507308,2,debit_card,1,1838.89
ORD507309,1,wallet,1,3621.08
ORD507309,2,wallet,1,1107.62
ORD507310,1,COD,1,1148.56
ORD507310,2,UPI,1,1176.79
ORD507311,1,wallet,1,2945.17
ORD507312,1,net_banking,7,1390.29
ORD507313,1,COD,1,2567.11
ORD507314,1,wallet,1,644.82
ORD507315,1,wallet,1,2429.63
ORD507316,1,debit_card,2,2720.8
ORD507317,1,debit_card,3,3234.96
ORD507318,1,net_banking,1,3290.47
ORD507319,1,wallet,1,3650.88
ORD507320,1,debit_card,1,490.28
ORD507321,1,UPI,1,2073.66
ORD507321,2,net_banking,1,3010.6
ORD507322,1,wallet,1,1688.87
ORD507323,1,credit_card,1,940.52
ORD507324,1,credit_card,1,1054.77
ORD507325,1,credit_card,10,3101.3
ORD507326,1,credit_card,1,3269.19
ORD507327,1,COD,1,2652.67
ORD507328,1,UPI,1,2464.05
ORD507329,1,COD,1,2920.16
ORD507330,1,COD,1,1879.94
ORD507331,1,debit_card,1,3216.54
ORD507332,1,wallet,1,538.5
ORD507333,1,COD,1,680.03
ORD507334,1,credit_card,1,3440.41
ORD507335,1,credit_card,1,2124.78
ORD507336,1,COD,12,1885.05
ORD507337,1,debit_card,1,545.9
ORD507338,1,wallet,1,3739.43
ORD507339,1,net_banking,1,1072.81
ORD507340,1,debit_card,1,586.44
ORD507341,1,UPI,1,1435.27
ORD507342,1,wallet,1,3483.47
ORD507343,1,net_banking,10,2811.56
ORD507343,2,debit_card,1,3620.41
ORD507344,1,wallet,1,1697.55
ORD507345,1,debit_card,1,2506.04
ORD507346,1,COD,1,2842.8
ORD507347,1,UPI,1,2092.82
ORD507348,1,UPI,1,2324.46
ORD507349,1,wallet,1,3548.98
ORD507350,1,debit_card,1,1914.82
ORD507351,1,net_banking,1,3043.31
ORD507352,1,UPI,1,3419.87
ORD507352,2,debit_card,10,3115.36
ORD507353,1,wallet,1,3798.9
ORD507354,1,credit_card,1,961.87
ORD507355,1,wallet,1,2686.62
ORD507356,1,COD,1,1175.38
ORD507357,1,COD,1,2067.04
ORD507358,1,debit_card,1,842.27
ORD507359,1,debit_card,11,3569.9
ORD507360,1,credit_card,1,2054.85
ORD507361,1,COD,1,1312.0
ORD507362,1,debit_card,1,3237.45
ORD507363,1,credit_card,1,2893.41
ORD507364,1,COD,1,2688.73
ORD507365,1,net_banking,1,1030.58
ORD507366,1,credit_card,1,2785.49
ORD507367,1,debit_card,8,325.44
ORD507368,1,wallet,1,2849.8
ORD507369,1,net_banking,1,1351.51
ORD507370,1,debit_card,10,2484.03
ORD507371,1,debit_card,1,3325.79
ORD507372,1,net_banking,1,1326.59
ORD507373,1,UPI,1,1786.24
ORD507373,2,net_banking,1,827.49
ORD507374,1,credit_card,1,2717.23
ORD507375,1,net_banking,1,3695.85
ORD507376,1,credit_card,1,637.92
ORD507377,1,wallet,1,1642.08
ORD507378,1,COD,1,918.73
ORD507378,2,COD,1,1514.98
ORD507379,1,net_banking,1,772.51
ORD507380,1,UPI,1,2314.67
ORD507380,2,wallet,1,2590.22
ORD507381,1,debit_card,1,1747.34
ORD507382,1,COD,1,2611.96
ORD507383,1,net_banking,1,1430.87
ORD507384,1,wallet,5,206.25
ORD507385,1,debit_card,1,630.26
ORD507386,1,credit_card,1,3312.08
ORD507387,1,COD,1,288.3
ORD507388,1,credit_card,1,1314.98
ORD507389,1,UPI,3,3254.39
ORD507390,1,credit_card,1,1328.35
ORD507391,1,credit_card,1,1291.1
ORD507392,1,debit_card,1,205.33
ORD507393,1,net_banking,1,3587.74
ORD507394,1,net_banking,11,776.44
ORD507394,2,COD,1,3633.7
ORD507395,1,credit_card,5,1231.82
ORD507396,1,credit_card,1,3249.04
ORD507397,1,credit_card,1,817.36
ORD507398,1,wallet,1,3700.51
ORD507399,1,debit_card,1,3919.13
ORD507400,1,UPI,11,3072.02
ORD507401,1,wallet,1,3330.36
ORD507402,1,debit_card,1,603.16
ORD507403,1,credit_card,1,1497.77
ORD507404,1,credit_card,1,1285.59
ORD507405,1,debit_card,1,3291.73
ORD507406,1,credit_card,1,2223.8
ORD507407,1,COD,1,3407.81
ORD507408,1,net_banking,1,1253.9
ORD507409,1,credit_card,1,2104.29
ORD507410,1,UPI,1,2186.11
ORD507411,1,COD,1,1866.0
ORD507412,1,debit_card,10,582.31
ORD507413,1,net_banking,1,3840.6
ORD507414,1,UPI,1,3359.86
ORD507415,1,COD,1,1351.26
ORD507416,1,net_banking,1,1679.81
ORD507417,1,wallet,1,320.8
ORD507418,1,net_banking,1,2597.48
ORD507419,1,net_banking,1,277.47
ORD507420,1,wallet,1,1798.55
ORD507421,1,wallet,11,3159.8
ORD507422,1,debit_card,1,3092.69
ORD507423,1,UPI,1,2338.37
ORD507424,1,debit_card,4,3993.51
ORD507425,1,debit_card,10,3808.89
ORD507426,1,wallet,1,1268.17
ORD507427,1,wallet,1,1359.36
ORD507428,1,UPI,1,1188.43
ORD507429,1,COD,3,2848.07
ORD507430,1,net_banking,1,620.22
ORD507431,1,credit_card,1,710.1
ORD507432,1,UPI,1,1628.67
ORD507433,1,debit_card,1,3068.84
ORD507434,1,credit_card,1,2194.65
ORD507435,1,COD,10,369.1
ORD507436,1,UPI,1,3358.58
ORD507437,1,COD,1,2013.4
ORD507438,1,UPI,1,3386.89
ORD507439,1,debit_card,1,3431.46
ORD507440,1,debit_card,1,1703.77
ORD507441,1,debit_card,1,3522.89
ORD507442,1,net_banking,1,3069.59
ORD507442,2,net_banking,1,2498.32
ORD507443,1,UPI,9,2526.55
ORD507444,1,credit_card,1,823.0
ORD507445,1,COD,1,3144.53
ORD507446,1,UPI,6,3634.71
ORD507446,2,UPI,1,3614.45
ORD507447,1,wallet,1,2319.32
ORD507448,1,credit_card,1,1340.01
ORD507449,1,debit_card,1,2609.36
ORD507450,1,COD,1,1744.14
ORD507451,1,debit_card,1,1540.61
ORD507452,1,credit_card,1,895.86
ORD507453,1,COD,1,729.85
ORD507454,1,UPI,1,2102.14
ORD507455,1,UPI,1,2369.02
ORD507456,1,UPI,9,219.23
ORD507457,1,UPI,1,2962.63
ORD507458,1,COD,11,1155.82
ORD507459,1,net_banking,1,1835.5
ORD507460,1,debit_card,1,2144.81
ORD507461,1,COD,1,3829.68
ORD507461,2,credit_card,1,2938.65
ORD507462,1,COD,1,2819.68
ORD507463,1,debit_card,1,2246.63
ORD507464,1,wallet,10,2163.56
ORD507464,2,UPI,1,288.43
ORD507465,1,debit_card,1,454.59
ORD507466,1,wallet,1,323.66
ORD507467,1,UPI,1,3431.67
ORD507468,1,debit_card,4,913.87
ORD507469,1,credit_card,1,1020.72
ORD507470,1,UPI,1,2799.81
ORD507471,1,debit_card,1,2745.43
ORD507472,1,COD,1,2538.47
ORD507473,1,credit_card,1,3438.88
ORD507474,1,debit_card,1,3034.38
ORD507475,1,wallet,1,3234.89
ORD507476,1,debit_card,1,3574.07
ORD507477,1,debit_card,1,2355.4
ORD507478,1,debit_card,1,2722.09
ORD507479,1,net_banking,1,2004.79
ORD507480,1,COD,1,2276.33
ORD507481,1,UPI,1,832.04
ORD507482,1,wallet,1,2564.71
ORD507483,1,credit_card,1,1862.29
ORD507484,1,COD,8,1454.64
ORD507485,1,COD,1,2640.11
ORD507486,1,COD,2,2470.09
ORD507487,1,COD,2,1246.38
ORD507488,1,COD,1,1102.09
ORD507489,1,debit_card,1,3280.7
ORD507490,1,debit_card,1,2669.68
ORD507491,1,debit_card,9,1923.36
ORD507492,1,credit_card,1,3965.65
ORD507493,1,debit_card,4,3570.07
ORD507494,1,UPI,1,1576.19
ORD507495,1,credit_card,1,3734.52
ORD507496,1,credit_card,1,3743.19
ORD507497,1,COD,1,885.38
ORD507498,1,credit_card,1,3346.09
ORD507499,1,debit_card,1,2534.96
ORD507500,1,COD,1,899.79
ORD507501,1,UPI,1,508.04
ORD507502,1,net_banking,1,933.61
ORD507502,2,wallet,1,2291.63
ORD507503,1,wallet,1,3604.42
ORD507504,1,debit_card,1,2203.09
ORD507505,1,debit_card,2,1527.09
ORD507506,1,UPI,1,1474.05
ORD507507,1,wallet,1,927.82
ORD507508,1,credit_card,1,1656.74
ORD507509,1,wallet,9,3014.73
ORD507510,1,credit_card,1,1550.48
ORD507511,1,net_banking,1,3917.94
ORD507512,1,credit_card,1,3507.72
ORD507513,1,net_banking,1,334.76
ORD507513,2,net_banking,1,1590.78
ORD507514,1,COD,1,3258.29
ORD507514,2,debit_card,1,2790.92
ORD507515,1,COD,1,2595.88
ORD507516,1,UPI,1,622.65
ORD507517,1,credit_card,1,2562.08
ORD507518,1,UPI,1,778.43
ORD507519,1,COD,1,2541.21
ORD507520,1,net_banking,1,944.1
ORD507521,1,COD,1,1041.03
ORD507522,1,debit_card,1,241.39
ORD507523,1,UPI,6,1100.67
ORD507524,1,COD,8,824.34
ORD507525,1,wallet,1,1586.11
ORD507526,1,debit_card,6,3694.76
ORD507527,1,COD,1,3085.87
ORD507528,1,debit_card,3,792.65
ORD507529,1,debit_card,1,1363.35
ORD507530,1,credit_card,1,2662.52
ORD507531,1,UPI,1,3772.28
ORD507532,1,debit_card,1,1246.4
ORD507533,1,wallet,1,1987.35
ORD507534,1,UPI,1,941.1
ORD507535,1,debit_card,1,1292.9
ORD507536,1,COD,1,1556.42
ORD507537,1,UPI,1,835.61
ORD507538,1,wallet,1,728.71
ORD507539,1,credit_card,11,789.86
ORD507540,1,net_banking,2,2582.46
ORD507541,1,credit_card,4,3965.71
ORD507541,2,UPI,1,955.57
ORD507542,1,UPI,1,3919.0
ORD507543,1,wallet,10,2946.52
ORD507544,1,net_banking,1,3425.73
ORD507545,1,net_banking,1,1970.39
ORD507545,2,wallet,1,435.69
ORD507546,1,net_banking,1,3864.52
ORD507547,1,credit_card,1,788.72
ORD507548,1,credit_card,1,3007.85
ORD507548,2,COD,1,2647.48
ORD507549,1,net_banking,1,3863.35
ORD507550,1,UPI,1,2519.1
ORD507551,1,COD,10,3997.49
ORD507552,1,debit_card,1,2442.91
ORD507553,1,debit_card,1,1131.27
ORD507554,1,net_banking,1,1804.86
ORD507555,1,COD,6,3893.11
ORD507556,1,UPI,1,2887.62
ORD507557,1,debit_card,1,3452.5
ORD507558,1,COD,1,3129.19
ORD507559,1,wallet,1,558.39
ORD507560,1,credit_card,7,331.97
ORD507561,1,wallet,1,2916.13
ORD507562,1,UPI,1,1835.94
ORD507562,2,COD,1,2878.57
ORD507563,1,credit_card,9,864.45
ORD507564,1,wallet,1,1854.41
ORD507565,1,wallet,1,2815.06
ORD507566,1,credit_card,1,243.54
ORD507567,1,credit_card,1,3626.58
ORD507568,1,net_banking,1,3788.29
ORD507568,2,wallet,1,1217.22
ORD507569,1,COD,1,574.74
ORD507570,1,COD,1,1641.89
ORD507571,1,net_banking,3,1701.0
ORD507572,1,COD,1,3532.85
ORD507573,1,debit_card,1,1463.86
ORD507574,1,wallet,1,2089.12
ORD507574,2,credit_card,8,2653.79
ORD507575,1,COD,1,2508.3
ORD507576,1,UPI,6,1007.69
ORD507577,1,wallet,1,2329.08
ORD507578,1,credit_card,1,1707.13
ORD507579,1,debit_card,1,2967.68
ORD507580,1,net_banking,5,2061.05
ORD507581,1,UPI,1,2845.42
ORD507582,1,wallet,1,1614.5
ORD507583,1,credit_card,1,1809.54
ORD507584,1,debit_card,1,3768.9
ORD507585,1,debit_card,1,2742.71
ORD507586,1,net_banking,1,2258.29
ORD507587,1,COD,3,2482.05
ORD507588,1,net_banking,1,750.95
ORD507588,2,credit_card,11,1510.96
ORD507589,1,debit_card,1,3181.44
ORD507589,2,net_banking,8,2283.13
ORD507590,1,debit_card,6,2909.07
ORD507591,1,COD,1,945.9
ORD507592,1,wallet,1,3063.14
ORD507593,1,credit_card,1,3104.6
ORD507594,1,net_banking,1,2435.2
ORD507595,1,credit_card,1,3965.32
ORD507596,1,net_banking,10,3343.4
ORD507596,2,net_banking,4,3988.24
ORD507597,1,UPI,1,696.84
ORD507598,1,credit_card,1,262.67
ORD507599,1,wallet,1,442.13
ORD507600,1,debit_card,1,2142.16
ORD507601,1,COD,1,2345.55
ORD507602,1,debit_card,1,2821.84
ORD507602,2,credit_card,3,2011.71
ORD507603,1,UPI,5,3914.43
ORD507603,2,wallet,1,3037.01
ORD507604,1,credit_card,1,3821.59
ORD507605,1,credit_card,3,3719.16
ORD507606,1,net_banking,1,2232.68
ORD507607,1,COD,1,579.5
ORD507608,1,UPI,1,2505.18
ORD507609,1,wallet,1,2842.07
ORD507610,1,COD,10,1032.09
ORD507611,1,debit_card,1,1193.11
ORD507612,1,UPI,1,2994.48
ORD507613,1,net_banking,1,2265.65
ORD507614,1,net_banking,1,3558.98
ORD507615,1,wallet,12,3461.06
ORD507616,1,UPI,1,3707.94
ORD507617,1,COD,1,1092.51
ORD507618,1,UPI,1,2108.64
ORD507619,1,net_banking,1,3780.29
ORD507619,2,net_banking,11,2151.88
ORD507620,1,wallet,7,3725.72
ORD507621,1,net_banking,5,404.39
ORD507622,1,debit_card,1,1873.35
ORD507623,1,UPI,9,1227.77
ORD507624,1,UPI,1,610.3
ORD507625,1,COD,1,3990.48
ORD507626,1,debit_card,1,2600.18
ORD507626,2,credit_card,1,2224.05
ORD507627,1,wallet,1,2593.57
ORD507628,1,COD,1,1694.4
ORD507629,1,net_banking,1,2560.63
ORD507630,1,UPI,1,1108.09
ORD507631,1,debit_card,1,1341.86
ORD507631,2,net_banking,1,461.8
ORD507632,1,debit_card,1,1122.17
ORD507633,1,UPI,1,1824.41
ORD507634,1,COD,11,1470.55
ORD507635,1,wallet,1,1912.26
ORD507636,1,wallet,1,1495.77
ORD507637,1,UPI,1,3883.69
ORD507637,2,credit_card,1,2253.27
ORD507638,1,net_banking,1,3619.32
ORD507639,1,wallet,1,1174.23
ORD507640,1,UPI,1,253.3
ORD507641,1,debit_card,1,1729.75
ORD507642,1,credit_card,1,2489.44
ORD507643,1,credit_card,1,3488.86
ORD507643,2,net_banking,1,3868.47
ORD507644,1,debit_card,1,1926.0
ORD507645,1,net_banking,1,2101.29
ORD507645,2,wallet,1,1421.14
ORD507646,1,UPI,6,3258.63
ORD507647,1,net_banking,1,1808.22
ORD507648,1,debit_card,1,2775.86
ORD507649,1,wallet,1,2645.5
ORD507650,1,COD,1,1910.48
ORD507651,1,UPI,2,2387.51
ORD507652,1,net_banking,1,764.45
ORD507653,1,UPI,1,2461.4
ORD507653,2,net_banking,1,950.34
ORD507654,1,debit_card,12,1958.7
ORD507654,2,UPI,1,2329.99
ORD507655,1,net_banking,1,825.99
ORD507656,1,wallet,3,257.21
ORD507657,1,wallet,1,894.06
ORD507658,1,UPI,1,3176.52
ORD507658,2,wallet,1,246.64
ORD507659,1,credit_card,1,3752.37
ORD507660,1,credit_card,1,892.21
ORD507661,1,COD,1,880.96
ORD507662,1,net_banking,1,1501.15
ORD507663,1,net_banking,1,3541.01
ORD507664,1,wallet,1,1628.09
ORD507665,1,credit_card,1,868.69
ORD507666,1,COD,1,3945.83
ORD507666,2,credit_card,2,3654.41
ORD507667,1,credit_card,1,463.62
ORD507668,1,net_banking,9,3077.99
ORD507668,2,COD,1,2211.39
ORD507669,1,wallet,1,551.15
ORD507670,1,credit_card,1,3354.87
ORD507671,1,UPI,1,782.01
ORD507672,1,UPI,1,2754.05
ORD507673,1,credit_card,1,264.51
ORD507674,1,wallet,12,834.99
ORD507675,1,UPI,10,3214.51
ORD507676,1,wallet,1,1055.47
ORD507677,1,debit_card,1,3006.22
ORD507678,1,net_banking,1,2883.35
ORD507678,2,net_banking,12,2173.58
ORD507679,1,net_banking,1,1305.22
ORD507680,1,UPI,4,1587.71
ORD507681,1,COD,1,1336.59
ORD507682,1,UPI,1,3288.43
ORD507683,1,UPI,1,1940.63
ORD507684,1,UPI,1,1770.42
ORD507685,1,credit_card,1,1199.06
ORD507685,2,credit_card,1,2733.09
ORD507686,1,net_banking,1,999.61
ORD507687,1,wallet,1,1828.65
ORD507688,1,wallet,1,353.5
ORD507689,1,UPI,8,1870.61
ORD507690,1,debit_card,1,2367.18
ORD507691,1,debit_card,1,3540.82
ORD507692,1,credit_card,1,595.63
ORD507693,1,debit_card,3,1281.46
ORD507694,1,net_banking,1,3701.6
ORD507695,1,COD,1,587.97
ORD507696,1,net_banking,2,2958.13
ORD507697,1,credit_card,1,1516.23
ORD507698,1,UPI,1,509.44
ORD507699,1,net_banking,1,3289.62
ORD507700,1,UPI,1,3634.08
ORD507701,1,wallet,1,2222.87
ORD507702,1,wallet,3,2301.62
ORD507702,2,credit_card,11,421.23
ORD507703,1,credit_card,1,762.39
ORD507704,1,UPI,1,3405.33
ORD507704,2,COD,1,3224.59
ORD507705,1,debit_card,1,1488.64
ORD507705,2,net_banking,1,665.39
ORD507706,1,COD,1,530.14
ORD507707,1,wallet,1,498.31
ORD507708,1,COD,1,3362.12
ORD507709,1,debit_card,1,498.09
ORD507710,1,wallet,1,1527.62
ORD507711,1,net_banking,1,3235.24
ORD507712,1,COD,1,1206.16
ORD507713,1,debit_card,1,3173.7
ORD507714,1,net_banking,1,411.16
ORD507715,1,debit_card,8,3194.62
ORD507716,1,credit_card,1,1814.18
ORD507717,1,net_banking,1,1327.25
ORD507718,1,net_banking,1,1689.59
ORD507719,1,COD,1,3267.73
ORD507720,1,net_banking,1,546.03
ORD507721,1,credit_card,1,2212.03
ORD507722,1,COD,1,2154.57
ORD507723,1,UPI,1,2089.69
ORD507724,1,net_banking,1,1210.37
ORD507725,1,credit_card,6,3191.79
ORD507725,2,debit_card,1,2182.41
ORD507726,1,wallet,1,3268.36
ORD507727,1,UPI,1,1565.01
ORD507728,1,wallet,1,3424.77
ORD507729,1,net_banking,1,610.63
ORD507729,2,net_banking,1,2484.46
ORD507730,1,COD,1,1108.99
ORD507731,1,COD,1,1686.1
ORD507732,1,wallet,1,2788.78
ORD507733,1,credit_card,1,3120.99
ORD507734,1,net_banking,1,1379.29
ORD507735,1,UPI,1,3899.99
ORD507736,1,net_banking,3,2933.4
ORD507736,2,debit_card,1,521.1
ORD507737,1,wallet,1,3657.23
ORD507738,1,debit_card,1,577.06
ORD507738,2,wallet,1,1389.91
ORD507739,1,debit_card,1,3042.64
ORD507740,1,debit_card,1,806.37
ORD507741,1,debit_card,1,532.29
ORD507742,1,COD,1,1587.71
ORD507743,1,COD,1,731.86
ORD507744,1,net_banking,10,857.81
ORD507745,1,credit_card,1,826.17
ORD507746,1,net_banking,1,2009.5
ORD507747,1,debit_card,1,974.09
ORD507748,1,COD,1,3054.18
ORD507749,1,UPI,1,1793.61
ORD507750,1,wallet,1,2957.6
ORD507751,1,COD,1,3383.45
ORD507752,1,wallet,1,1479.65
ORD507753,1,wallet,11,3400.22
ORD507754,1,debit_card,1,2497.5
ORD507755,1,credit_card,1,3059.06
ORD507755,2,credit_card,1,1126.89
ORD507756,1,debit_card,1,1460.13
ORD507757,1,net_banking,1,533.76
ORD507758,1,UPI,6,3179.64
ORD507759,1,debit_card,1,2248.12
ORD507760,1,credit_card,1,942.91
ORD507761,1,UPI,1,1861.9
ORD507762,1,debit_card,1,1150.18
ORD507763,1,debit_card,1,3230.63
ORD507764,1,COD,1,890.53
ORD507765,1,net_banking,1,1037.65
ORD507766,1,net_banking,1,296.49
ORD507767,1,UPI,1,2723.09
ORD507768,1,UPI,1,3328.1
ORD507769,1,credit_card,6,2593.71
ORD507770,1,credit_card,1,2553.06
ORD507771,1,net_banking,1,588.12
ORD507772,1,debit_card,1,337.56
ORD507773,1,debit_card,1,303.22
ORD507774,1,credit_card,1,2564.46
ORD507775,1,COD,1,3116.8
ORD507776,1,net_banking,1,1401.07
ORD507777,1,debit_card,1,441.13
ORD507777,2,net_banking,1,3253.41
ORD507778,1,credit_card,1,1053.11
ORD507779,1,COD,1,2697.09
ORD507780,1,debit_card,1,3446.17
ORD507781,1,UPI,1,662.12
ORD507782,1,UPI,1,2476.26
ORD507783,1,wallet,1,3510.61
ORD507784,1,net_banking,1,3484.68
ORD507785,1,credit_card,1,2812.71
ORD507786,1,wallet,1,3103.86
ORD507787,1,credit_card,1,1887.11
ORD507788,1,debit_card,1,1645.53
ORD507789,1,debit_card,4,3634.83
ORD507790,1,net_banking,1,3153.93
ORD507791,1,COD,1,2388.3
ORD507792,1,debit_card,1,1730.89
ORD507793,1,COD,10,994.4
ORD507794,1,credit_card,1,2978.36
ORD507795,1,wallet,1,1474.92
ORD507796,1,UPI,1,2585.99
ORD507797,1,wallet,1,2723.8
ORD507798,1,net_banking,1,3251.16
ORD507799,1,COD,1,246.09
ORD507800,1,credit_card,1,2378.12
ORD507801,1,wallet,1,2531.02
ORD507801,2,UPI,1,2965.31
ORD507802,1,UPI,1,3225.41
ORD507803,1,COD,1,2586.8
ORD507804,1,UPI,1,2467.65
ORD507805,1,UPI,1,1358.06
ORD507806,1,COD,1,3972.17
ORD507807,1,UPI,1,1581.93
ORD507808,1,UPI,1,685.83
ORD507809,1,UPI,1,926.05
ORD507810,1,wallet,6,750.95
ORD507810,2,wallet,1,2685.26
ORD507811,1,credit_card,1,220.8
ORD507812,1,debit_card,1,3934.74
ORD507813,1,wallet,2,3009.1
ORD507814,1,credit_card,1,2117.94
ORD507815,1,COD,1,637.29
ORD507816,1,net_banking,1,3152.37
ORD507817,1,wallet,2,3366.12
ORD507818,1,debit_card,1,3625.55
ORD507819,1,debit_card,1,2875.43
ORD507820,1,net_banking,1,3140.28
ORD507821,1,COD,1,3667.81
ORD507822,1,wallet,1,2957.46
ORD507823,1,COD,2,2025.07
ORD507824,1,COD,5,2534.79
ORD507825,1,COD,1,681.29
ORD507826,1,COD,1,2694.41
ORD507827,1,debit_card,1,3102.06
ORD507828,1,wallet,1,2740.47
ORD507828,2,UPI,1,2194.93
ORD507829,1,COD,1,2557.24
ORD507830,1,COD,8,797.94
ORD507831,1,net_banking,1,427.67
ORD507832,1,COD,5,534.26
ORD507833,1,wallet,6,3724.36
ORD507834,1,credit_card,1,932.19
ORD507835,1,COD,1,285.29
ORD507836,1,credit_card,1,2594.09
ORD507837,1,net_banking,1,3861.35
ORD507838,1,UPI,1,1144.48
ORD507839,1,UPI,1,3495.0
ORD507839,2,net_banking,1,2780.79
ORD507840,1,debit_card,5,1471.09
ORD507841,1,net_banking,1,390.16
ORD507841,2,debit_card,1,2944.85
ORD507842,1,UPI,1,1465.09
ORD507842,2,net_banking,1,2629.94
ORD507843,1,net_banking,1,741.93
ORD507844,1,COD,1,3196.41
ORD507845,1,UPI,1,2096.54
ORD507846,1,wallet,1,446.93
ORD507847,1,net_banking,1,3263.12
ORD507848,1,debit_card,1,3979.55
ORD507849,1,wallet,1,3048.14
ORD507850,1,net_banking,1,2942.32
ORD507851,1,debit_card,1,2688.13
ORD507852,1,COD,1,2684.12
ORD507852,2,debit_card,1,2471.67
ORD507853,1,credit_card,1,363.75
ORD507854,1,credit_card,1,801.36
ORD507855,1,UPI,1,3092.2
ORD507856,1,credit_card,1,2108.03
ORD507857,1,debit_card,1,1880.5
ORD507858,1,net_banking,1,857.97
ORD507859,1,UPI,1,2627.78
ORD507860,1,net_banking,1,1041.08
ORD507861,1,net_banking,1,2183.19
ORD507862,1,debit_card,8,1160.33
ORD507863,1,net_banking,1,3544.05
ORD507864,1,COD,1,2904.34
ORD507864,2,credit_card,1,1127.3
ORD507865,1,debit_card,1,1895.93
ORD507866,1,wallet,1,2863.17
ORD507867,1,COD,1,556.65
ORD507868,1,UPI,1,383.65
ORD507869,1,debit_card,1,254.91
ORD507870,1,debit_card,1,2982.21
ORD507871,1,UPI,1,3917.93
ORD507872,1,COD,1,878.92
ORD507873,1,wallet,11,995.75
ORD507874,1,wallet,1,1129.79
ORD507875,1,wallet,5,1352.83
ORD507875,2,UPI,1,3028.67
ORD507876,1,debit_card,1,1035.33
ORD507877,1,debit_card,1,3336.94
ORD507878,1,wallet,8,1564.89
ORD507878,2,UPI,1,1283.77
ORD507879,1,UPI,1,883.08
ORD507880,1,COD,1,2087.42
ORD507880,2,net_banking,1,1202.0
ORD507881,1,debit_card,1,2532.54
ORD507882,1,debit_card,1,516.05
ORD507883,1,net_banking,1,2492.73
ORD507884,1,credit_card,12,2016.67
ORD507885,1,net_banking,6,1379.89
ORD507886,1,debit_card,1,1517.55
ORD507887,1,COD,10,3796.49
ORD507888,1,debit_card,1,685.87
ORD507889,1,UPI,1,2268.77
ORD507889,2,credit_card,1,2051.36
ORD507890,1,COD,1,808.76
ORD507891,1,UPI,1,2994.21
ORD507892,1,debit_card,1,3493.5
ORD507893,1,debit_card,1,1687.23
ORD507894,1,UPI,1,1633.4
ORD507895,1,wallet,1,3581.52
ORD507896,1,wallet,1,1307.29
ORD507897,1,COD,1,2980.64
ORD507898,1,credit_card,1,1981.62
ORD507899,1,debit_card,1,247.08
ORD507899,2,debit_card,1,3062.49
ORD507900,1,debit_card,1,500.2
ORD507901,1,credit_card,1,2635.53
ORD507902,1,wallet,1,3242.78
ORD507903,1,net_banking,1,3337.82
ORD507904,1,COD,1,1274.97
ORD507904,2,wallet,1,1910.84
ORD507905,1,credit_card,1,2731.41
ORD507906,1,wallet,8,2330.13
ORD507907,1,credit_card,1,1768.01
ORD507908,1,UPI,1,3514.72
ORD507908,2,COD,1,2491.06
ORD507909,1,COD,1,3763.59
ORD507910,1,UPI,1,3421.45
ORD507911,1,debit_card,8,1111.26
ORD507912,1,credit_card,1,499.13
ORD507913,1,COD,1,2529.69
ORD507914,1,credit_card,1,2853.5
ORD507915,1,debit_card,1,1555.81
ORD507916,1,COD,1,3358.27
ORD507917,1,credit_card,1,1585.99
ORD507918,1,credit_card,1,494.77
ORD507919,1,UPI,12,3621.65
ORD507920,1,net_banking,8,1189.08
ORD507921,1,UPI,1,1564.89
ORD507922,1,net_banking,1,3639.51
ORD507923,1,debit_card,1,3009.36
ORD507924,1,credit_card,1,3631.92
ORD507925,1,wallet,1,2963.08
ORD507926,1,credit_card,1,1340.32
ORD507927,1,credit_card,1,692.76
ORD507928,1,wallet,6,479.52
ORD507928,2,net_banking,1,2871.34
ORD507929,1,wallet,1,1253.53
ORD507930,1,debit_card,5,1323.9
ORD507931,1,credit_card,1,3626.27
ORD507932,1,wallet,1,3428.99
ORD507933,1,UPI,1,3610.14
ORD507934,1,debit_card,1,3283.41
ORD507935,1,UPI,1,1619.41
ORD507936,1,net_banking,1,2978.21
ORD507937,1,debit_card,1,2861.45
ORD507938,1,credit_card,1,1671.36
ORD507939,1,wallet,2,2617.43
ORD507939,2,credit_card,1,1140.43
ORD507940,1,wallet,1,2257.23
ORD507941,1,wallet,1,1214.75
ORD507942,1,UPI,1,2969.08
ORD507943,1,net_banking,5,2577.38
ORD507944,1,debit_card,1,2940.38
ORD507945,1,net_banking,1,3237.06
ORD507946,1,UPI,1,3539.89
ORD507947,1,wallet,1,1951.67
ORD507948,1,UPI,1,3213.6
ORD507949,1,UPI,1,3692.16
ORD507950,1,debit_card,1,2591.4
ORD507951,1,debit_card,1,2718.12
ORD507952,1,wallet,1,571.67
ORD507953,1,COD,1,2162.74
ORD507954,1,wallet,1,691.21
ORD507954,2,COD,1,3693.43
ORD507955,1,net_banking,1,2603.41
ORD507955,2,wallet,1,1410.0
ORD507956,1,wallet,1,2267.24
ORD507957,1,net_banking,1,2755.15
ORD507958,1,UPI,1,3123.73
ORD507959,1,UPI,1,695.6
ORD507960,1,net_banking,1,1052.1
ORD507960,2,wallet,1,2757.87
ORD507961,1,wallet,1,3394.49
ORD507962,1,debit_card,1,3856.41
ORD507963,1,wallet,1,820.91
ORD507964,1,UPI,1,3970.45
ORD507965,1,debit_card,1,2802.06
ORD507966,1,UPI,1,1623.49
ORD507967,1,wallet,1,2506.96
ORD507968,1,debit_card,1,3626.91
ORD507969,1,net_banking,1,1728.78
ORD507969,2,UPI,1,1165.38
ORD507970,1,COD,1,3969.22
ORD507971,1,UPI,1,2374.63
ORD507972,1,COD,1,1558.56
ORD507973,1,COD,1,2335.32
ORD507974,1,debit_card,1,1414.44
ORD507975,1,COD,1,3679.63
ORD507976,1,net_banking,1,3893.06
ORD507977,1,COD,1,3909.25
ORD507978,1,UPI,1,2265.5
ORD507979,1,wallet,1,1451.52
ORD507980,1,net_banking,1,1828.02
ORD507981,1,debit_card,1,695.79
ORD507982,1,credit_card,1,2301.94
ORD507983,1,COD,1,2014.31
ORD507984,1,net_banking,1,653.48
ORD507985,1,UPI,1,2173.51
ORD507986,1,UPI,1,1840.66
ORD507987,1,UPI,1,2738.65
ORD507988,1,net_banking,1,1955.16
ORD507989,1,credit_card,1,3011.88
ORD507990,1,debit_card,1,573.72
ORD507990,2,COD,5,2753.3
ORD507991,1,COD,11,273.3
ORD507992,1,net_banking,7,1339.23
ORD507993,1,net_banking,1,3582.5
ORD507994,1,COD,1,361.4
ORD507995,1,net_banking,1,503.72
ORD507996,1,wallet,1,3706.3
ORD507997,1,credit_card,1,3426.78
ORD507998,1,wallet,7,1625.5
ORD507999,1,credit_card,8,2237.72
ORD508000,1,credit_card,1,283.86
ORD508001,1,credit_card,1,3527.84
ORD508002,1,net_banking,1,2540.43
ORD508003,1,debit_card,1,564.43
ORD508004,1,debit_card,1,2816.08
ORD508005,1,net_banking,1,2607.06
ORD508006,1,UPI,1,1249.06
ORD508007,1,COD,1,3874.12
ORD508008,1,UPI,1,1505.87
ORD508009,1,wallet,1,941.85
ORD508010,1,COD,6,1528.32
ORD508011,1,credit_card,1,1278.37
ORD508012,1,wallet,1,962.7
ORD508013,1,credit_card,4,2121.66
ORD508014,1,UPI,1,805.03
ORD508015,1,credit_card,1,792.87
ORD508015,2,UPI,1,3654.93
ORD508016,1,COD,1,731.14
ORD508017,1,UPI,1,3112.9
ORD508018,1,wallet,1,1569.94
ORD508019,1,debit_card,1,2802.38
ORD508020,1,COD,1,3538.81
ORD508021,1,COD,1,3074.69
ORD508022,1,UPI,1,1097.74
ORD508023,1,credit_card,1,2653.59
ORD508024,1,net_banking,1,3980.26
ORD508025,1,COD,1,2517.09
ORD508025,2,wallet,1,3116.41
ORD508026,1,debit_card,1,557.19
ORD508027,1,net_banking,8,1694.69
ORD508028,1,wallet,1,2240.3
ORD508029,1,credit_card,1,1278.94
ORD508029,2,credit_card,1,568.2
ORD508030,1,UPI,1,1871.26
ORD508031,1,net_banking,1,2585.31
ORD508032,1,credit_card,1,3314.81
ORD508033,1,net_banking,1,1143.88
ORD508034,1,credit_card,1,304.38
ORD508035,1,debit_card,3,1119.96
ORD508036,1,net_banking,1,2017.57
ORD508037,1,wallet,1,2127.55
ORD508038,1,UPI,1,2369.18
ORD508039,1,UPI,1,2460.99
ORD508040,1,UPI,1,265.94
ORD508041,1,net_banking,1,739.94
ORD508042,1,wallet,1,261.7
ORD508043,1,UPI,1,3662.19
ORD508043,2,UPI,1,895.68
ORD508044,1,credit_card,1,2055.48
ORD508045,1,credit_card,1,578.84
ORD508046,1,net_banking,3,3022.19
ORD508047,1,COD,1,3389.12
ORD508048,1,credit_card,1,3967.77
ORD508048,2,UPI,1,1155.19
ORD508049,1,debit_card,1,2610.13
ORD508050,1,wallet,1,3692.93
ORD508051,1,credit_card,1,2154.5
ORD508052,1,net_banking,1,477.02
ORD508052,2,net_banking,1,3591.67
ORD508053,1,credit_card,1,718.0
ORD508054,1,credit_card,1,3564.73
ORD508055,1,COD,1,1559.47
ORD508056,1,debit_card,1,487.28
ORD508057,1,net_banking,10,2021.83
ORD508058,1,UPI,1,3218.38
ORD508059,1,net_banking,1,239.78
ORD508060,1,net_banking,1,2908.24
ORD508061,1,COD,1,3335.06
ORD508062,1,COD,1,494.96
ORD508063,1,COD,1,2037.61
ORD508064,1,net_banking,1,3879.86
ORD508065,1,wallet,1,1388.07
ORD508066,1,UPI,1,3794.25
ORD508067,1,COD,1,3501.04
ORD508068,1,debit_card,1,3681.33
ORD508069,1,debit_card,1,959.89
ORD508069,2,net_banking,8,1092.95
ORD508070,1,wallet,1,1184.01
ORD508071,1,wallet,1,3239.03
ORD508072,1,UPI,1,3522.58
ORD508072,2,net_banking,1,772.12
ORD508073,1,credit_card,1,780.77
ORD508074,1,UPI,8,2658.54
ORD508075,1,wallet,1,1995.83
ORD508076,1,debit_card,1,1707.37
ORD508077,1,debit_card,6,2676.52
ORD508078,1,wallet,1,581.88
ORD508078,2,UPI,1,2002.73
ORD508079,1,credit_card,1,2792.89
ORD508080,1,net_banking,1,2688.53
ORD508081,1,wallet,2,2982.37
ORD508082,1,UPI,1,1599.75
ORD508083,1,credit_card,7,3795.97
ORD508084,1,wallet,1,2283.05
ORD508085,1,UPI,1,1132.97
ORD508086,1,net_banking,1,2034.03
ORD508087,1,wallet,1,729.88
ORD508088,1,COD,11,2463.21
ORD508089,1,wallet,1,220.51
ORD508090,1,net_banking,1,1393.97
ORD508091,1,UPI,1,2952.59
ORD508092,1,COD,1,1612.78
ORD508093,1,wallet,11,1595.09
ORD508094,1,wallet,1,449.09
ORD508095,1,wallet,1,1126.45
ORD508096,1,credit_card,1,934.26
ORD508097,1,credit_card,1,3001.34
ORD508098,1,wallet,4,2640.6
ORD508098,2,wallet,1,934.91
ORD508099,1,wallet,1,2605.33
ORD508100,1,credit_card,1,255.63
ORD508101,1,credit_card,1,1014.98
ORD508102,1,COD,1,2619.3
ORD508103,1,COD,1,2504.28
ORD508104,1,net_banking,6,2062.51
ORD508105,1,COD,1,3049.51
ORD508105,2,net_banking,1,1967.87
ORD508106,1,UPI,1,2901.56
ORD508106,2,wallet,1,3515.48
ORD508107,1,COD,1,3891.61
ORD508108,1,credit_card,1,1820.46
ORD508109,1,UPI,1,1861.92
ORD508110,1,debit_card,1,3902.84
ORD508111,1,wallet,1,2151.93
ORD508111,2,UPI,1,1250.96
ORD508112,1,credit_card,1,1088.9
ORD508113,1,COD,1,434.22
ORD508114,1,net_banking,1,2607.48
ORD508115,1,UPI,1,615.8
ORD508116,1,net_banking,1,2105.63
ORD508117,1,credit_card,1,3188.78
ORD508118,1,COD,1,2327.35
ORD508119,1,UPI,1,2158.08
ORD508119,2,credit_card,1,1965.28
ORD508120,1,UPI,1,1832.56
ORD508121,1,debit_card,8,1235.59
ORD508121,2,COD,1,3961.76
ORD508122,1,COD,1,3907.33
ORD508122,2,debit_card,1,484.63
ORD508123,1,wallet,1,1651.13
ORD508124,1,credit_card,1,1647.67
ORD508125,1,COD,1,2796.83
ORD508126,1,credit_card,1,3655.99
ORD508127,1,debit_card,1,2138.56
ORD508128,1,net_banking,1,2391.75
ORD508128,2,net_banking,1,2106.91
ORD508129,1,credit_card,6,3010.96
ORD508130,1,credit_card,1,3041.4
ORD508131,1,credit_card,1,300.27
ORD508132,1,COD,1,3441.57
ORD508133,1,UPI,1,2640.93
ORD508134,1,wallet,1,1075.06
ORD508135,1,credit_card,1,3516.09
ORD508135,2,wallet,1,3433.08
ORD508136,1,net_banking,1,2687.51
ORD508137,1,COD,1,2634.43
ORD508137,2,COD,1,2328.53
ORD508138,1,net_banking,1,1001.92
ORD508139,1,wallet,1,434.37
ORD508140,1,credit_card,1,1042.98
ORD508141,1,credit_card,6,2754.74
ORD508142,1,net_banking,1,576.67
ORD508143,1,COD,1,962.47
ORD508143,2,UPI,1,3149.86
ORD508144,1,wallet,1,1481.32
ORD508145,1,credit_card,3,1503.96
ORD508146,1,debit_card,1,3632.0
ORD508147,1,UPI,1,1570.24
ORD508148,1,UPI,1,2338.14
ORD508149,1,credit_card,1,615.67
ORD508150,1,COD,1,533.0
ORD508151,1,COD,1,1385.67
ORD508152,1,debit_card,1,2569.44
ORD508152,2,credit_card,1,400.81
ORD508153,1,net_banking,1,1360.45
ORD508154,1,UPI,1,2371.31
ORD508155,1,UPI,1,2031.72
ORD508156,1,credit_card,1,1962.02
ORD508157,1,net_banking,1,3735.84
ORD508158,1,UPI,1,1078.53
ORD508159,1,UPI,1,1466.4
ORD508160,1,wallet,1,3405.9
ORD508161,1,wallet,1,259.75
ORD508162,1,net_banking,8,2401.49
ORD508163,1,credit_card,1,1540.42
ORD508164,1,UPI,1,3525.11
ORD508165,1,COD,1,3228.6
ORD508166,1,debit_card,1,2592.22
ORD508167,1,credit_card,1,3196.58
ORD508167,2,COD,1,832.7
ORD508168,1,UPI,1,1435.03
ORD508168,2,net_banking,1,3021.18
ORD508169,1,UPI,1,507.81
ORD508170,1,wallet,5,449.07
ORD508171,1,COD,1,1376.53
ORD508172,1,COD,1,3306.91
ORD508173,1,wallet,4,798.44
ORD508174,1,debit_card,1,3540.13
ORD508175,1,debit_card,1,3892.94
ORD508176,1,debit_card,1,1496.76
ORD508177,1,debit_card,1,3530.89
ORD508178,1,COD,1,2618.02
ORD508179,1,debit_card,1,3724.16
ORD508180,1,COD,1,681.47
ORD508181,1,wallet,1,1265.89
ORD508182,1,credit_card,1,3220.5
ORD508183,1,credit_card,8,1224.66
ORD508184,1,COD,1,759.67
ORD508185,1,debit_card,1,2274.58
ORD508186,1,credit_card,1,1035.48
ORD508186,2,wallet,1,3788.1
ORD508187,1,wallet,1,1091.28
ORD508188,1,UPI,1,797.19
ORD508189,1,net_banking,1,1404.53
ORD508190,1,debit_card,11,3635.45
ORD508191,1,debit_card,1,562.02
ORD508192,1,COD,1,3216.37
ORD508193,1,net_banking,1,1681.42
ORD508194,1,credit_card,1,1989.17
ORD508194,2,COD,1,3389.77
ORD508195,1,credit_card,1,3238.07
ORD508196,1,COD,1,1241.08
ORD508197,1,credit_card,1,3073.88
ORD508198,1,wallet,1,2665.52
ORD508199,1,UPI,1,1979.36
ORD508200,1,UPI,1,1284.82
ORD508201,1,debit_card,1,2519.5
ORD508202,1,UPI,1,1333.57
ORD508203,1,credit_card,1,3910.14
ORD508204,1,credit_card,1,2494.12
ORD508205,1,wallet,1,1378.25
ORD508206,1,credit_card,1,3218.55
ORD508207,1,wallet,1,2015.57
ORD508208,1,debit_card,1,1950.8
ORD508209,1,wallet,1,3959.55
ORD508210,1,COD,1,3510.73
ORD508211,1,UPI,1,3482.19
ORD508212,1,debit_card,1,204.76
ORD508213,1,wallet,1,3496.2
ORD508214,1,net_banking,1,1770.35
ORD508215,1,net_banking,1,1519.26
ORD508216,1,UPI,1,3230.57
ORD508217,1,credit_card,1,1531.95
ORD508218,1,net_banking,1,3327.19
ORD508219,1,wallet,1,1072.12
ORD508220,1,COD,1,1705.68
ORD508221,1,debit_card,1,2366.09
ORD508222,1,wallet,1,2937.82
ORD508223,1,credit_card,1,2310.68
ORD508224,1,debit_card,1,2868.37
ORD508225,1,COD,1,1413.32
ORD508226,1,net_banking,1,3286.15
ORD508227,1,UPI,1,242.61
ORD508228,1,wallet,7,3660.1
ORD508229,1,credit_card,1,3584.83
ORD508229,2,debit_card,4,965.38
ORD508230,1,COD,1,250.02
ORD508231,1,UPI,4,3013.4
ORD508232,1,UPI,1,2444.27
ORD508233,1,net_banking,1,1898.22
ORD508234,1,net_banking,1,853.52
ORD508235,1,credit_card,1,801.9
ORD508236,1,net_banking,1,3265.78
ORD508237,1,credit_card,9,3568.45
ORD508238,1,credit_card,1,240.1
ORD508239,1,debit_card,1,2236.27
ORD508240,1,credit_card,1,3929.43
ORD508241,1,UPI,1,1103.96
ORD508242,1,debit_card,1,2862.32
ORD508243,1,wallet,1,1127.63
ORD508244,1,credit_card,1,2265.4
ORD508245,1,credit_card,1,608.61
ORD508246,1,wallet,1,880.14
ORD508247,1,debit_card,1,2402.44
ORD508248,1,COD,1,1985.1
ORD508249,1,COD,1,3530.07
ORD508250,1,debit_card,2,2509.26
ORD508251,1,debit_card,1,322.46
ORD508252,1,debit_card,1,567.45
ORD508253,1,debit_card,1,554.94
ORD508254,1,debit_card,1,2470.0
ORD508255,1,debit_card,4,3529.66
ORD508256,1,net_banking,1,2999.83
ORD508257,1,COD,1,1260.65
ORD508257,2,UPI,1,2266.06
ORD508258,1,net_banking,9,1972.86
ORD508258,2,net_banking,1,2308.06
ORD508259,1,credit_card,1,722.03
ORD508260,1,COD,1,2366.44
ORD508261,1,debit_card,5,2144.25
ORD508262,1,UPI,1,588.11
ORD508263,1,wallet,1,1030.06
ORD508264,1,credit_card,1,664.9
ORD508265,1,net_banking,1,268.67
ORD508265,2,credit_card,1,2030.49
ORD508266,1,wallet,1,691.32
ORD508267,1,wallet,1,453.97
ORD508268,1,debit_card,1,3499.78
ORD508269,1,debit_card,1,3173.33
ORD508270,1,COD,1,1410.68
ORD508271,1,wallet,1,532.78
ORD508272,1,wallet,3,1341.28
ORD508273,1,wallet,1,3106.42
ORD508274,1,net_banking,1,3979.12
ORD508275,1,debit_card,1,3375.48
ORD508276,1,wallet,1,2122.39
ORD508277,1,COD,1,1812.19
ORD508278,1,credit_card,1,2478.49
ORD508278,2,credit_card,11,2337.18
ORD508279,1,net_banking,1,3464.76
ORD508280,1,net_banking,10,1816.36
ORD508281,1,debit_card,9,2191.65
ORD508282,1,UPI,1,348.6
ORD508283,1,credit_card,7,2302.71
ORD508284,1,UPI,1,847.46
ORD508285,1,COD,1,3791.75
ORD508286,1,debit_card,1,1243.1
ORD508287,1,credit_card,1,668.04
ORD508288,1,credit_card,1,1066.48
ORD508288,2,wallet,1,1655.64
ORD508289,1,credit_card,1,1885.69
ORD508290,1,wallet,1,1823.86
ORD508291,1,COD,1,3233.49
ORD508292,1,debit_card,1,3003.94
ORD508293,1,credit_card,1,699.5
ORD508294,1,credit_card,1,2239.79
ORD508295,1,credit_card,1,1319.45
ORD508296,1,UPI,3,2843.82
ORD508296,2,debit_card,1,3689.39
ORD508297,1,credit_card,1,2445.19
ORD508298,1,COD,1,2912.2
ORD508299,1,debit_card,3,2201.59
ORD508300,1,COD,8,2174.81
ORD508301,1,wallet,1,2415.1
ORD508302,1,UPI,3,1796.93
ORD508303,1,wallet,1,2493.31
ORD508304,1,credit_card,1,3254.1
ORD508305,1,wallet,8,3732.58
ORD508306,1,wallet,1,2510.86
ORD508307,1,wallet,1,3444.06
ORD508308,1,credit_card,12,1951.8
ORD508309,1,COD,1,811.12
ORD508310,1,wallet,1,3381.48
ORD508311,1,credit_card,1,3965.93
ORD508312,1,debit_card,1,1929.15
ORD508313,1,debit_card,9,3463.17
ORD508314,1,wallet,1,691.58
ORD508315,1,debit_card,1,784.78
ORD508316,1,UPI,1,894.03
ORD508316,2,credit_card,1,2517.16
ORD508317,1,credit_card,1,2142.15
ORD508317,2,wallet,1,2350.74
ORD508318,1,net_banking,1,2071.75
ORD508319,1,debit_card,1,2871.95
ORD508320,1,UPI,1,3477.25
ORD508321,1,debit_card,1,3353.56
ORD508322,1,wallet,7,793.93
ORD508323,1,wallet,1,1670.02
ORD508324,1,debit_card,1,1950.13
ORD508325,1,credit_card,1,3486.47
ORD508326,1,COD,1,2577.38
ORD508326,2,credit_card,1,1863.37
ORD508327,1,credit_card,1,2018.3
ORD508328,1,UPI,1,2924.85
ORD508329,1,credit_card,1,1640.21
ORD508330,1,wallet,1,452.57
ORD508331,1,credit_card,11,533.32
ORD508332,1,UPI,1,389.66
ORD508333,1,debit_card,1,2389.9
ORD508334,1,COD,1,2632.75
ORD508335,1,debit_card,1,862.98
ORD508336,1,COD,1,3332.43
ORD508337,1,UPI,1,3065.02
ORD508338,1,wallet,1,2653.86
ORD508339,1,COD,4,2594.13
ORD508340,1,UPI,9,1310.32
ORD508341,1,wallet,1,3128.64
ORD508342,1,net_banking,1,1442.22
ORD508342,2,UPI,1,2545.74
ORD508343,1,debit_card,1,1916.84
ORD508344,1,wallet,1,928.27
ORD508344,2,debit_card,1,411.27
ORD508345,1,debit_card,1,3362.16
ORD508345,2,wallet,1,2922.47
ORD508346,1,UPI,6,809.79
ORD508346,2,COD,1,2192.26
ORD508347,1,debit_card,1,1841.47
ORD508348,1,net_banking,1,3085.78
ORD508349,1,net_banking,1,1723.03
ORD508350,1,debit_card,1,3377.88
ORD508350,2,wallet,1,2664.04
ORD508351,1,credit_card,1,3337.93
ORD508352,1,net_banking,1,2143.74
ORD508353,1,UPI,1,1046.78
ORD508354,1,UPI,1,3907.77
ORD508355,1,credit_card,1,1982.37
ORD508356,1,wallet,1,1649.13
ORD508357,1,wallet,1,1308.9
ORD508358,1,net_banking,1,1113.71
ORD508359,1,net_banking,1,477.24
ORD508360,1,UPI,1,811.3
ORD508361,1,COD,8,594.51
ORD508362,1,COD,1,3257.26
ORD508363,1,credit_card,3,1937.66
ORD508364,1,wallet,1,2543.23
ORD508365,1,COD,2,3578.58
ORD508366,1,UPI,1,3440.83
ORD508367,1,wallet,1,2011.96
ORD508368,1,COD,1,334.76
ORD508368,2,UPI,10,1818.41
ORD508369,1,COD,1,2272.71
ORD508370,1,debit_card,1,1341.05
ORD508371,1,debit_card,1,2509.8
ORD508371,2,credit_card,1,1647.52
ORD508372,1,COD,1,1795.73
ORD508373,1,COD,1,3266.58
ORD508374,1,COD,1,340.48
ORD508375,1,net_banking,11,3071.99
ORD508376,1,UPI,1,1286.41
ORD508377,1,credit_card,1,1702.72
ORD508378,1,net_banking,1,1969.76
ORD508378,2,COD,1,2975.85
ORD508379,1,COD,1,3341.8
ORD508380,1,credit_card,8,2761.81
ORD508380,2,debit_card,1,2475.99
ORD508381,1,debit_card,1,2630.98
ORD508382,1,wallet,1,2884.84
ORD508383,1,wallet,6,975.2
ORD508384,1,credit_card,1,2884.76
ORD508385,1,wallet,6,2507.28
ORD508386,1,debit_card,7,3292.4
ORD508387,1,wallet,1,2013.27
ORD508388,1,credit_card,1,2984.49
ORD508389,1,UPI,1,1629.73
ORD508390,1,debit_card,1,1785.37
ORD508391,1,COD,3,1156.04
ORD508392,1,credit_card,1,3195.19
ORD508393,1,credit_card,6,422.62
ORD508394,1,credit_card,1,3403.08
ORD508395,1,credit_card,1,3179.91
ORD508396,1,wallet,1,3762.82
ORD508397,1,UPI,1,2351.91
ORD508398,1,debit_card,1,329.75
ORD508399,1,credit_card,1,2242.13
ORD508400,1,credit_card,1,2841.52
ORD508400,2,debit_card,3,603.78
ORD508401,1,credit_card,1,886.35
ORD508402,1,wallet,8,334.31
ORD508403,1,COD,9,3454.5
ORD508404,1,debit_card,1,3953.62
ORD508405,1,net_banking,2,2429.63
ORD508406,1,wallet,1,2482.82
ORD508407,1,wallet,1,1627.34
ORD508407,2,debit_card,1,2754.53
ORD508408,1,debit_card,1,2709.89
ORD508408,2,COD,1,1930.27
ORD508409,1,credit_card,1,2177.77
ORD508410,1,debit_card,1,3845.49
ORD508411,1,COD,1,395.1
ORD508412,1,net_banking,5,3883.45
ORD508413,1,wallet,1,286.25
ORD508414,1,UPI,1,1836.53
ORD508415,1,wallet,1,3056.9
ORD508416,1,debit_card,1,3591.8
ORD508417,1,net_banking,1,3912.29
ORD508418,1,credit_card,1,3520.14
ORD508419,1,COD,1,1718.52
ORD508420,1,UPI,9,3289.55
ORD508421,1,wallet,11,2378.64
ORD508422,1,credit_card,1,875.73
ORD508423,1,net_banking,7,2717.36
ORD508424,1,COD,1,3395.35
ORD508425,1,net_banking,9,2803.89
ORD508426,1,credit_card,1,3447.02
ORD508427,1,wallet,1,712.57
ORD508428,1,COD,1,3982.57
ORD508429,1,net_banking,1,825.71
ORD508430,1,wallet,1,3990.7
ORD508431,1,wallet,1,3000.03
ORD508431,2,wallet,1,1935.81
ORD508432,1,debit_card,1,3123.27
ORD508433,1,UPI,1,3977.61
ORD508434,1,COD,1,3433.61
ORD508435,1,credit_card,1,472.38
ORD508435,2,wallet,1,3903.53
ORD508436,1,net_banking,1,1275.55
ORD508437,1,UPI,1,1937.19
ORD508438,1,UPI,1,2351.72
ORD508439,1,COD,7,2906.71
ORD508440,1,credit_card,1,2305.6
ORD508441,1,credit_card,1,247.74
ORD508442,1,credit_card,3,2964.72
ORD508443,1,credit_card,11,3631.02
ORD508443,2,wallet,1,3366.11
ORD508444,1,net_banking,1,3559.28
ORD508445,1,net_banking,1,1914.81
ORD508446,1,net_banking,1,324.42
ORD508447,1,net_banking,1,3862.08
ORD508448,1,debit_card,9,2211.23
ORD508449,1,wallet,1,2328.79
ORD508450,1,net_banking,12,2147.2
ORD508451,1,debit_card,1,684.27
ORD508452,1,credit_card,1,3928.14
ORD508452,2,debit_card,1,1647.65
ORD508453,1,net_banking,1,3296.35
ORD508454,1,wallet,1,2087.56
ORD508455,1,wallet,1,2757.96
ORD508456,1,UPI,1,642.86
ORD508457,1,net_banking,1,3252.04
ORD508458,1,UPI,1,2343.47
ORD508459,1,net_banking,1,2131.39
ORD508460,1,debit_card,1,3452.3
ORD508461,1,UPI,1,1984.85
ORD508462,1,UPI,1,955.2
ORD508463,1,UPI,1,3898.14
ORD508464,1,credit_card,11,3978.61
ORD508465,1,COD,1,3071.88
ORD508466,1,net_banking,1,447.79
ORD508467,1,UPI,1,336.39
ORD508468,1,wallet,1,2515.61
ORD508469,1,UPI,1,2185.75
ORD508470,1,COD,1,421.43
ORD508471,1,wallet,1,1375.51
ORD508472,1,debit_card,1,2184.2
ORD508473,1,UPI,1,340.69
ORD508474,1,credit_card,1,666.67
ORD508475,1,COD,1,3262.96
ORD508476,1,debit_card,1,3446.06
ORD508477,1,UPI,1,2009.56
ORD508478,1,UPI,1,1603.26
ORD508479,1,UPI,7,833.49
ORD508479,2,debit_card,1,455.82
ORD508480,1,UPI,1,2537.05
ORD508481,1,COD,1,2144.76
ORD508482,1,wallet,1,2506.21
ORD508482,2,COD,1,3651.28
ORD508483,1,COD,10,3644.36
ORD508484,1,UPI,1,3953.57
ORD508485,1,credit_card,1,269.76
ORD508486,1,debit_card,1,3982.55
ORD508487,1,net_banking,1,653.97
ORD508487,2,debit_card,1,2948.97
ORD508488,1,UPI,1,965.03
ORD508489,1,credit_card,1,1506.06
ORD508490,1,wallet,1,1996.39
ORD508491,1,wallet,1,1922.51
ORD508492,1,wallet,1,2286.93
ORD508493,1,net_banking,1,3222.42
ORD508494,1,debit_card,1,1633.94
ORD508495,1,credit_card,1,2256.04
ORD508496,1,wallet,1,3110.41
ORD508497,1,COD,1,3181.84
ORD508497,2,wallet,1,1708.29
ORD508498,1,UPI,1,2921.09
ORD508499,1,credit_card,1,2532.42
ORD508500,1,net_banking,1,2982.51
ORD508501,1,wallet,1,2024.12
ORD508502,1,COD,1,1806.06
ORD508503,1,credit_card,1,2064.2
ORD508504,1,UPI,1,3164.38
ORD508505,1,COD,1,1011.9
ORD508506,1,debit_card,1,374.01
ORD508507,1,credit_card,1,1880.7
ORD508508,1,UPI,1,2165.38
ORD508509,1,debit_card,1,1269.61
ORD508510,1,debit_card,1,3244.76
ORD508511,1,net_banking,1,595.75
ORD508512,1,credit_card,1,2004.31
ORD508513,1,net_banking,1,589.25
ORD508514,1,COD,1,3568.26
ORD508514,2,UPI,1,2921.69
ORD508515,1,UPI,1,923.13
ORD508516,1,UPI,1,3484.28
ORD508517,1,UPI,1,1363.98
ORD508518,1,debit_card,1,593.38
ORD508519,1,COD,1,1368.02
ORD508520,1,wallet,8,2478.77
ORD508521,1,COD,1,2644.05
ORD508522,1,credit_card,1,749.97
ORD508522,2,credit_card,1,703.65
ORD508523,1,net_banking,1,2215.22
ORD508523,2,wallet,1,3518.95
ORD508524,1,debit_card,1,898.28
ORD508525,1,net_banking,1,2064.01
ORD508526,1,net_banking,1,2301.97
ORD508527,1,wallet,1,3725.03
ORD508527,2,COD,1,1618.64
ORD508528,1,net_banking,1,2550.66
ORD508529,1,credit_card,1,3969.61
ORD508530,1,COD,1,1238.73
ORD508531,1,wallet,1,553.15
ORD508532,1,net_banking,1,2104.04
ORD508532,2,COD,1,3969.51
ORD508533,1,COD,1,1380.36
ORD508534,1,COD,1,2718.44
ORD508535,1,net_banking,1,833.44
ORD508536,1,COD,1,2204.13
ORD508537,1,net_banking,1,1440.15
ORD508537,2,net_banking,1,3420.13
ORD508538,1,COD,1,3508.6
ORD508539,1,net_banking,1,3539.31
ORD508540,1,COD,1,884.86
ORD508540,2,wallet,1,1404.59
ORD508541,1,debit_card,1,631.32
ORD508541,2,debit_card,1,3729.47
ORD508542,1,COD,1,625.78
ORD508543,1,UPI,1,3240.96
ORD508544,1,UPI,1,316.43
ORD508545,1,wallet,1,1492.17
ORD508546,1,wallet,1,2460.55
ORD508547,1,wallet,1,1657.7
ORD508548,1,credit_card,1,437.94
ORD508549,1,debit_card,1,2835.93
ORD508550,1,COD,1,1667.08
ORD508551,1,credit_card,1,1479.66
ORD508552,1,wallet,1,2981.17
ORD508553,1,debit_card,1,2753.21
ORD508554,1,credit_card,1,1542.9
ORD508555,1,COD,1,263.09
ORD508556,1,COD,1,2488.87
ORD508557,1,net_banking,1,2835.24
ORD508558,1,wallet,1,1162.43
ORD508559,1,COD,1,1853.91
ORD508560,1,UPI,1,1139.48
ORD508561,1,wallet,1,1009.84
ORD508561,2,COD,1,2238.19
ORD508562,1,debit_card,1,973.91
ORD508563,1,COD,1,2792.84
ORD508564,1,credit_card,1,3902.62
ORD508565,1,credit_card,1,3051.8
ORD508566,1,wallet,1,3000.16
ORD508567,1,debit_card,1,2502.99
ORD508568,1,wallet,1,2290.75
ORD508569,1,credit_card,1,2943.54
ORD508569,2,net_banking,1,1045.11
ORD508570,1,wallet,1,2969.32
ORD508570,2,UPI,6,1521.85
ORD508571,1,COD,1,3113.96
ORD508572,1,COD,1,1985.86
ORD508573,1,UPI,1,2398.45
ORD508574,1,credit_card,1,1335.35
ORD508575,1,wallet,1,2983.45
ORD508576,1,UPI,1,2416.68
ORD508577,1,wallet,1,2871.18
ORD508578,1,COD,1,2701.34
ORD508579,1,net_banking,3,811.5
ORD508580,1,credit_card,1,2665.86
ORD508581,1,debit_card,1,2933.17
ORD508582,1,wallet,7,1800.41
ORD508583,1,UPI,1,3519.01
ORD508584,1,net_banking,10,1329.9
ORD508585,1,wallet,1,1674.6
ORD508586,1,credit_card,1,3809.42
ORD508586,2,COD,1,3892.8
ORD508587,1,COD,1,1021.14
ORD508588,1,net_banking,1,2571.09
ORD508588,2,debit_card,1,3217.33
ORD508589,1,net_banking,1,2611.13
ORD508590,1,wallet,1,3737.27
ORD508591,1,wallet,1,3038.42
ORD508592,1,credit_card,12,2900.62
ORD508593,1,debit_card,1,1170.46
ORD508594,1,COD,1,3338.56
ORD508595,1,COD,1,3613.48
ORD508596,1,debit_card,1,2081.92
ORD508597,1,credit_card,1,510.18
ORD508598,1,COD,9,1671.49
ORD508599,1,UPI,1,2643.75
ORD508600,1,wallet,1,3732.6
ORD508601,1,debit_card,1,502.53
ORD508602,1,UPI,1,3486.85
ORD508603,1,UPI,1,3822.01
ORD508604,1,UPI,1,1505.9
ORD508605,1,wallet,6,2608.91
ORD508606,1,wallet,1,1518.92
ORD508606,2,COD,1,2054.22
ORD508607,1,credit_card,1,389.37
ORD508607,2,wallet,1,1614.38
ORD508608,1,debit_card,1,3397.5
ORD508609,1,credit_card,1,2151.39
ORD508610,1,COD,1,1217.07
ORD508611,1,credit_card,1,2493.58
ORD508612,1,net_banking,1,3548.39
ORD508613,1,UPI,1,1449.44
ORD508614,1,UPI,1,2158.11
ORD508615,1,UPI,1,2664.84
ORD508616,1,debit_card,1,1585.37
ORD508617,1,COD,1,630.88
ORD508618,1,COD,1,3348.42
ORD508619,1,debit_card,1,661.52
ORD508620,1,credit_card,1,2960.4
ORD508621,1,credit_card,1,1973.0
ORD508622,1,UPI,5,1438.8
ORD508622,2,UPI,5,1940.18
ORD508623,1,UPI,1,2881.2
ORD508624,1,wallet,1,1251.45
ORD508624,2,net_banking,6,2537.49
ORD508625,1,UPI,1,2169.93
ORD508626,1,net_banking,1,636.07
ORD508627,1,debit_card,1,1041.41
ORD508628,1,wallet,1,1066.92
ORD508629,1,debit_card,1,2343.41
ORD508630,1,COD,1,1041.87
ORD508630,2,wallet,1,939.2
ORD508631,1,net_banking,1,3083.3
ORD508631,2,credit_card,1,3491.76
ORD508632,1,wallet,5,2650.7
ORD508632,2,debit_card,1,1444.42
ORD508633,1,wallet,1,751.68
ORD508634,1,net_banking,1,1788.61
ORD508635,1,COD,1,369.45
ORD508636,1,COD,1,531.0
ORD508637,1,net_banking,1,1179.81
ORD508637,2,net_banking,1,1807.6
ORD508638,1,debit_card,1,1151.12
ORD508639,1,wallet,1,3048.6
ORD508640,1,wallet,1,1942.18
ORD508641,1,wallet,1,489.33
ORD508642,1,debit_card,1,1265.67
ORD508642,2,UPI,8,1035.5
ORD508643,1,credit_card,1,2733.67
ORD508644,1,net_banking,1,3319.89
ORD508645,1,COD,1,1232.7
ORD508645,2,debit_card,1,2814.33
ORD508646,1,wallet,1,781.25
ORD508647,1,credit_card,1,2322.93
ORD508648,1,credit_card,1,371.27
ORD508649,1,COD,1,2779.87
ORD508650,1,UPI,1,3878.65
ORD508651,1,debit_card,2,2868.05
ORD508652,1,credit_card,1,3053.38
ORD508653,1,debit_card,1,3564.68
ORD508654,1,debit_card,1,268.39
ORD508655,1,wallet,1,3067.98
ORD508656,1,UPI,8,2416.21
ORD508657,1,wallet,1,1160.0
ORD508658,1,UPI,1,1215.47
ORD508659,1,UPI,1,1540.78
ORD508660,1,credit_card,9,3609.34
ORD508661,1,COD,1,3260.19
ORD508662,1,COD,1,2468.6
ORD508663,1,COD,1,3407.69
ORD508664,1,debit_card,1,2905.83
ORD508664,2,net_banking,1,3044.85
ORD508665,1,UPI,1,3765.86
ORD508666,1,wallet,2,3301.14
ORD508667,1,debit_card,1,1732.88
ORD508668,1,net_banking,1,2782.39
ORD508668,2,debit_card,1,1639.59
ORD508669,1,COD,1,2082.58
ORD508670,1,credit_card,1,1155.42
ORD508671,1,net_banking,1,1833.69
ORD508672,1,debit_card,1,385.15
ORD508673,1,debit_card,1,2042.1
ORD508674,1,UPI,4,3577.21
ORD508675,1,wallet,1,2216.12
ORD508676,1,net_banking,1,3225.43
ORD508677,1,credit_card,1,3168.96
ORD508678,1,UPI,1,2093.82
ORD508679,1,wallet,1,2514.0
ORD508679,2,net_banking,1,563.33
ORD508680,1,UPI,1,2199.86
ORD508681,1,credit_card,1,244.16
ORD508682,1,net_banking,1,1387.8
ORD508683,1,debit_card,1,2034.71
ORD508684,1,wallet,1,3120.06
ORD508685,1,UPI,5,2929.3
ORD508686,1,UPI,1,1095.5
ORD508687,1,wallet,5,1985.36
ORD508688,1,UPI,1,961.06
ORD508689,1,net_banking,1,1376.89
ORD508689,2,wallet,1,3452.85
ORD508690,1,wallet,1,2633.22
ORD508690,2,credit_card,5,3278.57
ORD508691,1,COD,1,1732.49
ORD508691,2,wallet,1,3362.54
ORD508692,1,credit_card,9,3406.42
ORD508693,1,UPI,1,3169.94
ORD508694,1,UPI,1,3786.62
ORD508695,1,credit_card,1,3532.25
ORD508696,1,UPI,1,565.94
ORD508697,1,COD,1,3175.95
ORD508698,1,wallet,1,386.5
ORD508699,1,wallet,1,1892.08
ORD508700,1,credit_card,1,2471.06
ORD508701,1,debit_card,1,1891.31
ORD508702,1,COD,1,2634.65
ORD508703,1,net_banking,5,203.7
ORD508704,1,COD,1,2360.93
ORD508705,1,UPI,1,347.8
ORD508706,1,debit_card,1,2720.52
ORD508707,1,debit_card,5,2885.47
ORD508708,1,credit_card,1,2978.18
ORD508709,1,debit_card,1,2164.96
ORD508710,1,COD,1,361.24
ORD508710,2,credit_card,1,3013.95
ORD508711,1,debit_card,1,3465.49
ORD508712,1,credit_card,1,288.12
ORD508713,1,debit_card,1,950.24
ORD508714,1,credit_card,1,437.48
ORD508714,2,UPI,1,1259.67
ORD508715,1,debit_card,1,1513.8
ORD508716,1,debit_card,1,3645.07
ORD508717,1,wallet,1,2412.9
ORD508718,1,debit_card,1,3114.21
ORD508719,1,UPI,1,272.7
ORD508720,1,debit_card,1,2905.08
ORD508721,1,UPI,1,2565.77
ORD508722,1,COD,1,1218.63
ORD508723,1,wallet,1,1607.18
ORD508724,1,UPI,1,632.3
ORD508725,1,net_banking,1,3463.99
ORD508726,1,net_banking,5,3556.84
ORD508726,2,debit_card,11,1771.46
ORD508727,1,credit_card,4,2065.21
ORD508728,1,COD,1,3458.08
ORD508729,1,net_banking,1,3155.82
ORD508730,1,UPI,1,365.45
ORD508731,1,UPI,1,942.77
ORD508731,2,wallet,1,1179.04
ORD508732,1,UPI,4,3409.69
ORD508733,1,net_banking,1,2789.99
ORD508734,1,credit_card,1,1402.46
ORD508735,1,credit_card,1,3478.07
ORD508736,1,debit_card,1,2381.16
ORD508737,1,wallet,10,1776.89
ORD508738,1,UPI,1,2048.72
ORD508739,1,UPI,1,2009.96
ORD508740,1,wallet,1,995.4
ORD508741,1,net_banking,1,203.77
ORD508742,1,net_banking,1,883.27
ORD508743,1,wallet,1,876.79
ORD508744,1,net_banking,2,1273.07
ORD508744,2,wallet,1,2354.87
ORD508745,1,COD,1,1530.2
ORD508746,1,debit_card,1,2128.54
ORD508747,1,debit_card,1,562.52
ORD508748,1,UPI,1,357.57
ORD508749,1,wallet,7,3820.0
ORD508750,1,UPI,1,2418.67
ORD508751,1,debit_card,1,1414.33
ORD508752,1,debit_card,1,1556.56
ORD508753,1,UPI,1,570.21
ORD508754,1,UPI,1,2703.52
ORD508755,1,COD,1,1516.83
ORD508756,1,wallet,1,2064.76
ORD508757,1,COD,1,520.89
ORD508758,1,wallet,1,866.8
ORD508759,1,credit_card,11,591.7
ORD508760,1,UPI,1,2719.91
ORD508761,1,wallet,1,3881.82
ORD508762,1,wallet,1,2357.1
ORD508762,2,net_banking,1,3045.5
ORD508763,1,UPI,1,2876.19
ORD508764,1,net_banking,1,2648.73
ORD508765,1,debit_card,1,923.46
ORD508766,1,debit_card,1,3268.29
ORD508767,1,UPI,1,909.07
ORD508768,1,net_banking,1,1303.85
ORD508769,1,debit_card,1,3046.15
ORD508770,1,wallet,1,3734.07
ORD508770,2,debit_card,1,251.15
ORD508771,1,COD,1,2495.88
ORD508772,1,wallet,1,602.78
ORD508773,1,COD,1,1452.11
ORD508774,1,COD,1,334.18
ORD508775,1,COD,10,920.97
ORD508776,1,net_banking,1,1253.02
ORD508777,1,UPI,1,1132.63
ORD508778,1,credit_card,7,3620.25
ORD508779,1,credit_card,1,3337.94
ORD508780,1,UPI,1,2892.04
ORD508781,1,UPI,3,3646.87
ORD508782,1,COD,1,2649.11
ORD508783,1,credit_card,1,562.38
ORD508784,1,credit_card,1,3156.68
ORD508784,2,COD,1,2737.9
ORD508785,1,net_banking,1,3761.72
ORD508786,1,COD,1,1492.73
ORD508786,2,credit_card,1,2161.01
ORD508787,1,UPI,1,1596.68
ORD508787,2,COD,1,598.54
ORD508788,1,UPI,9,460.74
ORD508789,1,net_banking,1,3897.42
ORD508790,1,credit_card,1,1470.47
ORD508791,1,net_banking,1,859.03
ORD508792,1,COD,10,3386.58
ORD508793,1,UPI,1,2237.84
ORD508794,1,debit_card,1,2921.49
ORD508795,1,credit_card,1,2384.21
ORD508796,1,debit_card,1,728.4
ORD508797,1,COD,3,1082.61
ORD508798,1,UPI,1,2100.73
ORD508799,1,COD,1,2547.97
ORD508800,1,debit_card,1,2986.84
ORD508801,1,wallet,1,1131.09
ORD508802,1,wallet,1,299.98
ORD508803,1,credit_card,1,2182.86
ORD508804,1,UPI,1,394.98
ORD508804,2,credit_card,1,2041.69
ORD508805,1,UPI,1,3542.51
ORD508806,1,net_banking,1,1269.09
ORD508807,1,net_banking,1,3156.85
ORD508808,1,COD,1,3904.63
ORD508809,1,UPI,1,1135.06
ORD508809,2,net_banking,1,1524.44
ORD508810,1,credit_card,1,1935.03
ORD508810,2,debit_card,1,3063.99
ORD508811,1,credit_card,1,2227.32
ORD508812,1,UPI,1,2479.96
ORD508813,1,credit_card,4,2670.45
ORD508814,1,net_banking,1,1256.56
ORD508815,1,wallet,1,431.17
ORD508816,1,UPI,1,3087.21
ORD508817,1,credit_card,1,2651.73
ORD508818,1,net_banking,1,527.71
ORD508819,1,COD,1,2177.28
ORD508820,1,COD,4,2997.32
ORD508821,1,COD,1,1324.29
ORD508822,1,debit_card,1,2709.42
ORD508822,2,UPI,1,1327.44
ORD508823,1,UPI,9,2085.37
ORD508824,1,UPI,1,1536.94
ORD508825,1,debit_card,1,3188.36
ORD508826,1,credit_card,1,3563.46
ORD508827,1,net_banking,1,242.53
ORD508828,1,net_banking,1,3782.25
ORD508829,1,credit_card,1,3802.96
ORD508830,1,COD,1,3676.69
ORD508831,1,net_banking,4,1264.47
ORD508832,1,wallet,1,761.95
ORD508833,1,wallet,2,1604.28
ORD508834,1,credit_card,1,2400.27
ORD508835,1,COD,1,1793.23
ORD508835,2,wallet,1,367.86
ORD508836,1,wallet,5,1041.4
ORD508837,1,debit_card,1,855.55
ORD508838,1,net_banking,1,2166.35
ORD508839,1,debit_card,1,3614.7
ORD508840,1,net_banking,1,3698.61
ORD508841,1,wallet,1,2861.31
ORD508842,1,debit_card,1,1236.5
ORD508843,1,UPI,1,2903.15
ORD508844,1,UPI,1,3593.21
ORD508845,1,wallet,1,2279.24
ORD508846,1,net_banking,1,2507.65
ORD508847,1,wallet,9,2357.06
ORD508848,1,UPI,9,2630.33
ORD508849,1,COD,10,1887.47
ORD508850,1,debit_card,1,294.73
ORD508851,1,debit_card,1,2196.86
ORD508852,1,COD,1,766.13
ORD508853,1,UPI,1,2730.03
ORD508854,1,debit_card,1,1768.76
ORD508855,1,wallet,1,3702.09
ORD508856,1,credit_card,1,2909.19
ORD508857,1,debit_card,1,1942.1
ORD508858,1,net_banking,1,1184.55
ORD508859,1,COD,1,3529.12
ORD508860,1,COD,5,1575.74
ORD508861,1,wallet,1,3712.8
ORD508862,1,net_banking,1,1917.16
ORD508862,2,net_banking,1,2759.54
ORD508863,1,credit_card,1,652.26
ORD508864,1,debit_card,1,3462.47
ORD508865,1,debit_card,4,2356.89
ORD508866,1,UPI,1,3489.22
ORD508867,1,credit_card,1,3480.94
ORD508868,1,UPI,1,495.42
ORD508869,1,COD,1,2502.11
ORD508870,1,wallet,9,1844.41
ORD508870,2,wallet,1,1985.2
ORD508871,1,UPI,1,2734.8
ORD508872,1,credit_card,8,1220.59
ORD508873,1,net_banking,2,362.61
ORD508874,1,UPI,1,2031.61
ORD508875,1,debit_card,1,2735.42
ORD508875,2,debit_card,1,1336.77
ORD508876,1,UPI,1,3004.95
ORD508877,1,wallet,1,3005.47
ORD508878,1,net_banking,1,2708.65
ORD508879,1,COD,1,739.22
ORD508880,1,net_banking,1,3573.38
ORD508881,1,UPI,12,3619.97
ORD508881,2,net_banking,1,905.14
ORD508882,1,debit_card,1,3976.59
ORD508883,1,COD,1,2381.96
ORD508884,1,debit_card,1,1298.15
ORD508885,1,debit_card,1,2981.47
ORD508886,1,debit_card,1,1723.49
ORD508887,1,credit_card,1,953.17
ORD508888,1,wallet,11,1676.62
ORD508889,1,debit_card,1,2097.42
ORD508890,1,debit_card,2,271.87
ORD508891,1,net_banking,1,1947.8
ORD508892,1,credit_card,1,720.98
ORD508893,1,credit_card,1,1264.54
ORD508893,2,net_banking,1,1739.39
ORD508894,1,wallet,1,2355.15
ORD508894,2,wallet,1,674.61
ORD508895,1,credit_card,1,1830.06
ORD508896,1,wallet,12,1363.21
ORD508897,1,credit_card,1,2145.96
ORD508898,1,debit_card,6,2686.9
ORD508898,2,net_banking,1,3233.47
ORD508899,1,UPI,1,1538.8
ORD508900,1,credit_card,1,3174.4
ORD508901,1,wallet,1,1373.08
ORD508902,1,wallet,9,2901.66
ORD508903,1,debit_card,1,2959.94
ORD508904,1,wallet,1,1573.0
ORD508905,1,wallet,3,1037.65
ORD508906,1,debit_card,1,491.57
ORD508906,2,UPI,1,2563.44
ORD508907,1,net_banking,5,493.29
ORD508908,1,COD,1,1643.11
ORD508909,1,COD,8,3510.49
ORD508910,1,net_banking,1,2342.01
ORD508911,1,debit_card,1,2061.93
ORD508912,1,UPI,7,2889.78
ORD508913,1,net_banking,1,2851.23
ORD508914,1,UPI,1,2316.48
ORD508914,2,debit_card,1,3454.45
ORD508915,1,UPI,1,3545.54
ORD508916,1,wallet,1,1614.49
ORD508917,1,UPI,1,1100.26
ORD508918,1,wallet,1,3074.81
ORD508919,1,wallet,1,2349.96
ORD508920,1,credit_card,1,3265.66
ORD508921,1,debit_card,1,2020.5
ORD508922,1,credit_card,1,1547.13
ORD508923,1,net_banking,1,384.52
ORD508924,1,COD,1,3682.53
ORD508925,1,COD,1,1768.13
ORD508926,1,debit_card,1,1877.93
ORD508927,1,COD,1,1912.51
ORD508928,1,COD,1,1454.24
ORD508929,1,UPI,3,3895.98
ORD508930,1,credit_card,1,2398.12
ORD508931,1,wallet,1,1018.48
ORD508931,2,UPI,1,1357.86
ORD508932,1,COD,1,729.13
ORD508933,1,credit_card,1,2135.38
ORD508934,1,UPI,1,3251.11
ORD508935,1,UPI,12,1239.88
ORD508936,1,wallet,1,401.23
ORD508937,1,net_banking,3,2627.37
ORD508937,2,UPI,1,355.09
ORD508938,1,net_banking,1,2754.35
ORD508939,1,COD,1,2464.76
ORD508940,1,COD,1,3818.09
ORD508941,1,UPI,1,3294.43
ORD508942,1,credit_card,1,2131.54
ORD508943,1,UPI,1,718.08
ORD508944,1,wallet,10,478.07
ORD508945,1,COD,2,3261.35
ORD508946,1,credit_card,1,2620.16
ORD508947,1,debit_card,1,2263.14
ORD508948,1,wallet,11,2918.02
ORD508949,1,COD,9,1624.54
ORD508950,1,wallet,1,3428.56
ORD508951,1,COD,1,3297.66
ORD508952,1,credit_card,1,2021.36
ORD508952,2,net_banking,1,1036.28
ORD508953,1,net_banking,1,3558.69
ORD508954,1,wallet,1,516.11
ORD508955,1,credit_card,1,1105.67
ORD508956,1,UPI,9,2347.39
ORD508957,1,COD,1,2083.79
ORD508958,1,debit_card,1,1866.07
ORD508958,2,COD,1,2773.68
ORD508959,1,net_banking,1,302.25
ORD508959,2,credit_card,1,1430.01
ORD508960,1,COD,1,860.57
ORD508961,1,COD,1,3887.47
ORD508961,2,net_banking,1,3817.32
ORD508962,1,COD,1,3245.32
ORD508962,2,UPI,1,2823.94
ORD508963,1,UPI,1,1832.88
ORD508964,1,net_banking,1,2044.78
ORD508965,1,wallet,5,432.4
ORD508966,1,wallet,3,341.05
ORD508967,1,UPI,1,2938.19
ORD508968,1,wallet,1,1098.47
ORD508969,1,wallet,1,2405.8
ORD508970,1,credit_card,1,3135.02
ORD508971,1,credit_card,1,1148.72
ORD508972,1,UPI,1,1277.03
ORD508973,1,net_banking,1,659.94
ORD508974,1,credit_card,9,3575.16
ORD508975,1,COD,1,218.66
ORD508976,1,debit_card,1,702.29
ORD508977,1,COD,1,827.7
ORD508978,1,COD,1,580.41
ORD508979,1,credit_card,8,2842.93
ORD508980,1,debit_card,1,1986.48
ORD508981,1,UPI,1,1534.97
ORD508982,1,net_banking,1,3299.17
ORD508983,1,UPI,1,3133.23
ORD508983,2,wallet,3,1108.11
ORD508984,1,debit_card,1,2734.55
ORD508985,1,net_banking,4,1353.88
ORD508985,2,credit_card,1,274.57
ORD508986,1,net_banking,1,726.84
ORD508987,1,credit_card,1,2968.57
ORD508987,2,UPI,1,3477.0
ORD508988,1,wallet,12,1597.43
ORD508989,1,net_banking,1,2321.64
ORD508990,1,credit_card,1,1624.11
ORD508991,1,COD,1,3697.93
ORD508992,1,UPI,12,3822.47
ORD508993,1,debit_card,1,1144.34
ORD508994,1,credit_card,1,2246.21
ORD508995,1,COD,1,764.34
ORD508995,2,wallet,1,2967.95
ORD508996,1,credit_card,1,3204.42
ORD508996,2,wallet,1,2361.92
ORD508997,1,UPI,1,3609.06
ORD508998,1,COD,1,3767.88
ORD508999,1,UPI,10,2013.32
ORD509000,1,net_banking,1,2933.86
ORD509001,1,wallet,8,1649.53
ORD509002,1,COD,1,1117.04
ORD509003,1,COD,1,2361.37
ORD509004,1,debit_card,1,3363.75
ORD509005,1,COD,1,658.33
ORD509006,1,wallet,1,1560.84
ORD509007,1,debit_card,1,1481.33
ORD509008,1,COD,1,218.17
ORD509009,1,net_banking,1,421.26
ORD509010,1,net_banking,4,1742.21
ORD509011,1,COD,1,1078.06
ORD509012,1,debit_card,1,832.09
ORD509013,1,wallet,1,3874.91
ORD509014,1,COD,1,221.66
ORD509014,2,COD,1,3455.67
ORD509015,1,credit_card,1,2455.28
ORD509016,1,UPI,1,1622.23
ORD509017,1,net_banking,1,1828.11
ORD509018,1,COD,4,1613.78
ORD509019,1,UPI,1,2151.75
ORD509019,2,COD,1,387.33
ORD509020,1,COD,6,3705.56
ORD509021,1,UPI,1,3789.6
ORD509022,1,debit_card,1,1433.59
ORD509023,1,net_banking,1,880.09
ORD509024,1,COD,1,2500.49
ORD509025,1,debit_card,7,2443.08
ORD509026,1,net_banking,1,2004.55
ORD509027,1,wallet,1,3649.54
ORD509028,1,wallet,1,3206.8
ORD509029,1,net_banking,1,1719.65
ORD509029,2,UPI,1,3551.88
ORD509030,1,COD,1,2947.94
ORD509031,1,credit_card,1,2463.88
ORD509032,1,credit_card,1,1329.83
ORD509033,1,COD,1,1742.84
ORD509034,1,debit_card,9,3932.13
ORD509035,1,COD,1,2520.27
ORD509036,1,wallet,1,3968.27
ORD509036,2,wallet,1,3133.7
ORD509037,1,net_banking,1,1458.61
ORD509038,1,UPI,1,2380.08
ORD509039,1,COD,1,3719.49
ORD509040,1,debit_card,1,331.18
ORD509041,1,wallet,1,898.23
ORD509042,1,credit_card,1,1715.48
ORD509043,1,COD,1,1361.89
ORD509044,1,debit_card,1,2596.71
ORD509045,1,UPI,1,1891.66
ORD509046,1,COD,1,1529.06
ORD509047,1,UPI,1,1873.1
ORD509048,1,UPI,1,1569.4
ORD509049,1,wallet,1,2577.7
ORD509050,1,UPI,1,2945.64
ORD509051,1,COD,1,1012.54
ORD509052,1,debit_card,1,2343.42
ORD509053,1,UPI,1,230.04
ORD509054,1,UPI,1,1835.4
ORD509055,1,wallet,1,374.43
ORD509056,1,debit_card,1,1407.4
ORD509057,1,debit_card,1,3751.74
ORD509058,1,UPI,1,2095.66
ORD509059,1,debit_card,1,2148.32
ORD509059,2,wallet,1,830.63
ORD509060,1,COD,1,936.86
ORD509061,1,debit_card,1,1092.93
ORD509062,1,wallet,1,1726.72
ORD509063,1,UPI,1,1226.96
ORD509064,1,UPI,1,2564.03
ORD509065,1,COD,1,1694.68
ORD509066,1,UPI,1,3818.15
ORD509067,1,wallet,1,1445.41
ORD509068,1,wallet,1,650.32
ORD509069,1,credit_card,5,3802.12
ORD509070,1,debit_card,1,1618.62
ORD509071,1,debit_card,1,1194.76
ORD509072,1,wallet,1,3179.82
ORD509073,1,net_banking,5,2469.99
ORD509074,1,net_banking,1,1983.78
ORD509075,1,credit_card,1,3018.49
ORD509076,1,debit_card,1,3070.28
ORD509076,2,debit_card,1,933.36
ORD509077,1,debit_card,1,1186.27
ORD509078,1,credit_card,11,1086.57
ORD509079,1,COD,1,3918.92
ORD509080,1,COD,4,243.97
ORD509080,2,wallet,1,881.43
ORD509081,1,COD,1,3280.17
ORD509082,1,credit_card,1,642.74
ORD509083,1,COD,1,2713.87
ORD509084,1,debit_card,1,858.38
ORD509084,2,COD,4,1493.17
ORD509085,1,wallet,1,3406.18
ORD509086,1,COD,5,418.53
ORD509087,1,debit_card,1,1052.58
ORD509087,2,wallet,1,1706.17
ORD509088,1,COD,1,3648.23
ORD509088,2,net_banking,1,3833.22
ORD509089,1,credit_card,1,2264.3
ORD509090,1,debit_card,11,910.2
ORD509090,2,debit_card,1,1760.24
ORD509091,1,net_banking,1,2301.51
ORD509092,1,UPI,1,1953.63
ORD509093,1,debit_card,1,313.48
ORD509093,2,UPI,1,1671.75
ORD509094,1,wallet,1,1026.58
ORD509095,1,UPI,1,2819.68
ORD509096,1,wallet,12,1831.83
ORD509097,1,debit_card,1,424.48
ORD509098,1,net_banking,10,647.89
ORD509099,1,credit_card,1,2063.79
ORD509100,1,credit_card,7,3155.87
ORD509101,1,wallet,1,876.77
ORD509102,1,net_banking,1,1211.54
ORD509103,1,net_banking,1,2546.22
ORD509104,1,debit_card,12,2993.74
ORD509104,2,debit_card,1,2131.06
ORD509105,1,net_banking,8,2360.49
ORD509106,1,credit_card,1,3518.59
ORD509107,1,COD,1,1874.13
ORD509108,1,net_banking,11,3707.73
ORD509109,1,wallet,1,2477.85
ORD509110,1,UPI,1,3360.34
ORD509111,1,net_banking,1,3466.7
ORD509112,1,net_banking,1,3391.77
ORD509113,1,UPI,1,2726.5
ORD509114,1,credit_card,1,2494.52
ORD509115,1,wallet,6,1803.03
ORD509116,1,COD,8,3443.15
ORD509117,1,debit_card,1,2575.67
ORD509118,1,credit_card,1,2625.3
ORD509119,1,UPI,1,971.26
ORD509120,1,COD,1,2500.49
ORD509121,1,wallet,1,3176.75
ORD509122,1,UPI,1,2272.72
ORD509123,1,credit_card,9,759.11
ORD509124,1,UPI,1,488.48
ORD509125,1,wallet,1,2863.24
ORD509126,1,net_banking,1,1470.09
ORD509127,1,COD,1,1194.19
ORD509128,1,UPI,1,237.76
ORD509129,1,net_banking,1,1696.67
ORD509130,1,net_banking,1,2783.39
ORD509131,1,debit_card,1,2611.52
ORD509132,1,net_banking,1,3946.45
ORD509133,1,credit_card,1,1770.67
ORD509133,2,COD,1,2099.08
ORD509134,1,COD,1,2802.77
ORD509135,1,wallet,1,3483.54
ORD509135,2,debit_card,1,3963.28
ORD509136,1,credit_card,1,2433.76
ORD509136,2,wallet,1,2872.94
ORD509137,1,COD,1,1751.71
ORD509137,2,UPI,1,578.49
ORD509138,1,credit_card,1,3551.57
ORD509139,1,debit_card,1,304.43
ORD509140,1,credit_card,1,1058.72
ORD509141,1,debit_card,1,916.51
ORD509142,1,UPI,9,3839.02
ORD509143,1,credit_card,1,1694.05
ORD509144,1,UPI,1,546.9
ORD509144,2,UPI,1,1853.57
ORD509145,1,debit_card,1,1507.9
ORD509146,1,net_banking,1,2352.38
ORD509147,1,net_banking,6,3907.73
ORD509148,1,credit_card,1,1810.54
ORD509148,2,debit_card,1,1755.76
ORD509149,1,debit_card,4,1830.48
ORD509150,1,UPI,1,326.26
ORD509151,1,COD,11,3108.2
ORD509152,1,COD,1,623.39
ORD509153,1,wallet,1,3955.73
ORD509154,1,credit_card,1,1826.0
ORD509154,2,credit_card,1,507.22
ORD509155,1,COD,1,2879.84
ORD509156,1,credit_card,1,3683.55
ORD509156,2,net_banking,1,3989.11
ORD509157,1,wallet,1,1745.9
ORD509158,1,wallet,1,2488.5
ORD509159,1,UPI,1,3973.18
ORD509160,1,wallet,1,2255.3
ORD509161,1,debit_card,1,2442.51
ORD509162,1,debit_card,1,2183.84
ORD509163,1,wallet,12,2883.35
ORD509164,1,debit_card,1,1501.47
ORD509165,1,credit_card,1,2848.86
ORD509166,1,wallet,1,832.23
ORD509167,1,credit_card,1,2720.5
ORD509168,1,wallet,1,1687.9
ORD509169,1,wallet,1,1070.18
ORD509170,1,debit_card,1,3427.2
ORD509171,1,wallet,1,2566.63
ORD509171,2,debit_card,3,2033.72
ORD509172,1,credit_card,1,3751.51
ORD509173,1,UPI,5,1072.86
ORD509174,1,UPI,1,846.22
ORD509175,1,net_banking,6,1519.37
ORD509176,1,net_banking,1,852.33
ORD509177,1,wallet,1,1516.15
ORD509178,1,credit_card,7,3976.52
ORD509179,1,net_banking,1,3769.92
ORD509180,1,wallet,4,496.96
ORD509181,1,net_banking,1,3913.04
ORD509182,1,UPI,1,546.36
ORD509183,1,UPI,1,2274.83
ORD509184,1,debit_card,1,2583.31
ORD509185,1,UPI,1,3180.96
ORD509186,1,net_banking,1,3150.69
ORD509187,1,UPI,1,3667.34
ORD509188,1,credit_card,1,1295.69
ORD509189,1,UPI,1,2905.88
ORD509190,1,UPI,10,2417.43
ORD509191,1,UPI,1,1790.87
ORD509192,1,debit_card,7,3985.88
ORD509193,1,COD,1,990.86
ORD509194,1,net_banking,1,1167.38
ORD509195,1,credit_card,1,3813.61
ORD509196,1,COD,1,1422.37
ORD509197,1,credit_card,1,1105.98
ORD509198,1,UPI,1,1506.24
ORD509199,1,UPI,1,1040.09
ORD509199,2,credit_card,1,3109.77
ORD509200,1,wallet,1,3567.06
ORD509201,1,COD,1,3160.68
ORD509202,1,wallet,1,2490.98
ORD509203,1,debit_card,1,2425.04
ORD509204,1,COD,9,3905.86
ORD509205,1,debit_card,1,3117.27
ORD509206,1,net_banking,1,698.7
ORD509207,1,COD,1,1375.56
ORD509208,1,net_banking,1,2994.06
ORD509209,1,credit_card,1,2300.69
ORD509210,1,debit_card,1,3433.52
ORD509210,2,UPI,1,2532.52
ORD509211,1,UPI,1,3554.23
ORD509212,1,COD,12,1872.2
ORD509213,1,UPI,1,3913.6
ORD509214,1,credit_card,1,1530.82
ORD509215,1,debit_card,1,533.29
ORD509216,1,debit_card,1,3434.56
ORD509217,1,UPI,1,3403.98
ORD509218,1,net_banking,1,1957.2
ORD509218,2,UPI,1,1811.52
ORD509219,1,UPI,1,759.06
ORD509220,1,UPI,1,3013.29
ORD509221,1,debit_card,1,1350.2
ORD509222,1,wallet,1,505.48
ORD509223,1,wallet,1,498.59
ORD509224,1,debit_card,1,2183.31
ORD509225,1,credit_card,1,554.89
ORD509226,1,UPI,1,1720.14
ORD509227,1,debit_card,1,3711.79
ORD509228,1,UPI,1,1170.43
ORD509229,1,net_banking,1,676.74
ORD509230,1,UPI,12,1067.03
ORD509231,1,COD,1,3297.41
ORD509231,2,UPI,1,1071.53
ORD509232,1,credit_card,1,3945.57
ORD509233,1,wallet,1,2397.23
ORD509234,1,UPI,1,1677.93
ORD509234,2,wallet,1,2449.65
ORD509235,1,credit_card,1,1573.02
ORD509236,1,COD,1,3194.93
ORD509237,1,wallet,1,1338.95
ORD509238,1,credit_card,1,3599.9
ORD509238,2,wallet,1,504.46
ORD509239,1,UPI,1,560.45
ORD509239,2,net_banking,1,1413.35
ORD509240,1,wallet,1,3520.71
ORD509241,1,credit_card,1,1181.19
ORD509242,1,net_banking,1,1927.08
ORD509243,1,debit_card,1,1803.16
ORD509244,1,COD,1,380.96
ORD509244,2,COD,1,2542.34
ORD509245,1,wallet,1,1984.58
ORD509246,1,debit_card,1,2923.47
ORD509247,1,net_banking,3,1170.63
ORD509248,1,net_banking,1,1192.99
ORD509249,1,net_banking,1,1322.98
ORD509250,1,credit_card,1,766.01
ORD509251,1,credit_card,1,371.16
ORD509252,1,debit_card,1,2578.02
ORD509253,1,COD,1,3428.21
ORD509254,1,wallet,1,2304.37
ORD509255,1,net_banking,10,2061.29
ORD509256,1,UPI,1,3781.14
ORD509257,1,wallet,1,3982.89
ORD509258,1,debit_card,5,1843.12
ORD509259,1,UPI,1,3555.39
ORD509260,1,net_banking,1,2943.66
ORD509261,1,UPI,2,2129.88
ORD509262,1,COD,1,3969.74
ORD509263,1,UPI,1,3302.63
ORD509264,1,UPI,1,1054.69
ORD509265,1,credit_card,1,341.49
ORD509265,2,wallet,1,3011.02
ORD509266,1,UPI,1,1515.6
ORD509267,1,debit_card,1,3497.32
ORD509268,1,UPI,1,3280.29
ORD509269,1,net_banking,1,768.48
ORD509270,1,credit_card,1,2522.01
ORD509271,1,net_banking,1,3027.52
ORD509272,1,UPI,1,1748.81
ORD509273,1,net_banking,1,1032.38
ORD509274,1,COD,1,2409.13
ORD509275,1,UPI,7,991.41
ORD509276,1,wallet,8,538.11
ORD509277,1,debit_card,1,532.34
ORD509278,1,COD,1,2036.58
ORD509279,1,wallet,1,3897.35
ORD509279,2,credit_card,1,415.0
ORD509280,1,UPI,1,3030.81
ORD509281,1,UPI,1,1195.53
ORD509282,1,COD,10,3707.97
ORD509283,1,wallet,1,2738.05
ORD509284,1,debit_card,1,2969.04
ORD509285,1,wallet,1,1550.7
ORD509285,2,COD,1,1949.68
ORD509286,1,COD,1,1435.43
ORD509287,1,COD,1,1509.22
ORD509287,2,COD,1,1561.88
ORD509288,1,debit_card,1,432.68
ORD509289,1,debit_card,1,2193.19
ORD509290,1,debit_card,1,1819.31
ORD509291,1,debit_card,1,3894.73
ORD509292,1,net_banking,1,2860.83
ORD509293,1,credit_card,1,1009.68
ORD509294,1,UPI,10,3646.15
ORD509294,2,COD,1,3808.3
ORD509295,1,COD,1,706.34
ORD509295,2,wallet,1,3828.77
ORD509296,1,UPI,1,3733.55
ORD509297,1,debit_card,1,3149.94
ORD509298,1,wallet,1,3454.77
ORD509299,1,COD,9,2683.73
ORD509300,1,UPI,1,1434.48
ORD509301,1,COD,1,1088.5
ORD509302,1,UPI,12,977.1
ORD509303,1,wallet,11,490.84
ORD509304,1,credit_card,1,2180.02
ORD509305,1,wallet,1,737.15
ORD509306,1,wallet,1,3943.37
ORD509306,2,credit_card,1,2544.01
ORD509307,1,credit_card,1,3221.19
ORD509308,1,credit_card,1,2731.97
ORD509309,1,credit_card,1,3190.38
ORD509310,1,wallet,1,1795.53
ORD509311,1,wallet,3,2584.98
ORD509312,1,COD,1,2918.61
ORD509313,1,credit_card,1,1210.88
ORD509313,2,COD,1,970.63
ORD509314,1,debit_card,3,2932.93
ORD509314,2,debit_card,1,2405.76
ORD509315,1,COD,1,869.59
ORD509316,1,UPI,1,2481.1
ORD509317,1,wallet,10,2517.72
ORD509318,1,UPI,1,2738.0
ORD509319,1,credit_card,1,411.44
ORD509320,1,credit_card,1,1284.07
ORD509321,1,wallet,1,866.71
ORD509321,2,COD,1,2840.5
ORD509322,1,UPI,1,3054.13
ORD509323,1,COD,1,3674.6
ORD509324,1,net_banking,1,3841.67
ORD509325,1,COD,11,2892.4
ORD509326,1,debit_card,1,1001.03
ORD509327,1,credit_card,1,1152.13
ORD509328,1,COD,1,1569.42
ORD509329,1,net_banking,1,820.07
ORD509330,1,wallet,1,1461.69
ORD509331,1,net_banking,7,2421.23
ORD509332,1,net_banking,1,1503.24
ORD509333,1,credit_card,3,2549.21
ORD509334,1,credit_card,8,1202.44
ORD509335,1,debit_card,1,3040.49
ORD509336,1,COD,1,1150.64
ORD509337,1,net_banking,5,1346.2
ORD509338,1,credit_card,1,1360.02
ORD509339,1,net_banking,1,2496.98
ORD509340,1,credit_card,1,268.48
ORD509340,2,credit_card,1,1817.73
ORD509341,1,wallet,1,376.53
ORD509342,1,UPI,2,772.61
ORD509343,1,UPI,1,1848.66
ORD509344,1,credit_card,1,321.7
ORD509345,1,UPI,1,3404.49
ORD509346,1,debit_card,1,327.28
ORD509347,1,UPI,1,3347.82
ORD509348,1,debit_card,1,1706.59
ORD509349,1,debit_card,1,3624.1
ORD509350,1,wallet,2,1237.61
ORD509351,1,debit_card,1,2082.01
ORD509352,1,net_banking,1,3503.54
ORD509353,1,debit_card,1,3955.41
ORD509354,1,credit_card,1,2376.07
ORD509354,2,net_banking,1,2361.87
ORD509355,1,UPI,1,3653.85
ORD509355,2,credit_card,1,3761.99
ORD509356,1,net_banking,1,1867.46
ORD509357,1,UPI,1,1838.63
ORD509357,2,wallet,1,878.29
ORD509358,1,credit_card,1,2321.27
ORD509358,2,UPI,1,2183.36
ORD509359,1,COD,1,1432.5
ORD509360,1,COD,1,2002.24
ORD509361,1,debit_card,1,2543.76
ORD509362,1,debit_card,1,2666.17
ORD509362,2,debit_card,1,2625.3
ORD509363,1,net_banking,1,3836.51
ORD509364,1,wallet,1,2502.89
ORD509365,1,net_banking,1,3885.92
ORD509366,1,net_banking,1,825.28
ORD509367,1,net_banking,1,1280.54
ORD509367,2,credit_card,1,2307.85
ORD509368,1,COD,1,951.08
ORD509369,1,credit_card,1,3348.98
ORD509370,1,wallet,1,455.93
ORD509371,1,wallet,9,1437.01
ORD509372,1,net_banking,1,3561.38
ORD509373,1,debit_card,5,578.11
ORD509374,1,net_banking,11,994.83
ORD509375,1,wallet,1,3934.62
ORD509376,1,COD,1,834.01
ORD509377,1,UPI,1,1067.27
ORD509378,1,credit_card,10,3216.88
ORD509379,1,debit_card,1,3716.68
ORD509380,1,credit_card,1,3725.53
ORD509381,1,credit_card,12,941.65
ORD509382,1,credit_card,1,2038.99
ORD509383,1,debit_card,1,465.62
ORD509384,1,wallet,1,2575.79
ORD509385,1,wallet,1,382.65
ORD509386,1,debit_card,1,1451.11
ORD509387,1,credit_card,1,246.56
ORD509387,2,net_banking,1,3648.59
ORD509388,1,credit_card,1,2236.77
ORD509389,1,UPI,1,1150.4
ORD509390,1,credit_card,1,651.36
ORD509391,1,UPI,1,1653.11
ORD509391,2,net_banking,1,2166.29
ORD509392,1,wallet,1,1612.24
ORD509393,1,debit_card,4,2079.48
ORD509394,1,credit_card,1,1283.23
ORD509395,1,debit_card,1,667.51
ORD509396,1,net_banking,1,1112.78
ORD509397,1,net_banking,1,1030.13
ORD509398,1,credit_card,1,1186.12
ORD509399,1,debit_card,10,630.13
ORD509400,1,net_banking,2,1585.15
ORD509401,1,UPI,1,2282.2
ORD509402,1,net_banking,1,1880.34
ORD509403,1,debit_card,11,1049.77
ORD509404,1,net_banking,1,1565.36
ORD509405,1,net_banking,1,3572.97
ORD509406,1,wallet,1,3069.31
ORD509407,1,net_banking,1,3376.82
ORD509408,1,net_banking,1,2643.96
ORD509409,1,net_banking,1,1460.5
ORD509410,1,UPI,1,3629.91
ORD509411,1,debit_card,1,3097.81
ORD509412,1,debit_card,1,1032.35
ORD509413,1,net_banking,1,1464.64
ORD509414,1,credit_card,10,743.25
ORD509415,1,COD,1,511.36
ORD509416,1,net_banking,1,738.05
ORD509417,1,COD,11,2760.06
ORD509418,1,UPI,1,3490.27
ORD509418,2,credit_card,1,2633.71
ORD509419,1,UPI,7,1987.0
ORD509420,1,credit_card,1,2483.44
ORD509421,1,debit_card,1,3705.01
ORD509422,1,debit_card,1,3094.7
ORD509423,1,net_banking,1,1354.76
ORD509424,1,debit_card,1,459.71
ORD509425,1,credit_card,7,987.44
ORD509426,1,debit_card,1,2502.99
ORD509427,1,credit_card,4,1246.64
ORD509428,1,credit_card,1,909.08
ORD509428,2,UPI,1,2580.46
ORD509429,1,UPI,1,242.77
ORD509429,2,debit_card,1,2801.56
ORD509430,1,COD,1,3378.55
ORD509431,1,credit_card,1,1372.89
ORD509432,1,debit_card,1,3502.38
ORD509433,1,net_banking,1,338.55
ORD509434,1,UPI,1,993.5
ORD509435,1,COD,7,870.07
ORD509436,1,COD,1,1082.62
ORD509437,1,debit_card,1,3658.73
ORD509438,1,credit_card,1,3921.57
ORD509439,1,credit_card,1,2113.04
ORD509440,1,COD,2,3804.45
ORD509441,1,debit_card,7,3211.58
ORD509442,1,wallet,8,1320.0
ORD509443,1,debit_card,1,827.1
ORD509444,1,UPI,1,450.39
ORD509445,1,COD,1,708.84
ORD509446,1,credit_card,1,1894.94
ORD509447,1,credit_card,1,1073.81
ORD509447,2,UPI,5,2644.95
ORD509448,1,wallet,1,3262.77
ORD509449,1,COD,1,467.85
ORD509450,1,COD,2,3464.62
ORD509451,1,net_banking,5,629.76
ORD509452,1,debit_card,1,882.47
ORD509453,1,debit_card,1,3969.09
ORD509454,1,wallet,1,2009.61
ORD509455,1,COD,1,1923.4
ORD509456,1,UPI,1,459.51
ORD509457,1,credit_card,1,680.54
ORD509458,1,net_banking,1,3283.71
ORD509459,1,credit_card,1,1841.16
ORD509460,1,net_banking,1,1251.77
ORD509461,1,debit_card,1,2275.11
ORD509462,1,net_banking,1,2552.0
ORD509463,1,COD,1,3848.03
ORD509464,1,credit_card,1,298.23
ORD509465,1,UPI,1,1735.47
ORD509465,2,debit_card,1,1707.14
ORD509466,1,COD,8,1139.67
ORD509467,1,debit_card,1,2187.06
ORD509467,2,COD,1,959.09
ORD509468,1,UPI,1,3015.42
ORD509468,2,wallet,1,2586.04
ORD509469,1,wallet,8,690.49
ORD509470,1,credit_card,1,637.2
ORD509471,1,net_banking,1,2121.13
ORD509472,1,COD,1,2013.52
ORD509473,1,credit_card,1,3525.27
ORD509474,1,COD,1,1392.68
ORD509474,2,debit_card,1,325.88
ORD509475,1,COD,1,3962.72
ORD509476,1,credit_card,1,1578.11
ORD509477,1,credit_card,1,881.09
ORD509478,1,debit_card,1,1419.34
ORD509479,1,debit_card,1,621.08
ORD509479,2,COD,1,1512.33
ORD509480,1,UPI,1,3182.87
ORD509481,1,credit_card,1,3530.21
ORD509482,1,wallet,1,206.34
ORD509483,1,credit_card,1,539.09
ORD509484,1,wallet,1,379.67
ORD509484,2,credit_card,1,2722.32
ORD509485,1,UPI,1,390.27
ORD509486,1,credit_card,1,1494.3
ORD509487,1,net_banking,8,3202.23
ORD509488,1,credit_card,12,835.83
ORD509489,1,debit_card,1,3621.17
ORD509490,1,debit_card,1,3263.32
ORD509490,2,net_banking,1,1321.65
ORD509491,1,net_banking,1,1638.77
ORD509492,1,COD,1,3676.07
ORD509493,1,credit_card,1,1286.58
ORD509494,1,COD,12,3571.65
ORD509495,1,wallet,1,3931.61
ORD509496,1,net_banking,1,1953.2
ORD509497,1,net_banking,1,2708.09
ORD509498,1,net_banking,7,2909.78
ORD509499,1,credit_card,1,1508.02
ORD509500,1,COD,1,1002.3
ORD509501,1,UPI,1,2475.77
ORD509501,2,debit_card,1,2511.45
ORD509502,1,COD,3,1301.38
ORD509503,1,debit_card,1,724.88
ORD509504,1,debit_card,12,3588.05
ORD509505,1,COD,1,1963.11
ORD509506,1,COD,5,2380.09
ORD509507,1,net_banking,2,495.36
ORD509508,1,net_banking,1,964.29
ORD509509,1,net_banking,1,3574.46
ORD509510,1,COD,8,3310.11
ORD509511,1,debit_card,1,3475.54
ORD509512,1,wallet,1,2322.94
ORD509512,2,credit_card,1,3782.77
ORD509513,1,wallet,1,1214.67
ORD509514,1,debit_card,1,3660.21
ORD509515,1,credit_card,1,3616.62
ORD509516,1,net_banking,1,1354.33
ORD509517,1,credit_card,1,1445.23
ORD509517,2,wallet,1,1898.33
ORD509518,1,net_banking,1,1278.44
ORD509519,1,debit_card,1,2475.38
ORD509520,1,debit_card,1,991.88
ORD509521,1,UPI,7,3508.14
ORD509522,1,credit_card,1,748.76
ORD509522,2,debit_card,1,1981.78
ORD509523,1,UPI,5,755.8
ORD509524,1,wallet,1,775.25
ORD509525,1,COD,1,2267.96
ORD509526,1,UPI,1,3949.75
ORD509527,1,UPI,1,320.03
ORD509528,1,credit_card,1,1821.58
ORD509529,1,wallet,1,1474.93
ORD509530,1,UPI,1,1436.6
ORD509531,1,COD,1,3395.19
ORD509532,1,debit_card,1,1302.62
ORD509533,1,COD,1,1806.43
ORD509534,1,COD,1,3442.04
ORD509535,1,UPI,1,2562.21
ORD509536,1,net_banking,1,1688.94
ORD509537,1,credit_card,1,450.71
ORD509538,1,credit_card,1,261.36
ORD509539,1,credit_card,1,3950.18
ORD509540,1,UPI,1,2999.45
ORD509540,2,UPI,1,3785.68
ORD509541,1,UPI,1,2932.87
ORD509542,1,credit_card,1,560.45
ORD509543,1,COD,1,367.89
ORD509544,1,wallet,1,969.52
ORD509545,1,UPI,1,632.76
ORD509546,1,credit_card,1,1274.14
ORD509547,1,credit_card,1,928.65
ORD509548,1,net_banking,1,1528.55
ORD509549,1,COD,1,250.26
ORD509550,1,COD,1,2850.21
ORD509551,1,COD,1,233.32
ORD509552,1,COD,1,1046.48
ORD509553,1,COD,2,780.52
ORD509554,1,COD,1,3593.01
ORD509555,1,wallet,1,3749.1
ORD509556,1,UPI,1,3926.53
ORD509557,1,wallet,1,1861.37
ORD509557,2,net_banking,6,2769.32
ORD509558,1,wallet,1,1890.09
ORD509559,1,net_banking,1,1474.14
ORD509559,2,net_banking,8,3580.74
ORD509560,1,credit_card,1,1772.14
ORD509561,1,wallet,1,501.14
ORD509562,1,UPI,1,370.98
ORD509563,1,net_banking,1,365.46
ORD509564,1,COD,9,3449.65
ORD509565,1,credit_card,9,1496.45
ORD509566,1,net_banking,1,2987.38
ORD509567,1,UPI,1,1117.22
ORD509568,1,wallet,1,1929.77
ORD509569,1,debit_card,1,1242.54
ORD509570,1,wallet,1,1939.27
ORD509571,1,debit_card,1,2154.75
ORD509572,1,UPI,1,2240.9
ORD509573,1,debit_card,1,3221.05
ORD509574,1,debit_card,1,3614.75
ORD509575,1,UPI,1,3287.49
ORD509576,1,net_banking,1,3630.92
ORD509577,1,UPI,1,2996.55
ORD509578,1,COD,1,3766.9
ORD509579,1,credit_card,2,1818.46
ORD509580,1,credit_card,1,3001.66
ORD509581,1,credit_card,1,3779.28
ORD509582,1,COD,1,2648.89
ORD509583,1,UPI,1,1854.44
ORD509584,1,UPI,1,1031.37
ORD509585,1,net_banking,1,3189.74
ORD509586,1,UPI,1,1018.74
ORD509587,1,wallet,1,3754.63
ORD509588,1,wallet,1,731.15
ORD509589,1,COD,1,253.12
ORD509590,1,wallet,9,965.41
ORD509591,1,COD,1,1394.43
ORD509592,1,credit_card,5,3230.03
ORD509593,1,net_banking,1,1483.99
ORD509594,1,wallet,10,1466.68
ORD509595,1,COD,1,740.92
ORD509596,1,net_banking,7,674.06
ORD509597,1,COD,2,940.77
ORD509598,1,UPI,1,1759.92
ORD509598,2,debit_card,1,1765.17
ORD509599,1,wallet,1,3922.32
ORD509600,1,debit_card,11,3844.54
ORD509601,1,net_banking,1,3055.33
ORD509601,2,COD,1,212.93
ORD509602,1,net_banking,1,3427.96
ORD509603,1,debit_card,1,701.39
ORD509604,1,wallet,7,3774.85
ORD509605,1,COD,1,3107.36
ORD509606,1,COD,8,3665.33
ORD509607,1,UPI,1,1732.9
ORD509608,1,COD,1,319.04
ORD509609,1,wallet,1,3440.45
ORD509610,1,UPI,1,2159.48
ORD509611,1,credit_card,1,3039.16
ORD509612,1,wallet,1,557.33
ORD509613,1,wallet,1,745.19
ORD509614,1,COD,10,1130.16
ORD509615,1,debit_card,10,857.63
ORD509616,1,debit_card,1,1578.4
ORD509617,1,UPI,1,3593.17
ORD509618,1,COD,1,1715.26
ORD509618,2,COD,1,1538.76
ORD509619,1,wallet,1,859.19
ORD509620,1,UPI,1,2735.24
ORD509621,1,UPI,1,380.38
ORD509621,2,UPI,7,1935.84
ORD509622,1,COD,1,3610.51
ORD509623,1,debit_card,1,3437.03
ORD509624,1,debit_card,1,993.62
ORD509625,1,wallet,4,1352.53
ORD509626,1,net_banking,10,2264.4
ORD509627,1,credit_card,1,267.46
ORD509628,1,debit_card,3,3858.8
ORD509629,1,COD,1,2362.3
ORD509630,1,credit_card,1,2736.4
ORD509631,1,debit_card,1,957.37
ORD509631,2,wallet,1,2473.02
ORD509632,1,credit_card,1,2523.24
ORD509633,1,wallet,1,349.62
ORD509634,1,COD,1,2411.12
ORD509634,2,UPI,1,3708.83
ORD509635,1,net_banking,1,1059.63
ORD509636,1,net_banking,7,1779.91
ORD509637,1,UPI,1,3508.25
ORD509638,1,debit_card,1,2955.45
ORD509639,1,credit_card,1,411.86
ORD509639,2,wallet,1,3705.91
ORD509640,1,debit_card,1,3295.13
ORD509641,1,debit_card,6,2568.61
ORD509642,1,wallet,11,813.54
ORD509643,1,UPI,7,3147.82
ORD509644,1,COD,1,3918.66
ORD509645,1,debit_card,1,1562.57
ORD509645,2,wallet,1,1854.48
ORD509646,1,COD,11,1980.04
ORD509647,1,COD,1,2620.81
ORD509648,1,net_banking,1,2518.84
ORD509649,1,credit_card,1,1985.3
ORD509650,1,wallet,1,2479.11
ORD509651,1,UPI,1,1453.8
ORD509651,2,COD,1,2833.34
ORD509652,1,credit_card,1,3179.93
ORD509653,1,UPI,1,273.7
ORD509654,1,credit_card,1,1100.36
ORD509654,2,COD,1,586.1
ORD509655,1,COD,12,2726.52
ORD509656,1,credit_card,3,2727.49
ORD509657,1,net_banking,1,878.26
ORD509658,1,net_banking,3,3458.42
ORD509659,1,net_banking,1,858.77
ORD509660,1,wallet,1,225.82
ORD509661,1,wallet,1,744.19
ORD509662,1,wallet,1,3489.9
ORD509663,1,UPI,1,2070.14
ORD509664,1,net_banking,4,3147.64
ORD509665,1,COD,1,2577.37
ORD509666,1,wallet,1,3564.43
ORD509667,1,credit_card,3,900.46
ORD509668,1,UPI,1,3104.83
ORD509669,1,net_banking,1,1525.58
ORD509670,1,debit_card,1,503.99
ORD509671,1,wallet,1,1080.79
ORD509672,1,net_banking,1,3188.57
ORD509673,1,credit_card,6,3659.09
ORD509674,1,net_banking,6,2307.85
ORD509675,1,COD,1,1445.17
ORD509675,2,COD,1,1888.2
ORD509676,1,credit_card,1,3340.79
ORD509677,1,debit_card,1,1975.43
ORD509678,1,COD,1,2168.16
ORD509679,1,net_banking,1,3201.66
ORD509680,1,credit_card,1,3921.84
ORD509681,1,credit_card,1,3937.36
ORD509682,1,UPI,1,1037.62
ORD509683,1,debit_card,1,1389.55
ORD509683,2,net_banking,1,1177.23
ORD509684,1,net_banking,1,1292.04
ORD509685,1,wallet,1,3100.85
ORD509686,1,wallet,1,1527.93
ORD509687,1,UPI,10,3085.11
ORD509688,1,credit_card,6,1888.58
ORD509689,1,COD,1,1656.67
ORD509690,1,COD,1,3889.7
ORD509691,1,wallet,1,2226.44
ORD509692,1,credit_card,3,816.91
ORD509693,1,debit_card,1,388.46
ORD509694,1,COD,1,2212.93
ORD509695,1,net_banking,1,2524.22
ORD509696,1,COD,1,3145.68
ORD509697,1,COD,3,1719.48
ORD509698,1,wallet,1,3353.56
ORD509699,1,wallet,1,1437.05
ORD509700,1,debit_card,1,3064.19
ORD509701,1,UPI,1,2390.75
ORD509702,1,credit_card,4,908.59
ORD509703,1,COD,1,1113.02
ORD509704,1,credit_card,1,322.23
ORD509705,1,credit_card,1,1005.88
ORD509706,1,credit_card,1,3619.77
ORD509707,1,credit_card,1,2901.24
ORD509708,1,debit_card,1,3536.29
ORD509709,1,net_banking,1,3005.91
ORD509710,1,wallet,1,1047.78
ORD509711,1,debit_card,1,1429.08
ORD509712,1,wallet,1,926.18
ORD509713,1,COD,1,1541.3
ORD509714,1,net_banking,1,1119.7
ORD509714,2,debit_card,1,2974.4
ORD509715,1,COD,1,3736.41
ORD509716,1,UPI,1,1034.05
ORD509717,1,debit_card,1,1794.92
ORD509718,1,credit_card,12,243.05
ORD509718,2,UPI,1,2664.39
ORD509719,1,net_banking,1,1964.92
ORD509720,1,debit_card,1,1901.7
ORD509721,1,UPI,8,2150.21
ORD509722,1,wallet,1,1448.46
ORD509723,1,COD,1,2361.74
ORD509724,1,UPI,1,3551.18
ORD509725,1,COD,1,3266.44
ORD509726,1,credit_card,1,2523.28
ORD509727,1,credit_card,1,3179.01
ORD509728,1,UPI,1,1258.43
ORD509728,2,net_banking,1,856.13
ORD509729,1,net_banking,1,2973.0
ORD509730,1,debit_card,11,2587.72
ORD509731,1,debit_card,1,2869.28
ORD509732,1,credit_card,1,1123.07
ORD509733,1,wallet,1,933.65
ORD509734,1,debit_card,1,3636.23
ORD509735,1,UPI,1,3507.98
ORD509735,2,credit_card,1,630.81
ORD509736,1,net_banking,1,3217.42
ORD509737,1,wallet,1,3586.49
ORD509737,2,wallet,1,3153.71
ORD509738,1,debit_card,1,2943.69
ORD509738,2,COD,1,607.35
ORD509739,1,wallet,1,1432.17
ORD509740,1,debit_card,1,2000.55
ORD509740,2,credit_card,1,2266.91
ORD509741,1,wallet,1,3964.19
ORD509742,1,net_banking,1,1334.05
ORD509743,1,COD,1,2618.17
ORD509744,1,net_banking,1,1093.83
ORD509745,1,net_banking,1,3028.47
ORD509746,1,COD,1,3470.75
ORD509747,1,credit_card,1,413.57
ORD509748,1,net_banking,1,3470.87
ORD509749,1,debit_card,1,1093.05
ORD509750,1,net_banking,1,1490.59
ORD509751,1,net_banking,1,3874.03
ORD509752,1,credit_card,1,228.59
ORD509753,1,wallet,1,1224.08
ORD509754,1,UPI,5,3777.91
ORD509755,1,credit_card,1,3733.67
ORD509756,1,COD,1,1563.91
ORD509757,1,COD,1,817.53
ORD509758,1,COD,11,3824.63
ORD509759,1,COD,1,2964.45
ORD509760,1,net_banking,1,3628.69
ORD509761,1,wallet,1,496.21
ORD509762,1,debit_card,1,3304.4
ORD509763,1,wallet,1,2593.0
ORD509764,1,net_banking,1,961.58
ORD509765,1,wallet,1,2709.18
ORD509766,1,debit_card,11,1762.56
ORD509767,1,credit_card,1,3041.01
ORD509768,1,debit_card,1,2430.12
ORD509769,1,debit_card,1,926.2
ORD509769,2,COD,1,294.52
ORD509770,1,UPI,1,235.75
ORD509771,1,debit_card,1,2400.72
ORD509772,1,net_banking,1,3746.24
ORD509773,1,net_banking,1,765.14
ORD509774,1,net_banking,1,3205.97
ORD509774,2,COD,8,871.29
ORD509775,1,net_banking,1,2705.19
ORD509776,1,wallet,1,1843.77
ORD509777,1,UPI,8,2882.92
ORD509778,1,debit_card,1,3719.83
ORD509779,1,credit_card,1,1783.53
ORD509780,1,wallet,12,514.63
ORD509781,1,wallet,1,3427.07
ORD509782,1,debit_card,12,3935.3
ORD509783,1,wallet,1,681.02
ORD509784,1,net_banking,1,1572.05
ORD509785,1,credit_card,1,3309.32
ORD509786,1,UPI,2,2500.55
ORD509787,1,COD,1,2939.1
ORD509788,1,UPI,1,1521.16
ORD509789,1,net_banking,8,2343.92
ORD509790,1,UPI,1,203.82
ORD509791,1,debit_card,1,3457.54
ORD509792,1,wallet,1,1671.54
ORD509793,1,COD,1,1085.55
ORD509794,1,UPI,4,2478.13
ORD509795,1,wallet,1,882.68
ORD509795,2,net_banking,8,1380.28
ORD509796,1,COD,1,3684.19
ORD509797,1,COD,1,1306.59
ORD509798,1,net_banking,1,686.16
ORD509799,1,COD,1,3462.09
ORD509800,1,UPI,1,632.28
ORD509801,1,UPI,5,689.46
ORD509802,1,credit_card,1,2545.61
ORD509803,1,wallet,1,2395.62
ORD509804,1,wallet,1,3331.57
ORD509805,1,COD,5,489.64
ORD509806,1,COD,1,2884.96
ORD509807,1,credit_card,1,2470.65
ORD509808,1,credit_card,1,948.37
ORD509809,1,net_banking,1,3370.05
ORD509809,2,net_banking,1,2340.34
ORD509810,1,UPI,1,2909.05
ORD509811,1,wallet,1,3358.39
ORD509812,1,debit_card,1,2602.43
ORD509813,1,COD,1,805.32
ORD509814,1,debit_card,1,3753.02
ORD509815,1,UPI,1,2101.55
ORD509816,1,net_banking,1,656.17
ORD509817,1,COD,1,2312.96
ORD509818,1,wallet,1,1627.55
ORD509818,2,UPI,1,1270.18
ORD509819,1,UPI,1,760.14
ORD509820,1,UPI,8,3715.36
ORD509821,1,credit_card,1,3000.64
ORD509822,1,debit_card,4,2214.9
ORD509822,2,net_banking,1,1520.54
ORD509823,1,credit_card,1,470.15
ORD509824,1,credit_card,1,3986.2
ORD509824,2,credit_card,1,1916.12
ORD509825,1,COD,1,2004.06
ORD509826,1,COD,7,3692.88
ORD509827,1,COD,1,787.67
ORD509828,1,COD,8,430.57
ORD509829,1,wallet,1,305.89
ORD509830,1,COD,1,2712.41
ORD509831,1,debit_card,1,3761.78
ORD509832,1,wallet,1,3965.68
ORD509833,1,net_banking,8,338.9
ORD509834,1,COD,1,3533.76
ORD509835,1,net_banking,1,3798.76
ORD509835,2,debit_card,1,2792.64
ORD509836,1,net_banking,1,2344.15
ORD509837,1,COD,1,1603.09
ORD509838,1,wallet,1,3633.43
ORD509839,1,UPI,3,2319.19
ORD509840,1,UPI,1,2374.39
ORD509841,1,debit_card,10,3047.25
ORD509842,1,net_banking,1,284.02
ORD509843,1,net_banking,1,3625.74
ORD509844,1,UPI,1,507.73
ORD509845,1,debit_card,1,2358.73
ORD509846,1,wallet,1,2952.94
ORD509846,2,UPI,1,720.76
ORD509847,1,UPI,1,242.62
ORD509848,1,debit_card,1,1358.85
ORD509849,1,debit_card,1,1057.01
ORD509850,1,net_banking,1,1667.68
ORD509851,1,wallet,1,275.83
ORD509852,1,UPI,5,1031.53
ORD509853,1,credit_card,1,2610.49
ORD509854,1,net_banking,10,1900.12
ORD509855,1,debit_card,1,2509.98
ORD509855,2,debit_card,1,2782.63
ORD509856,1,UPI,7,1285.4
ORD509857,1,COD,1,3131.71
ORD509858,1,credit_card,1,1747.76
ORD509859,1,COD,6,3150.45
ORD509860,1,net_banking,1,265.15
ORD509861,1,UPI,1,814.89
ORD509862,1,debit_card,1,379.53
ORD509863,1,UPI,1,3545.67
ORD509864,1,COD,1,3920.85
ORD509865,1,credit_card,1,3443.4
ORD509866,1,COD,4,3473.36
ORD509867,1,debit_card,1,3487.1
ORD509868,1,COD,1,221.97
ORD509869,1,net_banking,1,3129.53
ORD509870,1,credit_card,1,1368.63
ORD509871,1,debit_card,1,2569.92
ORD509872,1,COD,1,1283.01
ORD509873,1,credit_card,1,2253.03
ORD509874,1,UPI,1,373.23
ORD509875,1,net_banking,1,1215.28
ORD509876,1,UPI,1,596.46
ORD509877,1,credit_card,2,3272.74
ORD509878,1,net_banking,1,2525.56
ORD509879,1,credit_card,6,3777.64
ORD509880,1,credit_card,1,838.97
ORD509881,1,credit_card,9,884.12
ORD509882,1,COD,1,984.28
ORD509882,2,UPI,1,2226.61
ORD509883,1,credit_card,1,3047.65
ORD509884,1,wallet,10,1263.0
ORD509885,1,debit_card,1,386.88
ORD509886,1,debit_card,1,635.97
ORD509887,1,credit_card,1,2742.38
ORD509888,1,UPI,4,3233.77
ORD509889,1,wallet,1,2335.24
ORD509890,1,UPI,1,715.55
ORD509891,1,COD,1,2655.48
ORD509892,1,net_banking,1,267.43
ORD509893,1,UPI,1,2792.29
ORD509894,1,net_banking,1,3009.92
ORD509895,1,UPI,1,3053.3
ORD509896,1,net_banking,12,2027.17
ORD509897,1,wallet,1,2633.24
ORD509898,1,COD,1,1240.83
ORD509899,1,credit_card,1,2543.64
ORD509900,1,net_banking,1,2285.04
ORD509900,2,net_banking,1,3693.07
ORD509901,1,COD,1,1824.57
ORD509902,1,credit_card,1,1022.39
ORD509903,1,COD,1,2301.53
ORD509904,1,credit_card,7,3939.5
ORD509904,2,credit_card,1,2043.75
ORD509905,1,debit_card,1,3532.07
ORD509906,1,net_banking,1,1229.49
ORD509907,1,COD,1,862.33
ORD509908,1,COD,1,3574.1
ORD509909,1,COD,1,1245.5
ORD509910,1,wallet,1,874.01
ORD509911,1,COD,1,3720.15
ORD509912,1,UPI,1,1278.56
ORD509913,1,wallet,1,1448.02
ORD509913,2,net_banking,1,2292.83
ORD509914,1,wallet,1,541.17
ORD509915,1,wallet,1,1821.45
ORD509916,1,UPI,8,1589.9
ORD509917,1,debit_card,8,1847.76
ORD509918,1,wallet,1,469.56
ORD509919,1,credit_card,1,584.48
ORD509920,1,UPI,5,409.58
ORD509920,2,net_banking,1,3170.28
ORD509921,1,debit_card,1,3138.46
ORD509922,1,UPI,1,2897.38
ORD509923,1,credit_card,1,1342.76
ORD509924,1,debit_card,1,3949.71
ORD509924,2,wallet,1,1501.97
ORD509925,1,credit_card,1,343.44
ORD509926,1,wallet,1,203.03
ORD509927,1,wallet,9,2842.3
ORD509928,1,COD,12,2437.81
ORD509929,1,wallet,1,3998.76
ORD509930,1,net_banking,1,2982.21
ORD509931,1,net_banking,1,2535.59
ORD509932,1,UPI,1,1605.72
ORD509933,1,COD,1,2404.67
ORD509934,1,UPI,1,3116.24
ORD509935,1,UPI,1,619.23
ORD509936,1,COD,2,2172.3
ORD509937,1,debit_card,1,1240.61
ORD509938,1,UPI,1,2835.26
ORD509938,2,credit_card,1,2733.12
ORD509939,1,wallet,1,358.0
ORD509940,1,net_banking,1,1023.92
ORD509941,1,wallet,1,3576.19
ORD509942,1,credit_card,1,2329.16
ORD509942,2,wallet,1,3220.65
ORD509943,1,credit_card,1,3853.38
ORD509944,1,UPI,1,2139.19
ORD509945,1,credit_card,1,1100.12
ORD509946,1,net_banking,1,2631.95
ORD509947,1,net_banking,1,3353.38
ORD509948,1,net_banking,4,2226.77
ORD509949,1,credit_card,1,3330.66
ORD509949,2,net_banking,10,877.85
ORD509950,1,credit_card,1,3428.45
ORD509951,1,COD,1,3190.06
ORD509952,1,debit_card,1,3882.24
ORD509953,1,net_banking,1,1621.72
ORD509954,1,wallet,4,1126.9
ORD509954,2,net_banking,1,3166.05
ORD509955,1,credit_card,1,1161.77
ORD509956,1,COD,1,2735.62
ORD509957,1,UPI,8,3265.0
ORD509958,1,debit_card,11,2182.07
ORD509959,1,wallet,1,1450.01
ORD509960,1,net_banking,1,656.46
ORD509961,1,UPI,1,3518.72
ORD509962,1,wallet,1,1941.61
ORD509963,1,COD,1,2503.91
ORD509964,1,net_banking,1,2835.82
ORD509965,1,net_banking,1,1598.85
ORD509966,1,credit_card,3,1311.31
ORD509967,1,net_banking,1,1694.14
ORD509968,1,credit_card,1,2032.84
ORD509969,1,net_banking,1,1470.61
ORD509970,1,wallet,1,1100.38
ORD509971,1,debit_card,1,406.76
ORD509971,2,wallet,1,740.91
ORD509972,1,COD,1,3374.67
ORD509973,1,wallet,12,373.94
ORD509974,1,credit_card,9,2864.96
ORD509975,1,wallet,1,400.41
ORD509976,1,net_banking,1,2650.77
ORD509977,1,net_banking,11,766.78
ORD509978,1,credit_card,1,2114.6
ORD509979,1,net_banking,1,3959.05
ORD509980,1,wallet,1,2318.66
ORD509981,1,credit_card,1,1628.9
ORD509982,1,COD,1,2720.5
ORD509983,1,credit_card,10,275.95
ORD509984,1,wallet,1,1255.27
ORD509985,1,COD,1,2389.52
ORD509986,1,wallet,6,3093.7
ORD509987,1,COD,1,1380.28
ORD509988,1,UPI,1,1396.63
ORD509989,1,COD,1,1125.59
ORD509990,1,wallet,1,237.94
ORD509991,1,COD,1,467.09
ORD509992,1,net_banking,1,1911.74
ORD509993,1,COD,1,3121.06
ORD509994,1,UPI,1,978.66
ORD509995,1,COD,1,1031.09
ORD509996,1,credit_card,1,2500.18
ORD509997,1,COD,9,2788.27
ORD509998,1,net_banking,1,2712.33
ORD509999,1,debit_card,3,903.67
ORD510000,1,credit_card,1,1025.05
ORD510001,1,credit_card,1,273.69
ORD510002,1,credit_card,1,2547.75
ORD510003,1,credit_card,1,3701.6
ORD510004,1,net_banking,1,1857.72
ORD510005,1,UPI,1,2036.35
ORD510006,1,credit_card,1,2378.28
ORD510007,1,wallet,1,2267.7
ORD510007,2,net_banking,1,3654.91
ORD510008,1,COD,1,3658.84
ORD510009,1,wallet,1,3975.88
ORD510010,1,COD,1,1590.15
ORD510011,1,UPI,5,3664.95
ORD510012,1,COD,1,2728.1
ORD510013,1,debit_card,1,1760.81
ORD510014,1,UPI,1,636.76
ORD510015,1,wallet,1,1677.01
ORD510016,1,COD,1,2018.7
ORD510016,2,credit_card,6,3182.6
ORD510017,1,UPI,1,2641.98
ORD510018,1,UPI,1,2846.13
ORD510018,2,credit_card,1,3424.74
ORD510019,1,UPI,1,2971.6
ORD510019,2,COD,11,218.58
ORD510020,1,COD,1,2595.31
ORD510021,1,COD,1,2704.94
ORD510022,1,UPI,1,2728.03
ORD510023,1,wallet,1,848.04
ORD510024,1,wallet,1,3511.53
ORD510025,1,COD,1,3227.97
ORD510026,1,credit_card,1,772.42
ORD510027,1,credit_card,1,1372.44
ORD510028,1,UPI,12,3624.55
ORD510029,1,net_banking,1,3426.04
ORD510030,1,wallet,2,2883.58
ORD510031,1,net_banking,1,2611.18
ORD510032,1,wallet,10,2247.15
ORD510033,1,credit_card,1,348.74
ORD510034,1,COD,1,2178.21
ORD510035,1,net_banking,1,2394.46
ORD510036,1,credit_card,1,2642.42
ORD510037,1,debit_card,1,504.53
ORD510038,1,UPI,1,510.54
ORD510039,1,UPI,1,618.39
ORD510040,1,wallet,1,2868.75
ORD510041,1,UPI,1,1024.08
ORD510042,1,wallet,1,3795.57
ORD510043,1,net_banking,12,3386.07
ORD510044,1,COD,1,728.45
ORD510045,1,wallet,1,2568.01
ORD510046,1,COD,1,3073.35
ORD510047,1,net_banking,1,1336.2
ORD510048,1,UPI,1,3278.51
ORD510049,1,COD,2,1375.68
ORD510050,1,COD,1,1537.61
ORD510051,1,UPI,1,1408.09
ORD510052,1,net_banking,1,1243.46
ORD510053,1,credit_card,1,1679.5
ORD510054,1,credit_card,1,3460.9
ORD510055,1,wallet,1,1634.84
ORD510056,1,credit_card,1,987.16
ORD510057,1,wallet,1,2734.19
ORD510057,2,UPI,1,1538.56
ORD510058,1,wallet,1,2788.05
ORD510059,1,wallet,1,3142.68
ORD510060,1,debit_card,1,3301.18
ORD510061,1,COD,1,3524.48
ORD510062,1,net_banking,5,679.55
ORD510063,1,wallet,1,3764.96
ORD510064,1,COD,1,1043.56
ORD510065,1,net_banking,12,2863.72
ORD510066,1,credit_card,1,1526.51
ORD510067,1,net_banking,1,3481.72
ORD510068,1,credit_card,1,3730.2
ORD510069,1,UPI,1,3051.49
ORD510069,2,net_banking,1,3751.17
ORD510070,1,debit_card,1,3145.59
ORD510070,2,wallet,9,1202.25
ORD510071,1,net_banking,1,2538.14
ORD510072,1,UPI,1,3060.02
ORD510072,2,COD,1,613.33
ORD510073,1,credit_card,1,1369.33
ORD510074,1,UPI,1,2425.67
ORD510075,1,UPI,1,3194.98
ORD510076,1,credit_card,1,266.93
ORD510077,1,UPI,1,281.47
ORD510078,1,debit_card,1,2869.07
ORD510079,1,UPI,1,3041.96
ORD510080,1,debit_card,11,2930.74
ORD510081,1,debit_card,12,3073.73
ORD510082,1,UPI,1,784.61
ORD510083,1,wallet,1,2759.56
ORD510084,1,COD,3,649.13
ORD510084,2,wallet,1,2096.02
ORD510085,1,wallet,1,3418.08
ORD510086,1,credit_card,1,1928.62
ORD510087,1,wallet,1,1524.39
ORD510088,1,wallet,1,2875.78
ORD510089,1,net_banking,1,1043.54
ORD510090,1,net_banking,1,2029.81
ORD510091,1,debit_card,1,3563.42
ORD510092,1,UPI,1,1561.69
ORD510093,1,net_banking,7,2275.2
ORD510093,2,wallet,1,2622.39
ORD510094,1,COD,1,1798.15
ORD510095,1,COD,1,2101.16
ORD510096,1,wallet,1,1556.59
ORD510097,1,net_banking,1,1989.33
ORD510098,1,credit_card,1,2389.75
ORD510099,1,credit_card,8,2631.01
ORD510100,1,UPI,1,3914.46
ORD510101,1,net_banking,1,1374.46
ORD510102,1,UPI,1,2787.9
ORD510103,1,debit_card,1,1545.37
ORD510104,1,COD,1,1668.63
ORD510104,2,COD,1,2943.03
ORD510105,1,credit_card,1,599.36
ORD510106,1,net_banking,6,599.9
ORD510107,1,credit_card,9,877.44
ORD510108,1,UPI,1,2387.63
ORD510108,2,credit_card,1,2050.26
ORD510109,1,wallet,1,571.98
ORD510110,1,net_banking,1,2676.86
ORD510111,1,credit_card,1,2840.59
ORD510112,1,debit_card,1,2530.37
ORD510112,2,net_banking,1,1530.97
ORD510113,1,credit_card,1,3977.79
ORD510114,1,UPI,1,1222.18
ORD510115,1,wallet,1,3498.95
ORD510116,1,net_banking,1,3860.59
ORD510117,1,COD,1,3660.48
ORD510118,1,debit_card,1,1104.37
ORD510118,2,COD,2,3503.75
ORD510119,1,COD,1,630.7
ORD510120,1,wallet,1,921.96
ORD510120,2,wallet,1,2930.24
ORD510121,1,credit_card,1,1221.71
ORD510122,1,UPI,1,1336.79
ORD510123,1,wallet,1,2804.03
ORD510124,1,debit_card,1,3580.3
ORD510125,1,net_banking,1,3988.43
ORD510126,1,credit_card,1,1216.74
ORD510127,1,COD,1,2339.48
ORD510128,1,wallet,1,3262.13
ORD510129,1,debit_card,3,3152.22
ORD510129,2,credit_card,1,476.88
ORD510130,1,net_banking,1,3209.91
ORD510131,1,COD,12,348.97
ORD510132,1,COD,6,2377.2
ORD510133,1,UPI,1,901.07
ORD510134,1,debit_card,1,1530.84
ORD510135,1,wallet,1,2521.2
ORD510136,1,wallet,1,2042.48
ORD510137,1,UPI,1,3685.21
ORD510138,1,debit_card,1,2667.53
ORD510139,1,debit_card,1,531.37
ORD510140,1,UPI,1,3539.29
ORD510141,1,debit_card,10,445.37
ORD510142,1,credit_card,1,2843.72
ORD510143,1,debit_card,1,950.6
ORD510144,1,UPI,1,559.3
ORD510145,1,COD,1,2128.04
ORD510146,1,wallet,7,3735.48
ORD510147,1,wallet,1,2591.2
ORD510148,1,debit_card,1,1448.78
ORD510149,1,debit_card,1,393.43
ORD510150,1,net_banking,1,388.0
ORD510151,1,debit_card,1,691.21
ORD510152,1,wallet,1,3051.44
ORD510153,1,UPI,1,1714.85
ORD510154,1,wallet,1,2890.29
ORD510155,1,COD,1,1735.07
ORD510156,1,wallet,6,2989.33
ORD510157,1,UPI,1,3415.99
ORD510158,1,net_banking,1,3572.13
ORD510159,1,net_banking,1,294.1
ORD510160,1,debit_card,2,3530.75
ORD510161,1,wallet,1,1594.24
ORD510162,1,net_banking,1,438.23
ORD510163,1,UPI,1,1255.45
ORD510163,2,wallet,1,1748.17
ORD510164,1,debit_card,1,565.86
ORD510165,1,credit_card,1,385.54
ORD510166,1,UPI,1,3933.95
ORD510166,2,net_banking,1,961.94
ORD510167,1,COD,1,874.89
ORD510168,1,UPI,1,1352.24
ORD510169,1,net_banking,1,1216.03
ORD510169,2,credit_card,7,902.54
ORD510170,1,debit_card,1,2144.62
ORD510171,1,net_banking,1,211.43
ORD510172,1,debit_card,1,2768.62
ORD510173,1,debit_card,1,2595.73
ORD510173,2,COD,4,873.26
ORD510174,1,COD,1,596.26
ORD510175,1,net_banking,1,1766.41
ORD510176,1,debit_card,1,2219.78
ORD510177,1,wallet,1,3985.01
ORD510178,1,wallet,1,1210.39
ORD510179,1,credit_card,1,245.22
ORD510180,1,net_banking,1,2771.9
ORD510181,1,COD,1,1115.35
ORD510182,1,debit_card,1,1798.78
ORD510183,1,debit_card,1,803.73
ORD510184,1,credit_card,1,2745.04
ORD510185,1,debit_card,1,3390.48
ORD510186,1,UPI,1,1146.13
ORD510187,1,credit_card,2,3374.9
ORD510188,1,wallet,1,1090.31
ORD510188,2,UPI,1,809.6
ORD510189,1,debit_card,11,2092.14
ORD510190,1,UPI,1,362.36
ORD510191,1,COD,1,797.62
ORD510192,1,UPI,1,887.5
ORD510192,2,UPI,1,2180.35
ORD510193,1,UPI,1,1239.92
ORD510194,1,COD,1,305.52
ORD510195,1,debit_card,1,1942.52
ORD510196,1,wallet,1,1426.42
ORD510197,1,UPI,12,200.76
ORD510198,1,credit_card,1,1989.37
ORD510199,1,debit_card,1,1441.26
ORD510200,1,wallet,1,3316.87
ORD510201,1,debit_card,3,1971.64
ORD510202,1,debit_card,6,1758.98
ORD510203,1,COD,1,1317.25
ORD510204,1,credit_card,1,722.09
ORD510205,1,net_banking,1,3915.29
ORD510206,1,credit_card,1,1199.25
ORD510207,1,net_banking,1,3141.02
ORD510208,1,UPI,1,1494.77
ORD510209,1,UPI,1,2192.95
ORD510210,1,COD,1,2529.73
ORD510211,1,net_banking,1,1804.79
ORD510212,1,credit_card,1,974.81
ORD510213,1,net_banking,1,1579.84
ORD510214,1,UPI,6,1508.88
ORD510215,1,UPI,1,415.99
ORD510216,1,net_banking,1,3539.55
ORD510217,1,net_banking,1,3252.58
ORD510218,1,credit_card,1,794.42
ORD510219,1,debit_card,1,2508.24
ORD510219,2,net_banking,1,2147.11
ORD510220,1,debit_card,7,1389.31
ORD510221,1,debit_card,1,2404.08
ORD510222,1,net_banking,1,1921.78
ORD510223,1,debit_card,1,3538.69
ORD510224,1,UPI,3,2514.1
ORD510225,1,net_banking,12,1128.04
ORD510226,1,wallet,1,2607.03
ORD510227,1,COD,1,3068.92
ORD510228,1,credit_card,12,401.75
ORD510229,1,debit_card,1,660.98
ORD510229,2,COD,1,762.51
ORD510230,1,COD,4,1070.82
ORD510231,1,UPI,1,1288.52
ORD510232,1,credit_card,1,981.81
ORD510233,1,wallet,1,2790.42
ORD510234,1,UPI,1,3193.34
ORD510235,1,COD,1,996.46
ORD510236,1,UPI,1,1897.1
ORD510237,1,credit_card,1,2073.52
ORD510238,1,wallet,1,2455.72
ORD510239,1,COD,1,3285.13
ORD510240,1,UPI,1,693.2
ORD510241,1,debit_card,1,2217.48
ORD510242,1,debit_card,1,3862.42
ORD510243,1,credit_card,1,2508.52
ORD510244,1,UPI,1,2012.25
ORD510245,1,credit_card,1,3191.7
ORD510245,2,UPI,1,942.74
ORD510246,1,debit_card,1,1497.46
ORD510247,1,COD,1,843.21
ORD510248,1,debit_card,1,2960.25
ORD510248,2,debit_card,2,2635.88
ORD510249,1,credit_card,1,3699.91
ORD510249,2,COD,3,879.98
ORD510250,1,net_banking,1,2561.77
ORD510251,1,COD,5,993.92
ORD510252,1,wallet,1,519.83
ORD510253,1,COD,1,678.27
ORD510254,1,COD,1,590.37
ORD510255,1,COD,1,1638.94
ORD510255,2,wallet,1,3072.14
ORD510256,1,COD,1,795.29
ORD510257,1,credit_card,1,1204.2
ORD510258,1,UPI,1,3016.19
ORD510259,1,credit_card,1,2913.85
ORD510260,1,net_banking,1,3613.73
ORD510261,1,debit_card,10,3123.64
ORD510261,2,credit_card,1,2362.67
ORD510262,1,COD,1,1498.35
ORD510263,1,credit_card,1,1228.98
ORD510264,1,net_banking,1,2227.24
ORD510265,1,COD,1,2150.88
ORD510266,1,net_banking,1,3718.6
ORD510267,1,net_banking,11,2205.08
ORD510268,1,credit_card,1,3486.48
ORD510269,1,net_banking,1,2600.29
ORD510270,1,wallet,3,3547.67
ORD510271,1,debit_card,1,3819.36
ORD510272,1,debit_card,1,2032.66
ORD510272,2,wallet,1,973.84
ORD510273,1,net_banking,4,518.12
ORD510274,1,debit_card,1,3144.18
ORD510275,1,UPI,1,972.53
ORD510276,1,UPI,7,2223.72
ORD510277,1,debit_card,1,1927.05
ORD510278,1,UPI,1,722.78
ORD510279,1,debit_card,1,2944.49
ORD510280,1,UPI,8,2424.07
ORD510281,1,COD,1,790.21
ORD510282,1,wallet,1,1176.8
ORD510283,1,UPI,1,1846.44
ORD510284,1,wallet,1,3111.12
ORD510284,2,net_banking,1,2974.77
ORD510285,1,net_banking,1,927.48
ORD510286,1,wallet,1,3654.65
ORD510287,1,net_banking,1,2220.89
ORD510287,2,wallet,1,2752.44
ORD510288,1,debit_card,9,208.83
ORD510289,1,UPI,1,1828.96
ORD510290,1,wallet,1,1775.34
ORD510291,1,wallet,1,3424.38
ORD510292,1,debit_card,10,696.23
ORD510293,1,debit_card,1,1638.55
ORD510294,1,UPI,1,806.63
ORD510295,1,debit_card,1,3318.49
ORD510296,1,debit_card,11,2854.05
ORD510297,1,net_banking,1,1276.21
ORD510298,1,net_banking,1,3251.2
ORD510299,1,COD,1,1650.52
ORD510300,1,net_banking,1,966.21
ORD510301,1,COD,8,1935.5
ORD510302,1,UPI,12,2429.93
ORD510303,1,debit_card,9,2641.22
ORD510304,1,credit_card,6,3673.47
ORD510305,1,net_banking,1,2542.57
ORD510306,1,COD,1,1520.16
ORD510307,1,credit_card,1,1847.81
ORD510308,1,UPI,1,929.85
ORD510309,1,net_banking,5,1563.6
ORD510310,1,wallet,12,3554.38
ORD510311,1,debit_card,1,2457.08
ORD510312,1,wallet,1,3342.83
ORD510313,1,UPI,1,3676.33
ORD510314,1,UPI,1,1706.13
ORD510314,2,credit_card,1,2618.89
ORD510315,1,COD,1,729.63
ORD510316,1,wallet,1,1223.42
ORD510317,1,credit_card,1,3902.49
ORD510318,1,wallet,1,1509.61
ORD510319,1,wallet,1,3714.69
ORD510320,1,wallet,1,1647.25
ORD510321,1,debit_card,2,1196.63
ORD510322,1,COD,1,2448.51
ORD510323,1,debit_card,1,2086.57
ORD510323,2,COD,1,2118.49
ORD510324,1,net_banking,1,1473.38
ORD510325,1,COD,1,417.95
ORD510326,1,COD,1,402.65
ORD510327,1,debit_card,1,1043.1
ORD510328,1,wallet,1,759.54
ORD510329,1,credit_card,1,1873.61
ORD510330,1,debit_card,1,3069.14
ORD510331,1,UPI,1,2415.58
ORD510332,1,credit_card,1,3523.27
ORD510333,1,wallet,1,379.79
ORD510334,1,credit_card,1,2291.77
ORD510334,2,UPI,9,725.69
ORD510335,1,UPI,1,3423.12
ORD510336,1,credit_card,1,3167.91
ORD510337,1,credit_card,1,2833.13
ORD510338,1,net_banking,1,1152.48
ORD510339,1,UPI,1,3978.18
ORD510340,1,debit_card,1,485.3
ORD510341,1,wallet,1,1431.96
ORD510342,1,credit_card,1,807.52
ORD510343,1,COD,4,3694.1
ORD510343,2,UPI,1,1458.52
ORD510344,1,net_banking,1,3439.69
ORD510345,1,wallet,1,2028.49
ORD510346,1,UPI,1,310.27
ORD510347,1,net_banking,1,1280.25
ORD510348,1,COD,1,2744.6
ORD510349,1,net_banking,1,2592.72
ORD510350,1,wallet,1,3768.25
ORD510351,1,net_banking,7,2386.71
ORD510351,2,UPI,1,1919.91
ORD510352,1,UPI,3,1635.76
ORD510353,1,net_banking,1,3922.53
ORD510354,1,COD,1,410.46
ORD510355,1,UPI,1,2011.85
ORD510355,2,debit_card,1,3579.11
ORD510356,1,UPI,1,2800.0
ORD510357,1,credit_card,1,582.36
ORD510358,1,net_banking,1,3589.29
ORD510359,1,credit_card,1,3638.18
ORD510360,1,UPI,1,2579.28
ORD510361,1,credit_card,1,2301.67
ORD510362,1,wallet,1,2817.25
ORD510362,2,net_banking,1,1631.13
ORD510363,1,credit_card,11,3595.07
ORD510364,1,net_banking,1,3972.42
ORD510365,1,net_banking,1,3521.68
ORD510366,1,debit_card,1,1134.23
ORD510367,1,wallet,1,2862.77
ORD510368,1,net_banking,1,638.52
ORD510369,1,COD,1,3991.99
ORD510370,1,UPI,1,1736.64
ORD510371,1,COD,1,3637.13
ORD510372,1,debit_card,1,3061.43
ORD510373,1,COD,1,1401.23
ORD510373,2,wallet,1,754.21
ORD510374,1,debit_card,1,2488.73
ORD510375,1,net_banking,1,3623.49
ORD510376,1,UPI,1,2957.76
ORD510376,2,COD,1,3781.12
ORD510377,1,net_banking,1,3352.97
ORD510378,1,debit_card,1,2320.71
ORD510379,1,debit_card,1,3422.83
ORD510380,1,wallet,5,2229.75
ORD510381,1,credit_card,1,2058.45
ORD510382,1,COD,1,1631.01
ORD510383,1,credit_card,1,511.36
ORD510384,1,credit_card,1,1041.71
ORD510384,2,debit_card,1,582.9
ORD510385,1,wallet,1,1258.87
ORD510386,1,wallet,8,3503.9
ORD510387,1,COD,1,2004.95
ORD510388,1,UPI,1,3402.72
ORD510389,1,credit_card,1,471.95
ORD510389,2,credit_card,1,3066.56
ORD510390,1,COD,1,1093.89
ORD510391,1,net_banking,1,447.1
ORD510392,1,credit_card,1,2655.4
ORD510393,1,wallet,1,1162.03
ORD510393,2,net_banking,1,628.53
ORD510394,1,debit_card,1,471.67
ORD510394,2,credit_card,1,2689.89
ORD510395,1,credit_card,1,3586.09
ORD510396,1,net_banking,1,3338.71
ORD510397,1,credit_card,1,3028.06
ORD510398,1,net_banking,1,3302.5
ORD510399,1,debit_card,1,2229.2
ORD510400,1,net_banking,1,3312.4
ORD510401,1,debit_card,1,2477.88
ORD510402,1,wallet,1,3076.89
ORD510403,1,net_banking,1,770.78
ORD510404,1,UPI,1,1999.88
ORD510405,1,credit_card,1,2003.85
ORD510406,1,net_banking,1,1783.31
ORD510407,1,net_banking,1,3415.31
ORD510408,1,UPI,1,3828.43
ORD510409,1,debit_card,1,228.6
ORD510410,1,wallet,1,3339.0
ORD510411,1,UPI,10,3023.58
ORD510412,1,COD,1,3404.63
ORD510413,1,net_banking,1,1824.3
ORD510414,1,wallet,1,2952.51
ORD510415,1,wallet,1,424.12
ORD510416,1,wallet,4,725.41
ORD510417,1,net_banking,1,2172.92
ORD510418,1,credit_card,1,3788.01
ORD510419,1,COD,1,461.33
ORD510420,1,wallet,1,205.22
ORD510421,1,wallet,1,1558.97
ORD510422,1,COD,1,2375.99
ORD510423,1,UPI,1,1220.51
ORD510424,1,credit_card,9,1969.56
ORD510425,1,net_banking,1,3773.24
ORD510426,1,debit_card,1,380.43
ORD510427,1,debit_card,1,1289.73
ORD510428,1,wallet,1,2439.74
ORD510429,1,COD,1,3167.59
ORD510430,1,UPI,1,3938.86
ORD510431,1,net_banking,1,2294.99
ORD510432,1,UPI,1,699.46
ORD510433,1,net_banking,1,3521.84
ORD510434,1,wallet,1,1296.11
ORD510435,1,debit_card,1,693.69
ORD510436,1,net_banking,1,2725.0
ORD510437,1,wallet,7,2744.89
ORD510438,1,net_banking,1,3940.31
ORD510439,1,credit_card,1,3350.84
ORD510440,1,UPI,1,2063.43
ORD510441,1,UPI,1,3072.29
ORD510442,1,COD,1,2320.62
ORD510443,1,COD,1,3797.39
ORD510444,1,wallet,1,630.86
ORD510445,1,credit_card,1,3984.94
ORD510446,1,COD,1,2428.76
ORD510447,1,UPI,1,3936.49
ORD510448,1,UPI,1,3683.95
ORD510449,1,debit_card,1,2189.37
ORD510450,1,UPI,1,1818.91
ORD510451,1,credit_card,1,3892.88
ORD510452,1,debit_card,1,354.07
ORD510453,1,net_banking,1,3159.01
ORD510454,1,COD,1,2368.11
ORD510454,2,wallet,2,3578.44
ORD510455,1,net_banking,1,2939.85
ORD510455,2,COD,8,2780.56
ORD510456,1,net_banking,1,516.86
ORD510457,1,net_banking,1,936.68
ORD510458,1,net_banking,1,1169.11
ORD510459,1,credit_card,1,1606.13
ORD510460,1,credit_card,1,308.4
ORD510461,1,net_banking,1,2405.22
ORD510462,1,debit_card,1,2158.75
ORD510463,1,net_banking,8,1815.18
ORD510464,1,net_banking,1,2195.82
ORD510465,1,COD,1,813.29
ORD510466,1,COD,8,3398.78
ORD510467,1,wallet,1,3998.11
ORD510468,1,credit_card,1,208.76
ORD510469,1,COD,10,512.63
ORD510470,1,COD,1,2398.57
ORD510471,1,UPI,1,2139.0
ORD510472,1,debit_card,1,2457.66
ORD510473,1,wallet,1,2195.85
ORD510474,1,debit_card,1,3841.04
ORD510475,1,COD,1,3546.39
ORD510475,2,debit_card,1,1260.51
ORD510476,1,net_banking,1,497.16
ORD510477,1,debit_card,1,467.15
ORD510478,1,UPI,1,1245.8
ORD510479,1,debit_card,1,1587.89
ORD510480,1,net_banking,1,913.03
ORD510481,1,COD,1,1517.9
ORD510482,1,UPI,1,918.01
ORD510483,1,net_banking,1,2022.17
ORD510484,1,credit_card,1,346.82
ORD510485,1,UPI,1,289.88
ORD510486,1,net_banking,1,2719.24
ORD510487,1,COD,1,973.91
ORD510488,1,net_banking,1,1615.89
ORD510489,1,COD,1,1661.23
ORD510490,1,debit_card,1,2708.63
ORD510491,1,wallet,1,1390.71
ORD510492,1,COD,1,2921.43
ORD510493,1,debit_card,1,2206.92
ORD510494,1,wallet,8,2391.39
ORD510495,1,net_banking,1,2476.52
ORD510496,1,credit_card,1,2148.76
ORD510497,1,UPI,1,2751.85
ORD510498,1,UPI,1,2622.45
ORD510499,1,UPI,1,1862.79
ORD510499,2,UPI,1,3106.84
ORD510500,1,wallet,1,2164.55
ORD510501,1,credit_card,1,695.63
ORD510502,1,wallet,1,722.5
ORD510503,1,credit_card,1,1962.67
ORD510504,1,debit_card,1,2018.59
ORD510505,1,credit_card,1,1945.0
ORD510506,1,net_banking,1,827.25
ORD510507,1,COD,1,2897.0
ORD510508,1,credit_card,1,478.57
ORD510509,1,wallet,1,305.9
ORD510510,1,net_banking,1,3179.16
ORD510510,2,COD,1,2831.45
ORD510511,1,net_banking,1,1394.93
ORD510512,1,wallet,1,3085.76
ORD510513,1,UPI,1,3510.53
ORD510513,2,UPI,1,306.37
ORD510514,1,debit_card,12,1598.25
ORD510515,1,UPI,1,2418.76
ORD510515,2,COD,1,2584.64
ORD510516,1,wallet,1,562.19
ORD510517,1,net_banking,1,633.19
ORD510517,2,COD,1,1857.77
ORD510518,1,net_banking,1,1958.64
ORD510519,1,COD,1,3681.16
ORD510520,1,COD,1,1086.8
ORD510521,1,wallet,1,2289.84
ORD510522,1,net_banking,1,662.02
ORD510522,2,COD,1,1596.07
ORD510523,1,net_banking,1,3256.9
ORD510524,1,net_banking,1,2987.68
ORD510525,1,debit_card,1,1551.26
ORD510526,1,UPI,6,466.16
ORD510527,1,net_banking,8,3091.3
ORD510528,1,net_banking,1,3374.93
ORD510528,2,credit_card,1,734.86
ORD510529,1,debit_card,1,3264.4
ORD510530,1,UPI,1,1394.23
ORD510531,1,debit_card,1,2888.96
ORD510532,1,credit_card,1,1645.01
ORD510533,1,net_banking,1,1049.47
ORD510534,1,COD,1,651.92
ORD510535,1,wallet,1,3783.99
ORD510536,1,wallet,1,3923.05
ORD510537,1,COD,1,2326.97
ORD510538,1,wallet,1,3116.64
ORD510538,2,net_banking,1,281.44
ORD510539,1,wallet,6,1089.43
ORD510540,1,wallet,1,2094.7
ORD510541,1,UPI,1,2705.02
ORD510542,1,debit_card,1,3142.42
ORD510543,1,debit_card,1,578.96
ORD510544,1,UPI,12,2140.75
ORD510545,1,net_banking,1,2630.87
ORD510546,1,debit_card,1,3687.06
ORD510547,1,debit_card,1,703.66
ORD510548,1,COD,1,944.51
ORD510549,1,wallet,1,3793.58
ORD510550,1,credit_card,1,2488.18
ORD510551,1,UPI,1,2637.07
ORD510552,1,debit_card,1,3974.21
ORD510553,1,COD,1,1716.31
ORD510554,1,net_banking,1,1839.54
ORD510555,1,UPI,1,1320.14
ORD510556,1,net_banking,1,2386.53
ORD510557,1,net_banking,1,1608.48
ORD510558,1,UPI,1,614.89
ORD510559,1,COD,1,1110.23
ORD510560,1,COD,8,1716.86
ORD510561,1,debit_card,1,1942.48
ORD510562,1,credit_card,1,2926.34
ORD510563,1,wallet,1,2877.71
ORD510564,1,debit_card,2,1020.57
ORD510565,1,UPI,1,2747.95
ORD510566,1,net_banking,1,1778.05
ORD510566,2,wallet,1,2488.21
ORD510567,1,net_banking,1,2182.38
ORD510568,1,UPI,1,2093.44
ORD510568,2,credit_card,1,3766.37
ORD510569,1,COD,12,3317.6
ORD510570,1,wallet,1,2675.62
ORD510571,1,credit_card,1,2379.3
ORD510572,1,debit_card,1,1399.52
ORD510573,1,wallet,1,1841.4
ORD510574,1,net_banking,1,3190.5
ORD510575,1,net_banking,1,3729.5
ORD510576,1,UPI,1,810.55
ORD510577,1,COD,1,1042.79
ORD510578,1,net_banking,1,3798.03
ORD510579,1,COD,1,321.99
ORD510579,2,debit_card,11,436.88
ORD510580,1,COD,1,3205.27
ORD510581,1,COD,1,1037.17
ORD510582,1,credit_card,1,1980.81
ORD510583,1,credit_card,1,3182.61
ORD510584,1,wallet,3,3799.99
ORD510585,1,wallet,6,477.15
ORD510586,1,net_banking,11,2350.65
ORD510587,1,UPI,1,2686.44
ORD510588,1,net_banking,1,2796.76
ORD510589,1,COD,1,489.1
ORD510590,1,debit_card,1,3566.04
ORD510591,1,credit_card,1,1353.62
ORD510592,1,credit_card,1,866.03
ORD510593,1,UPI,1,2995.89
ORD510593,2,COD,1,1584.85
ORD510594,1,credit_card,1,2224.09
ORD510595,1,net_banking,1,3177.29
ORD510596,1,COD,1,764.35
ORD510597,1,net_banking,1,1623.61
ORD510598,1,COD,1,1037.77
ORD510598,2,wallet,1,458.93
ORD510599,1,wallet,1,3509.06
ORD510600,1,UPI,5,3850.23
ORD510601,1,COD,1,2548.82
ORD510602,1,COD,1,3824.45
ORD510603,1,credit_card,1,913.98
ORD510604,1,wallet,1,2918.76
ORD510605,1,credit_card,1,1818.08
ORD510606,1,debit_card,1,3468.99
ORD510606,2,UPI,1,2753.28
ORD510607,1,UPI,1,602.55
ORD510608,1,credit_card,1,1627.29
ORD510609,1,debit_card,12,325.14
ORD510610,1,net_banking,1,365.47
ORD510611,1,net_banking,1,890.36
ORD510612,1,debit_card,1,3978.25
ORD510613,1,wallet,1,3332.81
ORD510614,1,debit_card,1,671.37
ORD510615,1,UPI,1,1394.24
ORD510616,1,COD,1,2299.27
ORD510617,1,credit_card,1,1554.77
ORD510618,1,debit_card,1,2314.39
ORD510619,1,debit_card,7,3924.1
ORD510620,1,UPI,1,2085.05
ORD510621,1,debit_card,1,1338.7
ORD510622,1,UPI,1,2851.98
ORD510623,1,debit_card,1,3231.55
ORD510624,1,wallet,1,578.09
ORD510625,1,credit_card,1,2679.69
ORD510626,1,net_banking,1,508.51
ORD510627,1,COD,1,3782.89
ORD510628,1,debit_card,1,2577.12
ORD510629,1,wallet,1,2493.17
ORD510630,1,wallet,1,1937.46
ORD510630,2,wallet,1,574.76
ORD510631,1,COD,1,626.72
ORD510632,1,wallet,2,2132.98
ORD510632,2,COD,1,2606.05
ORD510633,1,UPI,1,3856.0
ORD510634,1,UPI,1,1771.13
ORD510635,1,COD,1,1403.9
ORD510636,1,COD,1,2990.98
ORD510637,1,COD,1,2284.96
ORD510638,1,credit_card,1,204.72
ORD510639,1,wallet,1,2189.14
ORD510640,1,debit_card,1,1040.24
ORD510641,1,wallet,1,406.59
ORD510642,1,credit_card,1,2843.2
ORD510643,1,UPI,1,945.33
ORD510644,1,credit_card,1,1529.66
ORD510645,1,wallet,12,1066.1
ORD510646,1,COD,1,2145.21
ORD510647,1,COD,1,1344.5
ORD510648,1,net_banking,1,407.5
ORD510649,1,COD,9,2250.29
ORD510650,1,COD,1,1558.46
ORD510651,1,credit_card,1,2296.96
ORD510652,1,wallet,1,2558.9
ORD510653,1,wallet,9,776.07
ORD510654,1,net_banking,1,1227.09
ORD510655,1,UPI,1,2748.54
ORD510656,1,debit_card,5,1002.52
ORD510657,1,credit_card,1,3230.99
ORD510658,1,debit_card,1,747.82
ORD510659,1,credit_card,1,1457.81
ORD510660,1,COD,8,1249.52
ORD510661,1,UPI,1,3767.78
ORD510662,1,wallet,1,1083.13
ORD510663,1,UPI,1,3328.34
ORD510664,1,net_banking,1,2664.95
ORD510665,1,wallet,1,3988.86
ORD510666,1,wallet,11,355.9
ORD510666,2,wallet,1,3733.84
ORD510667,1,debit_card,1,2784.94
ORD510668,1,debit_card,1,1525.13
ORD510669,1,credit_card,1,1122.62
ORD510670,1,COD,1,909.08
ORD510671,1,UPI,1,850.17
ORD510672,1,debit_card,1,2618.24
ORD510673,1,wallet,1,3418.87
ORD510674,1,credit_card,1,2213.06
ORD510675,1,credit_card,1,903.68
ORD510676,1,debit_card,1,2788.68
ORD510677,1,credit_card,1,3211.32
ORD510678,1,credit_card,1,580.02
ORD510679,1,debit_card,1,3873.28
ORD510680,1,credit_card,1,3040.37
ORD510681,1,UPI,1,410.54
ORD510682,1,credit_card,1,750.73
ORD510683,1,COD,1,1072.34
ORD510684,1,wallet,1,2471.39
ORD510685,1,net_banking,1,3828.98
ORD510686,1,UPI,1,843.02
ORD510686,2,COD,1,1890.38
ORD510687,1,COD,1,3193.38
ORD510688,1,debit_card,1,3352.32
ORD510689,1,UPI,1,3198.06
ORD510690,1,credit_card,1,313.34
ORD510691,1,debit_card,1,2799.44
ORD510692,1,debit_card,1,3709.13
ORD510693,1,UPI,1,1853.57
ORD510694,1,net_banking,1,1059.93
ORD510695,1,debit_card,1,3600.41
ORD510696,1,COD,12,3786.05
ORD510697,1,wallet,1,748.14
ORD510698,1,net_banking,1,259.34
ORD510699,1,net_banking,1,2600.66
ORD510699,2,wallet,1,988.06
ORD510700,1,wallet,1,2651.74
ORD510701,1,UPI,1,364.63
ORD510702,1,credit_card,1,3696.67
ORD510703,1,UPI,1,1444.34
ORD510703,2,net_banking,1,811.62
ORD510704,1,COD,3,467.73
ORD510705,1,debit_card,1,3948.36
ORD510706,1,COD,1,629.92
ORD510707,1,debit_card,9,1225.02
ORD510708,1,COD,1,487.88
ORD510709,1,credit_card,1,1789.06
ORD510710,1,net_banking,1,3756.59
ORD510711,1,wallet,1,2345.16
ORD510712,1,wallet,12,1203.12
ORD510713,1,COD,1,3051.43
ORD510714,1,UPI,9,1420.06
ORD510715,1,UPI,1,1069.66
ORD510716,1,net_banking,6,376.62
ORD510717,1,net_banking,6,542.79
ORD510718,1,net_banking,1,1102.39
ORD510719,1,COD,6,762.86
ORD510720,1,UPI,1,857.12
ORD510721,1,wallet,1,1560.02
ORD510722,1,COD,1,3411.95
ORD510723,1,credit_card,1,3304.45
ORD510724,1,debit_card,1,1662.84
ORD510725,1,COD,1,237.4
ORD510726,1,COD,1,2545.84
ORD510727,1,debit_card,1,2926.47
ORD510727,2,COD,1,1494.37
ORD510728,1,UPI,1,1344.92
ORD510729,1,debit_card,2,3983.46
ORD510730,1,credit_card,11,2209.03
ORD510731,1,UPI,1,1883.68
ORD510732,1,debit_card,4,1953.44
ORD510732,2,UPI,1,2482.25
ORD510733,1,debit_card,1,2418.6
ORD510734,1,COD,11,885.24
ORD510735,1,net_banking,1,526.68
ORD510736,1,credit_card,1,1057.06
ORD510737,1,wallet,8,2625.93
ORD510738,1,wallet,1,1560.05
ORD510739,1,UPI,1,2838.14
ORD510740,1,wallet,1,1088.77
ORD510741,1,debit_card,1,539.06
ORD510742,1,wallet,1,2782.24
ORD510743,1,wallet,1,879.92
ORD510744,1,debit_card,1,273.36
ORD510745,1,UPI,1,3540.24
ORD510746,1,net_banking,1,1691.57
ORD510747,1,net_banking,1,1721.53
ORD510747,2,debit_card,1,1383.25
ORD510748,1,net_banking,1,1206.57
ORD510749,1,wallet,1,244.43
ORD510750,1,COD,1,509.43
ORD510751,1,COD,1,3890.04
ORD510752,1,net_banking,1,3794.18
ORD510753,1,COD,8,748.4
ORD510754,1,net_banking,1,3419.02
ORD510755,1,debit_card,1,2299.62
ORD510756,1,wallet,3,3295.59
ORD510757,1,debit_card,1,3706.13
ORD510758,1,debit_card,1,1849.1
ORD510758,2,net_banking,1,2626.61
ORD510759,1,UPI,1,3765.41
ORD510760,1,wallet,1,1871.37
ORD510761,1,credit_card,1,2383.8
ORD510761,2,debit_card,1,3714.21
ORD510762,1,UPI,1,1014.03
ORD510763,1,credit_card,1,839.68
ORD510764,1,credit_card,12,644.79
ORD510765,1,credit_card,1,2955.58
ORD510766,1,net_banking,1,377.5
ORD510767,1,wallet,1,3865.14
ORD510768,1,wallet,1,2014.32
ORD510769,1,debit_card,1,3189.2
ORD510770,1,debit_card,1,1598.49
ORD510771,1,debit_card,1,940.6
ORD510772,1,UPI,11,2279.29
ORD510773,1,debit_card,1,651.89
ORD510774,1,credit_card,2,1844.71
ORD510775,1,COD,8,2518.42
ORD510776,1,net_banking,1,917.73
ORD510777,1,wallet,1,1156.98
ORD510778,1,credit_card,1,2279.47
ORD510779,1,wallet,2,2440.77
ORD510780,1,UPI,1,1050.74
ORD510781,1,net_banking,1,244.94
ORD510782,1,UPI,1,942.1
ORD510783,1,COD,1,414.03
ORD510784,1,wallet,1,2439.81
ORD510785,1,COD,5,2043.53
ORD510786,1,COD,1,937.33
ORD510787,1,wallet,1,1237.51
ORD510788,1,credit_card,1,3688.33
ORD510789,1,net_banking,1,3553.15
ORD510790,1,credit_card,1,2139.62
ORD510791,1,net_banking,1,3798.95
ORD510792,1,debit_card,1,833.1
ORD510793,1,net_banking,1,2643.17
ORD510794,1,net_banking,1,1651.05
ORD510795,1,net_banking,1,883.38
ORD510796,1,COD,1,466.32
ORD510797,1,debit_card,6,1118.04
ORD510798,1,credit_card,1,3466.51
ORD510799,1,debit_card,1,848.61
ORD510800,1,UPI,1,2771.21
ORD510801,1,net_banking,1,361.26
ORD510802,1,debit_card,7,3283.19
ORD510803,1,net_banking,1,2715.93
ORD510803,2,credit_card,1,687.2
ORD510804,1,COD,1,2002.51
ORD510805,1,wallet,1,1871.68
ORD510806,1,wallet,1,3323.02
ORD510807,1,net_banking,1,1883.25
ORD510808,1,UPI,1,1278.08
ORD510809,1,net_banking,1,2854.03
ORD510810,1,UPI,11,2355.05
ORD510811,1,net_banking,11,803.22
ORD510812,1,net_banking,5,1481.65
ORD510813,1,credit_card,1,2575.85
ORD510814,1,wallet,8,3465.55
ORD510815,1,credit_card,1,1162.58
ORD510816,1,credit_card,1,1694.68
ORD510817,1,net_banking,1,2152.72
ORD510817,2,debit_card,11,831.73
ORD510818,1,UPI,1,2400.26
ORD510819,1,wallet,1,1865.26
ORD510820,1,credit_card,1,3024.29
ORD510821,1,wallet,1,958.22
ORD510822,1,wallet,1,1474.9
ORD510823,1,UPI,1,3816.12
ORD510824,1,credit_card,1,2403.97
ORD510824,2,net_banking,1,1725.15
ORD510825,1,credit_card,1,3901.93
ORD510826,1,UPI,11,1241.26
ORD510827,1,credit_card,1,1548.71
ORD510828,1,credit_card,1,3311.6
ORD510829,1,UPI,1,3994.57
ORD510830,1,wallet,1,2510.44
ORD510831,1,UPI,1,3365.75
ORD510832,1,credit_card,1,3367.97
ORD510833,1,UPI,1,1027.05
ORD510834,1,credit_card,1,2881.12
ORD510835,1,COD,11,3380.85
ORD510836,1,debit_card,1,2949.75
ORD510837,1,debit_card,1,589.73
ORD510838,1,net_banking,8,1899.18
ORD510839,1,wallet,11,1805.24
ORD510840,1,wallet,1,3549.03
ORD510841,1,credit_card,1,388.29
ORD510842,1,COD,1,3292.94
ORD510843,1,credit_card,1,645.99
ORD510844,1,debit_card,1,3971.82
ORD510845,1,credit_card,1,2344.95
ORD510846,1,debit_card,1,711.11
ORD510847,1,COD,1,3190.87
ORD510848,1,COD,1,614.25
ORD510849,1,UPI,1,222.36
ORD510850,1,wallet,1,1618.32
ORD510851,1,net_banking,1,1949.82
ORD510852,1,COD,1,1588.37
ORD510853,1,net_banking,1,3313.4
ORD510854,1,UPI,1,3901.55
ORD510855,1,UPI,1,232.1
ORD510856,1,credit_card,1,3066.33
ORD510857,1,credit_card,1,2347.75
ORD510858,1,wallet,1,2220.19
ORD510859,1,net_banking,4,3318.38
ORD510860,1,COD,6,3653.37
ORD510861,1,COD,1,3541.05
ORD510862,1,net_banking,1,2825.02
ORD510863,1,UPI,1,3340.78
ORD510864,1,UPI,1,951.54
ORD510864,2,debit_card,1,3901.35
ORD510865,1,wallet,1,1993.17
ORD510866,1,net_banking,1,1352.84
ORD510867,1,wallet,1,2294.53
ORD510868,1,credit_card,1,579.92
ORD510869,1,wallet,1,2378.6
ORD510870,1,COD,1,1498.04
ORD510871,1,COD,1,340.66
ORD510872,1,debit_card,1,1465.13
ORD510873,1,COD,1,1634.98
ORD510874,1,UPI,12,2294.27
ORD510875,1,debit_card,1,1133.48
ORD510876,1,debit_card,1,1787.32
ORD510877,1,net_banking,1,2666.84
ORD510878,1,credit_card,1,1081.68
ORD510879,1,wallet,5,805.12
ORD510880,1,UPI,1,1770.16
ORD510881,1,UPI,1,2080.48
ORD510882,1,debit_card,1,1568.24
ORD510883,1,debit_card,7,2405.99
ORD510884,1,COD,1,346.62
ORD510885,1,debit_card,1,867.01
ORD510886,1,debit_card,1,2747.78
ORD510887,1,net_banking,1,1425.67
ORD510888,1,credit_card,1,1148.59
ORD510889,1,wallet,7,3608.46
ORD510890,1,UPI,1,1101.35
ORD510891,1,COD,1,669.22
ORD510891,2,debit_card,1,814.98
ORD510892,1,debit_card,1,1473.34
ORD510893,1,wallet,1,1325.32
ORD510894,1,credit_card,1,3306.63
ORD510895,1,debit_card,1,2120.35
ORD510896,1,credit_card,1,2448.54
ORD510896,2,COD,1,259.27
ORD510897,1,credit_card,1,1759.2
ORD510898,1,UPI,1,3005.58
ORD510899,1,COD,3,3664.69
ORD510900,1,credit_card,1,1767.2
ORD510901,1,UPI,5,2400.89
ORD510902,1,COD,1,3255.05
ORD510902,2,net_banking,1,1712.64
ORD510903,1,debit_card,1,2253.8
ORD510904,1,UPI,1,1005.79
ORD510904,2,debit_card,6,3041.64
ORD510905,1,credit_card,1,372.67
ORD510906,1,credit_card,3,619.33
ORD510907,1,net_banking,1,2841.47
ORD510908,1,wallet,1,2190.53
ORD510908,2,net_banking,1,1217.62
ORD510909,1,UPI,1,1392.58
ORD510910,1,wallet,1,2354.96
ORD510911,1,UPI,1,2920.46
ORD510912,1,wallet,1,1541.15
ORD510913,1,debit_card,1,1145.47
ORD510914,1,COD,4,2655.85
ORD510915,1,COD,1,1446.77
ORD510916,1,credit_card,1,3895.37
ORD510917,1,credit_card,1,2507.58
ORD510918,1,debit_card,1,999.63
ORD510919,1,wallet,1,932.86
ORD510920,1,UPI,1,2581.95
ORD510921,1,wallet,1,2535.94
ORD510922,1,COD,1,296.27
ORD510923,1,debit_card,1,318.01
ORD510924,1,credit_card,1,2833.08
ORD510925,1,debit_card,1,3821.75
ORD510926,1,UPI,1,2413.95
ORD510926,2,UPI,1,527.73
ORD510927,1,wallet,1,3044.45
ORD510928,1,debit_card,1,3479.12
ORD510929,1,UPI,1,2392.0
ORD510930,1,credit_card,1,1585.68
ORD510931,1,credit_card,1,2081.74
ORD510932,1,debit_card,1,2160.78
ORD510933,1,credit_card,1,1332.67
ORD510934,1,UPI,5,2327.69
ORD510934,2,credit_card,11,901.18
ORD510935,1,debit_card,1,3843.61
ORD510936,1,net_banking,9,309.28
ORD510937,1,COD,2,2683.8
ORD510938,1,UPI,1,3836.21
ORD510939,1,COD,4,280.93
ORD510939,2,COD,1,1841.98
ORD510940,1,COD,1,3747.15
ORD510941,1,wallet,1,3164.48
ORD510941,2,net_banking,1,295.43
ORD510942,1,debit_card,1,501.09
ORD510943,1,credit_card,1,3361.53
ORD510944,1,UPI,1,1392.93
ORD510944,2,UPI,1,3515.58
ORD510945,1,credit_card,4,3006.04
ORD510946,1,net_banking,1,504.42
ORD510947,1,COD,1,2933.62
ORD510947,2,wallet,1,601.7
ORD510948,1,COD,6,1415.3
ORD510949,1,UPI,1,3344.72
ORD510950,1,net_banking,1,773.31
ORD510951,1,debit_card,1,1429.84
ORD510952,1,credit_card,1,238.78
ORD510953,1,UPI,12,834.64
ORD510954,1,credit_card,1,1511.14
ORD510955,1,wallet,1,2669.23
ORD510956,1,debit_card,1,3782.02
ORD510957,1,net_banking,1,3653.02
ORD510958,1,wallet,1,314.39
ORD510958,2,wallet,1,2069.65
ORD510959,1,COD,1,531.25
ORD510960,1,UPI,1,2601.84
ORD510961,1,UPI,1,2224.75
ORD510962,1,net_banking,1,3855.62
ORD510963,1,COD,1,1680.87
ORD510964,1,net_banking,1,1940.15
ORD510965,1,COD,1,3306.75
ORD510966,1,UPI,1,3086.06
ORD510967,1,net_banking,1,2198.6
ORD510968,1,UPI,1,1378.57
ORD510969,1,debit_card,1,2847.57
ORD510969,2,net_banking,1,2304.51
ORD510970,1,credit_card,1,3916.22
ORD510971,1,credit_card,1,2392.9
ORD510972,1,COD,1,2483.29
ORD510973,1,COD,1,217.88
ORD510974,1,UPI,1,3133.18
ORD510975,1,net_banking,1,2435.48
ORD510976,1,credit_card,1,3897.85
ORD510976,2,credit_card,1,3512.34
ORD510977,1,COD,1,1356.28
ORD510978,1,UPI,1,551.71
ORD510979,1,credit_card,1,2112.73
ORD510980,1,UPI,1,1300.3
ORD510981,1,UPI,1,2710.99
ORD510982,1,COD,1,1778.47
ORD510983,1,UPI,1,2191.88
ORD510984,1,COD,1,1653.77
ORD510985,1,UPI,1,732.05
ORD510986,1,wallet,1,2488.2
ORD510987,1,wallet,1,3541.77
ORD510988,1,UPI,1,1485.15
ORD510989,1,credit_card,1,1468.8
ORD510990,1,debit_card,1,3303.34
ORD510991,1,UPI,1,638.27
ORD510992,1,wallet,1,1591.25
ORD510992,2,debit_card,1,355.18
ORD510993,1,COD,1,467.92
ORD510994,1,net_banking,1,1521.16
ORD510995,1,COD,1,2549.6
ORD510996,1,COD,1,1842.95
ORD510997,1,credit_card,5,2977.83
ORD510998,1,UPI,2,2711.63
ORD510999,1,wallet,1,3037.09
ORD510999,2,net_banking,7,1132.49
ORD511000,1,UPI,1,3188.9
ORD511000,2,credit_card,1,1381.96
ORD511001,1,COD,1,3229.91
ORD511002,1,wallet,1,2516.08
ORD511003,1,credit_card,1,202.94
ORD511004,1,net_banking,1,2765.51
ORD511005,1,COD,10,1333.91
ORD511005,2,UPI,1,987.97
ORD511006,1,debit_card,1,2515.01
ORD511007,1,credit_card,10,607.76
ORD511008,1,net_banking,1,1944.5
ORD511009,1,COD,1,2555.03
ORD511010,1,credit_card,1,3442.57
ORD511010,2,UPI,1,2541.12
ORD511011,1,debit_card,1,1197.35
ORD511012,1,COD,9,1117.6
ORD511013,1,debit_card,5,1773.57
ORD511014,1,wallet,1,1875.17
ORD511015,1,wallet,1,2954.81
ORD511016,1,wallet,1,2893.85
ORD511017,1,debit_card,1,3139.39
ORD511018,1,UPI,7,279.23
ORD511019,1,wallet,1,2292.61
ORD511019,2,net_banking,1,1872.4
ORD511020,1,credit_card,1,1375.09
ORD511020,2,UPI,1,3121.85
ORD511021,1,UPI,1,1260.45
ORD511022,1,credit_card,1,3141.87
ORD511023,1,debit_card,9,977.57
ORD511024,1,wallet,1,3389.98
ORD511025,1,wallet,1,2573.95
ORD511026,1,net_banking,1,1179.02
ORD511027,1,credit_card,1,3062.03
ORD511028,1,credit_card,1,500.67
ORD511029,1,net_banking,5,2035.97
ORD511030,1,debit_card,1,3139.15
ORD511031,1,wallet,8,1857.45
ORD511032,1,debit_card,1,2489.91
ORD511033,1,credit_card,1,3856.76
ORD511034,1,UPI,1,3090.36
ORD511035,1,wallet,3,2339.0
ORD511036,1,wallet,1,929.04
ORD511037,1,debit_card,1,825.17
ORD511038,1,net_banking,5,2232.09
ORD511039,1,UPI,1,2120.34
ORD511040,1,debit_card,1,2697.97
ORD511041,1,credit_card,1,1323.38
ORD511042,1,wallet,1,3632.02
ORD511043,1,debit_card,1,2101.45
ORD511044,1,debit_card,1,3502.3
ORD511045,1,UPI,1,573.61
ORD511046,1,net_banking,1,886.75
ORD511046,2,COD,1,3228.33
ORD511047,1,COD,1,3375.51
ORD511048,1,wallet,1,932.99
ORD511049,1,UPI,1,559.97
ORD511050,1,COD,1,3392.83
ORD511051,1,debit_card,1,2631.38
ORD511052,1,wallet,1,1726.73
ORD511053,1,UPI,1,546.37
ORD511053,2,UPI,1,3588.98
ORD511054,1,wallet,1,2925.38
ORD511054,2,net_banking,1,1011.58
ORD511055,1,credit_card,1,337.39
ORD511056,1,UPI,1,3810.04
ORD511057,1,debit_card,1,1227.14
ORD511058,1,UPI,1,3356.79
ORD511059,1,wallet,1,3806.55
ORD511060,1,UPI,1,994.43
ORD511061,1,net_banking,1,3227.84
ORD511062,1,net_banking,8,3762.95
ORD511063,1,wallet,1,1014.13
ORD511064,1,credit_card,1,491.05
ORD511065,1,debit_card,1,2800.29
ORD511066,1,UPI,1,3359.95
ORD511067,1,credit_card,1,1342.78
ORD511068,1,wallet,1,627.94
ORD511069,1,COD,1,3827.68
ORD511070,1,UPI,1,3257.83
ORD511071,1,debit_card,1,3455.19
ORD511072,1,debit_card,1,414.53
ORD511073,1,wallet,1,1477.32
ORD511074,1,debit_card,1,2279.3
ORD511075,1,credit_card,1,3141.86
ORD511076,1,wallet,1,263.77
ORD511077,1,wallet,1,2565.2
ORD511078,1,UPI,1,1014.6
ORD511079,1,wallet,1,3311.25
ORD511080,1,wallet,2,2384.21
ORD511081,1,debit_card,9,1698.31
ORD511082,1,wallet,1,2804.67
ORD511083,1,net_banking,1,3833.43
ORD511084,1,net_banking,1,2794.66
ORD511084,2,UPI,1,1481.17
ORD511085,1,UPI,5,3345.45
ORD511086,1,net_banking,1,1840.13
ORD511087,1,UPI,1,1957.94
ORD511088,1,credit_card,1,848.04
ORD511089,1,COD,1,991.89
ORD511090,1,COD,1,2900.53
ORD511090,2,credit_card,1,3089.96
ORD511091,1,wallet,11,3115.16
ORD511092,1,debit_card,1,3794.64
ORD511093,1,net_banking,4,3223.98
ORD511094,1,net_banking,1,3467.88
ORD511095,1,wallet,1,630.46
ORD511096,1,COD,4,3333.13
ORD511097,1,COD,11,1182.52
ORD511098,1,debit_card,1,1921.34
ORD511099,1,net_banking,1,1056.53
ORD511100,1,UPI,1,215.06
ORD511100,2,debit_card,1,2506.46
ORD511101,1,net_banking,1,3870.89
ORD511102,1,debit_card,3,3147.7
ORD511103,1,UPI,1,1826.02
ORD511104,1,debit_card,8,3581.83
ORD511105,1,credit_card,1,2036.6
ORD511106,1,debit_card,1,3219.36
ORD511107,1,credit_card,1,3547.44
ORD511108,1,UPI,1,1482.11
ORD511109,1,UPI,1,3088.98
ORD511110,1,wallet,1,3971.73
ORD511111,1,net_banking,1,354.94
ORD511112,1,net_banking,1,3607.77
ORD511113,1,net_banking,12,204.05
ORD511114,1,wallet,10,1572.39
ORD511115,1,UPI,1,914.7
ORD511115,2,debit_card,1,2033.7
ORD511116,1,COD,1,992.66
ORD511117,1,net_banking,1,3546.48
ORD511117,2,wallet,1,3203.38
ORD511118,1,wallet,1,2472.35
ORD511119,1,net_banking,9,3217.0
ORD511120,1,debit_card,1,781.58
ORD511121,1,UPI,1,927.65
ORD511122,1,COD,1,2188.85
ORD511123,1,net_banking,1,3304.57
ORD511124,1,net_banking,1,925.66
ORD511125,1,net_banking,1,1280.81
ORD511126,1,COD,1,612.95
ORD511127,1,credit_card,1,652.53
ORD511128,1,COD,1,327.48
ORD511129,1,credit_card,1,3739.66
ORD511130,1,debit_card,1,442.3
ORD511131,1,debit_card,1,1604.17
ORD511132,1,net_banking,1,2987.67
ORD511132,2,credit_card,1,2747.33
ORD511133,1,COD,1,611.4
ORD511134,1,debit_card,1,1402.18
ORD511135,1,debit_card,1,401.56
ORD511136,1,UPI,7,931.5
ORD511137,1,credit_card,1,1795.39
ORD511138,1,net_banking,1,2718.13
ORD511139,1,net_banking,1,3258.05
ORD511140,1,COD,1,2563.01
ORD511141,1,net_banking,2,3954.09
ORD511142,1,wallet,1,656.3
ORD511143,1,credit_card,1,1168.2
ORD511144,1,wallet,1,3515.96
ORD511145,1,debit_card,1,1130.03
ORD511146,1,COD,1,3700.3
ORD511147,1,debit_card,1,1616.59
ORD511147,2,COD,1,1518.75
ORD511148,1,net_banking,1,971.36
ORD511149,1,credit_card,1,1766.54
ORD511150,1,net_banking,8,489.69
ORD511151,1,UPI,11,1970.13
ORD511152,1,debit_card,1,732.64
ORD511153,1,credit_card,1,1248.73
ORD511154,1,debit_card,9,489.29
ORD511155,1,COD,3,1963.82
ORD511156,1,debit_card,12,2869.58
ORD511157,1,credit_card,1,1173.5
ORD511158,1,debit_card,1,3504.2
ORD511159,1,wallet,1,2325.5
ORD511160,1,net_banking,1,3202.36
ORD511161,1,COD,1,3158.51
ORD511162,1,debit_card,1,2813.07
ORD511162,2,credit_card,1,2560.35
ORD511163,1,UPI,1,3850.83
ORD511164,1,wallet,1,678.82
ORD511165,1,net_banking,1,3872.23
ORD511166,1,COD,1,2961.47
ORD511167,1,UPI,1,3008.71
ORD511168,1,net_banking,1,1973.3
ORD511169,1,net_banking,1,2308.1
ORD511170,1,wallet,11,2195.34
ORD511171,1,UPI,1,573.2
ORD511171,2,credit_card,5,657.87
ORD511172,1,UPI,1,2715.69
ORD511173,1,credit_card,1,3574.12
ORD511174,1,net_banking,1,3948.29
ORD511175,1,wallet,4,652.91
ORD511176,1,credit_card,1,3902.43
ORD511177,1,net_banking,1,3911.51
ORD511178,1,credit_card,1,3473.07
ORD511179,1,wallet,1,3894.24
ORD511180,1,UPI,1,3248.65
ORD511181,1,debit_card,1,1616.18
ORD511181,2,COD,7,3482.35
ORD511182,1,UPI,1,2819.39
ORD511182,2,credit_card,1,1125.36
ORD511183,1,UPI,1,3434.31
ORD511184,1,credit_card,1,3965.97
ORD511185,1,net_banking,7,2202.77
ORD511186,1,credit_card,1,3020.24
ORD511187,1,net_banking,1,3925.92
ORD511188,1,credit_card,1,1129.43
ORD511189,1,wallet,1,2838.72
ORD511190,1,debit_card,1,966.07
ORD511191,1,credit_card,1,1867.58
ORD511192,1,COD,1,472.42
ORD511193,1,net_banking,1,733.42
ORD511194,1,wallet,1,295.37
ORD511195,1,wallet,1,3720.84
ORD511196,1,net_banking,1,2786.81
ORD511197,1,debit_card,1,363.86
ORD511198,1,net_banking,6,2263.47
ORD511198,2,COD,1,2734.81
ORD511199,1,UPI,1,2279.38
ORD511200,1,debit_card,1,2398.24
ORD511201,1,debit_card,1,3854.47
ORD511202,1,COD,1,3432.04
ORD511203,1,wallet,1,3436.59
ORD511204,1,UPI,6,3182.77
ORD511205,1,credit_card,1,3842.05
ORD511206,1,debit_card,9,3388.05
ORD511207,1,credit_card,1,993.82
ORD511208,1,UPI,6,3382.36
ORD511209,1,UPI,1,3419.68
ORD511210,1,credit_card,1,402.01
ORD511211,1,wallet,1,2620.85
ORD511212,1,UPI,1,3805.64
ORD511213,1,COD,1,744.85
ORD511214,1,net_banking,1,908.89
ORD511215,1,wallet,1,874.96
ORD511216,1,credit_card,8,3023.67
ORD511217,1,net_banking,1,474.1
ORD511218,1,net_banking,1,692.91
ORD511219,1,UPI,1,2428.11
ORD511219,2,COD,1,2295.27
ORD511220,1,net_banking,4,3987.97
ORD511220,2,credit_card,1,325.93
ORD511221,1,credit_card,1,1022.68
ORD511222,1,credit_card,8,3691.09
ORD511223,1,net_banking,1,1751.8
ORD511223,2,COD,1,1431.73
ORD511224,1,wallet,1,1897.98
ORD511225,1,credit_card,1,1377.89
ORD511226,1,debit_card,1,2025.03
ORD511227,1,UPI,1,567.34
ORD511228,1,credit_card,8,1900.08
ORD511228,2,COD,10,3883.42
ORD511229,1,COD,1,3150.89
ORD511230,1,credit_card,1,1398.87
ORD511230,2,debit_card,1,1425.88
ORD511231,1,net_banking,1,1646.02
ORD511232,1,wallet,1,2388.64
ORD511233,1,net_banking,1,1421.11
ORD511233,2,UPI,1,1367.81
ORD511234,1,credit_card,1,1300.26
ORD511235,1,debit_card,1,1292.58
ORD511236,1,debit_card,1,3901.19
ORD511237,1,COD,1,633.88
ORD511238,1,credit_card,1,2026.24
ORD511239,1,credit_card,1,1428.3
ORD511240,1,UPI,1,1632.67
ORD511241,1,net_banking,3,3347.2
ORD511242,1,credit_card,1,1434.93
ORD511243,1,debit_card,4,1306.79
ORD511244,1,wallet,1,1668.62
ORD511245,1,UPI,1,2334.55
ORD511246,1,net_banking,1,1174.74
ORD511247,1,wallet,1,3444.5
ORD511248,1,net_banking,1,1040.1
ORD511249,1,net_banking,10,221.7
ORD511250,1,net_banking,1,492.08
ORD511251,1,wallet,7,2487.1
ORD511251,2,UPI,1,3524.45
ORD511252,1,UPI,1,1983.73
ORD511253,1,UPI,1,2020.13
ORD511254,1,credit_card,3,2677.17
ORD511255,1,debit_card,1,3705.32
ORD511256,1,COD,9,2040.62
ORD511257,1,wallet,6,1678.04
ORD511258,1,UPI,1,3100.3
ORD511259,1,net_banking,1,3822.42
ORD511259,2,UPI,1,695.61
ORD511260,1,debit_card,1,1907.98
ORD511261,1,net_banking,1,3187.51
ORD511262,1,UPI,1,3633.02
ORD511262,2,net_banking,1,3278.4
ORD511263,1,net_banking,1,2467.44
ORD511264,1,wallet,1,3690.87
ORD511265,1,credit_card,1,3779.48
ORD511266,1,debit_card,1,1819.01
ORD511267,1,debit_card,1,789.35
ORD511268,1,net_banking,1,3143.64
ORD511269,1,COD,1,1832.77
ORD511270,1,wallet,4,1000.82
ORD511271,1,credit_card,1,2865.24
ORD511272,1,debit_card,10,2701.22
ORD511273,1,UPI,1,2424.08
ORD511274,1,COD,1,1892.99
ORD511275,1,UPI,1,2232.56
ORD511276,1,COD,1,2740.19
ORD511277,1,wallet,2,2002.0
ORD511278,1,debit_card,1,1806.1
ORD511279,1,net_banking,1,2513.74
ORD511280,1,UPI,1,1936.45
ORD511281,1,credit_card,2,2701.83
ORD511282,1,UPI,1,3345.17
ORD511283,1,COD,1,3874.63
ORD511283,2,net_banking,1,2722.32
ORD511284,1,UPI,1,2003.61
ORD511285,1,COD,1,685.09
ORD511286,1,COD,1,1238.46
ORD511287,1,debit_card,1,2189.86
ORD511287,2,debit_card,11,3460.45
ORD511288,1,wallet,3,3414.23
ORD511289,1,UPI,1,3551.9
ORD511290,1,credit_card,1,228.65
ORD511291,1,net_banking,10,3145.67
ORD511292,1,wallet,7,2722.25
ORD511293,1,wallet,9,3011.82
ORD511294,1,UPI,1,393.15
ORD511295,1,debit_card,1,3607.57
ORD511296,1,wallet,1,2304.41
ORD511297,1,wallet,1,1426.53
ORD511298,1,COD,1,2571.04
ORD511299,1,credit_card,10,1216.39
ORD511300,1,debit_card,11,1587.28
ORD511301,1,UPI,1,2757.47
ORD511302,1,COD,1,2779.62
ORD511303,1,wallet,1,1970.33
ORD511304,1,UPI,1,1397.38
ORD511305,1,wallet,1,2599.64
ORD511306,1,COD,1,632.05
ORD511307,1,debit_card,6,1405.8
ORD511308,1,credit_card,1,3081.44
ORD511309,1,credit_card,1,2508.01
ORD511310,1,wallet,1,397.08
ORD511311,1,wallet,1,2787.29
ORD511312,1,UPI,1,1009.44
ORD511313,1,UPI,1,3939.58
ORD511314,1,COD,1,2629.19
ORD511315,1,debit_card,1,2874.53
ORD511316,1,debit_card,1,479.04
ORD511317,1,UPI,8,3381.57
ORD511317,2,UPI,1,3945.62
ORD511318,1,debit_card,1,287.22
ORD511319,1,net_banking,1,3637.82
ORD511320,1,credit_card,1,324.78
ORD511321,1,wallet,1,1468.67
ORD511322,1,UPI,1,2006.13
ORD511323,1,debit_card,1,3614.86
ORD511324,1,wallet,1,1113.56
ORD511324,2,wallet,1,646.16
ORD511325,1,wallet,1,2380.94
ORD511326,1,COD,1,1463.93
ORD511327,1,net_banking,5,411.29
ORD511327,2,COD,1,3233.64
ORD511328,1,debit_card,1,669.89
ORD511329,1,debit_card,1,2742.2
ORD511330,1,COD,1,3307.35
ORD511331,1,wallet,3,1991.95
ORD511332,1,wallet,1,2388.18
ORD511332,2,wallet,1,703.99
ORD511333,1,COD,1,1835.49
ORD511334,1,COD,1,2258.34
ORD511335,1,COD,1,843.02
ORD511336,1,COD,1,2087.49
ORD511337,1,debit_card,1,1636.06
ORD511338,1,net_banking,1,1905.93
ORD511339,1,wallet,1,3786.01
ORD511340,1,wallet,4,1986.99
ORD511341,1,COD,1,3004.8
ORD511342,1,net_banking,1,2122.04
ORD511343,1,credit_card,1,2532.66
ORD511344,1,debit_card,1,3688.13
ORD511345,1,wallet,1,2348.83
ORD511346,1,COD,1,1849.38
ORD511347,1,credit_card,1,3139.36
ORD511348,1,COD,1,2740.32
ORD511349,1,net_banking,1,392.95
ORD511350,1,UPI,1,3349.43
ORD511350,2,wallet,1,488.42
ORD511351,1,wallet,1,2488.8
ORD511352,1,wallet,1,2876.68
ORD511352,2,UPI,1,1212.07
ORD511353,1,UPI,1,3281.16
ORD511354,1,credit_card,1,1424.14
ORD511355,1,net_banking,1,3114.96
ORD511356,1,COD,1,2008.04
ORD511356,2,wallet,1,479.23
ORD511357,1,COD,1,3854.97
ORD511358,1,credit_card,1,747.18
ORD511359,1,wallet,1,3416.71
ORD511360,1,credit_card,1,524.85
ORD511361,1,credit_card,1,545.53
ORD511362,1,net_banking,1,691.33
ORD511363,1,wallet,1,3869.76
ORD511363,2,UPI,6,1043.19
ORD511364,1,net_banking,10,1803.9
ORD511365,1,UPI,1,3615.76
ORD511366,1,net_banking,1,1033.31
ORD511367,1,wallet,1,3941.56
ORD511368,1,credit_card,1,1626.83
ORD511369,1,credit_card,1,2715.55
ORD511370,1,UPI,1,805.73
ORD511371,1,UPI,1,3252.39
ORD511372,1,wallet,3,2405.46
ORD511373,1,debit_card,1,1105.41
ORD511374,1,debit_card,1,1506.31
ORD511375,1,COD,1,3212.76
ORD511375,2,COD,1,434.93
ORD511376,1,UPI,1,408.54
ORD511377,1,UPI,1,3933.9
ORD511377,2,net_banking,1,3014.42
ORD511378,1,credit_card,1,860.31
ORD511379,1,net_banking,1,3661.65
ORD511380,1,credit_card,9,3790.13
ORD511381,1,wallet,1,3993.08
ORD511382,1,debit_card,1,3728.16
ORD511383,1,UPI,1,3514.44
ORD511384,1,net_banking,1,2116.63
ORD511385,1,UPI,1,3521.88
ORD511386,1,UPI,1,2033.22
ORD511387,1,wallet,1,3823.94
ORD511388,1,wallet,1,1840.4
ORD511389,1,debit_card,1,2016.01
ORD511390,1,wallet,1,727.9
ORD511391,1,debit_card,8,3489.41
ORD511391,2,net_banking,1,1044.52
ORD511392,1,wallet,1,650.31
ORD511393,1,UPI,1,1917.28
ORD511394,1,debit_card,7,1480.51
ORD511395,1,net_banking,1,2612.4
ORD511396,1,net_banking,1,3681.21
ORD511397,1,net_banking,2,1465.56
ORD511398,1,UPI,1,2181.51
ORD511399,1,UPI,1,1370.52
ORD511400,1,UPI,1,2626.62
ORD511401,1,net_banking,1,2689.8
ORD511402,1,net_banking,1,3321.71
ORD511403,1,COD,1,3511.09
ORD511403,2,credit_card,1,3556.26
ORD511404,1,net_banking,1,771.65
ORD511405,1,COD,1,1455.66
ORD511406,1,debit_card,1,1201.19
ORD511407,1,net_banking,1,2131.29
ORD511408,1,wallet,1,288.5
ORD511409,1,credit_card,1,840.26
ORD511410,1,UPI,1,3717.81
ORD511411,1,debit_card,7,354.16
ORD511412,1,wallet,1,1225.37
ORD511413,1,debit_card,1,3834.39
ORD511413,2,net_banking,1,3701.26
ORD511414,1,wallet,1,3977.46
ORD511415,1,COD,1,3488.67
ORD511416,1,COD,4,1850.71
ORD511417,1,wallet,1,1133.34
ORD511418,1,wallet,1,2867.95
ORD511419,1,net_banking,1,3487.92
ORD511420,1,COD,8,2396.14
ORD511420,2,net_banking,1,400.81
ORD511421,1,UPI,1,1119.82
ORD511422,1,wallet,1,3901.89
ORD511423,1,credit_card,1,2731.57
ORD511424,1,net_banking,12,2682.13
ORD511425,1,credit_card,1,817.84
ORD511425,2,credit_card,1,3816.31
ORD511426,1,COD,1,2219.48
ORD511427,1,credit_card,1,2254.75
ORD511428,1,debit_card,1,1319.1
ORD511429,1,credit_card,1,2854.54
ORD511430,1,UPI,1,2843.95
ORD511431,1,UPI,1,1597.88
ORD511432,1,UPI,1,2814.34
ORD511433,1,wallet,1,505.5
ORD511434,1,debit_card,1,2839.1
ORD511435,1,net_banking,1,1715.3
ORD511436,1,debit_card,1,3541.9
ORD511437,1,wallet,1,1774.83
ORD511437,2,credit_card,1,1961.84
ORD511438,1,wallet,1,733.5
ORD511439,1,UPI,1,1726.07
ORD511440,1,debit_card,1,3244.37
ORD511441,1,wallet,1,933.5
ORD511442,1,net_banking,1,537.21
ORD511443,1,COD,5,2918.56
ORD511444,1,net_banking,1,3163.85
ORD511445,1,UPI,2,2749.4
ORD511445,2,debit_card,1,830.55
ORD511446,1,net_banking,1,2849.3
ORD511447,1,UPI,1,1644.7
ORD511448,1,net_banking,11,935.47
ORD511449,1,COD,1,1478.21
ORD511450,1,COD,1,2756.91
ORD511451,1,debit_card,12,3584.77
ORD511452,1,UPI,1,3011.33
ORD511453,1,COD,1,2220.34
ORD511454,1,net_banking,1,880.25
ORD511455,1,COD,1,1700.23
ORD511456,1,net_banking,1,410.58
ORD511457,1,UPI,1,564.56
ORD511458,1,credit_card,1,3268.06
ORD511458,2,COD,1,1853.84
ORD511459,1,debit_card,1,2693.22
ORD511460,1,UPI,1,991.83
ORD511461,1,debit_card,1,2858.75
ORD511461,2,net_banking,1,2013.85
ORD511462,1,credit_card,1,1692.02
ORD511463,1,wallet,1,1174.08
ORD511464,1,UPI,1,330.4
ORD511465,1,wallet,1,722.41
ORD511466,1,debit_card,1,3708.98
ORD511467,1,credit_card,1,3434.95
ORD511468,1,debit_card,1,2748.47
ORD511469,1,credit_card,1,679.44
ORD511470,1,credit_card,6,3477.35
ORD511471,1,credit_card,1,3840.03
ORD511472,1,COD,1,3226.25
ORD511473,1,UPI,12,2752.62
ORD511474,1,UPI,1,1754.37
ORD511475,1,debit_card,1,2811.38
ORD511476,1,credit_card,1,2117.76
ORD511477,1,UPI,1,3580.61
ORD511478,1,COD,1,3758.29
ORD511479,1,debit_card,1,2366.16
ORD511480,1,credit_card,1,3034.74
ORD511481,1,credit_card,7,2777.64
ORD511482,1,COD,1,1953.08
ORD511482,2,UPI,1,604.45
ORD511483,1,credit_card,10,1319.03
ORD511484,1,UPI,1,231.89
ORD511485,1,wallet,1,1091.51
ORD511486,1,net_banking,1,700.45
ORD511487,1,wallet,1,321.5
ORD511487,2,wallet,1,2962.18
ORD511488,1,credit_card,1,643.89
ORD511489,1,wallet,1,2801.85
ORD511490,1,COD,1,2155.67
ORD511491,1,wallet,1,299.38
ORD511492,1,debit_card,1,1089.14
ORD511493,1,credit_card,3,1154.03
ORD511494,1,net_banking,1,997.58
ORD511495,1,debit_card,6,3148.75
ORD511496,1,net_banking,1,1583.88
ORD511497,1,UPI,1,802.66
ORD511498,1,debit_card,1,2761.48
ORD511499,1,credit_card,1,1847.47
ORD511500,1,COD,1,2063.34
ORD511500,2,debit_card,1,2802.57
ORD511501,1,net_banking,1,299.86
ORD511501,2,debit_card,1,1029.71
ORD511502,1,UPI,1,1100.04
ORD511503,1,COD,1,2325.79
ORD511504,1,COD,1,760.67
ORD511505,1,wallet,1,3556.85
ORD511506,1,UPI,1,3018.27
ORD511507,1,UPI,11,3863.3
ORD511508,1,credit_card,1,2325.29
ORD511509,1,UPI,1,1966.71
ORD511510,1,net_banking,1,1844.14
ORD511511,1,credit_card,1,2452.04
ORD511512,1,credit_card,1,1110.16
ORD511512,2,net_banking,1,1305.54
ORD511513,1,net_banking,1,1032.73
ORD511514,1,net_banking,1,1972.55
ORD511515,1,debit_card,11,285.33
ORD511516,1,debit_card,8,1886.31
ORD511517,1,UPI,1,1570.31
ORD511517,2,wallet,1,2060.65
ORD511518,1,debit_card,1,3332.64
ORD511518,2,UPI,1,1810.24
ORD511519,1,UPI,1,2679.29
ORD511520,1,wallet,1,1775.02
ORD511521,1,credit_card,1,1532.13
ORD511522,1,net_banking,1,2268.81
ORD511523,1,net_banking,1,1094.44
ORD511524,1,debit_card,1,296.74
ORD511525,1,COD,1,3037.47
ORD511526,1,wallet,1,2767.48
ORD511527,1,net_banking,1,3057.11
ORD511528,1,UPI,1,3279.04
ORD511529,1,wallet,8,1679.98
ORD511530,1,UPI,1,1400.96
ORD511531,1,net_banking,1,330.07
ORD511531,2,credit_card,1,2643.36
ORD511532,1,COD,1,3230.44
ORD511533,1,debit_card,1,1839.75
ORD511534,1,COD,1,3328.94
ORD511535,1,credit_card,1,1938.62
ORD511536,1,COD,1,3886.47
ORD511537,1,wallet,4,2418.12
ORD511538,1,UPI,1,279.11
ORD511539,1,debit_card,1,3356.39
ORD511540,1,wallet,1,3911.58
ORD511541,1,credit_card,1,1600.84
ORD511542,1,UPI,7,396.84
ORD511543,1,COD,7,1699.78
ORD511544,1,UPI,1,2809.46
ORD511545,1,debit_card,1,3927.58
ORD511546,1,net_banking,1,3511.76
ORD511546,2,COD,1,3158.7
ORD511547,1,debit_card,1,3908.56
ORD511548,1,credit_card,12,3877.06
ORD511549,1,COD,10,1985.67
ORD511550,1,debit_card,1,1079.32
ORD511551,1,net_banking,7,706.85
ORD511552,1,UPI,1,1691.72
ORD511553,1,UPI,1,3215.02
ORD511554,1,debit_card,1,2320.8
ORD511554,2,credit_card,1,3622.21
ORD511555,1,net_banking,1,1329.91
ORD511556,1,COD,1,3992.45
ORD511557,1,debit_card,1,3316.71
ORD511558,1,UPI,1,3449.72
ORD511559,1,net_banking,1,2646.57
ORD511560,1,COD,1,3738.4
ORD511561,1,wallet,1,3941.88
ORD511562,1,net_banking,1,3733.69
ORD511563,1,net_banking,10,3208.31
ORD511564,1,UPI,1,3076.5
ORD511565,1,COD,10,2511.08
ORD511566,1,credit_card,1,1391.28
ORD511566,2,net_banking,1,2854.75
ORD511567,1,wallet,1,3980.28
ORD511568,1,wallet,1,3073.3
ORD511569,1,UPI,1,3667.14
ORD511570,1,wallet,1,2399.76
ORD511571,1,net_banking,1,545.39
ORD511572,1,UPI,1,239.63
ORD511573,1,credit_card,1,2408.74
ORD511574,1,COD,2,3408.73
ORD511575,1,net_banking,1,1909.62
ORD511576,1,UPI,1,3116.41
ORD511577,1,debit_card,1,3058.51
ORD511578,1,debit_card,1,3562.38
ORD511579,1,credit_card,1,1510.73
ORD511579,2,wallet,7,2342.51
ORD511580,1,COD,1,3523.78
ORD511580,2,COD,1,3359.03
ORD511581,1,net_banking,1,232.91
ORD511581,2,net_banking,1,1204.8
ORD511582,1,debit_card,1,884.45
ORD511583,1,wallet,1,3400.9
ORD511584,1,credit_card,1,2075.24
ORD511585,1,debit_card,1,2846.08
ORD511586,1,wallet,1,774.66
ORD511587,1,COD,1,3119.94
ORD511588,1,UPI,11,3190.91
ORD511589,1,wallet,1,2528.47
ORD511590,1,wallet,1,1710.44
ORD511591,1,debit_card,8,2607.88
ORD511591,2,debit_card,1,3587.34
ORD511592,1,credit_card,1,2181.79
ORD511593,1,debit_card,1,1670.81
ORD511594,1,wallet,9,2174.98
ORD511595,1,debit_card,12,983.77
ORD511596,1,debit_card,3,2813.92
ORD511597,1,debit_card,1,3666.68
ORD511598,1,wallet,1,586.26
ORD511599,1,UPI,1,1592.37
ORD511600,1,credit_card,1,3493.17
ORD511601,1,credit_card,1,265.32
ORD511602,1,net_banking,1,645.81
ORD511603,1,COD,1,2222.69
ORD511603,2,net_banking,1,2486.09
ORD511604,1,COD,5,3555.24
ORD511605,1,wallet,1,1418.48
ORD511606,1,UPI,9,2392.87
ORD511607,1,COD,1,2524.54
ORD511608,1,COD,1,2163.88
ORD511609,1,COD,1,534.54
ORD511610,1,wallet,1,862.54
ORD511611,1,credit_card,10,1739.46
ORD511612,1,debit_card,7,2770.93
ORD511613,1,credit_card,6,1018.33
ORD511614,1,debit_card,1,248.36
ORD511615,1,wallet,1,2884.43
ORD511616,1,credit_card,1,1409.91
ORD511617,1,debit_card,1,3896.41
ORD511618,1,debit_card,1,3036.15
ORD511619,1,COD,1,2144.57
ORD511620,1,COD,1,1108.94
ORD511621,1,COD,1,3138.99
ORD511622,1,credit_card,1,3438.38
ORD511622,2,credit_card,1,2070.32
ORD511623,1,net_banking,1,1489.93
ORD511624,1,debit_card,1,2769.8
ORD511625,1,debit_card,1,1448.74
ORD511626,1,UPI,1,1064.83
ORD511627,1,debit_card,1,1999.84
ORD511628,1,UPI,1,3120.49
ORD511629,1,debit_card,1,872.42
ORD511630,1,debit_card,1,2459.01
ORD511631,1,credit_card,3,3770.59
ORD511632,1,credit_card,1,1374.08
ORD511633,1,debit_card,1,3762.89
ORD511633,2,UPI,1,3858.12
ORD511634,1,UPI,11,3365.09
ORD511635,1,net_banking,1,905.03
ORD511636,1,net_banking,1,1507.84
ORD511637,1,UPI,1,3588.2
ORD511638,1,UPI,1,1330.83
ORD511639,1,COD,1,1625.02
ORD511640,1,UPI,1,724.7
ORD511641,1,UPI,1,885.32
ORD511642,1,UPI,1,1254.84
ORD511642,2,debit_card,3,620.61
ORD511643,1,credit_card,11,1277.92
ORD511644,1,COD,1,3501.31
ORD511645,1,net_banking,1,3643.27
ORD511646,1,debit_card,1,2253.66
ORD511647,1,credit_card,1,540.67
ORD511648,1,wallet,1,1095.84
ORD511649,1,credit_card,1,2508.78
ORD511650,1,wallet,1,1110.84
ORD511651,1,credit_card,1,1006.81
ORD511652,1,wallet,1,1235.33
ORD511653,1,wallet,1,2610.34
ORD511654,1,credit_card,1,649.76
ORD511655,1,COD,1,2187.17
ORD511656,1,credit_card,1,3343.7
ORD511657,1,net_banking,1,1144.56
ORD511658,1,net_banking,1,813.1
ORD511659,1,credit_card,1,578.16
ORD511660,1,COD,1,2785.12
ORD511661,1,UPI,1,1594.72
ORD511662,1,debit_card,1,2388.77
ORD511663,1,debit_card,1,1184.75
ORD511664,1,COD,1,1660.99
ORD511665,1,debit_card,1,1952.15
ORD511665,2,credit_card,1,687.24
ORD511666,1,UPI,1,3396.35
ORD511667,1,debit_card,1,765.25
ORD511668,1,credit_card,1,1795.89
ORD511669,1,debit_card,1,745.68
ORD511670,1,UPI,1,3862.88
ORD511671,1,COD,7,529.38
ORD511672,1,credit_card,1,1275.62
ORD511673,1,debit_card,1,1962.11
ORD511674,1,UPI,1,1335.19
ORD511675,1,net_banking,1,1002.95
ORD511676,1,net_banking,1,2603.08
ORD511677,1,debit_card,1,860.46
ORD511678,1,wallet,12,3431.44
ORD511679,1,UPI,1,457.98
ORD511680,1,wallet,1,2451.91
ORD511681,1,debit_card,1,1248.3
ORD511681,2,COD,9,231.03
ORD511682,1,wallet,11,3844.18
ORD511682,2,credit_card,1,3353.63
ORD511683,1,COD,1,1607.68
ORD511684,1,debit_card,1,816.6
ORD511685,1,UPI,1,3719.59
ORD511686,1,credit_card,1,646.51
ORD511687,1,wallet,1,513.03
ORD511688,1,COD,1,3015.47
ORD511689,1,UPI,1,1453.19
ORD511690,1,wallet,1,2102.59
ORD511691,1,wallet,1,2964.62
ORD511692,1,credit_card,3,3992.62
ORD511693,1,debit_card,1,1607.39
ORD511694,1,credit_card,1,1937.55
ORD511695,1,wallet,1,2315.29
ORD511696,1,wallet,1,3289.33
ORD511697,1,COD,1,3100.91
ORD511698,1,COD,1,3806.98
ORD511699,1,debit_card,1,1924.34
ORD511700,1,COD,1,1296.33
ORD511701,1,net_banking,1,3106.23
ORD511701,2,credit_card,1,1994.41
ORD511702,1,COD,1,432.32
ORD511703,1,credit_card,1,3727.09
ORD511704,1,wallet,1,3670.67
ORD511705,1,UPI,1,1582.71
ORD511705,2,wallet,1,1002.64
ORD511706,1,UPI,1,1298.01
ORD511707,1,UPI,1,1182.09
ORD511708,1,net_banking,1,2809.8
ORD511709,1,credit_card,11,1861.09
ORD511710,1,UPI,1,1641.14
ORD511711,1,net_banking,1,3371.94
ORD511712,1,UPI,1,1145.59
ORD511713,1,wallet,10,3059.42
ORD511714,1,wallet,1,2568.15
ORD511715,1,COD,1,3600.99
ORD511716,1,wallet,1,2917.11
ORD511717,1,UPI,1,3093.16
ORD511718,1,net_banking,1,2083.98
ORD511719,1,net_banking,8,2139.39
ORD511719,2,wallet,1,2570.87
ORD511720,1,debit_card,1,2843.17
ORD511721,1,net_banking,1,2621.38
ORD511722,1,credit_card,1,3504.18
ORD511723,1,wallet,1,2451.81
ORD511724,1,debit_card,1,2623.98
ORD511724,2,wallet,1,689.89
ORD511725,1,wallet,1,3665.71
ORD511726,1,net_banking,6,3412.38
ORD511727,1,net_banking,3,3325.17
ORD511728,1,wallet,1,2790.35
ORD511729,1,wallet,1,1657.52
ORD511730,1,wallet,1,1533.61
ORD511731,1,net_banking,1,1871.34
ORD511732,1,net_banking,1,1723.42
ORD511733,1,debit_card,2,3496.1
ORD511734,1,wallet,1,2350.51
ORD511734,2,debit_card,1,1167.57
ORD511735,1,COD,1,1171.26
ORD511736,1,COD,1,1471.35
ORD511737,1,COD,1,536.07
ORD511738,1,UPI,1,3207.93
ORD511739,1,net_banking,1,530.4
ORD511740,1,wallet,1,2307.56
ORD511741,1,UPI,1,2928.99
ORD511742,1,wallet,5,3503.35
ORD511742,2,credit_card,1,2096.62
ORD511743,1,debit_card,1,2417.16
ORD511744,1,debit_card,1,3976.98
ORD511745,1,UPI,9,1256.55
ORD511746,1,debit_card,10,642.69
ORD511747,1,net_banking,1,1732.43
ORD511748,1,UPI,12,3790.73
ORD511749,1,COD,1,2711.1
ORD511750,1,net_banking,6,234.8
ORD511751,1,net_banking,1,1108.93
ORD511752,1,debit_card,6,2193.49
ORD511753,1,wallet,1,2113.79
ORD511754,1,credit_card,1,1916.79
ORD511755,1,wallet,1,2261.29
ORD511756,1,credit_card,1,860.22
ORD511757,1,debit_card,1,3610.5
ORD511758,1,wallet,9,2700.7
ORD511759,1,wallet,3,1807.15
ORD511760,1,wallet,1,3783.81
ORD511761,1,wallet,1,3966.37
ORD511762,1,UPI,1,1955.13
ORD511763,1,wallet,1,3136.87
ORD511764,1,net_banking,11,2497.87
ORD511765,1,credit_card,1,2459.5
ORD511766,1,debit_card,1,1849.37
ORD511767,1,wallet,1,2496.12
ORD511768,1,UPI,1,611.17
ORD511769,1,credit_card,1,2845.52
ORD511770,1,COD,8,3920.48
ORD511771,1,debit_card,1,1787.75
ORD511772,1,UPI,1,1154.14
ORD511773,1,wallet,1,3204.26
ORD511774,1,UPI,1,3711.41
ORD511775,1,wallet,1,2851.58
ORD511776,1,UPI,1,707.99
ORD511777,1,credit_card,1,2475.03
ORD511778,1,UPI,1,3598.59
ORD511779,1,wallet,1,385.54
ORD511780,1,debit_card,1,3279.05
ORD511781,1,credit_card,1,1523.87
ORD511782,1,net_banking,1,1349.7
ORD511783,1,UPI,1,811.94
ORD511784,1,debit_card,4,2431.0
ORD511785,1,COD,1,948.96
ORD511786,1,UPI,1,3846.28
ORD511787,1,COD,1,611.28
ORD511788,1,debit_card,1,2645.2
ORD511789,1,debit_card,1,1466.32
ORD511790,1,net_banking,1,1563.02
ORD511791,1,wallet,1,2432.78
ORD511791,2,UPI,1,3397.6
ORD511792,1,COD,1,1125.33
ORD511793,1,wallet,1,3512.73
ORD511794,1,net_banking,1,1926.81
ORD511795,1,UPI,1,3168.76
ORD511796,1,debit_card,1,2027.1
ORD511797,1,wallet,10,1167.2
ORD511798,1,debit_card,1,1601.56
ORD511799,1,wallet,1,1289.86
ORD511800,1,credit_card,1,1476.49
ORD511801,1,wallet,1,1548.52
ORD511802,1,credit_card,1,3557.14
ORD511803,1,net_banking,1,861.08
ORD511803,2,net_banking,1,2842.8
ORD511804,1,net_banking,12,1246.28
ORD511805,1,credit_card,1,1866.39
ORD511806,1,debit_card,1,2437.67
ORD511807,1,net_banking,1,3622.29
ORD511807,2,net_banking,1,3618.79
ORD511808,1,wallet,1,3991.44
ORD511809,1,credit_card,1,864.46
ORD511809,2,debit_card,12,3666.79
ORD511810,1,wallet,7,1603.73
ORD511811,1,credit_card,4,519.73
ORD511812,1,COD,1,3533.11
ORD511813,1,wallet,1,3908.76
ORD511814,1,COD,11,516.98
ORD511815,1,credit_card,1,2414.61
ORD511816,1,credit_card,5,1961.03
ORD511816,2,credit_card,1,3342.56
ORD511817,1,UPI,8,3871.93
ORD511818,1,debit_card,1,1534.2
ORD511818,2,debit_card,1,1483.27
ORD511819,1,net_banking,1,1496.23
ORD511820,1,net_banking,1,2768.75
ORD511821,1,UPI,1,3861.65
ORD511822,1,UPI,1,2008.63
ORD511823,1,UPI,1,3439.83
ORD511824,1,net_banking,1,2524.34
ORD511825,1,UPI,1,266.09
ORD511826,1,COD,5,2482.3
ORD511827,1,credit_card,1,3868.64
ORD511828,1,wallet,1,3195.28
ORD511829,1,net_banking,1,3414.33
ORD511830,1,credit_card,1,1592.04
ORD511831,1,debit_card,1,2626.79
ORD511832,1,net_banking,1,1225.95
ORD511833,1,COD,1,2367.88
ORD511833,2,UPI,1,610.6
ORD511834,1,net_banking,1,3986.72
ORD511835,1,UPI,12,1185.53
ORD511836,1,net_banking,1,3761.23
ORD511837,1,wallet,1,519.11
ORD511837,2,credit_card,1,978.21
ORD511838,1,net_banking,1,1546.1
ORD511838,2,wallet,1,2366.6
ORD511839,1,COD,1,1117.01
ORD511839,2,debit_card,1,2295.03
ORD511840,1,credit_card,1,3106.18
ORD511841,1,credit_card,1,427.55
ORD511842,1,COD,1,2841.9
ORD511842,2,COD,1,1694.47
ORD511843,1,debit_card,1,3890.19
ORD511843,2,debit_card,1,2652.49
ORD511844,1,credit_card,1,2961.08
ORD511845,1,wallet,1,3158.78
ORD511846,1,wallet,1,568.26
ORD511847,1,net_banking,1,854.93
ORD511848,1,credit_card,1,3750.44
ORD511849,1,debit_card,1,2818.86
ORD511850,1,wallet,1,1465.47
ORD511851,1,credit_card,1,1907.96
ORD511852,1,credit_card,1,2161.27
ORD511852,2,credit_card,1,1744.27
ORD511853,1,debit_card,1,2789.07
ORD511854,1,credit_card,1,3460.14
ORD511855,1,COD,1,590.21
ORD511856,1,debit_card,1,962.68
ORD511857,1,COD,1,1632.09
ORD511858,1,UPI,1,3625.49
ORD511859,1,wallet,1,3564.58
ORD511860,1,UPI,1,2701.36
ORD511861,1,wallet,1,3016.69
ORD511862,1,UPI,1,2598.62
ORD511863,1,UPI,1,3528.04
ORD511864,1,COD,1,556.47
ORD511865,1,COD,1,3168.1
ORD511866,1,UPI,11,3498.1
ORD511867,1,wallet,1,1181.83
ORD511868,1,UPI,1,1684.42
ORD511869,1,debit_card,1,2529.61
ORD511870,1,UPI,1,1959.71
ORD511870,2,net_banking,10,1751.01
ORD511871,1,UPI,1,1948.23
ORD511872,1,debit_card,1,3825.39
ORD511873,1,net_banking,1,981.2
ORD511873,2,credit_card,1,2013.17
ORD511874,1,credit_card,1,2212.01
ORD511875,1,wallet,1,3996.53
ORD511876,1,net_banking,7,2088.3
ORD511877,1,UPI,1,3512.53
ORD511877,2,credit_card,1,3187.41
ORD511878,1,credit_card,5,1389.67
ORD511878,2,net_banking,3,458.94
ORD511879,1,COD,1,705.67
ORD511879,2,UPI,1,814.21
ORD511880,1,credit_card,10,1777.33
ORD511881,1,debit_card,9,589.05
ORD511882,1,wallet,1,866.07
ORD511883,1,net_banking,1,3937.64
ORD511884,1,COD,7,659.85
ORD511884,2,net_banking,1,2994.08
ORD511885,1,UPI,6,1286.1
ORD511885,2,debit_card,5,1346.19
ORD511886,1,UPI,11,1275.28
ORD511887,1,COD,1,1408.92
ORD511888,1,UPI,1,1434.7
ORD511889,1,wallet,1,2166.64
ORD511890,1,credit_card,1,554.82
ORD511891,1,net_banking,1,1207.28
ORD511892,1,wallet,1,2337.98
ORD511893,1,debit_card,1,2737.86
ORD511894,1,debit_card,6,1153.78
ORD511895,1,debit_card,1,1418.8
ORD511896,1,COD,3,2070.37
ORD511897,1,credit_card,1,3499.95
ORD511898,1,UPI,4,1507.24
ORD511899,1,COD,1,1677.67
ORD511899,2,COD,1,1385.38
ORD511900,1,credit_card,1,1475.25
ORD511901,1,credit_card,1,820.62
ORD511902,1,wallet,12,3161.41
ORD511903,1,credit_card,1,1160.66
ORD511904,1,credit_card,1,1929.22
ORD511905,1,debit_card,1,1634.55
ORD511906,1,COD,1,3439.69
ORD511907,1,net_banking,1,988.19
ORD511908,1,credit_card,1,1554.97
ORD511909,1,UPI,1,3722.22
ORD511910,1,net_banking,1,2331.79
ORD511911,1,net_banking,1,1435.66
ORD511912,1,credit_card,1,2132.42
ORD511913,1,net_banking,1,2400.36
ORD511914,1,UPI,1,2500.01
ORD511915,1,net_banking,1,621.99
ORD511916,1,UPI,1,1381.59
ORD511917,1,wallet,1,863.8
ORD511918,1,UPI,1,608.54
ORD511918,2,wallet,1,544.76
ORD511919,1,net_banking,1,531.02
ORD511920,1,wallet,1,2981.15
ORD511921,1,UPI,8,812.89
ORD511922,1,UPI,7,2198.57
ORD511923,1,COD,1,919.94
ORD511924,1,wallet,1,3528.04
ORD511925,1,debit_card,4,1073.59
ORD511926,1,wallet,1,2519.47
ORD511927,1,UPI,1,657.22
ORD511928,1,debit_card,1,1515.52
ORD511929,1,COD,1,982.14
ORD511930,1,credit_card,1,1608.63
ORD511931,1,COD,12,3858.5
ORD511932,1,debit_card,9,1815.67
ORD511933,1,credit_card,1,363.23
ORD511934,1,net_banking,1,1967.15
ORD511935,1,net_banking,1,2130.9
ORD511936,1,debit_card,1,676.78
ORD511937,1,wallet,1,2720.18
ORD511938,1,credit_card,1,3966.07
ORD511938,2,net_banking,1,3718.36
ORD511939,1,debit_card,1,211.21
ORD511940,1,UPI,1,934.4
ORD511941,1,wallet,1,1476.71
ORD511942,1,wallet,1,1930.28
ORD511943,1,wallet,1,1038.2
ORD511944,1,UPI,1,1803.36
ORD511945,1,COD,1,2036.63
ORD511946,1,debit_card,1,2704.08
ORD511946,2,net_banking,2,1568.32
ORD511947,1,net_banking,1,2072.7
ORD511948,1,net_banking,3,1569.39
ORD511949,1,debit_card,1,1960.81
ORD511950,1,UPI,1,1196.54
ORD511951,1,UPI,1,3892.32
ORD511952,1,wallet,12,723.32
ORD511953,1,COD,1,2147.31
ORD511954,1,UPI,1,218.65
ORD511955,1,UPI,3,1729.64
ORD511956,1,debit_card,1,3422.14
ORD511957,1,debit_card,1,3787.34
ORD511958,1,credit_card,1,3010.63
ORD511959,1,credit_card,1,1854.59
ORD511960,1,debit_card,1,2505.49
ORD511961,1,credit_card,1,3189.23
ORD511962,1,credit_card,1,644.09
ORD511963,1,wallet,1,2401.96
ORD511964,1,net_banking,1,1869.57
ORD511965,1,COD,1,2527.94
ORD511966,1,COD,1,3908.58
ORD511966,2,UPI,1,1589.37
ORD511967,1,credit_card,10,1066.19
ORD511968,1,net_banking,1,1253.11
ORD511969,1,COD,1,3850.37
ORD511970,1,net_banking,1,3774.9
ORD511971,1,wallet,8,2776.88
ORD511972,1,UPI,1,1068.62
ORD511973,1,COD,1,3373.56
ORD511974,1,COD,6,1463.91
ORD511975,1,wallet,1,3533.47
ORD511976,1,net_banking,1,333.1
ORD511977,1,debit_card,1,2617.29
ORD511978,1,debit_card,1,3451.2
ORD511979,1,debit_card,1,3068.82
ORD511980,1,debit_card,1,1706.54
ORD511981,1,credit_card,1,2249.76
ORD511982,1,net_banking,1,3926.38
ORD511982,2,UPI,1,3230.7
ORD511983,1,debit_card,1,354.88
ORD511984,1,debit_card,10,1111.36
ORD511985,1,net_banking,1,2693.11
ORD511985,2,debit_card,1,3216.37
ORD511986,1,debit_card,1,2188.46
ORD511987,1,COD,1,1357.3
ORD511988,1,net_banking,1,670.52
ORD511989,1,wallet,1,1202.44
ORD511990,1,UPI,1,3900.43
ORD511991,1,credit_card,1,1816.33
ORD511992,1,debit_card,1,1118.6
ORD511993,1,net_banking,9,1345.23
ORD511994,1,credit_card,1,2741.64
ORD511994,2,wallet,1,3414.18
ORD511995,1,credit_card,1,1551.1
ORD511996,1,credit_card,1,2477.79
ORD511997,1,COD,1,3231.13
ORD511997,2,credit_card,1,1448.51
ORD511998,1,credit_card,1,1243.21
ORD511999,1,net_banking,1,2894.37
ORD511999,2,debit_card,1,2613.35
ORD512000,1,debit_card,2,2798.25
ORD512001,1,debit_card,4,3042.55
ORD512002,1,net_banking,1,911.03
ORD512003,1,wallet,1,727.32
ORD512004,1,credit_card,9,3852.66
ORD512005,1,debit_card,1,776.21
ORD512006,1,UPI,1,335.24
ORD512007,1,credit_card,1,1893.36
ORD512008,1,debit_card,1,1588.27
ORD512009,1,net_banking,1,2818.19
ORD512010,1,COD,1,3758.82
ORD512011,1,COD,1,1932.08
ORD512012,1,wallet,1,210.1
ORD512013,1,UPI,1,803.6
ORD512014,1,credit_card,1,2566.35
ORD512014,2,wallet,1,3304.91
ORD512015,1,COD,1,3888.89
ORD512015,2,wallet,11,843.85
ORD512016,1,net_banking,1,2602.54
ORD512017,1,COD,1,2594.96
ORD512018,1,credit_card,3,463.31
ORD512019,1,wallet,1,1393.59
ORD512020,1,debit_card,1,1697.27
ORD512021,1,UPI,1,1124.46
ORD512022,1,UPI,1,3756.38
ORD512023,1,wallet,1,2424.03
ORD512024,1,COD,1,775.21
ORD512024,2,UPI,1,1451.27
ORD512025,1,COD,1,331.74
ORD512026,1,debit_card,1,3438.59
ORD512027,1,COD,1,2605.51
ORD512028,1,credit_card,8,3214.63
ORD512029,1,credit_card,1,1815.67
ORD512030,1,UPI,8,3310.29
ORD512031,1,COD,1,2099.84
ORD512032,1,COD,1,2582.76
ORD512033,1,net_banking,1,2045.24
ORD512034,1,wallet,1,2654.87
ORD512035,1,UPI,1,1390.22
ORD512036,1,wallet,1,2379.41
ORD512037,1,credit_card,1,3613.3
ORD512037,2,COD,1,3393.06
ORD512038,1,net_banking,1,3088.22
ORD512039,1,wallet,1,1900.2
ORD512040,1,UPI,1,713.53
ORD512041,1,debit_card,2,3682.05
ORD512042,1,debit_card,1,3785.26
ORD512043,1,UPI,1,2515.25
ORD512044,1,COD,1,3937.65
ORD512045,1,COD,2,3067.43
ORD512046,1,net_banking,7,2705.74
ORD512047,1,debit_card,1,1739.74
ORD512048,1,UPI,1,1715.13
ORD512049,1,net_banking,1,1047.13
ORD512050,1,net_banking,1,2885.82
ORD512051,1,net_banking,2,3316.61
ORD512052,1,credit_card,1,1954.03
ORD512053,1,net_banking,1,1725.39
ORD512054,1,net_banking,1,2278.67
ORD512055,1,debit_card,1,416.67
ORD512055,2,net_banking,1,347.29
ORD512056,1,COD,1,566.25
ORD512057,1,COD,1,3701.3
ORD512058,1,net_banking,1,1342.82
ORD512059,1,debit_card,1,3271.87
ORD512060,1,debit_card,1,1053.0
ORD512061,1,COD,1,1465.75
ORD512062,1,wallet,1,2636.36
ORD512063,1,debit_card,1,1785.76
ORD512064,1,UPI,8,3417.68
ORD512065,1,UPI,1,2933.81
ORD512066,1,COD,1,3711.72
ORD512067,1,credit_card,1,1235.51
ORD512068,1,wallet,1,216.83
ORD512069,1,wallet,1,2302.07
ORD512070,1,COD,1,1785.01
ORD512071,1,credit_card,1,241.95
ORD512072,1,wallet,1,2717.55
ORD512073,1,COD,1,1285.09
ORD512074,1,credit_card,9,2317.21
ORD512075,1,credit_card,1,3909.95
ORD512076,1,COD,1,3729.03
ORD512077,1,net_banking,2,1226.74
ORD512078,1,net_banking,1,2800.38
ORD512079,1,UPI,1,3859.22
ORD512080,1,COD,1,2916.74
ORD512081,1,net_banking,1,2199.02
ORD512082,1,credit_card,1,2434.93
ORD512083,1,COD,1,2655.43
ORD512084,1,debit_card,1,1955.73
ORD512085,1,wallet,1,3806.03
ORD512086,1,credit_card,1,3798.69
ORD512087,1,debit_card,1,2966.3
ORD512088,1,credit_card,1,1067.91
ORD512088,2,debit_card,1,1011.83
ORD512089,1,wallet,1,2511.75
ORD512090,1,net_banking,1,2743.87
ORD512091,1,UPI,1,519.14
ORD512091,2,wallet,1,3130.92
ORD512092,1,net_banking,1,2217.78
ORD512092,2,debit_card,1,3378.9
ORD512093,1,wallet,1,1822.52
ORD512094,1,debit_card,1,3647.58
ORD512095,1,COD,1,1536.93
ORD512096,1,COD,1,2088.69
ORD512097,1,COD,1,1310.69
ORD512098,1,wallet,1,3599.2
ORD512099,1,wallet,1,3715.48
ORD512100,1,net_banking,1,256.8
ORD512101,1,COD,1,700.29
ORD512102,1,debit_card,1,3243.92
ORD512103,1,debit_card,1,2656.08
ORD512104,1,wallet,1,1037.69
ORD512104,2,net_banking,1,2228.47
ORD512105,1,COD,1,2092.42
ORD512106,1,COD,1,3452.87
ORD512107,1,credit_card,1,373.92
ORD512108,1,credit_card,1,1046.13
ORD512109,1,net_banking,1,1987.05
ORD512110,1,credit_card,1,3663.4
ORD512111,1,net_banking,1,2849.54
ORD512112,1,UPI,1,2505.31
ORD512113,1,UPI,9,3459.27
ORD512114,1,net_banking,1,275.45
ORD512115,1,COD,1,296.07
ORD512116,1,credit_card,1,2515.49
ORD512117,1,debit_card,1,554.74
ORD512118,1,net_banking,1,383.42
ORD512118,2,wallet,1,1861.95
ORD512119,1,COD,1,1833.95
ORD512120,1,wallet,4,1853.68
ORD512121,1,UPI,1,2935.79
ORD512122,1,wallet,11,3828.96
ORD512123,1,wallet,1,1030.55
ORD512124,1,net_banking,1,1508.5
ORD512125,1,wallet,1,1189.41
ORD512126,1,net_banking,1,2763.09
ORD512126,2,wallet,1,2069.63
ORD512127,1,net_banking,1,3093.03
ORD512128,1,COD,1,3644.27
ORD512129,1,wallet,1,1299.46
ORD512130,1,UPI,1,583.9
ORD512130,2,credit_card,11,2646.68
ORD512131,1,UPI,1,2500.26
ORD512132,1,wallet,1,2280.27
ORD512133,1,credit_card,1,1243.09
ORD512133,2,debit_card,5,1407.64
ORD512134,1,debit_card,1,2583.78
ORD512134,2,credit_card,8,3956.31
ORD512135,1,COD,3,3069.72
ORD512136,1,net_banking,7,2525.74
ORD512137,1,wallet,1,1762.81
ORD512138,1,net_banking,1,369.59
ORD512139,1,wallet,1,1621.63
ORD512140,1,UPI,1,278.14
ORD512140,2,debit_card,1,2106.02
ORD512141,1,debit_card,1,3120.12
ORD512142,1,debit_card,1,1568.32
ORD512143,1,net_banking,1,3883.86
ORD512144,1,net_banking,1,1035.82
ORD512144,2,debit_card,9,1746.34
ORD512145,1,COD,1,1816.87
ORD512146,1,UPI,1,199.45
ORD512147,1,UPI,1,2463.11
ORD512148,1,net_banking,3,3329.09
ORD512149,1,COD,1,866.39
ORD512150,1,UPI,1,2532.38
ORD512151,1,COD,1,945.07
ORD512152,1,UPI,1,686.19
ORD512153,1,COD,1,2129.7
ORD512153,2,COD,1,3556.21
ORD512154,1,net_banking,1,1467.83
ORD512154,2,debit_card,1,3003.88
ORD512155,1,net_banking,8,3591.2
ORD512156,1,debit_card,1,2735.76
ORD512156,2,net_banking,1,344.32
ORD512157,1,net_banking,1,1207.84
ORD512158,1,COD,1,1723.43
ORD512158,2,COD,1,3986.23
ORD512159,1,wallet,1,1128.67
ORD512160,1,debit_card,1,2265.51
ORD512161,1,net_banking,1,1562.32
ORD512162,1,credit_card,1,1892.96
ORD512163,1,UPI,10,2478.79
ORD512164,1,credit_card,1,1623.03
ORD512165,1,net_banking,1,892.98
ORD512166,1,COD,1,2519.54
ORD512167,1,UPI,1,1110.57
ORD512168,1,net_banking,1,1245.93
ORD512169,1,wallet,1,3396.25
ORD512170,1,wallet,1,1911.39
ORD512171,1,wallet,1,1953.27
ORD512172,1,debit_card,1,3226.79
ORD512173,1,wallet,1,2727.72
ORD512174,1,wallet,1,3830.78
ORD512175,1,wallet,1,2999.35
ORD512176,1,wallet,1,1227.83
ORD512177,1,UPI,4,1455.1
ORD512178,1,net_banking,8,2253.14
ORD512178,2,credit_card,1,959.62
ORD512179,1,COD,1,2835.94
ORD512180,1,credit_card,11,2132.4
ORD512180,2,net_banking,1,2835.05
ORD512181,1,net_banking,1,3414.43
ORD512182,1,wallet,1,1709.33
ORD512183,1,wallet,1,1023.3
ORD512184,1,debit_card,1,2358.59
ORD512185,1,debit_card,1,253.5
ORD512186,1,UPI,2,207.08
ORD512187,1,UPI,1,1935.76
ORD512187,2,net_banking,8,3044.46
ORD512188,1,UPI,11,1122.31
ORD512189,1,credit_card,1,2844.03
ORD512190,1,UPI,1,3285.96
ORD512191,1,wallet,1,3197.67
ORD512192,1,net_banking,1,3846.6
ORD512193,1,COD,1,1081.72
ORD512194,1,credit_card,1,445.53
ORD512195,1,net_banking,1,2103.72
ORD512196,1,credit_card,1,3994.29
ORD512197,1,credit_card,12,1080.18
ORD512198,1,net_banking,1,3439.2
ORD512199,1,UPI,1,3948.93
ORD512200,1,net_banking,1,895.68
ORD512201,1,COD,1,1756.05
ORD512202,1,UPI,9,2846.94
ORD512203,1,net_banking,5,1468.54
ORD512204,1,UPI,12,1171.97
ORD512205,1,credit_card,1,995.55
ORD512206,1,net_banking,1,2719.22
ORD512207,1,UPI,1,2592.39
ORD512208,1,COD,1,1727.11
ORD512209,1,net_banking,7,2082.81
ORD512210,1,credit_card,1,1391.69
ORD512211,1,COD,1,2460.08
ORD512211,2,debit_card,1,463.65
ORD512212,1,UPI,1,3143.65
ORD512213,1,wallet,1,1231.42
ORD512214,1,debit_card,1,3516.62
ORD512215,1,debit_card,1,2581.35
ORD512216,1,UPI,1,543.3
ORD512217,1,net_banking,1,1508.54
ORD512218,1,COD,1,1465.63
ORD512219,1,credit_card,1,3382.74
ORD512220,1,credit_card,1,1260.4
ORD512221,1,credit_card,1,453.04
ORD512222,1,net_banking,1,3368.79
ORD512223,1,COD,1,3197.62
ORD512224,1,UPI,1,2381.94
ORD512225,1,UPI,1,1611.66
ORD512226,1,debit_card,1,2131.52
ORD512227,1,UPI,1,3576.66
ORD512228,1,net_banking,1,1124.19
ORD512229,1,debit_card,1,234.52
ORD512230,1,net_banking,3,981.51
ORD512231,1,wallet,1,2921.74
ORD512232,1,net_banking,4,2891.55
ORD512233,1,net_banking,1,3077.08
ORD512234,1,COD,1,1007.96
ORD512235,1,net_banking,1,2293.03
ORD512235,2,debit_card,7,1827.63
ORD512236,1,debit_card,1,3051.07
ORD512236,2,wallet,1,3029.5
ORD512237,1,net_banking,1,1122.46
ORD512238,1,credit_card,1,1104.41
ORD512239,1,UPI,1,2377.38
ORD512240,1,UPI,1,1066.4
ORD512241,1,net_banking,4,2186.75
ORD512241,2,credit_card,1,1641.23
ORD512242,1,net_banking,1,2755.3
ORD512243,1,COD,1,1007.8
ORD512244,1,credit_card,1,213.4
ORD512245,1,UPI,1,1096.01
ORD512246,1,credit_card,1,3486.35
ORD512246,2,COD,11,3244.79
ORD512247,1,COD,1,3331.21
ORD512248,1,UPI,1,1983.64
ORD512249,1,net_banking,1,1344.75
ORD512250,1,credit_card,1,3404.53
ORD512251,1,UPI,1,1152.53
ORD512252,1,wallet,1,3407.72
ORD512253,1,credit_card,9,270.7
ORD512254,1,debit_card,1,2732.79
ORD512255,1,UPI,1,3055.81
ORD512256,1,UPI,1,472.58
ORD512257,1,UPI,4,2761.12
ORD512258,1,debit_card,1,204.75
ORD512258,2,UPI,1,3658.78
ORD512259,1,debit_card,1,363.2
ORD512260,1,wallet,11,2199.67
ORD512261,1,debit_card,1,3092.52
ORD512261,2,credit_card,1,1249.07
ORD512262,1,credit_card,1,1825.26
ORD512263,1,UPI,1,878.8
ORD512264,1,wallet,1,1957.62
ORD512265,1,credit_card,1,1612.77
ORD512266,1,UPI,1,222.5
ORD512267,1,credit_card,4,1782.2
ORD512268,1,credit_card,5,2365.93
ORD512269,1,debit_card,1,331.67
ORD512270,1,credit_card,1,3641.51
ORD512271,1,COD,7,2064.45
ORD512272,1,credit_card,1,2904.17
ORD512272,2,UPI,1,3441.38
ORD512273,1,COD,1,1109.53
ORD512273,2,credit_card,1,3222.21
ORD512274,1,net_banking,1,746.99
ORD512275,1,wallet,1,1469.19
ORD512276,1,wallet,1,2945.16
ORD512277,1,UPI,1,382.61
ORD512278,1,net_banking,1,781.98
ORD512278,2,UPI,1,2275.43
ORD512279,1,UPI,1,3184.58
ORD512280,1,UPI,1,3840.3
ORD512281,1,wallet,1,218.25
ORD512282,1,debit_card,1,1290.4
ORD512283,1,UPI,1,2287.01
ORD512284,1,debit_card,1,3881.19
ORD512284,2,net_banking,1,1443.65
ORD512285,1,wallet,6,1694.84
ORD512286,1,net_banking,1,870.6
ORD512287,1,wallet,1,3534.52
ORD512288,1,UPI,9,3481.12
ORD512288,2,credit_card,1,1605.99
ORD512289,1,net_banking,1,605.46
ORD512290,1,debit_card,1,3961.12
ORD512291,1,wallet,1,421.67
ORD512292,1,COD,1,2243.35
ORD512293,1,COD,1,817.09
ORD512294,1,debit_card,1,1093.48
ORD512295,1,credit_card,1,732.84
ORD512296,1,wallet,1,2544.52
ORD512297,1,debit_card,1,3288.19
ORD512298,1,credit_card,1,2160.46
ORD512299,1,net_banking,1,936.2
ORD512300,1,wallet,1,1039.27
ORD512301,1,COD,1,1502.53
ORD512302,1,wallet,1,2189.69
ORD512303,1,wallet,1,2001.04
ORD512304,1,credit_card,1,1620.83
ORD512305,1,UPI,1,2284.83
ORD512306,1,UPI,1,3510.91
ORD512307,1,debit_card,1,3403.73
ORD512308,1,net_banking,1,367.02
ORD512309,1,credit_card,1,2680.41
ORD512310,1,COD,1,2127.82
ORD512311,1,COD,1,3961.43
ORD512312,1,wallet,1,3970.98
ORD512313,1,credit_card,1,3382.32
ORD512314,1,COD,1,1575.32
ORD512315,1,UPI,1,1247.28
ORD512316,1,net_banking,1,915.42
ORD512317,1,wallet,1,1336.24
ORD512318,1,credit_card,1,1435.3
ORD512318,2,wallet,1,1919.75
ORD512319,1,debit_card,1,1991.7
ORD512320,1,COD,1,2015.97
ORD512321,1,net_banking,1,3621.48
ORD512322,1,debit_card,10,464.96
ORD512323,1,COD,1,990.05
ORD512324,1,UPI,1,2588.01
ORD512325,1,wallet,1,1798.27
ORD512326,1,credit_card,1,1866.77
ORD512327,1,credit_card,1,3051.94
ORD512328,1,debit_card,1,2301.2
ORD512329,1,UPI,1,3757.59
ORD512330,1,COD,1,1807.45
ORD512331,1,COD,7,1952.85
ORD512331,2,debit_card,1,3301.02
ORD512332,1,debit_card,1,3097.34
ORD512332,2,UPI,1,2996.25
ORD512333,1,COD,1,2020.75
ORD512334,1,COD,1,3235.04
ORD512335,1,debit_card,1,1432.3
ORD512336,1,net_banking,1,247.1
ORD512337,1,debit_card,1,3869.9
ORD512338,1,COD,1,1304.06
ORD512339,1,COD,1,1971.23
ORD512340,1,net_banking,1,2398.88
ORD512341,1,wallet,1,1612.55
ORD512342,1,COD,1,3264.78
ORD512343,1,credit_card,1,1141.36
ORD512344,1,UPI,1,2890.72
ORD512344,2,net_banking,1,2336.59
ORD512345,1,COD,1,1055.87
ORD512346,1,UPI,1,3693.45
ORD512346,2,net_banking,12,1874.2
ORD512347,1,net_banking,10,1834.68
ORD512348,1,net_banking,1,2985.36
ORD512349,1,debit_card,1,3370.37
ORD512350,1,net_banking,1,3242.05
ORD512351,1,wallet,1,1527.92
ORD512352,1,wallet,1,2137.25
ORD512353,1,debit_card,1,773.74
ORD512353,2,UPI,1,3007.06
ORD512354,1,debit_card,1,1145.57
ORD512355,1,wallet,3,478.36
ORD512356,1,UPI,1,254.11
ORD512357,1,net_banking,1,537.61
ORD512358,1,COD,1,1835.19
ORD512359,1,UPI,1,2888.01
ORD512360,1,COD,9,1080.0
ORD512361,1,wallet,1,1853.44
ORD512362,1,UPI,1,1703.03
ORD512363,1,credit_card,1,2441.85
ORD512364,1,debit_card,1,843.1
ORD512365,1,credit_card,1,890.85
ORD512366,1,debit_card,1,2105.2
ORD512366,2,wallet,1,2481.07
ORD512367,1,net_banking,1,2644.31
ORD512368,1,UPI,7,3188.56
ORD512369,1,debit_card,1,3161.82
ORD512370,1,COD,1,2305.65
ORD512371,1,COD,1,3490.75
ORD512372,1,net_banking,1,1638.87
ORD512373,1,debit_card,1,590.77
ORD512373,2,COD,1,2014.62
ORD512374,1,UPI,1,3559.15
ORD512374,2,debit_card,1,2779.92
ORD512375,1,debit_card,1,2355.12
ORD512376,1,debit_card,1,3287.05
ORD512377,1,net_banking,1,1351.51
ORD512378,1,credit_card,1,2553.11
ORD512379,1,UPI,8,2732.02
ORD512380,1,wallet,1,3681.63
ORD512381,1,COD,1,3752.09
ORD512382,1,net_banking,1,1596.14
ORD512383,1,net_banking,1,1743.67
ORD512384,1,COD,1,1577.64
ORD512385,1,UPI,1,912.01
ORD512386,1,UPI,1,706.25
ORD512387,1,credit_card,1,3521.57
ORD512388,1,net_banking,1,1510.54
ORD512389,1,wallet,1,2702.21
ORD512390,1,net_banking,1,1923.07
ORD512391,1,debit_card,1,3560.62
ORD512392,1,UPI,1,1589.73
ORD512392,2,debit_card,1,1379.34
ORD512393,1,wallet,1,1111.69
ORD512394,1,UPI,8,3637.29
ORD512395,1,net_banking,1,3343.46
ORD512396,1,credit_card,1,3320.44
ORD512397,1,net_banking,5,3252.9
ORD512398,1,UPI,1,675.66
ORD512399,1,credit_card,1,3133.72
ORD512400,1,wallet,1,3847.54
ORD512401,1,credit_card,1,2688.94
ORD512402,1,wallet,10,2482.19
ORD512403,1,credit_card,1,388.49
ORD512403,2,wallet,1,2687.85
ORD512404,1,credit_card,1,2161.28
ORD512405,1,debit_card,1,2703.97
ORD512406,1,wallet,1,1173.79
ORD512407,1,credit_card,1,2509.64
ORD512408,1,debit_card,1,1996.57
ORD512409,1,COD,1,3012.02
ORD512410,1,net_banking,1,278.28
ORD512411,1,UPI,1,507.2
ORD512411,2,wallet,1,2465.06
ORD512412,1,credit_card,1,1223.95
ORD512413,1,credit_card,1,1863.7
ORD512414,1,credit_card,1,3925.39
ORD512415,1,UPI,7,3447.66
ORD512416,1,net_banking,3,2567.61
ORD512417,1,credit_card,1,3901.07
ORD512418,1,debit_card,1,2154.13
ORD512419,1,UPI,6,1404.32
ORD512420,1,COD,1,3914.32
ORD512421,1,wallet,1,3615.32
ORD512422,1,debit_card,1,1294.5
ORD512423,1,UPI,1,1665.24
ORD512424,1,debit_card,1,339.5
ORD512425,1,UPI,1,3116.06
ORD512426,1,debit_card,1,3006.38
ORD512427,1,UPI,1,890.78
ORD512428,1,COD,1,2874.96
ORD512429,1,credit_card,1,3626.8
ORD512430,1,debit_card,1,2721.23
ORD512431,1,COD,1,328.99
ORD512432,1,debit_card,1,2925.24
ORD512433,1,debit_card,1,3581.62
ORD512434,1,wallet,1,1392.99
ORD512435,1,credit_card,1,3473.49
ORD512436,1,UPI,4,1373.73
ORD512437,1,COD,9,3016.89
ORD512438,1,wallet,1,1456.72
ORD512438,2,debit_card,1,2165.41
ORD512439,1,wallet,1,2846.09
ORD512440,1,debit_card,1,347.08
ORD512441,1,net_banking,1,2630.51
ORD512442,1,COD,1,357.06
ORD512443,1,UPI,1,3457.04
ORD512444,1,COD,11,3098.99
ORD512445,1,wallet,1,1637.56
ORD512446,1,COD,1,2545.27
ORD512447,1,COD,1,3680.52
ORD512448,1,debit_card,1,1160.94
ORD512449,1,debit_card,1,617.95
ORD512449,2,UPI,1,630.49
ORD512450,1,debit_card,1,1658.57
ORD512451,1,net_banking,1,2845.97
ORD512452,1,UPI,1,1630.96
ORD512453,1,wallet,1,2961.68
ORD512454,1,UPI,1,967.56
ORD512455,1,credit_card,9,2317.29
ORD512456,1,COD,1,3759.72
ORD512457,1,COD,2,912.38
ORD512458,1,net_banking,1,2891.78
ORD512459,1,wallet,1,3821.71
ORD512460,1,UPI,1,2637.79
ORD512460,2,credit_card,1,3878.87
ORD512461,1,debit_card,1,2214.62
ORD512462,1,UPI,1,760.84
ORD512463,1,wallet,1,212.93
ORD512464,1,UPI,11,2859.83
ORD512465,1,credit_card,1,2849.63
ORD512466,1,UPI,1,2293.74
ORD512466,2,COD,1,2436.54
ORD512467,1,COD,7,2753.39
ORD512468,1,credit_card,1,519.3
ORD512468,2,UPI,10,1149.4
ORD512469,1,COD,1,2619.84
ORD512470,1,wallet,1,3296.09
ORD512471,1,credit_card,6,487.0
ORD512472,1,UPI,1,2588.2
ORD512473,1,net_banking,1,561.62
ORD512474,1,net_banking,1,2373.47
ORD512475,1,UPI,1,2753.61
ORD512476,1,credit_card,1,1024.27
ORD512477,1,wallet,1,739.14
ORD512478,1,net_banking,1,1796.75
ORD512479,1,UPI,4,2449.13
ORD512480,1,COD,8,417.32
ORD512480,2,credit_card,1,2404.28
ORD512481,1,wallet,1,1390.22
ORD512482,1,UPI,1,1578.4
ORD512483,1,COD,1,3673.26
ORD512483,2,net_banking,1,2945.87
ORD512484,1,debit_card,1,3241.53
ORD512485,1,credit_card,1,1485.71
ORD512486,1,UPI,1,3178.87
ORD512487,1,COD,1,766.0
ORD512488,1,credit_card,1,3186.52
ORD512489,1,net_banking,1,2280.1
ORD512490,1,COD,1,3405.62
ORD512491,1,UPI,1,3649.48
ORD512492,1,COD,7,2561.07
ORD512493,1,COD,1,3985.3
ORD512494,1,wallet,9,887.8
ORD512495,1,net_banking,2,814.98
ORD512496,1,net_banking,1,1222.73
ORD512497,1,COD,1,1212.94
ORD512498,1,UPI,2,3140.65
ORD512499,1,COD,1,2920.12
ORD512500,1,UPI,1,1132.59
ORD512501,1,credit_card,9,1553.99
ORD512502,1,net_banking,1,3495.34
ORD512503,1,COD,1,3780.96
ORD512504,1,wallet,4,2324.87
ORD512505,1,credit_card,1,3259.69
ORD512506,1,debit_card,1,910.82
ORD512507,1,net_banking,1,901.58
ORD512508,1,net_banking,12,323.73
ORD512509,1,net_banking,1,619.21
ORD512510,1,COD,1,3597.91
ORD512511,1,debit_card,4,3048.79
ORD512512,1,wallet,6,1717.62
ORD512513,1,UPI,1,3695.46
ORD512514,1,net_banking,1,3262.59
ORD512515,1,credit_card,1,2210.55
ORD512516,1,COD,1,3082.14
ORD512516,2,debit_card,1,422.5
ORD512517,1,UPI,1,764.39
ORD512518,1,net_banking,1,2289.95
ORD512519,1,COD,9,699.15
ORD512520,1,UPI,1,3940.49
ORD512521,1,debit_card,1,2252.84
ORD512522,1,credit_card,7,3269.1
ORD512523,1,wallet,1,2633.72
ORD512524,1,COD,1,1520.45
ORD512524,2,wallet,1,2890.65
ORD512525,1,credit_card,1,2263.03
ORD512526,1,debit_card,1,3927.58
ORD512527,1,net_banking,1,1717.26
ORD512528,1,credit_card,1,3361.19
ORD512528,2,debit_card,1,3750.16
ORD512529,1,COD,1,3807.75
ORD512530,1,debit_card,4,2359.25
ORD512531,1,wallet,1,1149.7
ORD512532,1,COD,1,1028.57
ORD512533,1,debit_card,1,2475.43
ORD512534,1,wallet,1,2935.27
ORD512535,1,COD,1,559.64
ORD512536,1,credit_card,1,1261.89
ORD512537,1,wallet,1,622.62
ORD512538,1,UPI,1,1877.7
ORD512539,1,net_banking,1,3101.28
ORD512540,1,debit_card,1,325.52
ORD512541,1,wallet,1,3755.25
ORD512542,1,credit_card,1,3689.49
ORD512543,1,COD,1,2404.93
ORD512544,1,wallet,1,3839.2
ORD512545,1,debit_card,1,1255.06
ORD512546,1,wallet,1,2710.39
ORD512547,1,credit_card,1,679.75
ORD512548,1,wallet,3,1335.43
ORD512549,1,UPI,1,549.39
ORD512550,1,credit_card,1,2160.28
ORD512551,1,COD,1,3938.06
ORD512552,1,UPI,1,3670.07
ORD512553,1,debit_card,9,2121.53
ORD512554,1,debit_card,1,1561.84
ORD512555,1,UPI,1,772.23
ORD512556,1,UPI,1,2765.49
ORD512557,1,debit_card,1,1711.49
ORD512558,1,net_banking,6,1830.7
ORD512559,1,net_banking,1,3330.35
ORD512560,1,debit_card,1,1158.35
ORD512561,1,net_banking,1,1593.39
ORD512562,1,credit_card,1,3658.09
ORD512563,1,wallet,1,302.32
ORD512564,1,wallet,1,2286.85
ORD512565,1,COD,1,3238.35
ORD512566,1,debit_card,1,3573.53
ORD512567,1,UPI,1,1349.25
ORD512568,1,debit_card,1,979.09
ORD512569,1,UPI,1,2138.48
ORD512569,2,net_banking,1,3836.66
ORD512570,1,UPI,1,1960.01
ORD512571,1,credit_card,6,426.5
ORD512572,1,debit_card,1,3037.11
ORD512573,1,UPI,1,1303.76
ORD512574,1,net_banking,6,1348.6
ORD512575,1,debit_card,1,415.53
ORD512576,1,COD,1,976.86
ORD512577,1,net_banking,1,2356.95
ORD512578,1,UPI,1,1286.74
ORD512579,1,COD,1,466.58
ORD512580,1,COD,1,2347.8
ORD512581,1,debit_card,1,3851.44
ORD512582,1,UPI,1,3838.16
ORD512583,1,debit_card,12,1374.31
ORD512584,1,debit_card,10,1464.08
ORD512584,2,net_banking,1,1397.75
ORD512585,1,wallet,10,2676.64
ORD512586,1,debit_card,1,3285.06
ORD512587,1,UPI,2,3282.21
ORD512588,1,UPI,9,2281.48
ORD512589,1,credit_card,7,1457.12
ORD512590,1,net_banking,1,1806.86
ORD512591,1,debit_card,1,3498.35
ORD512592,1,wallet,1,2673.56
ORD512593,1,COD,1,2201.61
ORD512594,1,net_banking,1,837.57
ORD512595,1,debit_card,1,936.21
ORD512596,1,COD,1,3190.25
ORD512597,1,net_banking,1,2732.6
ORD512598,1,COD,1,2485.14
ORD512599,1,COD,9,1872.69
ORD512600,1,COD,1,2999.73
ORD512601,1,debit_card,1,3602.39
ORD512602,1,wallet,5,2892.92
ORD512603,1,UPI,1,1381.8
ORD512603,2,credit_card,7,1429.87
ORD512604,1,wallet,1,2618.76
ORD512605,1,COD,1,986.92
ORD512606,1,credit_card,1,1599.25
ORD512607,1,credit_card,1,3946.42
ORD512608,1,COD,1,3810.38
ORD512609,1,net_banking,1,1097.41
ORD512610,1,wallet,1,1126.79
ORD512611,1,wallet,1,1802.52
ORD512612,1,debit_card,1,1444.81
ORD512613,1,wallet,3,3152.9
ORD512613,2,UPI,1,3473.02
ORD512614,1,wallet,1,2104.89
ORD512615,1,COD,1,2945.85
ORD512616,1,debit_card,1,3320.11
ORD512617,1,debit_card,1,1009.2
ORD512618,1,UPI,1,992.46
ORD512619,1,COD,1,3764.21
ORD512620,1,debit_card,1,1677.66
ORD512621,1,COD,1,1354.23
ORD512622,1,net_banking,1,2553.45
ORD512623,1,wallet,1,3171.17
ORD512624,1,UPI,1,2675.5
ORD512624,2,debit_card,1,3064.92
ORD512625,1,net_banking,1,1445.81
ORD512626,1,UPI,1,791.15
ORD512627,1,COD,1,471.82
ORD512628,1,COD,5,844.89
ORD512629,1,UPI,1,363.38
ORD512630,1,net_banking,1,1477.77
ORD512631,1,wallet,7,2538.52
ORD512632,1,net_banking,1,3557.82
ORD512633,1,wallet,1,2389.59
ORD512634,1,UPI,1,1567.0
ORD512635,1,credit_card,1,2959.42
ORD512636,1,COD,6,3564.82
ORD512637,1,debit_card,5,2683.86
ORD512637,2,credit_card,1,1153.97
ORD512638,1,net_banking,1,711.56
ORD512639,1,UPI,1,1582.05
ORD512640,1,credit_card,1,2216.91
ORD512641,1,COD,1,3590.15
ORD512642,1,COD,1,2697.24
ORD512643,1,debit_card,1,3515.34
ORD512644,1,COD,10,1337.72
ORD512645,1,UPI,1,2881.72
ORD512646,1,COD,1,479.15
ORD512647,1,COD,1,302.56
ORD512648,1,wallet,1,1983.51
ORD512649,1,debit_card,1,3514.83
ORD512650,1,credit_card,1,2814.22
ORD512651,1,debit_card,1,1571.09
ORD512652,1,net_banking,1,3869.64
ORD512653,1,UPI,1,2243.6
ORD512654,1,UPI,1,1137.48
ORD512655,1,wallet,1,3755.21
ORD512656,1,net_banking,1,2647.15
ORD512656,2,UPI,1,860.29
ORD512657,1,net_banking,1,2479.36
ORD512658,1,wallet,6,3187.7
ORD512659,1,credit_card,1,1047.28
ORD512660,1,net_banking,1,514.22
ORD512661,1,credit_card,1,230.17
ORD512661,2,net_banking,1,668.7
ORD512662,1,credit_card,2,1366.15
ORD512663,1,UPI,12,2532.2
ORD512664,1,wallet,1,2097.08
ORD512665,1,credit_card,1,734.15
ORD512666,1,net_banking,1,1573.99
ORD512667,1,COD,1,883.15
ORD512668,1,UPI,1,336.82
ORD512669,1,debit_card,1,2967.27
ORD512670,1,wallet,1,403.98
ORD512670,2,debit_card,1,3802.49
ORD512671,1,COD,1,3543.73
ORD512671,2,wallet,1,3838.43
ORD512672,1,net_banking,12,1163.99
ORD512672,2,wallet,1,1927.46
ORD512673,1,COD,1,892.9
ORD512674,1,credit_card,1,1259.35
ORD512675,1,wallet,1,2803.33
ORD512676,1,net_banking,1,3850.73
ORD512677,1,net_banking,1,1862.69
ORD512678,1,wallet,1,655.98
ORD512678,2,debit_card,1,1858.26
ORD512679,1,net_banking,10,1058.41
ORD512679,2,wallet,1,1469.05
ORD512680,1,UPI,1,826.7
ORD512680,2,credit_card,1,1208.74
ORD512681,1,COD,5,2647.53
ORD512682,1,credit_card,1,764.44
ORD512683,1,net_banking,1,3379.18
ORD512684,1,UPI,1,441.03
ORD512685,1,debit_card,1,2133.6
ORD512686,1,credit_card,1,2985.24
ORD512687,1,COD,1,1787.47
ORD512688,1,credit_card,1,2002.14
ORD512689,1,UPI,1,263.32
ORD512690,1,net_banking,1,1775.4
ORD512691,1,wallet,1,1526.11
ORD512692,1,UPI,1,525.23
ORD512693,1,UPI,1,3129.54
ORD512693,2,credit_card,1,1473.14
ORD512694,1,wallet,1,2745.08
ORD512695,1,wallet,8,462.15
ORD512696,1,net_banking,1,1085.29
ORD512697,1,COD,1,1368.06
ORD512698,1,UPI,2,1374.58
ORD512699,1,debit_card,1,1743.87
ORD512700,1,net_banking,1,1463.19
ORD512701,1,wallet,1,2750.24
ORD512702,1,UPI,9,1928.88
ORD512703,1,credit_card,1,373.51
ORD512704,1,UPI,5,2592.25
ORD512704,2,credit_card,1,827.13
ORD512705,1,debit_card,1,3488.05
ORD512706,1,credit_card,1,327.97
ORD512707,1,UPI,1,675.77
ORD512708,1,UPI,1,2307.53
ORD512709,1,COD,1,3271.33
ORD512710,1,debit_card,1,3538.06
ORD512711,1,debit_card,1,3747.62
ORD512712,1,credit_card,1,928.56
ORD512713,1,debit_card,1,2869.11
ORD512714,1,UPI,1,3558.4
ORD512715,1,net_banking,1,3313.19
ORD512716,1,wallet,3,3625.81
ORD512716,2,debit_card,9,2023.88
ORD512717,1,credit_card,1,1833.41
ORD512718,1,credit_card,1,2901.5
ORD512719,1,credit_card,8,3679.22
ORD512720,1,debit_card,1,1163.64
ORD512721,1,credit_card,1,862.85
ORD512722,1,net_banking,1,2813.28
ORD512723,1,COD,1,2193.3
ORD512724,1,COD,1,2322.14
ORD512725,1,debit_card,1,3112.39
ORD512726,1,UPI,5,2720.39
ORD512727,1,net_banking,1,1002.28
ORD512728,1,COD,1,2173.77
ORD512729,1,COD,1,2651.56
ORD512730,1,wallet,1,345.66
ORD512731,1,wallet,1,896.7
ORD512732,1,wallet,1,1496.56
ORD512733,1,net_banking,1,2412.98
ORD512733,2,wallet,1,891.57
ORD512734,1,credit_card,11,1478.47
ORD512735,1,COD,1,3061.66
ORD512736,1,UPI,1,2772.39
ORD512737,1,UPI,1,2381.97
ORD512738,1,wallet,1,2587.81
ORD512738,2,credit_card,1,2841.14
ORD512739,1,debit_card,1,2298.71
ORD512739,2,net_banking,1,2065.94
ORD512740,1,net_banking,1,1037.09
ORD512741,1,credit_card,12,1367.5
ORD512742,1,COD,1,3208.52
ORD512743,1,UPI,1,1576.98
ORD512744,1,COD,4,1694.28
ORD512745,1,debit_card,1,1609.84
ORD512746,1,credit_card,1,2224.99
ORD512747,1,UPI,1,2870.18
ORD512748,1,debit_card,1,3199.22
ORD512749,1,debit_card,1,3397.66
ORD512750,1,UPI,1,2484.14
ORD512751,1,wallet,1,2502.15
ORD512751,2,credit_card,1,3071.48
ORD512752,1,net_banking,1,2425.39
ORD512753,1,net_banking,1,614.93
ORD512754,1,wallet,1,3980.3
ORD512755,1,UPI,1,3146.58
ORD512756,1,COD,1,695.72
ORD512757,1,debit_card,1,653.46
ORD512758,1,debit_card,1,3240.96
ORD512759,1,net_banking,8,1542.85
ORD512760,1,wallet,1,1555.9
ORD512761,1,credit_card,1,3413.8
ORD512762,1,debit_card,7,1775.69
ORD512763,1,wallet,1,1286.61
ORD512764,1,debit_card,1,2528.71
ORD512764,2,net_banking,1,3345.03
ORD512765,1,UPI,1,1057.73
ORD512766,1,net_banking,9,1462.57
ORD512767,1,COD,9,2829.65
ORD512768,1,credit_card,1,1191.56
ORD512769,1,UPI,1,3437.56
ORD512770,1,debit_card,1,2376.46
ORD512770,2,wallet,1,3032.78
ORD512771,1,COD,1,3305.66
ORD512772,1,debit_card,1,2313.46
ORD512772,2,COD,1,2628.43
ORD512773,1,COD,1,2188.89
ORD512774,1,credit_card,1,325.63
ORD512774,2,wallet,1,2579.58
ORD512775,1,COD,1,2481.84
ORD512776,1,debit_card,6,2727.29
ORD512777,1,wallet,1,2555.67
ORD512778,1,UPI,1,3394.08
ORD512779,1,debit_card,1,3121.48
ORD512780,1,debit_card,1,3186.84
ORD512781,1,net_banking,1,3378.81
ORD512782,1,UPI,12,3690.48
ORD512783,1,credit_card,1,3322.13
ORD512784,1,COD,4,1009.38
ORD512785,1,debit_card,1,1702.81
ORD512786,1,debit_card,7,1091.63
ORD512787,1,COD,1,257.96
ORD512788,1,net_banking,11,2370.53
ORD512789,1,UPI,1,2746.9
ORD512790,1,net_banking,1,1208.52
ORD512791,1,COD,8,555.69
ORD512792,1,wallet,1,2074.08
ORD512793,1,debit_card,1,1150.47
ORD512794,1,wallet,1,1317.3
ORD512794,2,wallet,1,3469.27
ORD512795,1,debit_card,1,2986.6
ORD512796,1,debit_card,1,2330.85
ORD512797,1,wallet,1,1597.62
ORD512798,1,net_banking,1,696.18
ORD512799,1,net_banking,9,3764.47
ORD512799,2,credit_card,2,1137.85
ORD512800,1,debit_card,1,3692.97
ORD512801,1,credit_card,1,1953.2
ORD512802,1,wallet,1,3138.15
ORD512803,1,UPI,1,3748.44
ORD512803,2,COD,1,1535.46
ORD512804,1,COD,1,775.34
ORD512805,1,credit_card,8,2956.59
ORD512806,1,wallet,1,3232.43
ORD512807,1,credit_card,1,2746.67
ORD512808,1,wallet,1,642.15
ORD512809,1,COD,1,493.24
ORD512810,1,debit_card,1,3107.29
ORD512811,1,credit_card,1,1039.62
ORD512812,1,wallet,1,2216.54
ORD512813,1,debit_card,1,3882.28
ORD512814,1,credit_card,1,1966.98
ORD512815,1,debit_card,8,3736.25
ORD512816,1,debit_card,1,1231.84
ORD512817,1,UPI,7,1200.58
ORD512818,1,debit_card,1,3515.69
ORD512818,2,debit_card,1,1179.46
ORD512819,1,credit_card,1,3035.37
ORD512820,1,net_banking,1,1209.87
ORD512821,1,debit_card,1,854.94
ORD512822,1,debit_card,6,3084.67
ORD512823,1,wallet,1,1368.47
ORD512824,1,wallet,1,1054.37
ORD512825,1,UPI,1,2419.16
ORD512826,1,UPI,1,2462.23
ORD512827,1,net_banking,1,1260.09
ORD512828,1,wallet,1,3192.48
ORD512829,1,debit_card,1,3060.07
ORD512830,1,debit_card,5,810.8
ORD512831,1,COD,1,432.98
ORD512832,1,debit_card,1,2639.99
ORD512833,1,debit_card,1,383.69
ORD512834,1,net_banking,1,2935.85
ORD512835,1,wallet,1,1121.82
ORD512836,1,debit_card,1,3794.06
ORD512837,1,UPI,1,1903.31
ORD512838,1,COD,1,1421.94
ORD512839,1,wallet,1,3403.46
ORD512840,1,net_banking,1,2001.71
ORD512841,1,UPI,1,3936.36
ORD512841,2,credit_card,1,1492.94
ORD512842,1,COD,1,1289.51
ORD512843,1,COD,1,1950.87
ORD512844,1,COD,1,1699.49
ORD512845,1,net_banking,1,244.5
ORD512846,1,debit_card,1,3839.11
ORD512847,1,net_banking,1,1292.28
ORD512847,2,credit_card,1,3782.6
ORD512848,1,debit_card,1,900.84
ORD512849,1,credit_card,1,3509.16
ORD512850,1,credit_card,1,992.07
ORD512851,1,wallet,1,1880.43
ORD512852,1,UPI,1,2251.05
ORD512853,1,UPI,1,3190.24
ORD512854,1,UPI,1,3377.01
ORD512855,1,credit_card,1,1540.09
ORD512856,1,net_banking,1,2827.62
ORD512857,1,UPI,2,2235.39
ORD512858,1,UPI,1,814.69
ORD512859,1,credit_card,1,3842.51
ORD512860,1,UPI,1,1602.52
ORD512861,1,debit_card,1,3684.02
ORD512861,2,credit_card,1,3337.64
ORD512862,1,COD,1,1821.72
ORD512863,1,credit_card,1,1352.6
ORD512864,1,wallet,1,1366.66
ORD512865,1,debit_card,1,712.34
ORD512866,1,debit_card,1,911.85
ORD512867,1,debit_card,1,2398.94
ORD512868,1,debit_card,1,3731.23
ORD512869,1,credit_card,1,3506.04
ORD512870,1,wallet,1,221.47
ORD512871,1,net_banking,1,3540.56
ORD512872,1,debit_card,1,3333.18
ORD512873,1,debit_card,1,3086.68
ORD512874,1,debit_card,1,2477.23
ORD512875,1,wallet,1,3588.2
ORD512876,1,debit_card,1,286.97
ORD512877,1,COD,1,3072.65
ORD512878,1,UPI,1,3614.53
ORD512879,1,credit_card,1,3156.91
ORD512880,1,credit_card,1,2697.06
ORD512881,1,COD,1,3484.35
ORD512882,1,UPI,1,1920.77
ORD512883,1,debit_card,1,2001.66
ORD512884,1,UPI,1,3797.74
ORD512885,1,COD,1,935.14
ORD512885,2,COD,1,2039.39
ORD512886,1,wallet,1,740.31
ORD512887,1,wallet,1,202.36
ORD512888,1,credit_card,1,1637.72
ORD512889,1,UPI,1,3596.23
ORD512890,1,debit_card,1,1274.36
ORD512891,1,UPI,1,1805.09
ORD512892,1,COD,1,445.53
ORD512893,1,credit_card,1,3346.02
ORD512894,1,UPI,3,840.24
ORD512895,1,net_banking,1,3606.52
ORD512896,1,net_banking,1,534.1
ORD512897,1,UPI,1,324.96
ORD512898,1,debit_card,1,1076.12
ORD512899,1,wallet,1,1047.61
ORD512900,1,net_banking,1,1088.29
ORD512901,1,wallet,1,1323.57
ORD512902,1,wallet,1,1595.09
ORD512903,1,COD,4,3618.57
ORD512904,1,debit_card,1,199.84
ORD512905,1,debit_card,1,3997.06
ORD512906,1,debit_card,1,3884.4
ORD512907,1,UPI,1,201.72
ORD512908,1,UPI,1,2560.0
ORD512909,1,COD,1,2834.54
ORD512910,1,credit_card,11,843.36
ORD512911,1,net_banking,1,3491.69
ORD512912,1,debit_card,1,1481.51
ORD512913,1,COD,1,3722.64
ORD512914,1,UPI,1,2634.82
ORD512915,1,net_banking,1,2804.53
ORD512916,1,wallet,1,2020.89
ORD512916,2,debit_card,1,2643.45
ORD512917,1,debit_card,1,3557.74
ORD512917,2,debit_card,1,1770.62
ORD512918,1,credit_card,1,2441.44
ORD512919,1,UPI,1,2096.4
ORD512919,2,debit_card,1,2975.95
ORD512920,1,debit_card,1,3082.77
ORD512921,1,COD,1,501.01
ORD512922,1,net_banking,1,868.43
ORD512923,1,credit_card,1,1145.06
ORD512924,1,COD,1,976.59
ORD512925,1,wallet,1,3256.63
ORD512926,1,net_banking,1,2657.24
ORD512927,1,net_banking,1,2071.08
ORD512928,1,credit_card,1,2712.54
ORD512929,1,credit_card,6,3183.97
ORD512930,1,wallet,1,3049.44
ORD512931,1,debit_card,4,1015.36
ORD512932,1,credit_card,4,349.4
ORD512933,1,wallet,1,3762.57
ORD512934,1,COD,8,1706.5
ORD512935,1,UPI,8,520.21
ORD512936,1,net_banking,1,341.75
ORD512937,1,COD,1,3390.69
ORD512938,1,wallet,2,421.1
ORD512939,1,wallet,1,1535.9
ORD512940,1,UPI,1,1509.46
ORD512941,1,UPI,1,289.04
ORD512942,1,wallet,1,2751.99
ORD512942,2,wallet,1,3750.43
ORD512943,1,wallet,1,1795.29
ORD512943,2,credit_card,1,3018.68
ORD512944,1,UPI,1,3694.05
ORD512945,1,credit_card,1,974.5
ORD512946,1,credit_card,1,1422.72
ORD512947,1,credit_card,1,2411.43
ORD512948,1,wallet,11,1840.35
ORD512949,1,COD,1,2266.45
ORD512949,2,debit_card,1,247.51
ORD512950,1,COD,1,3168.29
ORD512951,1,credit_card,1,2221.14
ORD512952,1,COD,1,2408.43
ORD512952,2,wallet,1,3402.43
ORD512953,1,UPI,1,886.89
ORD512954,1,wallet,7,2390.43
ORD512955,1,debit_card,1,2084.82
ORD512956,1,net_banking,1,1249.38
ORD512957,1,debit_card,1,1837.76
ORD512958,1,wallet,1,1027.3
ORD512959,1,UPI,8,2467.51
ORD512960,1,wallet,1,3509.36
ORD512961,1,debit_card,1,753.25
ORD512962,1,debit_card,5,227.15
ORD512963,1,UPI,3,2080.95
ORD512964,1,debit_card,1,1290.15
ORD512965,1,debit_card,1,606.44
ORD512966,1,wallet,1,2649.23
ORD512967,1,credit_card,5,3119.14
ORD512968,1,net_banking,1,3939.88
ORD512969,1,UPI,1,3369.74
ORD512970,1,credit_card,1,1855.29
ORD512971,1,net_banking,1,2129.1
ORD512972,1,COD,1,3942.12
ORD512973,1,COD,1,1126.93
ORD512974,1,wallet,1,1247.43
ORD512975,1,debit_card,1,750.1
ORD512976,1,net_banking,1,3699.45
ORD512977,1,UPI,1,852.4
ORD512978,1,COD,1,2268.5
ORD512979,1,net_banking,1,734.72
ORD512980,1,wallet,1,382.55
ORD512980,2,debit_card,1,3628.32
ORD512981,1,net_banking,1,2697.62
ORD512982,1,credit_card,1,2508.25
ORD512983,1,credit_card,2,3716.52
ORD512984,1,debit_card,3,3182.98
ORD512985,1,credit_card,1,2291.87
ORD512986,1,credit_card,1,2679.06
ORD512986,2,wallet,1,1152.58
ORD512987,1,COD,1,1099.74
ORD512987,2,net_banking,1,1555.24
ORD512988,1,debit_card,1,1304.55
ORD512989,1,debit_card,1,2513.9
ORD512990,1,net_banking,1,1527.91
ORD512991,1,UPI,11,2547.97
ORD512992,1,net_banking,1,2365.72
ORD512993,1,UPI,1,3024.11
ORD512994,1,credit_card,1,984.38
ORD512995,1,net_banking,1,3807.52
ORD512995,2,UPI,1,1982.68
ORD512996,1,net_banking,1,460.11
ORD512997,1,COD,1,3742.52
ORD512998,1,UPI,1,1573.95
ORD512999,1,wallet,1,2531.57
ORD513000,1,credit_card,1,3416.46
ORD513001,1,debit_card,1,2936.1
ORD513002,1,wallet,1,2931.5
ORD513002,2,UPI,1,2361.15
ORD513003,1,net_banking,1,3437.86
ORD513004,1,net_banking,1,3950.49
ORD513005,1,net_banking,1,3905.88
ORD513006,1,wallet,12,2599.24
ORD513007,1,UPI,1,3228.77
ORD513008,1,debit_card,1,3284.58
ORD513009,1,debit_card,12,206.04
ORD513010,1,wallet,1,2369.31
ORD513011,1,COD,1,3015.25
ORD513011,2,debit_card,1,877.58
ORD513012,1,net_banking,1,2713.14
ORD513013,1,credit_card,9,2207.2
ORD513013,2,credit_card,1,3099.8
ORD513014,1,wallet,1,1360.99
ORD513015,1,debit_card,1,2423.8
ORD513016,1,wallet,1,2716.8
ORD513017,1,credit_card,1,2953.32
ORD513017,2,credit_card,1,2690.14
ORD513018,1,COD,1,1260.73
ORD513019,1,UPI,3,470.4
ORD513020,1,net_banking,1,979.61
ORD513021,1,COD,1,2555.11
ORD513022,1,COD,1,1202.57
ORD513023,1,wallet,1,1772.28
ORD513023,2,UPI,1,1298.28
ORD513024,1,credit_card,1,2854.12
ORD513025,1,debit_card,1,980.57
ORD513026,1,COD,1,3933.94
ORD513027,1,UPI,1,1358.57
ORD513028,1,credit_card,1,2327.77
ORD513029,1,wallet,1,2887.64
ORD513030,1,COD,1,2278.79
ORD513031,1,COD,1,3706.51
ORD513032,1,wallet,1,3743.69
ORD513033,1,debit_card,1,433.2
ORD513034,1,wallet,1,972.44
ORD513035,1,credit_card,1,647.2
ORD513036,1,debit_card,1,1643.56
ORD513037,1,UPI,4,3793.62
ORD513038,1,wallet,1,1595.2
ORD513039,1,wallet,1,840.93
ORD513039,2,credit_card,12,2723.2
ORD513040,1,COD,1,2681.99
ORD513041,1,net_banking,1,1893.91
ORD513042,1,UPI,4,1881.59
ORD513043,1,UPI,1,2474.31
ORD513044,1,net_banking,1,2292.32
ORD513045,1,credit_card,9,2012.36
ORD513046,1,credit_card,1,2867.59
ORD513047,1,UPI,1,1818.72
ORD513048,1,net_banking,1,2540.8
ORD513049,1,debit_card,1,694.54
ORD513049,2,COD,8,2369.06
ORD513050,1,COD,1,3421.14
ORD513051,1,net_banking,1,1067.87
ORD513052,1,debit_card,1,2455.54
ORD513053,1,COD,3,359.66
ORD513054,1,wallet,1,3094.62
ORD513055,1,UPI,11,2274.23
ORD513056,1,net_banking,1,3093.11
ORD513057,1,wallet,1,1069.74
ORD513058,1,net_banking,1,1685.02
ORD513059,1,credit_card,5,2735.01
ORD513060,1,wallet,1,662.38
ORD513061,1,COD,1,596.19
ORD513061,2,credit_card,1,1106.28
ORD513062,1,wallet,1,3866.12
ORD513063,1,COD,1,3557.72
ORD513064,1,net_banking,1,2507.34
ORD513065,1,UPI,1,2691.85
ORD513065,2,COD,1,2513.01
ORD513066,1,COD,1,2234.27
ORD513067,1,net_banking,1,3941.32
ORD513068,1,credit_card,1,3898.97
ORD513069,1,wallet,1,2629.35
ORD513070,1,wallet,1,459.92
ORD513071,1,debit_card,1,3519.58
ORD513072,1,wallet,1,795.93
ORD513072,2,credit_card,1,1482.41
ORD513073,1,UPI,1,2070.81
ORD513074,1,COD,1,557.15
ORD513075,1,net_banking,9,3378.77
ORD513076,1,debit_card,1,318.03
ORD513077,1,net_banking,1,949.81
ORD513078,1,wallet,1,3100.54
ORD513079,1,wallet,1,2792.13
ORD513079,2,net_banking,1,2855.19
ORD513080,1,debit_card,1,1193.17
ORD513081,1,UPI,1,857.24
ORD513082,1,COD,1,1321.19
ORD513083,1,credit_card,1,3159.65
ORD513084,1,UPI,1,2835.97
ORD513084,2,COD,1,3407.52
ORD513085,1,credit_card,1,1004.23
ORD513086,1,debit_card,1,1080.11
ORD513087,1,COD,1,1460.39
ORD513088,1,wallet,1,3702.92
ORD513089,1,net_banking,1,475.1
ORD513090,1,net_banking,1,3165.89
ORD513091,1,wallet,1,1417.6
ORD513092,1,debit_card,1,3295.84
ORD513093,1,wallet,1,1804.12
ORD513094,1,credit_card,1,621.16
ORD513095,1,wallet,1,2053.86
ORD513096,1,wallet,1,337.29
ORD513097,1,debit_card,1,2354.48
ORD513098,1,debit_card,1,2656.35
ORD513099,1,debit_card,1,3031.8
ORD513100,1,credit_card,1,2717.97
ORD513101,1,debit_card,1,1468.97
ORD513102,1,COD,1,3856.42
ORD513103,1,credit_card,1,517.25
ORD513104,1,net_banking,1,3183.38
ORD513104,2,COD,1,3092.19
ORD513105,1,UPI,1,315.17
ORD513106,1,wallet,1,2209.24
ORD513107,1,COD,1,2132.76
ORD513108,1,wallet,1,1123.49
ORD513109,1,debit_card,1,3684.94
ORD513110,1,debit_card,1,1723.69
ORD513110,2,wallet,1,2986.92
ORD513111,1,net_banking,1,2232.68
ORD513112,1,net_banking,1,2533.93
ORD513113,1,COD,1,2053.33
ORD513114,1,debit_card,1,2651.3
ORD513115,1,COD,1,1101.5
ORD513116,1,UPI,1,3380.52
ORD513117,1,COD,1,3715.09
ORD513118,1,wallet,1,321.51
ORD513118,2,wallet,1,2926.01
ORD513119,1,wallet,1,2742.75
ORD513120,1,credit_card,1,2039.98
ORD513120,2,UPI,1,520.98
ORD513121,1,credit_card,1,1748.18
ORD513121,2,credit_card,1,1400.72
ORD513122,1,UPI,1,3400.6
ORD513123,1,net_banking,2,418.82
ORD513124,1,net_banking,1,1816.78
ORD513125,1,debit_card,1,875.56
ORD513125,2,credit_card,1,2356.23
ORD513126,1,UPI,1,2600.65
ORD513127,1,net_banking,12,3038.95
ORD513128,1,UPI,1,3938.29
ORD513129,1,wallet,1,3698.86
ORD513130,1,COD,1,2705.67
ORD513131,1,COD,1,2964.0
ORD513131,2,credit_card,1,2214.12
ORD513132,1,UPI,1,3865.31
ORD513133,1,COD,1,2949.15
ORD513134,1,COD,1,3973.49
ORD513134,2,UPI,1,2748.4
ORD513135,1,net_banking,1,265.71
ORD513136,1,debit_card,1,3826.36
ORD513137,1,COD,1,280.55
ORD513138,1,net_banking,1,3860.84
ORD513139,1,credit_card,2,3918.32
ORD513140,1,net_banking,1,446.7
ORD513141,1,wallet,1,626.33
ORD513142,1,debit_card,1,531.18
ORD513143,1,UPI,1,3550.25
ORD513144,1,debit_card,5,2013.76
ORD513145,1,UPI,1,1941.45
ORD513146,1,debit_card,1,1506.25
ORD513147,1,UPI,1,928.43
ORD513148,1,COD,1,751.54
ORD513149,1,wallet,6,3341.41
ORD513150,1,debit_card,1,1768.47
ORD513150,2,credit_card,1,1141.61
ORD513151,1,wallet,1,510.02
ORD513152,1,wallet,1,1519.23
ORD513153,1,credit_card,6,1879.38
ORD513154,1,credit_card,1,1114.78
ORD513155,1,wallet,1,3338.31
ORD513156,1,debit_card,1,1537.74
ORD513157,1,UPI,1,1511.54
ORD513158,1,debit_card,1,2783.1
ORD513159,1,debit_card,1,3115.89
ORD513160,1,net_banking,7,668.52
ORD513161,1,COD,1,3280.2
ORD513162,1,wallet,1,2188.09
ORD513163,1,wallet,1,738.27
ORD513164,1,UPI,1,2586.21
ORD513165,1,net_banking,1,3701.13
ORD513166,1,UPI,1,2512.79
ORD513167,1,net_banking,1,3397.63
ORD513168,1,UPI,12,1946.04
ORD513169,1,credit_card,1,3009.21
ORD513170,1,COD,1,1062.65
ORD513171,1,credit_card,1,1221.15
ORD513172,1,debit_card,1,2578.34
ORD513173,1,debit_card,11,3309.23
ORD513174,1,credit_card,1,1585.52
ORD513175,1,wallet,1,2878.33
ORD513176,1,UPI,1,2026.91
ORD513176,2,net_banking,1,1687.05
ORD513177,1,credit_card,1,677.68
ORD513178,1,net_banking,1,812.27
ORD513179,1,net_banking,1,3688.78
ORD513180,1,COD,1,2039.41
ORD513181,1,COD,1,2405.01
ORD513182,1,wallet,1,1827.28
ORD513183,1,credit_card,1,3046.55
ORD513184,1,wallet,1,2157.24
ORD513185,1,COD,1,1682.84
ORD513186,1,wallet,8,3570.77
ORD513187,1,credit_card,1,1947.05
ORD513188,1,UPI,1,3171.05
ORD513189,1,net_banking,1,3646.62
ORD513190,1,COD,1,3206.54
ORD513191,1,debit_card,1,3204.78
ORD513192,1,debit_card,1,3315.75
ORD513193,1,wallet,1,1604.1
ORD513194,1,COD,1,721.33
ORD513195,1,debit_card,1,564.09
ORD513196,1,UPI,1,3363.16
ORD513197,1,credit_card,1,3595.72
ORD513197,2,debit_card,1,2138.62
ORD513198,1,UPI,11,1950.58
ORD513199,1,net_banking,1,1248.79
ORD513200,1,wallet,8,3123.81
ORD513201,1,debit_card,2,2504.03
ORD513202,1,debit_card,1,3898.75
ORD513203,1,net_banking,12,1903.97
ORD513203,2,UPI,1,815.55
ORD513204,1,UPI,11,284.13
ORD513205,1,UPI,1,855.02
ORD513206,1,COD,1,956.52
ORD513207,1,COD,1,3883.93
ORD513208,1,credit_card,1,3935.83
ORD513209,1,UPI,1,1757.1
ORD513210,1,net_banking,1,321.43
ORD513211,1,debit_card,3,1720.72
ORD513212,1,UPI,1,1974.99
ORD513213,1,COD,1,3584.27
ORD513214,1,wallet,1,2692.26
ORD513215,1,debit_card,1,3608.71
ORD513215,2,debit_card,1,2682.26
ORD513216,1,net_banking,2,1602.36
ORD513216,2,debit_card,1,1056.43
ORD513217,1,credit_card,1,843.61
ORD513218,1,COD,1,2057.32
ORD513219,1,debit_card,1,2998.32
ORD513220,1,net_banking,1,1747.13
ORD513221,1,credit_card,1,723.12
ORD513222,1,wallet,1,3097.98
ORD513223,1,debit_card,1,2884.46
ORD513224,1,net_banking,1,1078.81
ORD513224,2,COD,1,3099.78
ORD513225,1,credit_card,1,3917.41
ORD513226,1,debit_card,1,2599.41
ORD513227,1,UPI,1,3856.67
ORD513228,1,net_banking,11,1963.23
ORD513228,2,UPI,1,748.88
ORD513229,1,COD,1,2856.52
ORD513230,1,wallet,1,756.52
ORD513231,1,UPI,9,262.93
ORD513232,1,wallet,1,3793.45
ORD513232,2,COD,2,3541.62
ORD513233,1,UPI,1,2836.84
ORD513234,1,net_banking,1,1856.46
ORD513235,1,credit_card,1,3105.93
ORD513236,1,UPI,1,2980.16
ORD513237,1,UPI,7,3278.54
ORD513238,1,wallet,1,2666.97
ORD513238,2,wallet,1,2504.64
ORD513239,1,credit_card,1,1029.66
ORD513240,1,debit_card,1,3733.13
ORD513241,1,credit_card,1,1666.94
ORD513242,1,UPI,1,1898.71
ORD513243,1,net_banking,1,289.39
ORD513244,1,UPI,1,3070.92
ORD513245,1,debit_card,4,3968.19
ORD513246,1,debit_card,1,1478.01
ORD513247,1,COD,3,1773.53
ORD513248,1,debit_card,1,452.56
ORD513249,1,debit_card,1,3289.55
ORD513250,1,net_banking,1,3189.14
ORD513251,1,net_banking,1,2912.36
ORD513251,2,net_banking,1,2334.73
ORD513252,1,debit_card,1,2639.29
ORD513252,2,wallet,1,2950.04
ORD513253,1,net_banking,1,453.2
ORD513254,1,UPI,1,1081.76
ORD513255,1,wallet,2,1990.94
ORD513256,1,UPI,1,2416.15
ORD513257,1,credit_card,1,2076.89
ORD513258,1,debit_card,1,2998.68
ORD513259,1,net_banking,1,2670.85
ORD513260,1,COD,1,2319.57
ORD513261,1,UPI,1,939.03
ORD513262,1,UPI,1,3778.8
ORD513263,1,wallet,1,1385.82
ORD513264,1,net_banking,8,639.16
ORD513265,1,wallet,1,3560.15
ORD513266,1,wallet,1,2623.48
ORD513267,1,credit_card,1,995.33
ORD513268,1,COD,1,2260.4
ORD513269,1,COD,1,2744.23
ORD513270,1,wallet,1,2850.1
ORD513271,1,credit_card,1,1807.55
ORD513272,1,credit_card,1,1483.87
ORD513273,1,net_banking,1,612.8
ORD513274,1,credit_card,8,2526.23
ORD513275,1,credit_card,1,862.52
ORD513276,1,UPI,5,1414.09
ORD513277,1,COD,7,494.32
ORD513278,1,UPI,1,357.02
ORD513279,1,wallet,2,2659.25
ORD513280,1,debit_card,1,3276.9
ORD513281,1,UPI,1,2955.03
ORD513282,1,credit_card,1,3478.37
ORD513283,1,debit_card,1,3194.85
ORD513284,1,credit_card,1,357.13
ORD513285,1,UPI,1,962.78
ORD513286,1,wallet,3,2743.61
ORD513287,1,debit_card,1,2642.42
ORD513288,1,wallet,1,2443.6
ORD513289,1,wallet,1,1550.86
ORD513290,1,UPI,1,3432.17
ORD513291,1,credit_card,1,3811.87
ORD513292,1,net_banking,1,2789.08
ORD513293,1,credit_card,1,3745.08
ORD513294,1,UPI,1,747.75
ORD513295,1,COD,1,3967.78
ORD513296,1,credit_card,1,839.52
ORD513297,1,credit_card,1,3013.12
ORD513298,1,net_banking,5,3468.26
ORD513298,2,COD,1,2662.96
ORD513299,1,credit_card,1,1583.29
ORD513300,1,debit_card,1,1546.78
ORD513301,1,wallet,1,2720.89
ORD513302,1,UPI,1,322.19
ORD513303,1,net_banking,1,2295.52
ORD513304,1,UPI,1,2135.1
ORD513305,1,net_banking,1,1488.41
ORD513306,1,credit_card,1,1830.52
ORD513307,1,credit_card,1,2910.55
ORD513308,1,COD,8,1063.88
ORD513309,1,wallet,1,3112.19
ORD513310,1,UPI,1,2238.89
ORD513310,2,debit_card,1,1916.5
ORD513311,1,wallet,1,1564.64
ORD513312,1,wallet,1,2557.55
ORD513312,2,UPI,1,3854.25
ORD513313,1,wallet,1,1093.13
ORD513314,1,COD,1,264.2
ORD513315,1,COD,1,3316.49
ORD513316,1,debit_card,1,2277.73
ORD513317,1,UPI,1,958.7
ORD513318,1,credit_card,1,1735.89
ORD513319,1,credit_card,1,1614.29
ORD513320,1,net_banking,1,3552.01
ORD513321,1,COD,1,952.23
ORD513322,1,wallet,7,1904.55
ORD513323,1,debit_card,1,3608.22
ORD513324,1,wallet,1,1997.85
ORD513325,1,wallet,1,1687.44
ORD513326,1,net_banking,1,664.74
ORD513327,1,UPI,1,2396.96
ORD513328,1,UPI,1,1395.15
ORD513329,1,credit_card,3,3288.26
ORD513330,1,UPI,1,252.6
ORD513331,1,UPI,1,2494.06
ORD513332,1,credit_card,1,3828.72
ORD513333,1,credit_card,5,2613.37
ORD513334,1,credit_card,1,2849.94
ORD513335,1,UPI,3,3477.0
ORD513336,1,wallet,3,1516.94
ORD513336,2,debit_card,1,3535.52
ORD513337,1,UPI,1,3654.87
ORD513338,1,net_banking,1,2390.79
ORD513339,1,debit_card,1,3299.47
ORD513340,1,UPI,1,1810.76
ORD513341,1,wallet,1,3200.87
ORD513342,1,COD,1,3280.02
ORD513343,1,debit_card,1,1079.76
ORD513344,1,UPI,1,543.64
ORD513345,1,credit_card,1,3940.22
ORD513346,1,COD,8,3631.77
ORD513347,1,debit_card,1,560.89
ORD513348,1,net_banking,8,3250.49
ORD513349,1,UPI,1,3854.34
ORD513350,1,wallet,1,417.18
ORD513351,1,debit_card,1,1979.3
ORD513352,1,UPI,1,3119.76
ORD513353,1,net_banking,1,3925.89
ORD513354,1,debit_card,1,1942.24
ORD513355,1,debit_card,1,1025.83
ORD513356,1,wallet,1,2582.75
ORD513357,1,COD,1,3161.49
ORD513358,1,credit_card,1,2129.95
ORD513359,1,debit_card,1,985.91
ORD513359,2,wallet,1,3267.85
ORD513360,1,wallet,7,1005.32
ORD513361,1,UPI,1,3772.92
ORD513362,1,UPI,5,2635.73
ORD513363,1,debit_card,1,1118.52
ORD513364,1,COD,1,3403.14
ORD513365,1,debit_card,1,3047.03
ORD513365,2,COD,1,1254.91
ORD513366,1,credit_card,1,3918.32
ORD513367,1,net_banking,9,719.13
ORD513367,2,UPI,12,2194.71
ORD513368,1,COD,1,2346.58
ORD513369,1,UPI,3,484.22
ORD513370,1,debit_card,11,2110.21
ORD513371,1,net_banking,1,1139.59
ORD513372,1,UPI,1,353.24
ORD513373,1,wallet,1,862.61
ORD513374,1,credit_card,1,3546.58
ORD513375,1,debit_card,1,2003.98
ORD513376,1,COD,12,1394.87
ORD513377,1,credit_card,1,2902.07
ORD513378,1,net_banking,1,1347.53
ORD513379,1,wallet,1,3813.84
ORD513380,1,COD,6,2512.94
ORD513381,1,UPI,1,3987.54
ORD513382,1,UPI,1,2069.6
ORD513383,1,wallet,12,2287.82
ORD513384,1,credit_card,1,2624.86
ORD513384,2,UPI,1,3692.12
ORD513385,1,UPI,1,1674.2
ORD513386,1,UPI,1,3766.32
ORD513387,1,credit_card,1,414.03
ORD513388,1,COD,1,1333.28
ORD513389,1,wallet,1,721.18
ORD513390,1,credit_card,4,2509.43
ORD513391,1,debit_card,1,3903.99
ORD513392,1,credit_card,1,700.39
ORD513393,1,UPI,12,3631.31
ORD513394,1,wallet,2,3824.99
ORD513395,1,UPI,1,655.6
ORD513396,1,debit_card,1,2632.88
ORD513397,1,credit_card,1,2808.43
ORD513398,1,wallet,1,2335.8
ORD513399,1,wallet,1,1484.56
ORD513400,1,credit_card,1,1043.25
ORD513401,1,debit_card,1,1116.84
ORD513402,1,wallet,1,1254.14
ORD513403,1,net_banking,1,1546.13
ORD513404,1,credit_card,1,1219.67
ORD513405,1,debit_card,2,300.52
ORD513406,1,net_banking,1,2318.76
ORD513406,2,UPI,1,2828.92
ORD513407,1,COD,1,1526.02
ORD513408,1,net_banking,1,717.15
ORD513409,1,debit_card,1,3810.21
ORD513410,1,credit_card,1,3305.51
ORD513410,2,UPI,1,1060.05
ORD513411,1,wallet,1,1402.63
ORD513412,1,UPI,1,3698.18
ORD513413,1,net_banking,1,3254.72
ORD513414,1,COD,2,2034.14
ORD513415,1,COD,1,660.22
ORD513416,1,debit_card,1,576.05
ORD513417,1,COD,1,1639.77
ORD513418,1,credit_card,1,807.57
ORD513419,1,credit_card,1,2169.08
ORD513420,1,credit_card,1,2742.99
ORD513421,1,wallet,1,3204.42
ORD513421,2,UPI,7,2511.74
ORD513422,1,credit_card,1,1195.9
ORD513423,1,COD,1,2215.82
ORD513424,1,wallet,8,633.98
ORD513425,1,COD,1,2022.87
ORD513426,1,UPI,1,3576.89
ORD513426,2,debit_card,1,3006.43
ORD513427,1,UPI,1,3932.53
ORD513428,1,net_banking,1,2551.12
ORD513429,1,UPI,1,1193.82
ORD513430,1,wallet,11,3881.92
ORD513431,1,credit_card,1,3358.14
ORD513432,1,credit_card,3,3752.59
ORD513433,1,net_banking,1,3179.76
ORD513434,1,net_banking,6,3387.22
ORD513434,2,credit_card,1,610.38
ORD513435,1,COD,9,3395.3
ORD513435,2,UPI,1,527.31
ORD513436,1,net_banking,1,2355.52
ORD513437,1,COD,1,1378.82
ORD513438,1,UPI,1,1085.77
ORD513439,1,net_banking,11,1978.91
ORD513440,1,UPI,1,664.16
ORD513441,1,COD,7,2645.34
ORD513442,1,wallet,1,2392.19
ORD513443,1,wallet,1,1083.86
ORD513444,1,wallet,1,1094.18
ORD513445,1,net_banking,1,2210.6
ORD513446,1,COD,1,1912.32
ORD513447,1,debit_card,1,3146.2
ORD513448,1,UPI,1,3100.28
ORD513448,2,UPI,1,3807.63
ORD513449,1,net_banking,1,1934.77
ORD513450,1,COD,9,1663.87
ORD513451,1,credit_card,1,2147.27
ORD513452,1,UPI,1,753.27
ORD513453,1,COD,1,205.33
ORD513454,1,UPI,6,3450.48
ORD513455,1,net_banking,2,3687.79
ORD513456,1,debit_card,1,1719.36
ORD513457,1,credit_card,1,3797.9
ORD513458,1,debit_card,1,3322.65
ORD513459,1,wallet,1,1359.48
ORD513460,1,wallet,1,2986.2
ORD513461,1,UPI,1,3650.95
ORD513462,1,credit_card,1,3181.67
ORD513463,1,credit_card,11,2692.38
ORD513464,1,wallet,1,1836.39
ORD513465,1,net_banking,1,2224.75
ORD513466,1,net_banking,1,2495.26
ORD513467,1,credit_card,1,1229.37
ORD513468,1,wallet,1,3314.82
ORD513469,1,wallet,11,1469.88
ORD513470,1,COD,7,1932.46
ORD513471,1,wallet,1,2852.71
ORD513472,1,credit_card,1,1489.94
ORD513473,1,credit_card,1,2708.35
ORD513474,1,debit_card,1,1718.69
ORD513475,1,debit_card,1,497.88
ORD513476,1,debit_card,1,2573.46
ORD513477,1,net_banking,1,656.26
ORD513478,1,debit_card,1,2941.27
ORD513479,1,net_banking,1,2475.29
ORD513479,2,debit_card,8,3393.65
ORD513480,1,credit_card,1,3046.56
ORD513481,1,COD,1,2021.5
ORD513482,1,UPI,1,3716.81
ORD513483,1,COD,2,2892.38
ORD513483,2,debit_card,1,403.82
ORD513484,1,net_banking,1,3105.99
ORD513485,1,wallet,1,1975.79
ORD513486,1,wallet,1,1858.88
ORD513486,2,debit_card,7,1273.65
ORD513487,1,UPI,1,713.69
ORD513488,1,wallet,1,2881.09
ORD513489,1,UPI,10,1801.52
ORD513490,1,credit_card,1,1698.85
ORD513491,1,credit_card,1,712.79
ORD513492,1,UPI,8,2165.58
ORD513493,1,debit_card,1,586.63
ORD513494,1,credit_card,1,2265.38
ORD513495,1,credit_card,1,1701.33
ORD513495,2,debit_card,1,526.2
ORD513496,1,credit_card,1,1565.97
ORD513496,2,COD,1,235.45
ORD513497,1,UPI,1,1074.55
ORD513498,1,COD,4,2116.02
ORD513499,1,net_banking,1,2927.88
ORD513500,1,debit_card,2,1557.43
ORD513501,1,credit_card,1,3150.42
ORD513502,1,net_banking,1,347.26
ORD513502,2,net_banking,11,1269.64
ORD513503,1,debit_card,1,614.22
ORD513504,1,credit_card,1,1241.76
ORD513505,1,UPI,1,1901.82
ORD513506,1,UPI,1,2594.97
ORD513507,1,COD,1,3145.47
ORD513508,1,net_banking,1,442.62
ORD513509,1,credit_card,1,1525.02
ORD513510,1,net_banking,1,1350.4
ORD513510,2,debit_card,1,1145.1
ORD513511,1,wallet,9,2294.8
ORD513512,1,net_banking,1,1645.03
ORD513512,2,UPI,2,846.72
ORD513513,1,wallet,1,1205.11
ORD513514,1,debit_card,4,1730.99
ORD513515,1,credit_card,1,1767.33
ORD513516,1,COD,1,3113.82
ORD513517,1,net_banking,1,2694.57
ORD513518,1,debit_card,1,260.19
ORD513519,1,COD,1,1815.78
ORD513520,1,UPI,1,446.08
ORD513521,1,debit_card,1,3400.84
ORD513522,1,UPI,1,2601.2
ORD513523,1,UPI,1,3451.2
ORD513524,1,COD,11,3393.81
ORD513525,1,debit_card,1,1993.91
ORD513526,1,credit_card,1,3154.78
ORD513527,1,UPI,1,1452.98
ORD513527,2,debit_card,1,2242.32
ORD513528,1,UPI,1,3881.23
ORD513529,1,debit_card,1,1747.34
ORD513529,2,UPI,1,2548.76
ORD513530,1,credit_card,1,976.25
ORD513531,1,net_banking,1,1995.7
ORD513532,1,COD,1,951.27
ORD513532,2,wallet,1,693.94
ORD513533,1,credit_card,1,3761.32
ORD513534,1,credit_card,1,1392.61
ORD513535,1,wallet,1,3870.08
ORD513536,1,UPI,1,323.74
ORD513536,2,COD,1,1285.75
ORD513537,1,wallet,1,2572.84
ORD513538,1,net_banking,1,1012.31
ORD513538,2,credit_card,1,1865.39
ORD513539,1,wallet,1,445.78
ORD513540,1,wallet,1,1414.17
ORD513541,1,credit_card,1,3736.33
ORD513542,1,wallet,1,1490.75
ORD513543,1,debit_card,1,1348.84
ORD513544,1,debit_card,1,1162.71
ORD513545,1,net_banking,1,2548.62
ORD513546,1,UPI,1,436.77
ORD513547,1,credit_card,1,389.21
ORD513548,1,COD,3,2465.99
ORD513549,1,UPI,1,2149.8
ORD513550,1,debit_card,1,3797.43
ORD513551,1,wallet,7,2306.18
ORD513552,1,COD,1,2283.81
ORD513553,1,wallet,1,219.97
ORD513554,1,net_banking,1,3472.22
ORD513555,1,credit_card,1,588.6
ORD513556,1,UPI,1,2375.92
ORD513557,1,credit_card,1,1753.66
ORD513558,1,UPI,1,1184.55
ORD513559,1,debit_card,1,2939.82
ORD513560,1,UPI,1,2697.57
ORD513561,1,debit_card,1,2998.65
ORD513562,1,net_banking,3,3205.0
ORD513563,1,credit_card,1,3793.46
ORD513564,1,COD,1,1968.14
ORD513565,1,net_banking,1,1408.47
ORD513566,1,COD,1,914.77
ORD513567,1,net_banking,1,316.44
ORD513568,1,UPI,3,3049.49
ORD513569,1,debit_card,1,431.08
ORD513570,1,debit_card,1,844.56
ORD513571,1,net_banking,2,3009.92
ORD513572,1,UPI,1,3884.62
ORD513573,1,COD,1,1711.38
ORD513574,1,wallet,1,3331.57
ORD513575,1,credit_card,5,3049.88
ORD513576,1,UPI,1,2612.39
ORD513577,1,UPI,1,1755.36
ORD513578,1,UPI,3,679.64
ORD513579,1,UPI,1,1918.31
ORD513580,1,debit_card,1,297.45
ORD513581,1,wallet,1,1058.25
ORD513582,1,net_banking,1,3090.19
ORD513583,1,UPI,1,1760.45
ORD513584,1,wallet,1,3924.93
ORD513585,1,credit_card,1,2761.34
ORD513586,1,wallet,1,799.39
ORD513587,1,COD,1,1226.11
ORD513588,1,credit_card,1,3058.42
ORD513589,1,UPI,1,1025.89
ORD513590,1,net_banking,1,1107.7
ORD513591,1,net_banking,1,2800.26
ORD513592,1,wallet,1,1439.85
ORD513593,1,wallet,1,623.51
ORD513594,1,debit_card,1,272.28
ORD513595,1,wallet,2,2989.9
ORD513596,1,net_banking,8,1064.12
ORD513597,1,wallet,1,2871.27
ORD513598,1,UPI,1,2978.4
ORD513599,1,debit_card,1,2989.69
ORD513600,1,debit_card,6,3300.52
ORD513601,1,COD,1,1841.48
ORD513602,1,wallet,1,1866.75
ORD513603,1,UPI,1,1438.11
ORD513604,1,wallet,1,380.22
ORD513605,1,debit_card,1,3671.78
ORD513606,1,wallet,1,1267.57
ORD513607,1,UPI,1,1329.34
ORD513608,1,COD,1,3317.44
ORD513609,1,credit_card,1,229.89
ORD513610,1,credit_card,1,1102.66
ORD513610,2,credit_card,1,3064.2
ORD513611,1,wallet,1,1243.64
ORD513612,1,credit_card,1,429.39
ORD513613,1,wallet,1,1306.52
ORD513614,1,wallet,1,3506.99
ORD513615,1,debit_card,1,438.5
ORD513616,1,net_banking,1,1286.51
ORD513617,1,debit_card,6,3394.15
ORD513618,1,net_banking,1,1804.17
ORD513619,1,UPI,1,3769.26
ORD513620,1,wallet,1,3036.53
ORD513621,1,UPI,1,3657.71
ORD513622,1,wallet,4,1747.68
ORD513623,1,net_banking,1,3949.73
ORD513624,1,UPI,1,2722.05
ORD513625,1,wallet,1,3911.31
ORD513626,1,debit_card,6,2259.73
ORD513627,1,UPI,1,3799.28
ORD513628,1,COD,1,450.74
ORD513629,1,net_banking,1,634.03
ORD513630,1,UPI,1,478.81
ORD513631,1,net_banking,3,623.52
ORD513632,1,wallet,1,544.7
ORD513633,1,COD,10,2324.34
ORD513634,1,UPI,1,1587.65
ORD513635,1,COD,1,3906.72
ORD513635,2,credit_card,1,1729.96
ORD513636,1,net_banking,1,1196.63
ORD513637,1,UPI,1,814.87
ORD513638,1,UPI,1,1410.97
ORD513639,1,COD,4,1332.47
ORD513640,1,debit_card,1,3814.71
ORD513641,1,net_banking,1,1075.52
ORD513641,2,net_banking,1,1947.48
ORD513642,1,credit_card,1,750.77
ORD513643,1,COD,1,3052.05
ORD513644,1,debit_card,1,1218.94
ORD513645,1,credit_card,1,3627.56
ORD513646,1,wallet,1,2361.31
ORD513647,1,net_banking,1,507.54
ORD513648,1,COD,3,2334.88
ORD513649,1,COD,1,2988.13
ORD513650,1,UPI,1,776.71
ORD513651,1,COD,1,412.86
ORD513652,1,net_banking,1,1096.21
ORD513653,1,wallet,1,1765.13
ORD513654,1,net_banking,1,1291.39
ORD513655,1,wallet,1,3326.19
ORD513656,1,UPI,1,1542.14
ORD513657,1,wallet,1,1868.21
ORD513658,1,credit_card,1,1110.96
ORD513659,1,net_banking,1,3182.37
ORD513660,1,credit_card,1,2788.72
ORD513661,1,wallet,1,3497.75
ORD513662,1,COD,1,2767.05
ORD513663,1,debit_card,1,688.15
ORD513664,1,wallet,1,3775.64
ORD513665,1,UPI,1,2511.74
ORD513666,1,net_banking,1,3808.9
ORD513667,1,net_banking,1,390.54
ORD513668,1,debit_card,9,3675.57
ORD513669,1,UPI,1,2677.45
ORD513670,1,UPI,1,2712.44
ORD513671,1,credit_card,1,3907.85
ORD513672,1,UPI,1,3938.69
ORD513672,2,wallet,1,1583.04
ORD513673,1,debit_card,1,2175.34
ORD513674,1,net_banking,1,2815.6
ORD513675,1,UPI,1,819.94
ORD513676,1,UPI,1,2892.96
ORD513677,1,COD,1,2250.69
ORD513678,1,credit_card,1,2761.2
ORD513679,1,wallet,1,2453.36
ORD513680,1,wallet,9,1290.76
ORD513681,1,net_banking,1,973.47
ORD513682,1,net_banking,7,3870.86
ORD513683,1,net_banking,1,1630.83
ORD513684,1,COD,6,2111.71
ORD513685,1,debit_card,1,3094.55
ORD513686,1,wallet,1,323.93
ORD513687,1,credit_card,1,2681.06
ORD513688,1,UPI,1,3422.67
ORD513689,1,credit_card,1,232.85
ORD513690,1,debit_card,1,1348.87
ORD513691,1,UPI,1,1645.77
ORD513692,1,net_banking,1,727.48
ORD513693,1,credit_card,7,2700.39
ORD513694,1,net_banking,1,3691.58
ORD513695,1,credit_card,1,1955.2
ORD513696,1,credit_card,11,213.88
ORD513697,1,COD,8,2004.34
ORD513698,1,UPI,8,2104.13
ORD513698,2,UPI,2,3681.4
ORD513699,1,UPI,1,1498.01
ORD513700,1,UPI,1,1688.23
ORD513701,1,credit_card,1,1933.14
ORD513702,1,wallet,1,1848.68
ORD513703,1,debit_card,1,1621.13
ORD513704,1,wallet,1,2422.98
ORD513705,1,debit_card,1,3393.6
ORD513706,1,net_banking,6,1165.5
ORD513707,1,credit_card,1,2111.7
ORD513708,1,COD,1,1828.43
ORD513708,2,UPI,8,2222.71
ORD513709,1,net_banking,1,1543.19
ORD513710,1,debit_card,1,1152.58
ORD513711,1,credit_card,1,2860.23
ORD513712,1,UPI,11,845.41
ORD513712,2,net_banking,10,1579.11
ORD513713,1,COD,1,1363.88
ORD513714,1,credit_card,1,397.94
ORD513715,1,credit_card,1,3907.63
ORD513716,1,debit_card,1,3519.14
ORD513716,2,UPI,1,2046.48
ORD513717,1,UPI,1,1854.98
ORD513717,2,credit_card,1,2545.37
ORD513718,1,UPI,1,665.86
ORD513719,1,COD,1,2970.62
ORD513719,2,COD,6,1457.73
ORD513720,1,UPI,1,2461.11
ORD513721,1,net_banking,1,2322.01
ORD513722,1,UPI,1,3460.23
ORD513723,1,COD,1,760.73
ORD513724,1,debit_card,1,3614.24
ORD513725,1,UPI,1,1143.99
ORD513726,1,wallet,11,420.7
ORD513727,1,COD,1,2943.82
ORD513728,1,UPI,1,2806.06
ORD513728,2,credit_card,1,463.68
ORD513729,1,credit_card,1,1208.71
ORD513730,1,UPI,1,3149.36
ORD513731,1,COD,7,224.67
ORD513732,1,UPI,1,1586.34
ORD513733,1,UPI,3,3975.98
ORD513734,1,debit_card,7,2850.73
ORD513735,1,debit_card,7,3490.92
ORD513736,1,wallet,1,1999.73
ORD513737,1,net_banking,1,2675.16
ORD513738,1,credit_card,1,2918.27
ORD513739,1,UPI,1,835.72
ORD513739,2,net_banking,1,3907.54
ORD513740,1,debit_card,1,1384.22
ORD513741,1,debit_card,1,2646.1
ORD513742,1,COD,1,426.14
ORD513743,1,credit_card,1,2780.77
ORD513743,2,debit_card,1,608.45
ORD513744,1,UPI,1,1011.17
ORD513745,1,net_banking,1,849.82
ORD513746,1,debit_card,1,2332.42
ORD513747,1,wallet,1,233.66
ORD513748,1,credit_card,1,3531.37
ORD513749,1,wallet,1,1781.54
ORD513750,1,net_banking,1,3113.84
ORD513751,1,net_banking,1,584.45
ORD513752,1,UPI,1,2177.92
ORD513753,1,wallet,1,3817.45
ORD513753,2,debit_card,1,404.56
ORD513754,1,COD,1,2504.12
ORD513755,1,COD,1,2915.9
ORD513756,1,UPI,1,1529.09
ORD513757,1,net_banking,1,1821.88
ORD513757,2,UPI,1,2655.78
ORD513758,1,COD,1,3472.52
ORD513759,1,credit_card,1,3088.36
ORD513760,1,debit_card,1,925.23
ORD513761,1,debit_card,1,3257.72
ORD513762,1,UPI,1,2457.11
ORD513763,1,UPI,1,3938.67
ORD513764,1,credit_card,7,1377.82
ORD513765,1,credit_card,1,2608.6
ORD513766,1,wallet,1,1171.78
ORD513767,1,debit_card,1,1842.93
ORD513768,1,debit_card,1,2258.94
ORD513769,1,credit_card,1,2561.82
ORD513770,1,UPI,9,2869.98
ORD513771,1,wallet,1,2610.44
ORD513772,1,debit_card,1,1328.16
ORD513773,1,debit_card,1,882.88
ORD513774,1,debit_card,1,3586.31
ORD513775,1,UPI,1,3158.75
ORD513776,1,net_banking,1,3027.99
ORD513777,1,debit_card,1,3579.42
ORD513778,1,wallet,1,555.36
ORD513779,1,wallet,1,1804.88
ORD513780,1,debit_card,9,1302.88
ORD513781,1,wallet,1,716.61
ORD513782,1,credit_card,1,3247.88
ORD513783,1,wallet,1,1148.37
ORD513784,1,UPI,1,930.69
ORD513785,1,credit_card,3,2696.61
ORD513786,1,wallet,1,2715.61
ORD513787,1,net_banking,1,2908.75
ORD513787,2,debit_card,1,1578.11
ORD513788,1,debit_card,1,3025.49
ORD513789,1,net_banking,1,582.82
ORD513790,1,credit_card,1,3154.25
ORD513791,1,credit_card,9,2890.83
ORD513792,1,COD,11,327.56
ORD513792,2,COD,1,3198.83
ORD513793,1,net_banking,1,1504.19
ORD513794,1,UPI,1,3551.12
ORD513795,1,credit_card,1,715.29
ORD513796,1,debit_card,1,3628.69
ORD513797,1,COD,1,2463.63
ORD513798,1,debit_card,1,3472.28
ORD513799,1,COD,1,1071.26
ORD513800,1,wallet,1,3674.55
ORD513800,2,debit_card,1,2161.5
ORD513801,1,net_banking,1,1951.66
ORD513802,1,wallet,1,2195.32
ORD513803,1,net_banking,1,1186.67
ORD513804,1,debit_card,1,3327.81
ORD513805,1,net_banking,1,2478.45
ORD513805,2,COD,1,461.67
ORD513806,1,wallet,5,2647.43
ORD513807,1,UPI,1,3045.92
ORD513808,1,COD,1,823.73
ORD513808,2,credit_card,1,2123.45
ORD513809,1,debit_card,1,348.5
ORD513810,1,wallet,1,452.96
ORD513811,1,UPI,9,3986.47
ORD513812,1,debit_card,1,626.2
ORD513813,1,net_banking,1,3419.7
ORD513814,1,debit_card,1,1514.03
ORD513814,2,net_banking,1,1884.46
ORD513815,1,COD,1,1062.69
ORD513816,1,credit_card,1,3823.42
ORD513817,1,UPI,1,3003.68
ORD513817,2,COD,1,3421.9
ORD513818,1,UPI,5,2204.12
ORD513819,1,debit_card,1,3009.51
ORD513819,2,wallet,1,2383.57
ORD513820,1,UPI,1,1820.87
ORD513821,1,UPI,1,3670.24
ORD513822,1,net_banking,1,2629.43
ORD513823,1,net_banking,1,1994.57
ORD513824,1,wallet,1,2917.18
ORD513825,1,wallet,1,2896.7
ORD513825,2,wallet,1,1011.85
ORD513826,1,net_banking,1,2710.37
ORD513827,1,debit_card,12,1055.37
ORD513828,1,wallet,1,1514.89
ORD513829,1,credit_card,1,3907.64
ORD513830,1,UPI,1,1385.9
ORD513831,1,debit_card,9,3625.16
ORD513832,1,debit_card,5,3856.99
ORD513833,1,net_banking,2,1745.08
ORD513833,2,COD,1,2095.04
ORD513834,1,net_banking,1,3334.14
ORD513835,1,net_banking,1,1405.75
ORD513836,1,COD,1,3980.41
ORD513836,2,net_banking,1,2092.74
ORD513837,1,UPI,1,1252.89
ORD513838,1,net_banking,1,3849.6
ORD513839,1,debit_card,1,1029.92
ORD513840,1,UPI,9,1895.85
ORD513841,1,credit_card,1,2965.44
ORD513842,1,wallet,7,2945.75
ORD513843,1,net_banking,1,2908.47
ORD513844,1,credit_card,1,3381.05
ORD513845,1,credit_card,3,2261.18
ORD513846,1,net_banking,1,3225.21
ORD513847,1,debit_card,1,641.52
ORD513848,1,COD,1,1950.74
ORD513849,1,debit_card,1,2576.33
ORD513849,2,UPI,1,3407.82
ORD513850,1,wallet,1,1759.93
ORD513851,1,wallet,1,1252.36
ORD513852,1,COD,1,2915.04
ORD513853,1,wallet,1,3927.54
ORD513854,1,COD,1,2582.73
ORD513855,1,credit_card,1,3369.22
ORD513856,1,UPI,1,2486.0
ORD513857,1,wallet,1,1012.3
ORD513858,1,net_banking,1,2149.42
ORD513859,1,debit_card,10,3775.54
ORD513860,1,UPI,1,1539.36
ORD513861,1,credit_card,1,1028.69
ORD513862,1,wallet,1,3929.85
ORD513863,1,COD,1,2202.44
ORD513864,1,COD,1,1651.1
ORD513865,1,debit_card,1,1023.07
ORD513866,1,COD,1,3002.84
ORD513867,1,debit_card,4,1771.69
ORD513867,2,wallet,1,499.96
ORD513868,1,net_banking,1,615.78
ORD513869,1,net_banking,4,3913.16
ORD513870,1,wallet,1,1194.72
ORD513871,1,wallet,1,1886.64
ORD513872,1,wallet,1,1510.48
ORD513873,1,debit_card,1,2622.98
ORD513874,1,net_banking,1,1946.18
ORD513875,1,net_banking,1,1060.63
ORD513876,1,net_banking,1,1701.42
ORD513877,1,credit_card,1,3101.25
ORD513878,1,wallet,1,1570.5
ORD513879,1,debit_card,1,2864.51
ORD513880,1,debit_card,1,2876.14
ORD513881,1,credit_card,1,2077.44
ORD513882,1,COD,1,2036.37
ORD513883,1,net_banking,1,2499.69
ORD513884,1,wallet,1,3283.94
ORD513885,1,net_banking,1,2283.32
ORD513885,2,debit_card,3,2346.79
ORD513886,1,UPI,1,2392.4
ORD513887,1,net_banking,1,2985.61
ORD513888,1,credit_card,1,2467.92
ORD513889,1,net_banking,1,902.03
ORD513890,1,wallet,1,3408.23
ORD513890,2,wallet,1,2211.64
ORD513891,1,UPI,1,3781.03
ORD513891,2,debit_card,1,3214.84
ORD513892,1,wallet,1,3091.52
ORD513893,1,net_banking,1,995.39
ORD513894,1,net_banking,1,858.98
ORD513895,1,wallet,1,2904.25
ORD513896,1,debit_card,1,575.76
ORD513897,1,UPI,1,2082.22
ORD513898,1,credit_card,1,380.9
ORD513899,1,net_banking,1,511.97
ORD513900,1,debit_card,10,1165.12
ORD513901,1,credit_card,1,1795.62
ORD513901,2,debit_card,1,2398.28
ORD513902,1,wallet,1,1514.37
ORD513903,1,UPI,1,1673.17
ORD513904,1,debit_card,2,3549.29
ORD513905,1,wallet,1,3031.71
ORD513906,1,debit_card,1,3160.22
ORD513907,1,debit_card,1,2869.43
ORD513908,1,debit_card,1,3139.25
ORD513909,1,UPI,1,1918.99
ORD513910,1,credit_card,1,3681.61
ORD513911,1,UPI,1,2437.74
ORD513912,1,debit_card,3,3984.89
ORD513913,1,wallet,12,3110.86
ORD513914,1,wallet,5,368.89
ORD513915,1,wallet,1,1824.2
ORD513916,1,COD,1,427.95
ORD513917,1,COD,1,1468.88
ORD513918,1,debit_card,4,2758.34
ORD513919,1,net_banking,1,2179.05
ORD513920,1,COD,1,1849.77
ORD513921,1,net_banking,1,2270.65
ORD513922,1,net_banking,1,805.03
ORD513923,1,wallet,1,3575.56
ORD513924,1,COD,1,3909.76
ORD513925,1,credit_card,3,440.44
ORD513926,1,credit_card,9,989.69
ORD513927,1,credit_card,1,3983.31
ORD513928,1,net_banking,1,801.95
ORD513929,1,debit_card,1,2639.45
ORD513930,1,debit_card,1,711.02
ORD513931,1,credit_card,6,2040.89
ORD513932,1,credit_card,1,3263.88
ORD513933,1,COD,1,641.83
ORD513934,1,credit_card,1,1371.91
ORD513935,1,credit_card,1,902.22
ORD513936,1,debit_card,1,2392.83
ORD513937,1,UPI,1,745.77
ORD513938,1,UPI,1,466.86
ORD513939,1,net_banking,1,3538.16
ORD513940,1,net_banking,1,2324.74
ORD513941,1,credit_card,1,3205.98
ORD513942,1,UPI,1,1744.99
ORD513942,2,debit_card,1,2491.6
ORD513943,1,COD,11,215.18
ORD513944,1,UPI,1,1207.79
ORD513945,1,wallet,1,2502.2
ORD513946,1,UPI,1,655.25
ORD513947,1,UPI,10,1647.5
ORD513948,1,COD,1,3297.05
ORD513949,1,debit_card,7,1683.77
ORD513950,1,COD,5,1156.37
ORD513951,1,credit_card,1,203.2
ORD513952,1,COD,1,497.71
ORD513952,2,debit_card,1,2708.43
ORD513953,1,debit_card,1,705.76
ORD513954,1,net_banking,1,1301.4
ORD513955,1,wallet,1,3182.84
ORD513956,1,wallet,1,394.67
ORD513957,1,UPI,1,739.68
ORD513958,1,credit_card,1,1419.72
ORD513959,1,debit_card,1,1654.92
ORD513960,1,debit_card,1,3206.52
ORD513961,1,net_banking,1,1974.77
ORD513962,1,net_banking,1,768.44
ORD513962,2,COD,3,2271.27
ORD513963,1,credit_card,1,3125.07
ORD513964,1,credit_card,1,1065.35
ORD513965,1,credit_card,2,3033.89
ORD513966,1,UPI,1,3095.11
ORD513967,1,credit_card,1,1329.08
ORD513968,1,wallet,1,1908.61
ORD513969,1,UPI,1,1091.29
ORD513970,1,net_banking,1,263.9
ORD513971,1,credit_card,1,1494.66
ORD513972,1,wallet,1,2489.25
ORD513973,1,credit_card,1,1210.16
ORD513974,1,wallet,1,1705.77
ORD513975,1,COD,1,1727.02
ORD513976,1,UPI,1,651.27
ORD513977,1,net_banking,1,3535.3
ORD513978,1,UPI,4,3448.6
ORD513979,1,UPI,1,657.6
ORD513980,1,UPI,1,657.42
ORD513981,1,COD,1,2545.44
ORD513982,1,UPI,1,2393.64
ORD513983,1,net_banking,1,1327.68
ORD513984,1,UPI,1,3165.7
ORD513985,1,COD,1,3521.76
ORD513986,1,UPI,4,2784.79
ORD513987,1,debit_card,1,1909.26
ORD513988,1,credit_card,1,2983.86
ORD513989,1,COD,1,1480.02
ORD513990,1,wallet,8,1474.76
ORD513990,2,net_banking,1,2023.77
ORD513991,1,net_banking,1,2977.46
ORD513992,1,debit_card,1,3081.01
ORD513993,1,wallet,3,3467.3
ORD513993,2,net_banking,9,2360.69
ORD513994,1,UPI,1,1232.25
ORD513995,1,net_banking,1,1281.31
ORD513996,1,debit_card,1,2760.43
ORD513997,1,wallet,1,445.46
ORD513998,1,net_banking,1,1263.58
ORD513999,1,debit_card,10,1875.28
ORD514000,1,debit_card,1,1396.43
ORD514001,1,net_banking,1,3815.9
ORD514002,1,COD,1,2751.28
ORD514002,2,credit_card,1,2260.99
ORD514003,1,UPI,1,2531.47
ORD514004,1,UPI,12,2094.85
ORD514005,1,net_banking,1,2809.97
ORD514006,1,COD,1,3335.15
ORD514006,2,COD,1,405.36
ORD514007,1,debit_card,11,804.79
ORD514008,1,debit_card,1,3449.59
ORD514009,1,wallet,1,3752.52
ORD514010,1,net_banking,1,2293.4
ORD514011,1,COD,1,541.01
ORD514012,1,net_banking,1,766.15
ORD514013,1,wallet,1,2168.88
ORD514014,1,credit_card,1,1245.37
ORD514015,1,net_banking,1,1624.15
ORD514016,1,debit_card,1,3249.81
ORD514016,2,net_banking,1,2640.7
ORD514017,1,debit_card,1,513.91
ORD514018,1,COD,1,1888.65
ORD514019,1,COD,1,2980.34
ORD514020,1,wallet,1,1256.17
ORD514021,1,COD,1,2257.7
ORD514022,1,net_banking,1,1553.05
ORD514023,1,debit_card,1,653.02
ORD514024,1,wallet,1,933.17
ORD514025,1,wallet,1,3574.61
ORD514026,1,wallet,6,1473.89
ORD514027,1,credit_card,1,3823.11
ORD514028,1,net_banking,1,1202.4
ORD514029,1,net_banking,1,441.62
ORD514030,1,UPI,1,1564.59
ORD514031,1,COD,1,3369.27
ORD514032,1,COD,1,951.14
ORD514033,1,wallet,1,2122.56
ORD514034,1,credit_card,1,1181.93
ORD514035,1,wallet,10,1141.78
ORD514036,1,wallet,1,3246.28
ORD514037,1,credit_card,1,532.53
ORD514038,1,debit_card,1,2227.38
ORD514039,1,UPI,1,2163.47
ORD514040,1,wallet,1,3524.44
ORD514041,1,debit_card,1,1675.01
ORD514042,1,credit_card,1,2071.63
ORD514043,1,debit_card,1,581.63
ORD514044,1,UPI,1,3918.23
ORD514044,2,credit_card,1,1802.96
ORD514045,1,COD,8,2759.28
ORD514046,1,net_banking,1,2736.27
ORD514047,1,debit_card,1,1869.42
ORD514048,1,UPI,1,2033.34
ORD514049,1,wallet,1,2508.61
ORD514050,1,wallet,1,2489.26
ORD514051,1,wallet,6,590.82
ORD514052,1,credit_card,2,2036.73
ORD514053,1,UPI,1,276.93
ORD514054,1,COD,1,1001.2
ORD514055,1,wallet,1,3571.08
ORD514056,1,credit_card,1,830.63
ORD514057,1,credit_card,1,2911.47
ORD514058,1,UPI,1,1969.55
ORD514059,1,UPI,2,1146.35
ORD514060,1,UPI,1,249.82
ORD514061,1,net_banking,1,2209.77
ORD514062,1,debit_card,1,3377.6
ORD514063,1,COD,5,2966.25
ORD514064,1,net_banking,1,1708.46
ORD514065,1,UPI,1,1063.37
ORD514066,1,wallet,11,3022.44
ORD514067,1,credit_card,1,2282.04
ORD514067,2,wallet,1,3139.59
ORD514068,1,net_banking,1,2628.5
ORD514069,1,UPI,1,1593.1
ORD514070,1,debit_card,1,2069.38
ORD514071,1,wallet,1,1789.77
ORD514071,2,net_banking,4,644.55
ORD514072,1,debit_card,1,3358.17
ORD514073,1,debit_card,1,905.85
ORD514074,1,net_banking,12,1939.82
ORD514075,1,UPI,1,1361.4
ORD514076,1,COD,1,301.44
ORD514077,1,credit_card,1,1168.85
ORD514078,1,UPI,1,3462.94
ORD514079,1,credit_card,1,674.32
ORD514080,1,credit_card,1,1710.37
ORD514080,2,UPI,1,2297.03
ORD514081,1,debit_card,1,3822.52
ORD514082,1,net_banking,1,860.66
ORD514082,2,net_banking,1,3401.43
ORD514083,1,wallet,1,3313.97
ORD514084,1,net_banking,1,2707.65
ORD514085,1,COD,1,1239.79
ORD514086,1,debit_card,1,3148.02
ORD514087,1,UPI,1,3828.5
ORD514088,1,COD,1,1520.17
ORD514089,1,debit_card,1,2774.0
ORD514090,1,credit_card,1,1817.56
ORD514091,1,UPI,1,2554.25
ORD514092,1,debit_card,10,878.21
ORD514093,1,credit_card,1,1243.57
ORD514094,1,wallet,1,3617.7
ORD514095,1,COD,1,3533.13
ORD514095,2,credit_card,1,1774.18
ORD514096,1,credit_card,1,3742.77
ORD514097,1,wallet,1,1380.11
ORD514098,1,wallet,1,3119.74
ORD514099,1,credit_card,1,3722.72
ORD514100,1,net_banking,1,3792.74
ORD514101,1,net_banking,1,3095.32
ORD514102,1,debit_card,1,787.25
ORD514102,2,credit_card,1,199.39
ORD514103,1,net_banking,7,2451.84
ORD514104,1,COD,1,1883.62
ORD514104,2,debit_card,1,2334.55
ORD514105,1,wallet,1,3918.4
ORD514106,1,UPI,5,1383.95
ORD514107,1,COD,1,965.08
ORD514108,1,credit_card,1,3226.79
ORD514109,1,net_banking,1,1242.42
ORD514110,1,credit_card,1,3450.79
ORD514111,1,net_banking,1,202.97
ORD514112,1,UPI,1,2612.24
ORD514113,1,net_banking,1,286.75
ORD514114,1,debit_card,9,3845.37
ORD514114,2,COD,1,2978.61
ORD514115,1,COD,10,2713.87
ORD514116,1,COD,1,2779.81
ORD514117,1,debit_card,1,366.25
ORD514118,1,net_banking,1,1858.13
ORD514119,1,wallet,1,1630.23
ORD514119,2,COD,1,2833.37
ORD514120,1,credit_card,1,3911.49
ORD514121,1,UPI,1,1189.63
ORD514122,1,UPI,1,901.09
ORD514123,1,debit_card,1,521.93
ORD514124,1,credit_card,1,1899.01
ORD514125,1,UPI,1,1201.87
ORD514126,1,credit_card,11,783.41
ORD514127,1,credit_card,1,3556.84
ORD514128,1,net_banking,1,2151.75
ORD514128,2,COD,1,2675.11
ORD514129,1,wallet,1,512.52
ORD514130,1,net_banking,1,310.09
ORD514131,1,COD,2,3480.64
ORD514132,1,UPI,1,1963.8
ORD514133,1,wallet,1,1923.64
ORD514134,1,credit_card,1,2820.01
ORD514134,2,COD,1,1141.12
ORD514135,1,wallet,1,502.3
ORD514136,1,UPI,1,239.93
ORD514137,1,debit_card,1,1209.66
ORD514138,1,debit_card,1,1010.23
ORD514138,2,credit_card,1,2274.07
ORD514139,1,debit_card,1,1627.82
ORD514140,1,debit_card,1,3332.13
ORD514141,1,net_banking,9,3636.83
ORD514142,1,COD,1,1044.65
ORD514143,1,debit_card,1,3146.71
ORD514144,1,COD,1,3310.95
ORD514145,1,net_banking,1,2557.06
ORD514146,1,debit_card,1,2481.08
ORD514146,2,credit_card,1,3647.84
ORD514147,1,COD,1,1993.19
ORD514148,1,credit_card,1,339.12
ORD514149,1,net_banking,1,3085.85
ORD514150,1,wallet,1,3985.64
ORD514151,1,net_banking,1,1251.63
ORD514152,1,net_banking,1,206.82
ORD514153,1,net_banking,1,1159.59
ORD514154,1,credit_card,1,2082.96
ORD514155,1,credit_card,1,1218.67
ORD514155,2,wallet,1,3825.21
ORD514156,1,net_banking,11,2958.11
ORD514157,1,debit_card,1,1191.32
ORD514158,1,net_banking,1,2726.1
ORD514159,1,wallet,1,1526.22
ORD514160,1,credit_card,1,773.47
ORD514161,1,UPI,1,1930.01
ORD514162,1,net_banking,1,2268.35
ORD514163,1,credit_card,1,658.14
ORD514164,1,wallet,1,3225.27
ORD514165,1,credit_card,1,3354.01
ORD514166,1,credit_card,3,2223.54
ORD514167,1,net_banking,12,1291.93
ORD514168,1,UPI,1,225.44
ORD514168,2,credit_card,1,2431.62
ORD514169,1,UPI,1,1191.36
ORD514170,1,net_banking,1,1752.9
ORD514171,1,net_banking,3,1095.57
ORD514172,1,credit_card,1,2399.59
ORD514173,1,net_banking,1,1181.16
ORD514174,1,wallet,1,432.15
ORD514175,1,wallet,1,687.39
ORD514176,1,net_banking,1,1103.49
ORD514177,1,net_banking,1,2070.07
ORD514178,1,debit_card,1,1519.12
ORD514179,1,net_banking,1,3683.71
ORD514179,2,debit_card,1,1569.87
ORD514180,1,debit_card,1,1224.7
ORD514181,1,wallet,3,291.58
ORD514182,1,credit_card,1,1298.65
ORD514183,1,UPI,1,1721.79
ORD514184,1,net_banking,1,1736.8
ORD514185,1,wallet,1,781.31
ORD514186,1,debit_card,1,3990.93
ORD514187,1,UPI,2,2642.65
ORD514188,1,COD,1,3163.26
ORD514189,1,debit_card,1,1064.66
ORD514190,1,UPI,1,3791.64
ORD514191,1,debit_card,1,1068.06
ORD514192,1,debit_card,1,1949.09
ORD514193,1,COD,1,3141.73
ORD514194,1,debit_card,1,669.84
ORD514195,1,UPI,1,2633.41
ORD514196,1,net_banking,1,3137.55
ORD514197,1,net_banking,1,3973.86
ORD514198,1,debit_card,9,2948.75
ORD514199,1,net_banking,12,3514.64
ORD514200,1,debit_card,8,1545.25
ORD514201,1,debit_card,1,2369.21
ORD514202,1,net_banking,1,1389.52
ORD514203,1,COD,1,1875.26
ORD514203,2,debit_card,1,3132.9
ORD514204,1,net_banking,1,1535.19
ORD514204,2,UPI,1,2138.04
ORD514205,1,COD,1,2750.31
ORD514206,1,debit_card,1,2091.11
ORD514207,1,credit_card,10,604.1
ORD514207,2,COD,7,3247.56
ORD514208,1,credit_card,1,2885.95
ORD514209,1,credit_card,1,3369.73
ORD514210,1,net_banking,1,3474.87
ORD514211,1,COD,1,1463.07
ORD514212,1,net_banking,1,2634.39
ORD514213,1,wallet,1,3951.84
ORD514214,1,COD,1,2983.67
ORD514214,2,net_banking,1,3337.62
ORD514215,1,wallet,1,2061.49
ORD514216,1,net_banking,1,2575.72
ORD514217,1,COD,3,2525.8
ORD514217,2,credit_card,1,1047.11
ORD514218,1,wallet,1,3622.19
ORD514218,2,credit_card,1,934.34
ORD514219,1,credit_card,1,2996.27
ORD514220,1,UPI,1,868.56
ORD514221,1,COD,1,3599.61
ORD514222,1,wallet,1,3631.92
ORD514223,1,credit_card,8,526.77
ORD514224,1,wallet,1,3811.95
ORD514225,1,net_banking,1,1859.87
ORD514226,1,credit_card,8,500.6
ORD514227,1,net_banking,10,1474.59
ORD514228,1,UPI,1,1543.36
ORD514228,2,credit_card,1,2729.58
ORD514229,1,net_banking,1,1606.58
ORD514230,1,UPI,1,215.94
ORD514231,1,debit_card,1,1073.13
ORD514232,1,wallet,1,3872.58
ORD514233,1,COD,4,3193.27
ORD514234,1,UPI,1,2691.83
ORD514235,1,UPI,1,2431.32
ORD514236,1,UPI,1,2999.37
ORD514237,1,credit_card,1,3055.33
ORD514238,1,COD,1,1713.61
ORD514239,1,wallet,1,3277.0
ORD514240,1,credit_card,1,2308.63
ORD514241,1,net_banking,1,2926.36
ORD514242,1,debit_card,1,1352.41
ORD514243,1,UPI,1,204.31
ORD514244,1,wallet,1,715.21
ORD514245,1,UPI,1,3654.42
ORD514246,1,debit_card,1,932.05
ORD514246,2,credit_card,1,3569.26
ORD514247,1,wallet,10,2194.8
ORD514248,1,credit_card,1,1639.8
ORD514249,1,net_banking,5,1360.61
ORD514250,1,debit_card,1,1018.98
ORD514251,1,credit_card,1,3667.13
ORD514252,1,debit_card,1,285.88
ORD514253,1,debit_card,1,2528.81
ORD514254,1,wallet,12,3631.58
ORD514255,1,wallet,5,2500.54
ORD514256,1,credit_card,10,253.15
ORD514257,1,UPI,1,3175.16
ORD514258,1,COD,1,2495.23
ORD514259,1,debit_card,1,941.38
ORD514260,1,net_banking,1,2582.43
ORD514260,2,net_banking,1,2959.23
ORD514261,1,debit_card,1,597.5
ORD514262,1,credit_card,1,634.15
ORD514263,1,UPI,1,2546.21
ORD514264,1,credit_card,1,3566.84
ORD514265,1,credit_card,1,1917.58
ORD514265,2,debit_card,1,987.23
ORD514266,1,credit_card,1,311.6
ORD514267,1,credit_card,9,971.61
ORD514268,1,net_banking,1,500.52
ORD514269,1,debit_card,1,458.33
ORD514270,1,wallet,7,598.45
ORD514270,2,net_banking,3,1924.61
ORD514271,1,credit_card,1,248.7
ORD514272,1,debit_card,1,2427.92
ORD514273,1,credit_card,1,3230.43
ORD514274,1,credit_card,9,547.47
ORD514275,1,debit_card,1,2836.24
ORD514275,2,net_banking,1,1345.91
ORD514276,1,debit_card,1,1714.59
ORD514277,1,UPI,1,459.94
ORD514278,1,wallet,1,1733.61
ORD514279,1,COD,1,777.7
ORD514279,2,debit_card,1,1684.43
ORD514280,1,UPI,9,1311.54
ORD514281,1,UPI,1,1122.42
ORD514282,1,credit_card,1,2377.28
ORD514283,1,COD,9,3023.32
ORD514284,1,UPI,1,3552.84
ORD514285,1,credit_card,1,2660.78
ORD514286,1,COD,1,1588.89
ORD514287,1,wallet,1,2730.27
ORD514288,1,UPI,1,316.32
ORD514289,1,credit_card,8,1295.25
ORD514290,1,net_banking,1,3199.89
ORD514291,1,UPI,1,1874.85
ORD514292,1,net_banking,1,3655.51
ORD514293,1,credit_card,1,1772.36
ORD514293,2,debit_card,1,2518.16
ORD514294,1,credit_card,1,3266.9
ORD514295,1,debit_card,1,1843.5
ORD514296,1,UPI,12,3785.37
ORD514297,1,net_banking,1,2502.77
ORD514298,1,UPI,6,3607.34
ORD514299,1,COD,10,2953.97
ORD514300,1,UPI,1,3695.16
ORD514301,1,wallet,1,2976.31
ORD514302,1,net_banking,1,3936.58
ORD514303,1,COD,1,2474.49
ORD514304,1,COD,1,268.6
ORD514305,1,credit_card,1,2384.47
ORD514306,1,UPI,1,2326.85
ORD514306,2,wallet,1,1161.67
ORD514307,1,net_banking,1,1026.3
ORD514308,1,UPI,1,3973.74
ORD514308,2,credit_card,1,3275.92
ORD514309,1,COD,1,582.13
ORD514310,1,UPI,1,2252.49
ORD514311,1,credit_card,1,2233.12
ORD514312,1,net_banking,1,530.45
ORD514313,1,net_banking,1,1049.27
ORD514314,1,COD,1,2274.56
ORD514315,1,UPI,1,3235.17
ORD514316,1,UPI,1,2578.99
ORD514317,1,COD,8,349.83
ORD514318,1,credit_card,1,2174.49
ORD514319,1,net_banking,1,3531.41
ORD514320,1,COD,1,1697.05
ORD514321,1,UPI,1,1839.22
ORD514322,1,net_banking,1,624.91
ORD514323,1,COD,1,1866.48
ORD514324,1,credit_card,1,1115.44
ORD514325,1,credit_card,1,1178.18
ORD514325,2,COD,1,1683.43
ORD514326,1,wallet,1,3660.69
ORD514327,1,net_banking,1,2465.94
ORD514328,1,net_banking,1,912.98
ORD514329,1,wallet,1,2670.63
ORD514330,1,wallet,1,1409.47
ORD514331,1,net_banking,12,1960.43
ORD514332,1,UPI,1,2784.5
ORD514333,1,COD,1,1288.7
ORD514333,2,COD,1,3890.85
ORD514334,1,debit_card,1,1406.58
ORD514334,2,wallet,1,920.8
ORD514335,1,credit_card,1,386.75
ORD514336,1,COD,1,2831.41
ORD514337,1,wallet,1,1840.02
ORD514338,1,UPI,2,3434.09
ORD514339,1,UPI,1,672.94
ORD514340,1,COD,1,1771.17
ORD514340,2,credit_card,1,1773.4
ORD514341,1,COD,1,1569.96
ORD514342,1,net_banking,1,1364.19
ORD514342,2,debit_card,1,278.96
ORD514343,1,COD,1,3956.72
ORD514344,1,net_banking,1,2284.69
ORD514345,1,wallet,1,2466.21
ORD514346,1,wallet,1,1168.32
ORD514347,1,debit_card,1,523.97
ORD514347,2,net_banking,4,485.43
ORD514348,1,UPI,1,2254.65
ORD514349,1,UPI,9,1586.61
ORD514350,1,UPI,1,2111.97
ORD514351,1,credit_card,1,227.73
ORD514352,1,net_banking,1,3467.34
ORD514353,1,wallet,9,2537.84
ORD514354,1,COD,6,775.44
ORD514355,1,COD,1,761.47
ORD514356,1,debit_card,1,1796.25
ORD514357,1,UPI,1,3744.18
ORD514358,1,wallet,1,1547.64
ORD514358,2,net_banking,1,3994.32
ORD514359,1,COD,1,2004.81
ORD514359,2,credit_card,1,346.24
ORD514360,1,COD,1,1522.2
ORD514360,2,debit_card,1,3542.93
ORD514361,1,UPI,1,2768.7
ORD514362,1,UPI,1,1907.87
ORD514363,1,COD,1,2103.21
ORD514364,1,wallet,1,3525.53
ORD514365,1,wallet,1,2422.72
ORD514366,1,credit_card,1,427.03
ORD514367,1,debit_card,1,1051.19
ORD514368,1,COD,1,3825.79
ORD514369,1,net_banking,1,269.4
ORD514370,1,wallet,1,3170.44
ORD514371,1,debit_card,1,2194.99
ORD514372,1,COD,1,1780.67
ORD514373,1,wallet,1,1622.74
ORD514373,2,credit_card,1,741.9
ORD514374,1,credit_card,1,3846.1
ORD514375,1,COD,1,1292.41
ORD514376,1,credit_card,1,1345.26
ORD514377,1,COD,1,3401.81
ORD514378,1,net_banking,1,1354.95
ORD514379,1,net_banking,1,3114.57
ORD514380,1,credit_card,3,1604.3
ORD514381,1,net_banking,1,1035.92
ORD514382,1,net_banking,1,541.56
ORD514383,1,COD,1,627.41
ORD514384,1,net_banking,1,1620.8
ORD514384,2,COD,1,2801.6
ORD514385,1,net_banking,1,1561.95
ORD514386,1,UPI,1,3999.81
ORD514387,1,net_banking,1,1249.97
ORD514388,1,credit_card,1,3586.15
ORD514389,1,UPI,1,1408.5
ORD514390,1,credit_card,1,1033.53
ORD514391,1,wallet,1,3004.58
ORD514392,1,UPI,1,1123.52
ORD514393,1,COD,1,2339.78
ORD514394,1,debit_card,1,1898.42
ORD514395,1,UPI,10,1161.78
ORD514396,1,wallet,1,3293.01
ORD514397,1,net_banking,1,1772.56
ORD514398,1,net_banking,6,329.45
ORD514399,1,COD,1,3527.47
ORD514400,1,wallet,1,3005.71
ORD514401,1,COD,1,398.49
ORD514402,1,credit_card,1,2640.18
ORD514403,1,debit_card,1,3816.86
ORD514404,1,UPI,1,3736.14
ORD514405,1,UPI,1,3422.54
ORD514406,1,debit_card,1,366.08
ORD514407,1,net_banking,1,1537.2
ORD514408,1,net_banking,1,1025.0
ORD514409,1,net_banking,1,2251.38
ORD514410,1,credit_card,1,1311.36
ORD514411,1,COD,1,3200.5
ORD514412,1,debit_card,1,2558.85
ORD514413,1,debit_card,1,381.48
ORD514414,1,COD,1,2723.26
ORD514415,1,credit_card,1,781.38
ORD514416,1,credit_card,1,3585.55
ORD514417,1,UPI,1,3899.59
ORD514418,1,COD,1,853.89
ORD514419,1,credit_card,1,2385.8
ORD514420,1,UPI,1,747.86
ORD514421,1,debit_card,1,2058.39
ORD514422,1,debit_card,1,2686.97
ORD514423,1,wallet,1,301.34
ORD514423,2,net_banking,1,3761.76
ORD514424,1,wallet,1,1892.24
ORD514425,1,debit_card,1,2365.47
ORD514426,1,net_banking,1,3605.37
ORD514427,1,COD,1,660.12
ORD514428,1,wallet,1,299.27
ORD514428,2,net_banking,1,1786.8
ORD514429,1,wallet,1,2373.67
ORD514430,1,UPI,1,1702.13
ORD514431,1,UPI,1,2960.24
ORD514432,1,wallet,1,883.98
ORD514433,1,COD,11,232.01
ORD514434,1,wallet,1,1324.06
ORD514435,1,COD,1,3859.82
ORD514435,2,debit_card,1,3869.75
ORD514436,1,UPI,1,3805.85
ORD514437,1,debit_card,1,1352.72
ORD514438,1,wallet,1,2876.8
ORD514439,1,net_banking,1,1583.7
ORD514440,1,credit_card,1,1519.01
ORD514441,1,credit_card,1,1474.54
ORD514441,2,COD,1,3732.28
ORD514442,1,UPI,1,3417.96
ORD514442,2,UPI,1,1023.95
ORD514443,1,wallet,1,3430.32
ORD514444,1,net_banking,1,2885.82
ORD514445,1,UPI,1,1946.13
ORD514446,1,COD,1,3913.87
ORD514447,1,credit_card,1,3038.13
ORD514448,1,COD,1,2839.6
ORD514449,1,credit_card,1,347.54
ORD514450,1,net_banking,1,2106.67
ORD514451,1,COD,7,1020.79
ORD514451,2,debit_card,1,1558.92
ORD514452,1,credit_card,2,3679.74
ORD514453,1,wallet,1,2347.91
ORD514454,1,net_banking,1,1847.84
ORD514454,2,wallet,4,1615.2
ORD514455,1,net_banking,1,3912.72
ORD514456,1,net_banking,1,2431.38
ORD514457,1,credit_card,1,1246.82
ORD514458,1,net_banking,9,387.35
ORD514459,1,COD,1,3826.49
ORD514460,1,COD,1,2192.02
ORD514461,1,debit_card,1,2175.93
ORD514462,1,net_banking,1,872.69
ORD514463,1,debit_card,1,650.46
ORD514464,1,net_banking,1,263.58
ORD514465,1,net_banking,1,2550.48
ORD514466,1,UPI,1,2505.29
ORD514467,1,COD,1,3647.69
ORD514468,1,COD,8,539.46
ORD514469,1,credit_card,1,1040.7
ORD514470,1,credit_card,1,1491.57
ORD514471,1,net_banking,1,1567.84
ORD514472,1,COD,1,505.31
ORD514473,1,credit_card,1,1515.13
ORD514474,1,COD,1,654.95
ORD514475,1,wallet,1,3131.18
ORD514476,1,UPI,12,3771.65
ORD514477,1,wallet,1,1982.8
ORD514478,1,UPI,1,2167.22
ORD514478,2,net_banking,1,2760.07
ORD514479,1,UPI,1,3124.55
ORD514480,1,UPI,3,1056.41
ORD514481,1,credit_card,1,953.39
ORD514482,1,UPI,3,3719.46
ORD514483,1,UPI,1,3764.61
ORD514484,1,COD,4,1642.69
ORD514485,1,COD,1,2994.4
ORD514486,1,COD,1,1358.66
ORD514487,1,credit_card,1,927.09
ORD514488,1,debit_card,1,3538.02
ORD514489,1,wallet,1,1711.18
ORD514490,1,UPI,1,2330.86
ORD514491,1,UPI,1,2898.19
ORD514492,1,net_banking,1,982.55
ORD514493,1,UPI,1,1375.85
ORD514493,2,wallet,8,752.45
ORD514494,1,COD,1,2499.09
ORD514495,1,credit_card,1,2644.08
ORD514496,1,COD,1,2407.05
ORD514497,1,COD,2,3803.25
ORD514498,1,wallet,1,3149.68
ORD514499,1,net_banking,1,377.28
ORD514500,1,net_banking,1,3606.37
ORD514501,1,COD,1,598.38
ORD514502,1,credit_card,1,1475.51
ORD514503,1,wallet,4,875.6
ORD514504,1,wallet,1,3868.18
ORD514505,1,UPI,1,1030.45
ORD514506,1,net_banking,1,1342.94
ORD514506,2,wallet,1,736.14
ORD514507,1,net_banking,1,2470.76
ORD514508,1,UPI,1,2569.45
ORD514509,1,wallet,1,1609.52
ORD514510,1,debit_card,1,3039.93
ORD514511,1,COD,1,1521.28
ORD514512,1,debit_card,1,2935.54
ORD514513,1,credit_card,1,806.02
ORD514514,1,COD,1,2860.74
ORD514514,2,COD,1,209.1
ORD514515,1,credit_card,1,3511.45
ORD514516,1,UPI,1,1021.71
ORD514517,1,debit_card,1,1851.64
ORD514518,1,credit_card,1,3868.75
ORD514519,1,UPI,1,3595.54
ORD514520,1,credit_card,1,1696.53
ORD514521,1,COD,1,1495.78
ORD514522,1,wallet,1,1091.02
ORD514522,2,net_banking,1,2237.53
ORD514523,1,net_banking,8,3077.07
ORD514524,1,debit_card,1,1112.46
ORD514525,1,net_banking,5,2370.18
ORD514526,1,wallet,1,289.34
ORD514527,1,COD,7,2797.11
ORD514527,2,debit_card,1,2399.29
ORD514528,1,net_banking,1,3779.7
ORD514529,1,UPI,1,2547.93
ORD514530,1,COD,10,1901.66
ORD514531,1,credit_card,1,3100.98
ORD514532,1,net_banking,1,403.92
ORD514533,1,UPI,1,690.56
ORD514534,1,credit_card,1,3602.01
ORD514535,1,debit_card,1,1067.85
ORD514536,1,wallet,1,3927.61
ORD514537,1,debit_card,3,2928.08
ORD514538,1,wallet,1,1235.29
ORD514539,1,wallet,1,3849.87
ORD514540,1,credit_card,1,2318.57
ORD514541,1,credit_card,1,2144.66
ORD514542,1,UPI,11,2987.67
ORD514543,1,debit_card,1,908.71
ORD514544,1,debit_card,11,2371.98
ORD514544,2,wallet,1,802.82
ORD514545,1,UPI,1,2330.44
ORD514546,1,credit_card,4,1446.32
ORD514547,1,wallet,2,3711.69
ORD514548,1,debit_card,6,3260.12
ORD514549,1,COD,1,3813.67
ORD514550,1,UPI,1,3281.0
ORD514551,1,COD,1,344.27
ORD514551,2,net_banking,1,1114.79
ORD514552,1,wallet,1,970.16
ORD514553,1,COD,9,3764.92
ORD514554,1,wallet,1,2003.65
ORD514555,1,COD,1,3894.89
ORD514555,2,credit_card,1,825.45
ORD514556,1,debit_card,1,268.86
ORD514557,1,net_banking,1,1473.75
ORD514558,1,debit_card,1,3720.19
ORD514559,1,credit_card,1,2173.0
ORD514560,1,net_banking,1,2443.85
ORD514561,1,UPI,1,2259.21
ORD514562,1,COD,1,1017.85
ORD514563,1,wallet,1,3399.23
ORD514564,1,credit_card,1,3441.19
ORD514565,1,COD,1,1455.53
ORD514566,1,COD,1,660.53
ORD514567,1,debit_card,1,1981.12
ORD514567,2,UPI,1,1800.63
ORD514568,1,COD,1,3113.97
ORD514569,1,UPI,1,2864.27
ORD514570,1,credit_card,1,3330.77
ORD514571,1,COD,1,3107.35
ORD514572,1,COD,9,3907.97
ORD514573,1,wallet,1,3365.01
ORD514574,1,net_banking,1,2477.15
ORD514575,1,net_banking,1,2026.58
ORD514576,1,credit_card,1,2533.24
ORD514577,1,COD,1,1881.17
ORD514578,1,net_banking,1,810.67
ORD514579,1,credit_card,1,501.01
ORD514580,1,credit_card,1,769.99
ORD514581,1,UPI,1,3918.45
ORD514581,2,net_banking,1,3268.17
ORD514582,1,debit_card,3,2237.86
ORD514582,2,wallet,1,391.31
ORD514583,1,wallet,1,2751.27
ORD514584,1,net_banking,6,1282.17
ORD514585,1,wallet,1,982.53
ORD514586,1,wallet,1,2695.08
ORD514587,1,UPI,1,2326.73
ORD514587,2,wallet,1,1610.12
ORD514588,1,net_banking,1,3626.38
ORD514589,1,credit_card,1,2270.83
ORD514590,1,UPI,1,2630.01
ORD514590,2,credit_card,1,857.18
ORD514591,1,net_banking,1,1541.82
ORD514592,1,credit_card,1,3039.11
ORD514593,1,credit_card,12,3557.05
ORD514594,1,credit_card,1,1511.9
ORD514594,2,UPI,1,2673.34
ORD514595,1,COD,1,2473.14
ORD514596,1,net_banking,1,2787.36
ORD514597,1,COD,1,1910.82
ORD514597,2,net_banking,1,2255.19
ORD514598,1,credit_card,1,2529.6
ORD514599,1,wallet,1,744.22
ORD514600,1,COD,1,1711.41
ORD514601,1,wallet,5,1067.65
ORD514602,1,debit_card,9,2998.11
ORD514603,1,debit_card,2,2052.56
ORD514604,1,COD,1,3261.34
ORD514605,1,credit_card,1,3632.06
ORD514606,1,COD,12,520.04
ORD514607,1,COD,4,1601.59
ORD514607,2,UPI,1,1146.65
ORD514608,1,UPI,1,3668.48
ORD514609,1,UPI,4,3821.08
ORD514609,2,net_banking,1,1317.46
ORD514610,1,wallet,1,2873.71
ORD514611,1,credit_card,1,931.94
ORD514612,1,COD,1,406.01
ORD514613,1,debit_card,1,1579.21
ORD514614,1,UPI,5,484.95
ORD514615,1,credit_card,1,1259.48
ORD514616,1,credit_card,9,597.64
ORD514617,1,wallet,1,2384.46
ORD514618,1,COD,1,3509.3
ORD514619,1,debit_card,1,2200.27
ORD514620,1,wallet,1,3961.68
ORD514621,1,UPI,1,3465.52
ORD514622,1,credit_card,3,3858.36
ORD514623,1,credit_card,1,1825.45
ORD514623,2,net_banking,1,1436.09
ORD514624,1,net_banking,1,728.03
ORD514625,1,UPI,1,2730.91
ORD514626,1,COD,1,2566.66
ORD514627,1,wallet,1,706.97
ORD514628,1,UPI,1,3541.2
ORD514629,1,debit_card,1,2220.53
ORD514630,1,net_banking,1,3997.94
ORD514630,2,COD,1,2602.73
ORD514631,1,debit_card,1,891.37
ORD514632,1,credit_card,1,2948.33
ORD514633,1,COD,1,2346.99
ORD514634,1,wallet,1,3004.67
ORD514635,1,wallet,1,3904.72
ORD514636,1,debit_card,1,522.7
ORD514637,1,COD,1,1125.77
ORD514638,1,wallet,1,256.45
ORD514638,2,COD,1,2251.02
ORD514639,1,net_banking,1,1273.58
ORD514640,1,net_banking,8,2418.58
ORD514641,1,UPI,1,3587.48
ORD514642,1,net_banking,1,343.09
ORD514643,1,UPI,1,3753.41
ORD514644,1,net_banking,4,3277.4
ORD514645,1,wallet,1,2887.68
ORD514646,1,net_banking,1,3760.73
ORD514647,1,COD,1,2034.97
ORD514648,1,debit_card,2,1524.37
ORD514649,1,net_banking,1,1887.75
ORD514650,1,wallet,1,1466.87
ORD514651,1,net_banking,1,3896.6
ORD514652,1,COD,1,2436.16
ORD514653,1,net_banking,4,3074.63
ORD514654,1,debit_card,6,3960.13
ORD514654,2,COD,11,1315.23
ORD514655,1,credit_card,1,370.72
ORD514656,1,net_banking,4,423.98
ORD514657,1,UPI,11,3927.4
ORD514658,1,wallet,1,3210.84
ORD514659,1,credit_card,8,3136.03
ORD514660,1,wallet,1,1231.72
ORD514661,1,COD,1,3318.38
ORD514662,1,net_banking,1,507.01
ORD514662,2,UPI,1,2275.04
ORD514663,1,net_banking,1,1573.68
ORD514664,1,wallet,1,2167.81
ORD514665,1,net_banking,1,2003.51
ORD514666,1,COD,1,2592.93
ORD514667,1,debit_card,1,2197.61
ORD514668,1,debit_card,1,652.31
ORD514669,1,wallet,1,722.44
ORD514670,1,COD,1,767.3
ORD514671,1,COD,1,3359.74
ORD514671,2,UPI,1,3337.82
ORD514672,1,net_banking,1,3046.04
ORD514673,1,credit_card,1,1937.01
ORD514674,1,wallet,1,2187.92
ORD514675,1,credit_card,1,476.89
ORD514676,1,wallet,1,3196.17
ORD514677,1,net_banking,1,1316.14
ORD514678,1,COD,1,2976.09
ORD514679,1,net_banking,1,1786.34
ORD514680,1,wallet,1,1850.39
ORD514681,1,credit_card,8,299.61
ORD514682,1,net_banking,1,2564.64
ORD514683,1,debit_card,1,3640.27
ORD514684,1,credit_card,1,3677.82
ORD514685,1,credit_card,1,3117.94
ORD514686,1,credit_card,1,1762.2
ORD514687,1,debit_card,1,1835.18
ORD514688,1,wallet,1,3764.16
ORD514689,1,debit_card,1,3492.15
ORD514690,1,net_banking,1,1271.31
ORD514691,1,debit_card,1,1973.74
ORD514691,2,credit_card,9,777.31
ORD514692,1,wallet,1,3679.86
ORD514693,1,debit_card,1,1032.49
ORD514694,1,UPI,1,3969.0
ORD514695,1,COD,1,364.06
ORD514696,1,debit_card,9,573.52
ORD514697,1,net_banking,3,330.97
ORD514698,1,COD,1,3918.45
ORD514699,1,net_banking,1,1034.92
ORD514700,1,credit_card,1,2839.41
ORD514701,1,debit_card,8,3059.76
ORD514702,1,UPI,1,726.19
ORD514703,1,COD,1,3620.84
ORD514704,1,debit_card,1,1385.84
ORD514705,1,COD,1,3508.46
ORD514706,1,COD,1,1506.45
ORD514707,1,credit_card,1,1178.38
ORD514708,1,net_banking,1,3656.23
ORD514709,1,debit_card,1,3231.0
ORD514710,1,UPI,1,1551.5
ORD514711,1,COD,1,3913.88
ORD514712,1,wallet,7,3936.83
ORD514713,1,UPI,1,3595.88
ORD514714,1,net_banking,1,3978.93
ORD514715,1,UPI,1,1309.4
ORD514716,1,debit_card,1,564.14
ORD514717,1,net_banking,1,2157.15
ORD514718,1,net_banking,11,3753.23
ORD514719,1,UPI,1,2064.26
ORD514720,1,wallet,1,2782.86
ORD514721,1,debit_card,1,1775.85
ORD514722,1,net_banking,1,1734.02
ORD514723,1,wallet,1,3058.92
ORD514724,1,credit_card,4,1600.53
ORD514724,2,debit_card,1,2632.06
ORD514725,1,net_banking,1,997.54
ORD514726,1,wallet,1,243.01
ORD514727,1,wallet,1,1321.65
ORD514728,1,UPI,1,1705.77
ORD514729,1,credit_card,1,3582.71
ORD514730,1,wallet,1,2223.22
ORD514731,1,wallet,1,2113.12
ORD514732,1,debit_card,1,679.33
ORD514733,1,COD,1,3397.88
ORD514734,1,debit_card,1,2699.33
ORD514735,1,debit_card,1,1193.09
ORD514736,1,COD,4,2238.37
ORD514737,1,credit_card,2,1718.49
ORD514738,1,credit_card,1,1542.61
ORD514739,1,UPI,1,3145.5
ORD514740,1,wallet,1,599.35
ORD514741,1,COD,1,1026.08
ORD514742,1,debit_card,11,1208.48
ORD514742,2,wallet,1,3757.65
ORD514743,1,wallet,1,1367.34
ORD514744,1,wallet,1,2213.48
ORD514745,1,COD,11,2798.82
ORD514746,1,wallet,1,3145.93
ORD514747,1,debit_card,12,1992.39
ORD514747,2,debit_card,1,3225.35
ORD514748,1,UPI,1,3731.12
ORD514749,1,debit_card,1,2418.31
ORD514750,1,net_banking,1,1836.57
ORD514751,1,UPI,1,561.33
ORD514752,1,COD,1,3117.78
ORD514753,1,net_banking,1,1735.21
ORD514754,1,net_banking,1,368.87
ORD514755,1,wallet,1,3475.04
ORD514756,1,UPI,11,3305.11
ORD514757,1,debit_card,1,1112.01
ORD514758,1,wallet,1,1532.42
ORD514759,1,COD,1,2929.64
ORD514760,1,credit_card,1,568.62
ORD514761,1,COD,1,2517.46
ORD514762,1,COD,1,1079.79
ORD514763,1,UPI,1,3875.73
ORD514764,1,UPI,1,1145.14
ORD514765,1,wallet,1,379.47
ORD514766,1,UPI,1,1304.49
ORD514767,1,wallet,12,1292.23
ORD514767,2,UPI,1,2661.3
ORD514768,1,net_banking,7,1397.62
ORD514769,1,COD,1,749.43
ORD514770,1,wallet,1,2746.28
ORD514771,1,net_banking,1,3508.31
ORD514772,1,wallet,1,3688.77
ORD514773,1,UPI,6,431.07
ORD514774,1,COD,1,1699.64
ORD514775,1,credit_card,1,1687.75
ORD514776,1,COD,1,1503.33
ORD514777,1,net_banking,1,2820.54
ORD514778,1,UPI,1,2778.22
ORD514779,1,debit_card,7,664.22
ORD514780,1,credit_card,1,3950.27
ORD514781,1,wallet,1,3168.62
ORD514782,1,UPI,1,3069.61
ORD514783,1,credit_card,1,882.95
ORD514784,1,net_banking,1,3542.16
ORD514785,1,debit_card,1,1821.79
ORD514786,1,wallet,1,2995.92
ORD514787,1,COD,1,1395.93
ORD514788,1,COD,1,1833.29
ORD514789,1,credit_card,1,3337.13
ORD514790,1,wallet,1,3602.14
ORD514791,1,COD,1,2058.25
ORD514792,1,debit_card,1,3550.37
ORD514792,2,wallet,1,376.32
ORD514793,1,debit_card,1,2562.94
ORD514793,2,wallet,1,2360.06
ORD514794,1,credit_card,1,2316.77
ORD514794,2,credit_card,1,3393.34
ORD514795,1,net_banking,1,685.41
ORD514796,1,UPI,1,3784.33
ORD514797,1,debit_card,1,1290.25
ORD514797,2,wallet,1,3984.22
ORD514798,1,credit_card,1,3372.51
ORD514799,1,wallet,1,767.01
ORD514800,1,UPI,1,2854.39
ORD514801,1,net_banking,12,2859.96
ORD514801,2,net_banking,1,3412.75
ORD514802,1,UPI,1,283.34
ORD514803,1,debit_card,12,2769.29
ORD514804,1,UPI,1,2749.89
ORD514805,1,COD,10,3251.66
ORD514806,1,wallet,1,2704.34
ORD514807,1,COD,1,1617.6
ORD514808,1,debit_card,1,904.06
ORD514809,1,debit_card,1,1738.59
ORD514810,1,debit_card,1,1331.16
ORD514811,1,credit_card,1,2718.78
ORD514812,1,wallet,4,1857.94
ORD514813,1,UPI,1,1443.43
ORD514813,2,wallet,1,529.49
ORD514814,1,net_banking,1,3352.91
ORD514814,2,wallet,1,3933.42
ORD514815,1,UPI,1,2816.88
ORD514816,1,COD,11,3268.4
ORD514817,1,credit_card,1,3408.77
ORD514818,1,wallet,1,1332.92
ORD514819,1,wallet,1,980.33
ORD514820,1,net_banking,3,2752.43
ORD514820,2,net_banking,1,3242.42
ORD514821,1,net_banking,1,3696.8
ORD514822,1,wallet,1,3026.19
ORD514823,1,COD,1,600.32
ORD514824,1,credit_card,1,1469.51
ORD514825,1,debit_card,1,1223.66
ORD514826,1,COD,1,2703.11
ORD514827,1,wallet,1,1000.52
ORD514828,1,credit_card,1,1474.44
ORD514829,1,credit_card,1,411.27
ORD514830,1,net_banking,1,1830.51
ORD514830,2,debit_card,1,1402.17
ORD514831,1,COD,1,1239.06
ORD514832,1,UPI,11,1467.58
ORD514833,1,COD,1,1105.18
ORD514834,1,UPI,1,2544.01
ORD514835,1,debit_card,1,1105.15
ORD514836,1,debit_card,11,330.05
ORD514837,1,wallet,1,1200.39
ORD514837,2,credit_card,4,1387.21
ORD514838,1,UPI,1,3072.61
ORD514839,1,UPI,1,2538.93
ORD514840,1,UPI,1,3724.14
ORD514841,1,COD,1,996.94
ORD514842,1,UPI,1,2179.69
ORD514843,1,UPI,1,2904.55
ORD514844,1,credit_card,1,3971.37
ORD514845,1,UPI,1,1599.39
ORD514846,1,UPI,1,2392.9
ORD514847,1,wallet,1,529.91
ORD514848,1,debit_card,1,2914.8
ORD514849,1,debit_card,1,1851.79
ORD514849,2,UPI,1,841.24
ORD514850,1,credit_card,1,818.08
ORD514851,1,UPI,1,1760.17
ORD514852,1,net_banking,1,2079.12
ORD514853,1,COD,1,694.84
ORD514854,1,UPI,1,1915.89
ORD514855,1,credit_card,1,2401.46
ORD514855,2,credit_card,1,1504.13
ORD514856,1,debit_card,1,2804.97
ORD514857,1,credit_card,1,280.45
ORD514858,1,wallet,4,479.79
ORD514859,1,UPI,1,3017.12
ORD514860,1,debit_card,1,1551.19
ORD514861,1,wallet,1,1595.48
ORD514862,1,UPI,1,2911.15
ORD514863,1,net_banking,1,836.21
ORD514863,2,net_banking,1,2792.8
ORD514864,1,COD,1,1000.42
ORD514865,1,debit_card,1,617.33
ORD514866,1,COD,11,1067.7
ORD514867,1,net_banking,1,3688.65
ORD514868,1,net_banking,1,1164.42
ORD514869,1,debit_card,1,2562.16
ORD514869,2,wallet,1,1377.18
ORD514870,1,debit_card,1,847.24
ORD514871,1,UPI,7,2850.04
ORD514872,1,wallet,1,3479.42
ORD514872,2,net_banking,1,3463.96
ORD514873,1,net_banking,1,2421.37
ORD514874,1,COD,1,3670.31
ORD514875,1,COD,1,2445.93
ORD514875,2,COD,1,2065.37
ORD514876,1,net_banking,1,491.84
ORD514877,1,net_banking,3,974.16
ORD514878,1,wallet,1,3308.92
ORD514879,1,wallet,1,3393.44
ORD514880,1,UPI,1,1823.33
ORD514881,1,debit_card,1,2562.3
ORD514882,1,debit_card,1,1307.21
ORD514883,1,COD,1,3184.68
ORD514884,1,UPI,1,1640.07
ORD514885,1,net_banking,1,3210.17
ORD514886,1,debit_card,1,2904.08
ORD514887,1,COD,1,849.91
ORD514888,1,UPI,1,1427.82
ORD514888,2,UPI,1,3624.26
ORD514889,1,credit_card,3,3746.25
ORD514890,1,credit_card,1,3851.37
ORD514891,1,UPI,1,2847.18
ORD514892,1,debit_card,1,340.06
ORD514893,1,UPI,1,3234.19
ORD514894,1,wallet,1,3884.87
ORD514895,1,COD,1,2659.58
ORD514896,1,debit_card,1,3570.96
ORD514897,1,UPI,1,479.95
ORD514898,1,net_banking,1,297.37
ORD514899,1,debit_card,9,908.73
ORD514900,1,debit_card,1,2030.39
ORD514901,1,wallet,1,1120.89
ORD514902,1,UPI,1,2193.35
ORD514903,1,net_banking,1,3066.4
ORD514904,1,COD,1,3776.73
ORD514905,1,wallet,1,1106.85
ORD514906,1,net_banking,1,1635.26
ORD514907,1,COD,1,3348.27
ORD514908,1,wallet,1,2794.88
ORD514909,1,debit_card,1,2649.26
ORD514910,1,debit_card,1,3930.37
ORD514911,1,wallet,1,1827.61
ORD514912,1,COD,1,2325.77
ORD514913,1,wallet,1,2166.3
ORD514914,1,wallet,1,2715.37
ORD514915,1,debit_card,1,887.42
ORD514916,1,COD,9,1718.12
ORD514917,1,net_banking,1,1979.01
ORD514918,1,credit_card,1,1235.39
ORD514918,2,wallet,6,658.07
ORD514919,1,wallet,1,394.49
ORD514920,1,COD,7,1175.0
ORD514921,1,net_banking,1,3216.87
ORD514922,1,net_banking,1,2696.21
ORD514923,1,wallet,1,1345.83
ORD514924,1,net_banking,1,3675.93
ORD514925,1,COD,1,2861.81
ORD514926,1,wallet,8,3463.93
ORD514927,1,debit_card,1,3083.14
ORD514928,1,debit_card,1,3323.28
ORD514929,1,net_banking,1,435.41
ORD514930,1,wallet,1,2107.66
ORD514931,1,COD,1,938.99
ORD514932,1,net_banking,1,3834.16
ORD514933,1,wallet,1,3194.79
ORD514933,2,UPI,1,2830.02
ORD514934,1,credit_card,1,2904.8
ORD514935,1,credit_card,1,1000.15
ORD514936,1,net_banking,1,1779.36
ORD514937,1,credit_card,1,1420.65
ORD514938,1,net_banking,1,954.42
ORD514939,1,COD,1,217.86
ORD514940,1,UPI,10,3695.86
ORD514941,1,COD,1,3276.02
ORD514942,1,debit_card,1,685.07
ORD514943,1,wallet,1,3736.86
ORD514944,1,net_banking,10,3457.75
ORD514945,1,UPI,1,2239.04
ORD514946,1,COD,1,238.33
ORD514947,1,net_banking,3,3961.54
ORD514948,1,COD,1,3340.94
ORD514949,1,UPI,1,548.81
ORD514950,1,credit_card,1,1771.63
ORD514951,1,net_banking,1,1229.78
ORD514952,1,wallet,1,472.09
ORD514953,1,COD,2,3313.44
ORD514954,1,net_banking,1,233.64
ORD514955,1,COD,1,677.39
ORD514956,1,UPI,1,712.74
ORD514956,2,net_banking,1,3338.54
ORD514957,1,UPI,7,796.44
ORD514958,1,net_banking,1,1258.25
ORD514959,1,credit_card,9,3200.62
ORD514960,1,wallet,1,2805.78
ORD514960,2,debit_card,1,2582.61
ORD514961,1,credit_card,1,1375.26
ORD514962,1,COD,1,438.24
ORD514963,1,COD,1,2867.67
ORD514964,1,UPI,1,2532.68
ORD514965,1,wallet,1,3900.11
ORD514966,1,wallet,1,3550.04
ORD514967,1,credit_card,1,251.55
ORD514968,1,net_banking,10,979.82
ORD514968,2,COD,1,718.5
ORD514969,1,credit_card,1,3419.96
ORD514970,1,credit_card,1,411.17
ORD514970,2,credit_card,1,1428.58
ORD514971,1,net_banking,11,3738.22
ORD514972,1,debit_card,6,2624.33
ORD514973,1,UPI,1,3672.78
ORD514974,1,COD,1,528.14
ORD514975,1,net_banking,1,896.65
ORD514976,1,credit_card,1,773.23
ORD514977,1,UPI,1,331.83
ORD514978,1,debit_card,1,3115.66
ORD514979,1,net_banking,1,1611.81
ORD514979,2,COD,1,1500.65
ORD514980,1,debit_card,1,838.45
ORD514981,1,COD,1,3504.56
ORD514982,1,net_banking,1,1524.89
ORD514983,1,UPI,1,2700.77
ORD514984,1,UPI,11,1148.23
ORD514984,2,COD,1,1745.02
ORD514985,1,net_banking,1,1575.87
ORD514986,1,wallet,1,1861.55
ORD514987,1,COD,1,695.27
ORD514988,1,UPI,1,3122.05
ORD514989,1,credit_card,1,3040.21
ORD514990,1,debit_card,1,1338.54
ORD514991,1,wallet,1,3000.32
ORD514992,1,credit_card,1,3494.39
ORD514993,1,wallet,1,3358.53
ORD514994,1,credit_card,1,3266.76
ORD514995,1,UPI,1,3176.33
ORD514996,1,net_banking,1,2723.12
ORD514996,2,credit_card,1,3576.95
ORD514997,1,credit_card,1,338.53
ORD514998,1,COD,1,1664.27
ORD514999,1,wallet,1,1664.32
ORD515000,1,COD,1,1438.76
ORD515001,1,credit_card,1,2257.35
ORD515002,1,UPI,1,3322.38
ORD515003,1,COD,1,214.65
ORD515004,1,UPI,1,2606.22
ORD515004,2,net_banking,9,3156.24
ORD515005,1,UPI,1,3556.15
ORD515006,1,UPI,1,1938.92
ORD515007,1,net_banking,1,1334.14
ORD515008,1,net_banking,1,854.11
ORD515009,1,credit_card,8,1742.73
ORD515010,1,net_banking,7,3797.09
ORD515010,2,UPI,1,3027.01
ORD515011,1,debit_card,1,551.47
ORD515012,1,wallet,1,3430.17
ORD515013,1,debit_card,1,1763.48
ORD515014,1,UPI,1,820.76
ORD515015,1,UPI,1,573.92
ORD515016,1,debit_card,1,2553.5
ORD515017,1,debit_card,1,2909.77
ORD515018,1,wallet,10,1734.53
ORD515019,1,debit_card,1,1428.43
ORD515019,2,wallet,1,567.69
ORD515020,1,UPI,10,957.32
ORD515021,1,net_banking,1,3073.24
ORD515022,1,net_banking,1,3318.66
ORD515023,1,credit_card,5,2181.16
ORD515024,1,UPI,1,1094.24
ORD515024,2,UPI,1,1959.53
ORD515025,1,UPI,1,799.59
ORD515025,2,credit_card,1,1437.7
ORD515026,1,credit_card,1,2254.74
ORD515027,1,net_banking,1,3698.6
ORD515028,1,UPI,10,769.56
ORD515029,1,wallet,12,2935.36
ORD515030,1,credit_card,1,3630.35
ORD515031,1,net_banking,1,3234.51
ORD515032,1,credit_card,1,3463.63
ORD515033,1,debit_card,8,3550.1
ORD515033,2,debit_card,1,3162.07
ORD515034,1,wallet,1,408.18
ORD515035,1,wallet,1,1820.93
ORD515036,1,COD,1,470.57
ORD515037,1,net_banking,1,2091.43
ORD515038,1,credit_card,1,1822.69
ORD515038,2,net_banking,1,1174.39
ORD515039,1,COD,1,1317.37
ORD515040,1,net_banking,1,402.43
ORD515041,1,credit_card,5,1518.71
ORD515042,1,debit_card,1,2745.19
ORD515042,2,wallet,1,3617.66
ORD515043,1,COD,1,2770.87
ORD515044,1,COD,1,2761.57
ORD515045,1,credit_card,1,3518.4
ORD515046,1,COD,1,2472.65
ORD515047,1,net_banking,1,3533.56
ORD515047,2,COD,1,3776.95
ORD515048,1,wallet,10,972.44
ORD515049,1,debit_card,1,3421.5
ORD515050,1,net_banking,11,2373.67
ORD515051,1,net_banking,1,2286.91
ORD515052,1,net_banking,1,2297.53
ORD515052,2,UPI,1,313.11
ORD515053,1,net_banking,1,1107.99
ORD515054,1,debit_card,1,3574.86
ORD515055,1,COD,1,3814.83
ORD515056,1,net_banking,1,3520.95
ORD515057,1,credit_card,10,1452.09
ORD515058,1,COD,1,3419.75
ORD515059,1,wallet,1,522.2
ORD515060,1,credit_card,11,1761.39
ORD515061,1,debit_card,1,502.7
ORD515062,1,COD,11,406.99
ORD515063,1,credit_card,1,3861.26
ORD515064,1,net_banking,1,1650.08
ORD515065,1,UPI,1,3601.98
ORD515066,1,net_banking,1,1388.53
ORD515067,1,debit_card,1,2459.32
ORD515068,1,COD,1,2677.12
ORD515069,1,debit_card,3,604.47
ORD515069,2,debit_card,1,482.22
ORD515070,1,COD,1,1811.13
ORD515071,1,COD,1,411.44
ORD515072,1,debit_card,1,437.5
ORD515073,1,debit_card,1,550.35
ORD515074,1,COD,1,2601.99
ORD515075,1,credit_card,1,3174.69
ORD515076,1,credit_card,1,715.25
ORD515077,1,credit_card,1,1607.39
ORD515078,1,credit_card,1,342.32
ORD515078,2,UPI,1,3346.63
ORD515079,1,UPI,1,894.38
ORD515080,1,credit_card,1,1627.99
ORD515081,1,UPI,1,1148.87
ORD515082,1,UPI,1,535.84
ORD515083,1,credit_card,1,3765.95
ORD515084,1,debit_card,1,2662.78
ORD515085,1,wallet,1,2261.74
ORD515085,2,UPI,1,2056.32
ORD515086,1,credit_card,1,2115.74
ORD515087,1,wallet,1,1003.29
ORD515088,1,credit_card,1,1655.89
ORD515089,1,net_banking,1,3255.15
ORD515090,1,debit_card,1,1026.81
ORD515091,1,COD,1,3097.39
ORD515092,1,credit_card,1,665.33
ORD515093,1,UPI,1,966.72
ORD515094,1,credit_card,1,2292.97
ORD515095,1,debit_card,1,3049.8
ORD515096,1,COD,1,662.32
ORD515097,1,wallet,10,2218.42
ORD515098,1,credit_card,4,3019.61
ORD515099,1,debit_card,1,590.31
ORD515100,1,UPI,1,2228.45
ORD515101,1,credit_card,1,1549.59
ORD515102,1,debit_card,1,1742.49
ORD515103,1,net_banking,1,3577.14
ORD515104,1,net_banking,1,1518.98
ORD515105,1,wallet,6,206.07
ORD515106,1,UPI,1,3780.55
ORD515107,1,credit_card,1,3000.7
ORD515108,1,credit_card,1,1421.65
ORD515109,1,net_banking,1,3013.75
ORD515110,1,credit_card,12,3561.12
ORD515111,1,debit_card,1,1345.75
ORD515112,1,net_banking,10,2869.55
ORD515113,1,debit_card,3,1757.19
ORD515114,1,UPI,1,2226.51
ORD515115,1,credit_card,1,2524.09
ORD515115,2,UPI,1,2510.25
ORD515116,1,wallet,1,2793.69
ORD515117,1,COD,1,2355.12
ORD515118,1,COD,1,981.1
ORD515119,1,UPI,1,1223.47
ORD515120,1,debit_card,1,1200.29
ORD515121,1,UPI,1,1195.71
ORD515122,1,wallet,1,1628.73
ORD515123,1,credit_card,1,3168.81
ORD515124,1,debit_card,1,1895.49
ORD515125,1,credit_card,1,443.54
ORD515126,1,UPI,1,3765.47
ORD515127,1,credit_card,12,2387.11
ORD515128,1,net_banking,1,3517.81
ORD515129,1,COD,5,3833.83
ORD515130,1,wallet,1,3293.23
ORD515131,1,COD,1,2902.95
ORD515132,1,credit_card,1,1273.03
ORD515133,1,debit_card,1,2590.52
ORD515134,1,net_banking,1,3246.6
ORD515135,1,net_banking,1,3536.2
ORD515136,1,credit_card,1,2208.18
ORD515137,1,COD,1,3185.45
ORD515138,1,COD,1,1806.79
ORD515139,1,UPI,1,2544.41
ORD515140,1,COD,1,2661.57
ORD515141,1,wallet,1,1054.65
ORD515142,1,wallet,1,1844.28
ORD515143,1,credit_card,1,897.02
ORD515144,1,credit_card,12,1723.32
ORD515145,1,net_banking,1,1284.56
ORD515146,1,net_banking,1,1486.87
ORD515146,2,credit_card,1,1329.97
ORD515147,1,credit_card,1,3697.59
ORD515147,2,debit_card,1,567.53
ORD515148,1,COD,1,2107.6
ORD515149,1,UPI,1,520.85
ORD515150,1,wallet,1,2151.78
ORD515151,1,net_banking,1,409.18
ORD515152,1,UPI,1,1692.61
ORD515153,1,credit_card,1,3090.44
ORD515154,1,debit_card,1,3981.28
ORD515155,1,UPI,1,3080.07
ORD515156,1,debit_card,1,2177.63
ORD515157,1,COD,6,301.7
ORD515158,1,COD,1,256.54
ORD515159,1,UPI,1,3258.63
ORD515160,1,debit_card,1,3394.26
ORD515161,1,wallet,1,2540.43
ORD515161,2,net_banking,1,1607.65
ORD515162,1,credit_card,1,3643.22
ORD515163,1,wallet,1,3064.47
ORD515163,2,COD,9,364.21
ORD515164,1,wallet,2,3402.07
ORD515165,1,wallet,1,3672.38
ORD515166,1,UPI,1,2862.74
ORD515166,2,UPI,1,558.01
ORD515167,1,COD,1,1648.29
ORD515168,1,debit_card,1,1705.24
ORD515169,1,UPI,1,2062.42
ORD515169,2,net_banking,1,378.5
ORD515170,1,credit_card,1,1696.49
ORD515171,1,debit_card,1,3354.22
ORD515172,1,credit_card,1,2358.02
ORD515173,1,net_banking,1,2136.24
ORD515174,1,wallet,1,612.18
ORD515175,1,credit_card,1,557.04
ORD515175,2,UPI,5,3516.06
ORD515176,1,debit_card,1,962.75
ORD515177,1,debit_card,1,718.13
ORD515178,1,COD,6,3879.16
ORD515179,1,net_banking,1,675.35
ORD515180,1,net_banking,1,3327.57
ORD515181,1,wallet,1,2046.39
ORD515182,1,net_banking,1,1515.29
ORD515183,1,wallet,1,700.6
ORD515184,1,wallet,2,2933.94
ORD515185,1,wallet,1,2374.56
ORD515186,1,UPI,1,634.37
ORD515187,1,net_banking,1,1729.24
ORD515188,1,net_banking,9,386.54
ORD515189,1,debit_card,1,3470.72
ORD515190,1,wallet,1,1412.88
ORD515191,1,UPI,1,3823.07
ORD515192,1,wallet,1,349.27
ORD515193,1,net_banking,1,1682.51
ORD515194,1,debit_card,1,863.55
ORD515195,1,wallet,1,1488.65
ORD515196,1,wallet,1,1025.05
ORD515197,1,credit_card,1,225.4
ORD515198,1,COD,1,3563.6
ORD515199,1,net_banking,1,2949.48
ORD515200,1,debit_card,7,220.0
ORD515200,2,debit_card,1,3565.03
ORD515201,1,net_banking,8,1227.0
ORD515201,2,debit_card,1,1351.34
ORD515202,1,net_banking,5,3484.05
ORD515203,1,wallet,1,3442.52
ORD515204,1,wallet,12,3907.34
ORD515205,1,COD,1,2172.87
ORD515206,1,credit_card,1,2024.0
ORD515207,1,net_banking,4,463.15
ORD515208,1,wallet,1,3841.35
ORD515209,1,credit_card,1,1727.7
ORD515210,1,net_banking,1,3517.39
ORD515211,1,UPI,2,970.65
ORD515212,1,wallet,1,569.43
ORD515213,1,debit_card,1,591.41
ORD515214,1,wallet,7,427.53
ORD515215,1,UPI,1,2582.54
ORD515215,2,UPI,1,1180.22
ORD515216,1,UPI,1,1888.51
ORD515217,1,UPI,1,2072.68
ORD515218,1,wallet,1,3048.25
ORD515219,1,credit_card,1,2935.79
ORD515220,1,wallet,1,2555.42
ORD515221,1,credit_card,1,1705.54
ORD515222,1,credit_card,1,2537.32
ORD515223,1,credit_card,1,1039.99
ORD515223,2,debit_card,1,1479.95
ORD515224,1,wallet,1,1309.44
ORD515225,1,debit_card,1,3030.92
ORD515226,1,net_banking,1,1103.96
ORD515227,1,net_banking,1,1510.55
ORD515228,1,wallet,1,525.46
ORD515229,1,net_banking,1,1546.83
ORD515230,1,net_banking,1,3225.01
ORD515231,1,debit_card,1,306.73
ORD515232,1,net_banking,1,3636.43
ORD515233,1,debit_card,1,2252.36
ORD515234,1,wallet,1,2582.65
ORD515235,1,wallet,1,2247.11
ORD515236,1,wallet,1,1505.83
ORD515237,1,debit_card,1,2187.62
ORD515238,1,UPI,1,1918.36
ORD515239,1,wallet,1,2044.67
ORD515240,1,net_banking,1,3925.98
ORD515241,1,credit_card,1,1494.5
ORD515242,1,wallet,1,2459.76
ORD515243,1,credit_card,1,1383.87
ORD515244,1,UPI,1,2074.61
ORD515245,1,debit_card,1,1045.91
ORD515246,1,wallet,1,2218.79
ORD515247,1,debit_card,2,3221.76
ORD515248,1,credit_card,1,3353.35
ORD515249,1,net_banking,1,3689.21
ORD515250,1,net_banking,1,952.49
ORD515251,1,net_banking,1,2082.7
ORD515251,2,COD,1,1889.89
ORD515252,1,net_banking,1,208.11
ORD515253,1,net_banking,1,3612.95
ORD515254,1,debit_card,1,3219.48
ORD515255,1,credit_card,1,564.62
ORD515256,1,net_banking,1,615.45
ORD515257,1,COD,1,3773.53
ORD515258,1,COD,1,2505.21
ORD515259,1,credit_card,1,2353.0
ORD515260,1,credit_card,1,695.04
ORD515260,2,UPI,1,1218.55
ORD515261,1,net_banking,1,3266.8
ORD515262,1,wallet,1,1614.32
ORD515263,1,wallet,1,602.91
ORD515264,1,wallet,1,350.73
ORD515265,1,UPI,1,3287.37
ORD515266,1,debit_card,1,961.92
ORD515267,1,UPI,1,1933.51
ORD515267,2,credit_card,1,3124.84
ORD515268,1,net_banking,2,2718.84
ORD515269,1,debit_card,1,2864.34
ORD515270,1,COD,5,2729.75
ORD515271,1,wallet,1,1684.6
ORD515272,1,UPI,1,884.91
ORD515272,2,wallet,1,3735.98
ORD515273,1,debit_card,1,463.74
ORD515274,1,net_banking,1,601.31
ORD515275,1,debit_card,1,1780.66
ORD515276,1,COD,1,375.24
ORD515277,1,wallet,1,1213.38
ORD515277,2,UPI,1,1289.33
ORD515278,1,debit_card,1,433.44
ORD515279,1,UPI,1,780.97
ORD515280,1,UPI,1,253.23
ORD515281,1,credit_card,3,3686.39
ORD515282,1,credit_card,1,2035.77
ORD515283,1,COD,1,3413.11
ORD515283,2,debit_card,1,675.55
ORD515284,1,debit_card,3,3046.51
ORD515285,1,debit_card,1,1387.28
ORD515286,1,COD,1,2691.77
ORD515287,1,COD,1,2825.21
ORD515288,1,credit_card,1,2015.14
ORD515289,1,net_banking,1,1306.93
ORD515290,1,wallet,1,3312.21
ORD515291,1,COD,1,2027.54
ORD515292,1,net_banking,1,1705.27
ORD515293,1,wallet,1,2488.8
ORD515294,1,UPI,1,2493.04
ORD515295,1,UPI,1,1472.2
ORD515296,1,net_banking,1,762.97
ORD515297,1,COD,1,2993.76
ORD515298,1,credit_card,1,1636.42
ORD515299,1,credit_card,1,2889.95
ORD515300,1,wallet,1,1276.84
ORD515301,1,wallet,1,896.54
ORD515302,1,wallet,1,3510.95
ORD515303,1,COD,1,1216.35
ORD515303,2,credit_card,1,826.82
ORD515304,1,credit_card,1,2581.74
ORD515305,1,debit_card,3,2644.72
ORD515306,1,wallet,1,3387.38
ORD515307,1,debit_card,6,1942.35
ORD515308,1,debit_card,1,1621.95
ORD515309,1,debit_card,1,891.82
ORD515309,2,debit_card,1,2913.29
ORD515310,1,wallet,1,3482.2
ORD515311,1,credit_card,1,2062.69
ORD515312,1,COD,1,224.69
ORD515312,2,UPI,1,3236.45
ORD515313,1,wallet,1,2612.36
ORD515314,1,net_banking,4,867.5
ORD515315,1,credit_card,10,2668.91
ORD515316,1,UPI,11,2411.59
ORD515316,2,UPI,1,2096.14
ORD515317,1,net_banking,1,2480.96
ORD515318,1,credit_card,1,452.62
ORD515319,1,debit_card,1,1167.73
ORD515320,1,debit_card,1,790.12
ORD515321,1,UPI,1,1622.2
ORD515322,1,COD,1,3207.05
ORD515323,1,net_banking,1,3586.21
ORD515324,1,debit_card,1,2574.23
ORD515324,2,net_banking,8,1353.18
ORD515325,1,debit_card,1,213.47
ORD515326,1,COD,1,3129.04
ORD515327,1,credit_card,1,1235.17
ORD515328,1,COD,5,2094.71
ORD515329,1,UPI,1,3914.46
ORD515330,1,UPI,1,2010.03
ORD515331,1,wallet,12,3883.38
ORD515332,1,wallet,1,1331.59
ORD515333,1,net_banking,1,2409.73
ORD515334,1,COD,1,3586.42
ORD515335,1,COD,1,362.84
ORD515336,1,net_banking,1,3301.89
ORD515336,2,COD,1,918.83
ORD515337,1,COD,1,2425.04
ORD515338,1,credit_card,1,351.68
ORD515339,1,debit_card,1,1846.18
ORD515339,2,net_banking,1,346.5
ORD515340,1,COD,1,651.17
ORD515341,1,UPI,1,1773.35
ORD515341,2,net_banking,1,1785.98
ORD515342,1,debit_card,1,3279.0
ORD515343,1,credit_card,1,3634.97
ORD515344,1,net_banking,1,3328.61
ORD515345,1,wallet,1,3669.5
ORD515346,1,credit_card,1,2636.93
ORD515346,2,net_banking,1,3833.5
ORD515347,1,COD,1,2729.88
ORD515348,1,debit_card,10,566.09
ORD515349,1,UPI,1,557.37
ORD515349,2,debit_card,1,1389.66
ORD515350,1,net_banking,1,871.23
ORD515351,1,COD,1,2252.49
ORD515352,1,UPI,1,3952.79
ORD515353,1,debit_card,1,3048.0
ORD515354,1,wallet,1,1923.86
ORD515355,1,credit_card,1,850.11
ORD515356,1,credit_card,1,2069.25
ORD515357,1,UPI,1,1493.81
ORD515357,2,wallet,1,2520.68
ORD515358,1,wallet,1,1472.4
ORD515359,1,net_banking,1,2646.14
ORD515360,1,credit_card,1,3842.17
ORD515361,1,credit_card,1,963.67
ORD515362,1,debit_card,1,3349.38
ORD515363,1,wallet,1,522.92
ORD515364,1,net_banking,1,2980.74
ORD515365,1,COD,1,3407.01
ORD515366,1,credit_card,3,3648.58
ORD515367,1,debit_card,1,1492.31
ORD515368,1,credit_card,1,1015.34
ORD515369,1,net_banking,7,2889.94
ORD515370,1,net_banking,7,3972.36
ORD515371,1,wallet,11,1989.13
ORD515372,1,credit_card,1,1406.08
ORD515373,1,UPI,1,1477.76
ORD515374,1,credit_card,1,1681.03
ORD515375,1,wallet,2,1764.82
ORD515376,1,COD,1,2603.01
ORD515377,1,credit_card,1,2596.54
ORD515378,1,net_banking,1,1103.49
ORD515378,2,debit_card,1,3814.04
ORD515379,1,COD,9,1028.02
ORD515380,1,debit_card,1,1964.61
ORD515381,1,wallet,1,1380.41
ORD515382,1,credit_card,1,3698.77
ORD515383,1,COD,1,2130.7
ORD515384,1,credit_card,1,547.5
ORD515385,1,debit_card,1,1889.71
ORD515386,1,debit_card,1,3014.95
ORD515387,1,credit_card,1,1208.91
ORD515388,1,COD,1,1944.12
ORD515389,1,credit_card,1,2787.59
ORD515390,1,wallet,1,2957.71
ORD515391,1,COD,1,3882.98
ORD515392,1,net_banking,1,1506.09
ORD515393,1,credit_card,1,3614.76
ORD515394,1,wallet,1,3094.69
ORD515395,1,UPI,9,2600.68
ORD515396,1,COD,1,1484.78
ORD515397,1,UPI,1,2983.21
ORD515398,1,debit_card,1,3680.47
ORD515399,1,net_banking,1,3524.87
ORD515400,1,wallet,1,1193.01
ORD515400,2,wallet,1,395.68
ORD515401,1,UPI,1,3663.11
ORD515401,2,credit_card,1,1119.37
ORD515402,1,net_banking,1,3030.18
ORD515403,1,net_banking,1,2459.96
ORD515404,1,wallet,1,2308.53
ORD515405,1,credit_card,1,1405.9
ORD515406,1,wallet,1,3074.8
ORD515407,1,UPI,1,1349.39
ORD515408,1,wallet,8,3390.18
ORD515409,1,UPI,1,1599.91
ORD515410,1,credit_card,1,1504.61
ORD515410,2,wallet,1,487.65
ORD515411,1,wallet,1,851.73
ORD515412,1,net_banking,7,2079.41
ORD515413,1,credit_card,1,510.66
ORD515414,1,debit_card,1,925.62
ORD515415,1,net_banking,1,3294.73
ORD515416,1,COD,1,3063.57
ORD515417,1,wallet,1,2795.72
ORD515417,2,wallet,1,3295.18
ORD515418,1,wallet,1,334.87
ORD515419,1,net_banking,1,3712.52
ORD515420,1,UPI,1,3988.89
ORD515421,1,UPI,1,1507.82
ORD515422,1,COD,1,2471.44
ORD515423,1,wallet,1,570.42
ORD515423,2,debit_card,1,1369.99
ORD515424,1,credit_card,6,735.07
ORD515425,1,credit_card,1,1639.87
ORD515426,1,debit_card,1,2689.86
ORD515427,1,debit_card,1,2948.71
ORD515428,1,wallet,5,2380.73
ORD515429,1,debit_card,1,3881.16
ORD515429,2,debit_card,1,667.8
ORD515430,1,wallet,1,3175.02
ORD515431,1,debit_card,1,1664.44
ORD515432,1,net_banking,1,3189.08
ORD515433,1,wallet,1,1254.17
ORD515434,1,UPI,1,1097.94
ORD515435,1,net_banking,1,448.05
ORD515436,1,credit_card,1,1263.04
ORD515437,1,credit_card,1,3190.33
ORD515438,1,debit_card,1,2169.7
ORD515439,1,wallet,1,2563.93
ORD515440,1,debit_card,1,3746.51
ORD515441,1,credit_card,1,2632.42
ORD515442,1,UPI,1,3484.65
ORD515443,1,wallet,5,1932.16
ORD515444,1,debit_card,1,3182.93
ORD515445,1,wallet,1,1185.83
ORD515446,1,net_banking,1,3333.54
ORD515447,1,credit_card,1,1380.77
ORD515448,1,wallet,1,315.17
ORD515449,1,credit_card,1,1230.35
ORD515450,1,debit_card,1,3375.07
ORD515451,1,debit_card,1,1827.89
ORD515452,1,UPI,7,1482.89
ORD515453,1,UPI,1,2049.84
ORD515454,1,debit_card,4,3713.66
ORD515455,1,COD,7,3139.57
ORD515456,1,credit_card,1,2920.47
ORD515457,1,UPI,1,887.02
ORD515458,1,UPI,1,487.6
ORD515459,1,credit_card,1,1967.42
ORD515460,1,net_banking,1,2576.78
ORD515460,2,credit_card,1,693.58
ORD515461,1,wallet,1,3011.68
ORD515462,1,UPI,1,1000.08
ORD515463,1,net_banking,1,3167.85
ORD515464,1,debit_card,1,327.55
ORD515465,1,credit_card,1,1054.43
ORD515466,1,COD,1,1819.36
ORD515467,1,wallet,1,2606.02
ORD515468,1,net_banking,1,3795.29
ORD515468,2,net_banking,1,2085.87
ORD515469,1,debit_card,1,2938.21
ORD515470,1,net_banking,1,489.21
ORD515471,1,wallet,1,675.25
ORD515472,1,net_banking,10,1493.95
ORD515473,1,credit_card,1,332.88
ORD515474,1,net_banking,1,1960.36
ORD515475,1,COD,1,3022.25
ORD515476,1,debit_card,12,396.05
ORD515477,1,debit_card,11,3693.86
ORD515478,1,COD,1,2294.62
ORD515479,1,COD,1,2231.56
ORD515480,1,wallet,8,2648.62
ORD515481,1,debit_card,1,3452.13
ORD515482,1,debit_card,1,2029.24
ORD515483,1,debit_card,1,3037.29
ORD515484,1,credit_card,1,2774.29
ORD515485,1,UPI,5,2036.42
ORD515486,1,net_banking,1,3695.31
ORD515487,1,debit_card,1,1832.02
ORD515488,1,credit_card,1,3471.42
ORD515489,1,wallet,1,3299.84
ORD515490,1,net_banking,1,920.18
ORD515491,1,COD,1,3812.77
ORD515492,1,debit_card,1,206.16
ORD515493,1,credit_card,1,2419.95
ORD515494,1,UPI,8,3496.96
ORD515495,1,net_banking,1,2528.66
ORD515496,1,wallet,1,1269.42
ORD515497,1,net_banking,2,3829.81
ORD515498,1,wallet,1,2925.0
ORD515499,1,UPI,7,3107.44
ORD515500,1,wallet,1,1022.99
ORD515501,1,COD,4,634.94
ORD515502,1,wallet,6,2352.2
ORD515503,1,debit_card,1,3913.5
ORD515504,1,COD,1,3804.02
ORD515505,1,COD,1,3641.67
ORD515506,1,credit_card,1,576.19
ORD515506,2,UPI,1,2580.73
ORD515507,1,credit_card,1,3440.23
ORD515507,2,wallet,1,250.11
ORD515508,1,net_banking,1,1768.5
ORD515509,1,COD,1,2468.72
ORD515510,1,UPI,1,3682.8
ORD515511,1,UPI,1,1369.73
ORD515512,1,wallet,1,1305.06
ORD515513,1,credit_card,1,210.61
ORD515514,1,wallet,1,329.24
ORD515515,1,COD,1,1815.57
ORD515516,1,net_banking,1,301.27
ORD515517,1,debit_card,1,3165.79
ORD515518,1,net_banking,1,1934.67
ORD515519,1,COD,1,2407.9
ORD515520,1,wallet,1,1927.18
ORD515521,1,COD,1,1316.16
ORD515522,1,UPI,1,3039.52
ORD515523,1,COD,1,2980.89
ORD515524,1,wallet,1,3478.88
ORD515525,1,COD,1,2942.06
ORD515526,1,wallet,1,2609.21
ORD515527,1,wallet,1,2435.01
ORD515528,1,UPI,1,745.61
ORD515529,1,wallet,1,1647.5
ORD515530,1,wallet,1,1110.59
ORD515531,1,UPI,1,1751.6
ORD515532,1,credit_card,1,2502.4
ORD515532,2,wallet,1,3378.34
ORD515533,1,UPI,1,3876.06
ORD515534,1,UPI,1,3766.1
ORD515535,1,COD,1,2747.08
ORD515536,1,UPI,1,359.7
ORD515537,1,credit_card,5,1639.06
ORD515538,1,net_banking,1,1235.82
ORD515539,1,credit_card,8,3928.32
ORD515540,1,net_banking,1,1769.42
ORD515541,1,debit_card,1,1666.88
ORD515542,1,wallet,1,2327.94
ORD515543,1,net_banking,10,3026.96
ORD515544,1,COD,1,2997.3
ORD515545,1,net_banking,1,315.86
ORD515546,1,credit_card,1,289.46
ORD515547,1,UPI,1,2378.64
ORD515548,1,wallet,1,3467.8
ORD515549,1,UPI,1,3349.44
ORD515550,1,credit_card,1,3706.1
ORD515551,1,credit_card,1,1875.0
ORD515552,1,COD,1,451.31
ORD515553,1,debit_card,3,3252.31
ORD515554,1,UPI,5,248.72
ORD515555,1,COD,1,3122.88
ORD515556,1,net_banking,1,1863.65
ORD515557,1,debit_card,1,3981.85
ORD515558,1,debit_card,6,3965.76
ORD515559,1,debit_card,1,2655.29
ORD515560,1,credit_card,1,2332.57
ORD515561,1,credit_card,1,3144.26
ORD515562,1,credit_card,1,740.67
ORD515563,1,net_banking,1,2849.48
ORD515564,1,debit_card,1,2844.82
ORD515565,1,debit_card,1,2251.78
ORD515566,1,debit_card,1,406.49
ORD515567,1,credit_card,1,2834.36
ORD515568,1,COD,1,3001.84
ORD515569,1,net_banking,7,3259.16
ORD515569,2,credit_card,1,979.58
ORD515570,1,credit_card,7,3531.74
ORD515571,1,COD,1,3657.4
ORD515572,1,wallet,1,1664.62
ORD515573,1,COD,1,2713.79
ORD515573,2,UPI,1,991.39
ORD515574,1,COD,1,427.3
ORD515575,1,net_banking,1,1597.48
ORD515576,1,wallet,1,2237.27
ORD515577,1,UPI,1,2906.44
ORD515578,1,COD,1,3402.17
ORD515579,1,debit_card,1,845.73
ORD515579,2,debit_card,1,2053.17
ORD515580,1,debit_card,10,1197.02
ORD515581,1,credit_card,1,3441.52
ORD515581,2,UPI,1,520.57
ORD515582,1,COD,2,2188.54
ORD515583,1,UPI,1,1300.84
ORD515584,1,credit_card,1,597.37
ORD515585,1,COD,1,3373.72
ORD515586,1,UPI,1,794.54
ORD515587,1,UPI,1,1518.45
ORD515588,1,credit_card,1,2010.02
ORD515589,1,debit_card,1,3769.37
ORD515590,1,wallet,1,947.98
ORD515591,1,COD,1,3720.15
ORD515592,1,net_banking,1,403.01
ORD515593,1,UPI,8,2494.65
ORD515594,1,debit_card,1,547.4
ORD515595,1,credit_card,1,1549.3
ORD515596,1,UPI,1,1169.97
ORD515597,1,debit_card,1,397.42
ORD515597,2,debit_card,11,3790.74
ORD515598,1,wallet,1,3201.92
ORD515599,1,debit_card,1,3272.34
ORD515600,1,debit_card,11,2719.4
ORD515601,1,UPI,1,2359.08
ORD515602,1,debit_card,1,3315.18
ORD515603,1,COD,1,391.2
ORD515604,1,credit_card,1,751.55
ORD515604,2,COD,1,2171.59
ORD515605,1,UPI,2,2984.03
ORD515606,1,wallet,1,1262.43
ORD515607,1,COD,1,3605.85
ORD515607,2,UPI,1,1168.79
ORD515608,1,COD,1,875.06
ORD515609,1,net_banking,1,3457.54
ORD515610,1,COD,1,2355.84
ORD515611,1,debit_card,12,875.7
ORD515612,1,debit_card,1,3497.96
ORD515613,1,credit_card,1,319.17
ORD515614,1,UPI,7,3900.52
ORD515615,1,net_banking,1,2260.55
ORD515616,1,UPI,1,3432.78
ORD515617,1,wallet,1,2147.66
ORD515618,1,credit_card,1,3003.11
ORD515619,1,net_banking,1,2680.15
ORD515620,1,credit_card,1,3374.24
ORD515621,1,debit_card,1,3059.0
ORD515622,1,wallet,1,2284.75
ORD515623,1,net_banking,1,3500.92
ORD515624,1,net_banking,1,575.53
ORD515625,1,credit_card,1,990.09
ORD515626,1,UPI,1,3291.67
ORD515627,1,wallet,1,1707.43
ORD515628,1,credit_card,1,1331.28
ORD515629,1,wallet,4,3420.51
ORD515630,1,wallet,1,1990.21
ORD515630,2,net_banking,1,1150.2
ORD515631,1,COD,1,2832.14
ORD515632,1,debit_card,1,1386.15
ORD515633,1,credit_card,1,1440.81
ORD515634,1,debit_card,1,205.95
ORD515635,1,wallet,12,933.0
ORD515636,1,credit_card,1,1005.87
ORD515637,1,credit_card,1,3504.25
ORD515638,1,debit_card,1,2695.81
ORD515639,1,debit_card,1,3454.71
ORD515640,1,wallet,1,3654.23
ORD515641,1,COD,1,1142.18
ORD515642,1,credit_card,1,3956.76
ORD515643,1,COD,1,701.66
ORD515643,2,credit_card,11,2490.26
ORD515644,1,UPI,1,2249.49
ORD515645,1,wallet,1,3326.58
ORD515646,1,debit_card,1,968.08
ORD515647,1,COD,1,3636.78
ORD515648,1,debit_card,1,913.16
ORD515649,1,net_banking,1,3107.57
ORD515650,1,COD,1,3042.47
ORD515650,2,wallet,1,3530.16
ORD515651,1,credit_card,11,475.53
ORD515652,1,credit_card,1,2298.38
ORD515653,1,net_banking,1,3702.11
ORD515654,1,wallet,1,3291.45
ORD515655,1,wallet,1,251.86
ORD515656,1,UPI,1,726.69
ORD515656,2,COD,1,2075.28
ORD515657,1,net_banking,1,2376.96
ORD515658,1,wallet,1,2972.6
ORD515659,1,wallet,1,1472.75
ORD515660,1,COD,1,2406.4
ORD515661,1,COD,1,2858.34
ORD515662,1,net_banking,1,2558.94
ORD515662,2,UPI,8,246.45
ORD515663,1,credit_card,5,1698.22
ORD515664,1,wallet,1,2889.59
ORD515665,1,credit_card,1,1994.01
ORD515665,2,net_banking,1,3551.04
ORD515666,1,wallet,12,2530.06
ORD515667,1,credit_card,1,1605.33
ORD515668,1,UPI,1,1483.05
ORD515669,1,credit_card,1,494.96
ORD515670,1,credit_card,6,2838.55
ORD515671,1,UPI,2,3580.6
ORD515672,1,debit_card,1,2195.88
ORD515673,1,COD,11,511.88
ORD515674,1,credit_card,1,2109.5
ORD515675,1,debit_card,1,3826.4
ORD515676,1,net_banking,1,1948.38
ORD515677,1,UPI,1,2494.14
ORD515677,2,credit_card,1,1822.69
ORD515678,1,wallet,1,2323.93
ORD515678,2,credit_card,1,3130.83
ORD515679,1,wallet,1,2912.5
ORD515680,1,COD,1,3663.2
ORD515681,1,net_banking,1,1348.66
ORD515682,1,credit_card,1,914.89
ORD515682,2,COD,1,2369.29
ORD515683,1,COD,8,2615.33
ORD515684,1,COD,1,1133.46
ORD515685,1,wallet,1,1252.35
ORD515686,1,COD,1,3303.09
ORD515687,1,net_banking,1,361.43
ORD515688,1,net_banking,1,760.04
ORD515689,1,wallet,11,3463.41
ORD515690,1,debit_card,1,3439.9
ORD515691,1,debit_card,1,1404.56
ORD515692,1,UPI,8,1302.95
ORD515692,2,COD,1,3003.56
ORD515693,1,COD,1,3810.22
ORD515694,1,COD,1,2557.1
ORD515695,1,credit_card,1,981.55
ORD515696,1,COD,1,1249.6
ORD515697,1,UPI,11,538.15
ORD515698,1,UPI,1,1042.67
ORD515699,1,COD,5,2581.81
ORD515700,1,COD,1,3575.08
ORD515701,1,UPI,1,3736.53
ORD515702,1,COD,1,3410.31
ORD515703,1,UPI,1,3232.63
ORD515704,1,UPI,1,3008.15
ORD515705,1,COD,1,3599.23
ORD515706,1,debit_card,1,1946.46
ORD515707,1,COD,1,1255.48
ORD515708,1,debit_card,1,2237.88
ORD515708,2,credit_card,1,1496.33
ORD515709,1,wallet,1,1819.13
ORD515710,1,debit_card,1,673.16
ORD515711,1,wallet,1,1923.66
ORD515712,1,debit_card,1,1840.08
ORD515713,1,net_banking,1,496.58
ORD515713,2,COD,1,1928.73
ORD515714,1,UPI,1,3984.42
ORD515715,1,net_banking,1,2021.11
ORD515716,1,credit_card,1,2501.56
ORD515717,1,net_banking,1,467.99
ORD515718,1,UPI,1,1431.28
ORD515719,1,debit_card,1,199.22
ORD515720,1,UPI,1,1903.4
ORD515721,1,COD,1,2084.48
ORD515722,1,debit_card,1,1538.7
ORD515723,1,COD,1,3416.18
ORD515724,1,net_banking,1,1654.42
ORD515725,1,credit_card,1,1839.03
ORD515725,2,debit_card,6,1117.6
ORD515726,1,UPI,1,3334.91
ORD515727,1,credit_card,1,311.06
ORD515728,1,UPI,1,3930.29
ORD515729,1,credit_card,1,934.1
ORD515730,1,wallet,1,1596.82
ORD515731,1,debit_card,1,1892.35
ORD515732,1,wallet,1,3722.69
ORD515733,1,credit_card,1,3039.0
ORD515734,1,credit_card,1,1467.17
ORD515735,1,debit_card,1,2891.62
ORD515736,1,wallet,1,2879.34
ORD515737,1,debit_card,1,557.42
ORD515737,2,wallet,1,1897.69
ORD515738,1,net_banking,1,1881.84
ORD515739,1,wallet,1,3450.48
ORD515740,1,credit_card,1,632.32
ORD515741,1,credit_card,1,3491.8
ORD515742,1,COD,5,490.92
ORD515743,1,debit_card,1,1967.48
ORD515744,1,wallet,6,1871.39
ORD515745,1,debit_card,4,2926.6
ORD515746,1,UPI,8,2786.45
ORD515747,1,wallet,8,3701.81
ORD515748,1,credit_card,1,2657.31
ORD515749,1,net_banking,1,1674.44
ORD515750,1,UPI,1,1077.8
ORD515751,1,wallet,1,3588.96
ORD515752,1,UPI,1,584.59
ORD515753,1,net_banking,1,1514.17
ORD515754,1,net_banking,1,1765.92
ORD515755,1,UPI,1,2772.31
ORD515756,1,debit_card,1,1391.71
ORD515757,1,UPI,1,3847.94
ORD515758,1,COD,1,3448.67
ORD515759,1,UPI,1,2080.13
ORD515760,1,credit_card,1,559.04
ORD515761,1,credit_card,1,3268.59
ORD515762,1,debit_card,1,3655.53
ORD515763,1,wallet,1,2062.21
ORD515763,2,net_banking,1,2450.2
ORD515764,1,wallet,1,488.51
ORD515765,1,credit_card,1,1446.41
ORD515765,2,debit_card,1,1106.19
ORD515766,1,credit_card,1,3373.65
ORD515767,1,debit_card,1,3505.38
ORD515768,1,UPI,1,3642.95
ORD515769,1,credit_card,1,2748.93
ORD515770,1,net_banking,5,808.31
ORD515771,1,wallet,1,1946.24
ORD515772,1,credit_card,1,291.87
ORD515773,1,UPI,1,3036.02
ORD515773,2,credit_card,1,2971.22
ORD515774,1,credit_card,1,1315.31
ORD515775,1,wallet,1,3195.21
ORD515776,1,wallet,1,3236.86
ORD515777,1,debit_card,1,2022.42
ORD515778,1,wallet,1,2984.99
ORD515779,1,debit_card,1,2085.47
ORD515780,1,UPI,10,2370.63
ORD515781,1,wallet,9,2341.5
ORD515782,1,UPI,1,2349.04
ORD515783,1,credit_card,1,647.26
ORD515784,1,debit_card,1,3868.56
ORD515785,1,wallet,9,2781.35
ORD515786,1,UPI,1,1541.79
ORD515786,2,net_banking,1,3202.06
ORD515787,1,credit_card,1,1601.9
ORD515788,1,COD,1,1930.69
ORD515789,1,wallet,11,343.88
ORD515790,1,debit_card,1,1546.12
ORD515791,1,net_banking,1,521.44
ORD515792,1,net_banking,1,1747.76
ORD515793,1,COD,1,2839.72
ORD515794,1,net_banking,1,3209.28
ORD515795,1,UPI,1,3846.77
ORD515796,1,wallet,1,2859.28
ORD515797,1,net_banking,1,1653.77
ORD515797,2,wallet,1,2399.06
ORD515798,1,debit_card,1,2732.32
ORD515799,1,wallet,1,2140.16
ORD515800,1,credit_card,1,1112.32
ORD515801,1,COD,1,3650.21
ORD515802,1,credit_card,1,2693.42
ORD515803,1,wallet,1,2333.74
ORD515804,1,UPI,1,525.31
ORD515804,2,wallet,8,2801.56
ORD515805,1,UPI,1,1147.59
ORD515806,1,COD,1,3741.79
ORD515807,1,net_banking,1,779.16
ORD515808,1,COD,1,636.86
ORD515809,1,wallet,1,266.35
ORD515810,1,UPI,12,229.33
ORD515811,1,credit_card,1,2738.72
ORD515811,2,credit_card,1,2722.36
ORD515812,1,wallet,1,2423.68
ORD515813,1,net_banking,1,3628.16
ORD515814,1,credit_card,1,3864.74
ORD515815,1,net_banking,1,2932.63
ORD515816,1,debit_card,1,3041.15
ORD515817,1,net_banking,1,226.94
ORD515818,1,debit_card,1,2671.44
ORD515819,1,wallet,1,864.85
ORD515820,1,UPI,8,2038.14
ORD515821,1,COD,1,3482.05
ORD515822,1,credit_card,1,1077.76
ORD515822,2,wallet,1,3066.31
ORD515823,1,wallet,1,3275.8
ORD515824,1,debit_card,1,1471.88
ORD515825,1,COD,1,2065.55
ORD515826,1,COD,1,2720.23
ORD515827,1,wallet,1,3958.37
ORD515828,1,net_banking,1,1449.22
ORD515828,2,net_banking,1,2656.26
ORD515829,1,net_banking,1,3825.71
ORD515830,1,UPI,1,2167.47
ORD515831,1,COD,1,1182.29
ORD515832,1,wallet,9,246.52
ORD515833,1,net_banking,1,1344.93
ORD515834,1,wallet,1,2689.8
ORD515835,1,UPI,1,1213.63
ORD515836,1,credit_card,1,590.7
ORD515837,1,COD,1,1855.33
ORD515838,1,wallet,1,2811.8
ORD515839,1,wallet,1,1356.1
ORD515840,1,credit_card,5,750.17
ORD515841,1,credit_card,1,3898.49
ORD515842,1,credit_card,1,2680.3
ORD515843,1,COD,1,3284.64
ORD515844,1,debit_card,1,3021.54
ORD515845,1,UPI,1,1730.62
ORD515846,1,UPI,1,3238.74
ORD515847,1,net_banking,1,1913.26
ORD515847,2,UPI,3,1876.6
ORD515848,1,debit_card,2,3090.64
ORD515849,1,credit_card,1,1962.82
ORD515849,2,COD,1,1497.92
ORD515850,1,net_banking,1,3139.22
ORD515850,2,COD,1,3763.98
ORD515851,1,COD,1,1313.72
ORD515852,1,net_banking,1,2731.44
ORD515853,1,COD,1,3469.25
ORD515854,1,UPI,1,382.4
ORD515855,1,UPI,1,2474.19
ORD515856,1,net_banking,1,1676.85
ORD515857,1,net_banking,1,2021.08
ORD515858,1,debit_card,1,2747.51
ORD515859,1,wallet,1,213.06
ORD515860,1,UPI,3,3239.78
ORD515861,1,UPI,1,599.52
ORD515861,2,debit_card,9,3010.23
ORD515862,1,UPI,1,3432.87
ORD515862,2,COD,1,768.6
ORD515863,1,debit_card,1,1797.15
ORD515864,1,UPI,1,3938.16
ORD515865,1,COD,1,2014.1
ORD515866,1,net_banking,1,3933.55
ORD515867,1,UPI,1,1809.03
ORD515868,1,COD,1,668.27
ORD515869,1,credit_card,1,1463.65
ORD515870,1,credit_card,1,529.11
ORD515871,1,COD,1,788.65
ORD515872,1,COD,1,3304.91
ORD515872,2,UPI,1,2002.91
ORD515873,1,wallet,1,3211.32
ORD515874,1,wallet,1,3634.91
ORD515875,1,credit_card,1,305.55
ORD515876,1,wallet,1,3465.99
ORD515877,1,debit_card,1,3862.21
ORD515878,1,credit_card,6,1710.63
ORD515879,1,UPI,1,3893.26
ORD515880,1,COD,1,1838.14
ORD515881,1,net_banking,1,3059.67
ORD515882,1,COD,1,2941.9
ORD515883,1,debit_card,1,2265.29
ORD515884,1,net_banking,1,588.29
ORD515885,1,debit_card,1,3896.91
ORD515886,1,debit_card,1,1025.58
ORD515887,1,debit_card,9,1610.42
ORD515888,1,debit_card,1,1637.29
ORD515889,1,UPI,1,3884.03
ORD515890,1,wallet,1,1192.41
ORD515891,1,debit_card,11,878.61
ORD515892,1,debit_card,4,2477.13
ORD515893,1,wallet,1,2789.89
ORD515894,1,debit_card,10,2021.61
ORD515895,1,debit_card,1,2991.87
ORD515896,1,net_banking,1,509.57
ORD515897,1,COD,1,3512.48
ORD515898,1,COD,1,2827.46
ORD515899,1,net_banking,6,2654.7
ORD515900,1,UPI,1,2318.1
ORD515900,2,debit_card,9,1582.83
ORD515901,1,net_banking,1,581.71
ORD515902,1,debit_card,1,2658.54
ORD515903,1,COD,1,1215.98
ORD515904,1,credit_card,1,2501.32
ORD515905,1,UPI,1,2318.8
ORD515906,1,net_banking,1,830.91
ORD515907,1,wallet,4,3729.06
ORD515908,1,wallet,5,2511.54
ORD515909,1,debit_card,1,742.93
ORD515910,1,COD,1,1127.51
ORD515911,1,COD,1,204.09
ORD515912,1,debit_card,1,3052.66
ORD515913,1,net_banking,1,2027.26
ORD515914,1,debit_card,1,3052.75
ORD515915,1,COD,1,3563.19
ORD515916,1,credit_card,1,604.53
ORD515917,1,UPI,1,2004.69
ORD515918,1,UPI,1,202.37
ORD515919,1,credit_card,1,453.33
ORD515920,1,debit_card,3,3216.89
ORD515921,1,wallet,1,1574.46
ORD515922,1,COD,1,1899.8
ORD515923,1,debit_card,6,3436.05
ORD515924,1,wallet,3,2718.82
ORD515925,1,UPI,6,400.84
ORD515926,1,credit_card,1,3188.11
ORD515927,1,COD,1,2439.22
ORD515928,1,wallet,1,3372.26
ORD515929,1,credit_card,1,1933.48
ORD515930,1,wallet,1,861.76
ORD515931,1,wallet,1,741.74
ORD515932,1,COD,7,282.86
ORD515933,1,credit_card,1,2773.94
ORD515934,1,COD,1,429.27
ORD515935,1,UPI,1,2729.64
ORD515936,1,COD,8,729.82
ORD515937,1,credit_card,1,3742.1
ORD515937,2,wallet,1,1392.55
ORD515938,1,credit_card,1,2601.42
ORD515939,1,UPI,1,1997.94
ORD515939,2,COD,5,1856.15
ORD515940,1,UPI,1,2639.11
ORD515941,1,COD,12,1742.85
ORD515942,1,wallet,1,904.89
ORD515943,1,credit_card,1,3109.07
ORD515944,1,wallet,1,640.9
ORD515945,1,COD,1,1032.66
ORD515946,1,COD,1,205.3
ORD515947,1,debit_card,1,2129.12
ORD515948,1,net_banking,1,237.7
ORD515949,1,COD,1,724.21
ORD515950,1,wallet,1,3591.11
ORD515951,1,wallet,1,2680.1
ORD515952,1,credit_card,11,2702.52
ORD515953,1,wallet,6,777.08
ORD515954,1,credit_card,1,2339.47
ORD515955,1,COD,1,3930.13
ORD515955,2,UPI,1,1954.8
ORD515956,1,credit_card,1,894.18
ORD515957,1,UPI,1,1615.52
ORD515958,1,credit_card,1,3458.27
ORD515959,1,wallet,1,3024.79
ORD515960,1,UPI,1,2829.47
ORD515961,1,wallet,1,2024.8
ORD515962,1,wallet,11,3488.67
ORD515963,1,UPI,1,3916.96
ORD515964,1,net_banking,1,1082.82
ORD515965,1,credit_card,1,450.98
ORD515966,1,debit_card,11,3165.15
ORD515967,1,debit_card,1,2107.3
ORD515968,1,UPI,1,3302.71
ORD515969,1,wallet,1,719.65
ORD515970,1,COD,1,2931.35
ORD515971,1,wallet,1,870.74
ORD515972,1,net_banking,11,1148.81
ORD515973,1,wallet,1,1941.63
ORD515973,2,UPI,1,851.46
ORD515974,1,credit_card,1,2298.93
ORD515975,1,credit_card,1,1709.0
ORD515975,2,wallet,1,1538.04
ORD515976,1,credit_card,1,1972.21
ORD515977,1,net_banking,3,1866.53
ORD515978,1,net_banking,1,3872.05
ORD515978,2,COD,1,1197.64
ORD515979,1,COD,1,2338.7
ORD515980,1,net_banking,1,948.65
ORD515981,1,wallet,5,1484.25
ORD515981,2,credit_card,1,2182.7
ORD515982,1,wallet,1,1202.78
ORD515983,1,debit_card,1,1695.38
ORD515984,1,COD,3,965.25
ORD515985,1,credit_card,1,488.7
ORD515986,1,net_banking,1,1518.17
ORD515987,1,COD,1,1049.87
ORD515988,1,UPI,1,1029.41
ORD515989,1,net_banking,1,3340.99
ORD515990,1,net_banking,1,3963.62
ORD515991,1,net_banking,1,1017.8
ORD515992,1,wallet,1,936.11
ORD515993,1,net_banking,8,957.91
ORD515994,1,debit_card,8,2043.31
ORD515994,2,UPI,1,743.15
ORD515995,1,net_banking,1,3647.19
ORD515996,1,credit_card,1,1657.69
ORD515997,1,net_banking,1,3542.86
ORD515998,1,UPI,4,1394.46
ORD515999,1,COD,4,2737.82
ORD516000,1,credit_card,1,2561.88
ORD516001,1,credit_card,1,3939.8
ORD516001,2,credit_card,1,3032.51
ORD516002,1,net_banking,1,2156.05
ORD516003,1,wallet,1,1724.01
ORD516004,1,net_banking,1,271.03
ORD516005,1,net_banking,1,2226.35
ORD516006,1,net_banking,1,1971.04
ORD516007,1,credit_card,1,1969.15
ORD516008,1,COD,1,281.14
ORD516008,2,wallet,5,3445.72
ORD516009,1,net_banking,1,2788.09
ORD516010,1,net_banking,1,520.26
ORD516011,1,net_banking,1,1995.65
ORD516012,1,COD,1,1425.13
ORD516013,1,debit_card,1,1531.37
ORD516014,1,debit_card,1,441.66
ORD516015,1,net_banking,1,2925.17
ORD516016,1,debit_card,1,1170.01
ORD516017,1,debit_card,1,2137.81
ORD516018,1,COD,1,1395.82
ORD516019,1,COD,1,2777.22
ORD516020,1,UPI,1,3159.83
ORD516021,1,net_banking,1,1887.35
ORD516021,2,net_banking,4,932.43
ORD516022,1,wallet,1,1204.93
ORD516023,1,COD,1,3626.67
ORD516024,1,wallet,6,3235.88
ORD516025,1,debit_card,1,2316.36
ORD516026,1,wallet,1,699.77
ORD516027,1,credit_card,7,233.64
ORD516028,1,wallet,1,2622.91
ORD516028,2,wallet,1,341.94
ORD516029,1,net_banking,1,937.03
ORD516030,1,credit_card,1,3985.29
ORD516031,1,debit_card,1,2592.04
ORD516032,1,COD,1,316.28
ORD516033,1,debit_card,1,3279.4
ORD516034,1,UPI,1,1743.83
ORD516035,1,UPI,1,3530.27
ORD516035,2,net_banking,1,1774.25
ORD516036,1,net_banking,1,3671.77
ORD516037,1,UPI,1,1031.9
ORD516037,2,COD,1,1549.59
ORD516038,1,debit_card,1,3168.41
ORD516039,1,UPI,1,3046.51
ORD516040,1,UPI,1,3410.49
ORD516041,1,COD,1,2412.41
ORD516042,1,net_banking,1,1721.5
ORD516043,1,debit_card,1,1380.17
ORD516044,1,wallet,1,1287.41
ORD516045,1,net_banking,1,580.0
ORD516046,1,debit_card,1,559.85
ORD516047,1,wallet,1,1417.75
ORD516048,1,credit_card,8,3706.43
ORD516048,2,net_banking,1,3562.24
ORD516049,1,net_banking,1,3427.52
ORD516050,1,credit_card,1,2477.52
ORD516050,2,wallet,1,525.59
ORD516051,1,debit_card,1,2097.97
ORD516051,2,net_banking,1,2424.09
ORD516052,1,net_banking,1,696.1
ORD516053,1,COD,1,3033.9
ORD516053,2,credit_card,1,2005.7
ORD516054,1,wallet,1,206.99
ORD516055,1,credit_card,1,755.38
ORD516056,1,wallet,1,833.04
ORD516057,1,debit_card,1,2197.33
ORD516058,1,credit_card,1,1498.85
ORD516059,1,debit_card,6,1715.47
ORD516060,1,UPI,1,2784.72
ORD516061,1,COD,1,1053.12
ORD516061,2,net_banking,1,651.79
ORD516062,1,credit_card,1,3242.77
ORD516063,1,UPI,1,1804.99
ORD516064,1,net_banking,1,3394.29
ORD516065,1,UPI,7,906.98
ORD516066,1,credit_card,1,538.78
ORD516067,1,UPI,1,408.78
ORD516068,1,credit_card,1,1810.02
ORD516069,1,COD,1,3307.78
ORD516070,1,debit_card,1,1379.0
ORD516071,1,COD,1,403.48
ORD516072,1,wallet,1,2946.96
ORD516073,1,COD,1,993.27
ORD516074,1,net_banking,7,1187.61
ORD516075,1,debit_card,1,1842.67
ORD516076,1,credit_card,1,3208.58
ORD516077,1,COD,1,3297.96
ORD516077,2,credit_card,1,3139.02
ORD516078,1,UPI,1,3463.45
ORD516079,1,debit_card,1,237.06
ORD516080,1,UPI,1,2543.84
ORD516081,1,net_banking,1,508.78
ORD516082,1,wallet,1,2300.67
ORD516083,1,net_banking,1,2334.31
ORD516084,1,COD,1,355.78
ORD516084,2,net_banking,1,3061.15
ORD516085,1,wallet,1,693.72
ORD516086,1,debit_card,5,454.54
ORD516087,1,debit_card,1,3306.83
ORD516088,1,wallet,1,3088.02
ORD516089,1,debit_card,1,2708.35
ORD516090,1,debit_card,1,2974.2
ORD516091,1,wallet,1,213.0
ORD516092,1,credit_card,1,1119.47
ORD516093,1,net_banking,1,652.02
ORD516094,1,credit_card,1,723.21
ORD516095,1,COD,6,3788.53
ORD516095,2,wallet,1,2380.4
ORD516096,1,UPI,1,3482.18
ORD516097,1,net_banking,1,1318.51
ORD516098,1,COD,1,2773.0
ORD516099,1,net_banking,1,1028.42
ORD516100,1,credit_card,1,220.68
ORD516101,1,UPI,1,880.42
ORD516102,1,COD,1,3318.13
ORD516103,1,UPI,1,640.84
ORD516104,1,debit_card,1,3106.27
ORD516105,1,UPI,4,534.14
ORD516106,1,net_banking,1,468.69
ORD516107,1,net_banking,1,3635.46
ORD516108,1,credit_card,1,1223.94
ORD516108,2,COD,1,2103.17
ORD516109,1,UPI,1,1204.88
ORD516110,1,credit_card,1,2509.99
ORD516111,1,net_banking,1,1229.84
ORD516112,1,debit_card,1,2266.11
ORD516113,1,COD,1,852.42
ORD516114,1,UPI,10,1411.26
ORD516115,1,credit_card,1,3927.05
ORD516116,1,COD,1,793.51
ORD516117,1,net_banking,8,863.37
ORD516118,1,COD,1,3325.61
ORD516119,1,net_banking,9,2268.57
ORD516120,1,debit_card,7,970.13
ORD516121,1,wallet,1,1462.48
ORD516122,1,net_banking,1,423.7
ORD516123,1,UPI,6,895.34
ORD516123,2,wallet,1,2368.59
ORD516124,1,debit_card,1,3045.79
ORD516125,1,UPI,1,2724.46
ORD516126,1,credit_card,1,1847.56
ORD516127,1,COD,1,3145.84
ORD516128,1,credit_card,5,2484.25
ORD516129,1,wallet,1,3108.61
ORD516130,1,UPI,2,3779.67
ORD516131,1,wallet,1,3211.8
ORD516132,1,wallet,1,3239.66
ORD516133,1,credit_card,1,1196.03
ORD516134,1,net_banking,1,3499.1
ORD516135,1,wallet,1,507.86
ORD516136,1,debit_card,1,1732.69
ORD516137,1,debit_card,1,3644.34
ORD516138,1,UPI,1,3773.56
ORD516139,1,UPI,1,3249.99
ORD516140,1,net_banking,1,359.56
ORD516141,1,credit_card,1,1677.76
ORD516142,1,credit_card,1,3742.07
ORD516142,2,net_banking,1,307.38
ORD516143,1,wallet,1,1654.37
ORD516144,1,debit_card,1,1471.85
ORD516144,2,debit_card,1,234.69
ORD516145,1,credit_card,1,3095.83
ORD516146,1,COD,1,3026.36
ORD516147,1,net_banking,1,2868.93
ORD516148,1,debit_card,1,370.15
ORD516149,1,COD,1,1811.09
ORD516150,1,net_banking,1,339.83
ORD516151,1,credit_card,1,865.47
ORD516152,1,COD,1,2804.48
ORD516153,1,wallet,1,3770.49
ORD516154,1,net_banking,1,225.25
ORD516155,1,wallet,1,287.25
ORD516156,1,debit_card,1,1167.49
ORD516157,1,UPI,1,1328.06
ORD516158,1,net_banking,1,1656.09
ORD516159,1,credit_card,9,2491.82
ORD516160,1,COD,1,2568.48
ORD516161,1,UPI,1,952.87
ORD516162,1,UPI,1,2629.75
ORD516163,1,COD,1,743.49
ORD516164,1,COD,1,2523.68
ORD516165,1,UPI,1,3254.12
ORD516166,1,UPI,1,3970.89
ORD516167,1,net_banking,1,1174.44
ORD516168,1,wallet,1,289.49
ORD516168,2,debit_card,1,1149.92
ORD516169,1,UPI,1,3658.76
ORD516170,1,debit_card,1,3035.0
ORD516171,1,wallet,1,1352.5
ORD516172,1,COD,12,1818.67
ORD516173,1,net_banking,1,547.31
ORD516174,1,credit_card,9,2905.93
ORD516175,1,net_banking,1,618.14
ORD516176,1,wallet,11,3497.6
ORD516177,1,UPI,1,3173.43
ORD516178,1,debit_card,8,3618.33
ORD516179,1,debit_card,1,579.99
ORD516180,1,debit_card,1,909.95
ORD516181,1,debit_card,10,824.55
ORD516182,1,net_banking,1,543.28
ORD516183,1,wallet,1,3620.57
ORD516184,1,wallet,1,2622.27
ORD516185,1,wallet,1,1478.37
ORD516186,1,UPI,1,2353.19
ORD516187,1,credit_card,1,666.45
ORD516188,1,UPI,1,442.87
ORD516189,1,wallet,1,2767.45
ORD516190,1,debit_card,9,280.68
ORD516191,1,COD,1,3308.9
ORD516191,2,COD,1,1365.76
ORD516192,1,credit_card,1,2767.23
ORD516193,1,debit_card,1,1834.89
ORD516194,1,debit_card,11,3058.95
ORD516194,2,UPI,1,850.38
ORD516195,1,debit_card,2,3909.7
ORD516196,1,wallet,1,750.34
ORD516197,1,UPI,1,2973.63
ORD516198,1,COD,1,1609.66
ORD516199,1,UPI,1,3828.14
ORD516200,1,COD,1,885.96
ORD516201,1,wallet,1,285.92
ORD516202,1,credit_card,9,3062.03
ORD516203,1,debit_card,1,2282.4
ORD516204,1,net_banking,1,3862.67
ORD516205,1,credit_card,9,1463.39
ORD516205,2,net_banking,1,2771.13
ORD516206,1,wallet,1,3646.47
ORD516207,1,COD,1,3064.82
ORD516208,1,debit_card,1,1049.23
ORD516208,2,wallet,1,502.24
ORD516209,1,wallet,1,1510.42
ORD516210,1,credit_card,1,2317.47
ORD516211,1,wallet,1,1569.94
ORD516212,1,UPI,1,2157.32
ORD516213,1,COD,1,256.86
ORD516213,2,COD,1,253.39
ORD516214,1,UPI,1,2272.15
ORD516215,1,credit_card,1,1504.96
ORD516216,1,credit_card,1,3868.01
ORD516217,1,UPI,1,3819.96
ORD516218,1,debit_card,1,3671.78
ORD516218,2,debit_card,1,838.76
ORD516219,1,debit_card,1,614.68
ORD516220,1,COD,1,3987.04
ORD516221,1,UPI,6,3828.77
ORD516222,1,net_banking,1,2637.47
ORD516223,1,credit_card,10,749.32
ORD516224,1,COD,3,623.28
ORD516225,1,UPI,1,1489.1
ORD516226,1,net_banking,1,3557.64
ORD516226,2,credit_card,9,3456.43
ORD516227,1,debit_card,1,519.48
ORD516228,1,COD,1,3837.04
ORD516229,1,debit_card,9,2266.33
ORD516230,1,credit_card,1,3990.81
ORD516231,1,UPI,1,2178.76
ORD516231,2,debit_card,1,1411.1
ORD516232,1,debit_card,1,520.86
ORD516233,1,wallet,1,2189.44
ORD516234,1,COD,1,3489.09
ORD516235,1,net_banking,1,539.76
ORD516236,1,COD,1,854.82
ORD516237,1,wallet,1,2682.33
ORD516238,1,UPI,1,2439.3
ORD516239,1,wallet,1,2270.6
ORD516240,1,net_banking,1,3323.52
ORD516241,1,wallet,1,1208.08
ORD516242,1,wallet,11,1285.25
ORD516243,1,COD,1,1565.31
ORD516244,1,credit_card,1,318.7
ORD516245,1,debit_card,1,1560.96
ORD516246,1,UPI,1,929.52
ORD516247,1,net_banking,1,2023.87
ORD516248,1,net_banking,7,2848.48
ORD516249,1,credit_card,1,3551.89
ORD516250,1,net_banking,1,732.67
ORD516251,1,UPI,1,578.49
ORD516252,1,debit_card,1,1154.85
ORD516253,1,debit_card,1,1235.11
ORD516254,1,net_banking,10,1109.61
ORD516255,1,COD,1,2629.51
ORD516256,1,wallet,8,582.28
ORD516257,1,debit_card,1,3733.39
ORD516258,1,COD,1,934.62
ORD516258,2,credit_card,1,1255.04
ORD516259,1,net_banking,1,3329.12
ORD516260,1,credit_card,1,489.57
ORD516261,1,UPI,1,3509.48
ORD516262,1,debit_card,1,601.97
ORD516263,1,UPI,1,3718.34
ORD516263,2,credit_card,1,378.24
ORD516264,1,credit_card,1,1288.63
ORD516265,1,net_banking,1,1225.61
ORD516266,1,UPI,1,444.7
ORD516267,1,COD,1,3164.91
ORD516268,1,debit_card,1,3382.4
ORD516269,1,debit_card,1,1698.4
ORD516269,2,wallet,12,3212.17
ORD516270,1,debit_card,1,1811.44
ORD516271,1,COD,1,3748.78
ORD516272,1,wallet,1,2543.41
ORD516272,2,COD,1,3449.77
ORD516273,1,credit_card,1,2458.64
ORD516274,1,wallet,1,1732.81
ORD516275,1,COD,8,3191.01
ORD516276,1,net_banking,1,3122.63
ORD516277,1,COD,1,1378.56
ORD516278,1,debit_card,1,1114.26
ORD516279,1,UPI,1,3923.06
ORD516280,1,net_banking,1,914.45
ORD516281,1,debit_card,1,3120.99
ORD516282,1,UPI,1,2826.32
ORD516283,1,COD,1,1505.36
ORD516284,1,credit_card,1,2723.04
ORD516285,1,UPI,1,2970.14
ORD516286,1,debit_card,1,574.71
ORD516287,1,credit_card,1,2108.49
ORD516287,2,credit_card,1,1018.07
ORD516288,1,net_banking,1,277.35
ORD516289,1,credit_card,1,2095.64
ORD516290,1,COD,1,3534.95
ORD516291,1,net_banking,1,1087.57
ORD516292,1,UPI,1,3834.39
ORD516293,1,wallet,1,817.94
ORD516294,1,COD,1,749.63
ORD516295,1,net_banking,1,2976.91
ORD516296,1,net_banking,1,2055.35
ORD516297,1,UPI,1,2631.49
ORD516297,2,wallet,1,995.38
ORD516298,1,wallet,1,3937.07
ORD516299,1,COD,1,2781.4
ORD516300,1,COD,1,3122.06
ORD516301,1,credit_card,1,2850.05
ORD516302,1,net_banking,1,2792.87
ORD516303,1,COD,1,2787.08
ORD516304,1,net_banking,1,293.01
ORD516305,1,net_banking,1,2438.88
ORD516306,1,COD,1,1878.87
ORD516307,1,UPI,11,3232.16
ORD516308,1,debit_card,1,3195.35
ORD516309,1,net_banking,1,1128.32
ORD516309,2,credit_card,1,2602.06
ORD516310,1,debit_card,1,2413.49
ORD516311,1,debit_card,1,2501.82
ORD516312,1,wallet,3,2773.67
ORD516313,1,COD,1,1493.06
ORD516313,2,UPI,1,1599.79
ORD516314,1,COD,1,3268.28
ORD516315,1,UPI,1,2253.11
ORD516316,1,wallet,1,3802.31
ORD516316,2,net_banking,1,2806.42
ORD516317,1,net_banking,1,2232.21
ORD516318,1,debit_card,1,3013.25
ORD516319,1,credit_card,1,3730.81
ORD516320,1,credit_card,1,1904.59
ORD516321,1,debit_card,4,3440.43
ORD516321,2,wallet,1,378.77
ORD516322,1,UPI,1,3708.21
ORD516323,1,UPI,1,3124.54
ORD516324,1,debit_card,6,2985.45
ORD516325,1,net_banking,1,2057.84
ORD516325,2,COD,5,3426.44
ORD516326,1,debit_card,1,3305.48
ORD516327,1,COD,1,881.59
ORD516327,2,UPI,1,1217.25
ORD516328,1,UPI,3,2077.65
ORD516329,1,debit_card,1,3815.54
ORD516330,1,UPI,1,3732.2
ORD516331,1,UPI,1,970.94
ORD516332,1,net_banking,1,1630.37
ORD516333,1,net_banking,1,2505.35
ORD516334,1,UPI,1,3774.89
ORD516335,1,UPI,9,3997.55
ORD516336,1,net_banking,3,692.37
ORD516337,1,debit_card,1,1857.6
ORD516338,1,net_banking,1,3527.53
ORD516339,1,debit_card,5,3729.39
ORD516340,1,debit_card,9,2035.93
ORD516341,1,UPI,3,1656.6
ORD516342,1,wallet,9,464.83
ORD516343,1,COD,1,2245.44
ORD516344,1,wallet,9,1796.22
ORD516345,1,UPI,4,400.48
ORD516346,1,net_banking,1,2353.72
ORD516346,2,COD,1,575.57
ORD516347,1,wallet,1,312.6
ORD516348,1,debit_card,1,2556.36
ORD516348,2,UPI,1,2949.95
ORD516349,1,debit_card,1,1809.02
ORD516350,1,wallet,1,3723.97
ORD516351,1,debit_card,1,385.83
ORD516352,1,wallet,1,1093.91
ORD516353,1,net_banking,1,923.59
ORD516354,1,debit_card,1,2321.04
ORD516355,1,UPI,1,565.5
ORD516356,1,wallet,1,3788.56
ORD516357,1,net_banking,1,814.75
ORD516358,1,COD,1,3027.83
ORD516359,1,COD,1,2958.51
ORD516360,1,COD,1,649.93
ORD516361,1,wallet,1,3042.39
ORD516362,1,COD,1,3333.98
ORD516363,1,wallet,10,408.07
ORD516363,2,UPI,1,3317.99
ORD516364,1,debit_card,1,1664.04
ORD516365,1,UPI,1,2118.07
ORD516366,1,net_banking,7,1098.06
ORD516367,1,COD,1,1523.82
ORD516368,1,wallet,1,3217.42
ORD516369,1,credit_card,5,3260.3
ORD516370,1,credit_card,1,1707.07
ORD516371,1,COD,1,1131.1
ORD516372,1,COD,1,3438.61
ORD516373,1,net_banking,1,1223.18
ORD516374,1,COD,1,3192.46
ORD516375,1,COD,1,3762.81
ORD516376,1,wallet,3,2488.19
ORD516377,1,COD,1,1402.33
ORD516378,1,COD,1,3096.52
ORD516378,2,UPI,1,1218.33
ORD516379,1,credit_card,1,3921.86
ORD516380,1,COD,1,317.86
ORD516381,1,debit_card,1,1389.32
ORD516382,1,debit_card,1,3693.86
ORD516383,1,UPI,1,1378.47
ORD516384,1,UPI,1,3437.53
ORD516385,1,UPI,1,2918.49
ORD516386,1,wallet,1,1080.7
ORD516387,1,credit_card,7,396.25
ORD516388,1,wallet,2,812.39
ORD516389,1,UPI,1,2455.55
ORD516390,1,debit_card,1,3576.94
ORD516391,1,UPI,1,2735.79
ORD516392,1,credit_card,1,1456.64
ORD516393,1,debit_card,1,1630.46
ORD516394,1,credit_card,3,1080.81
ORD516395,1,UPI,1,431.1
ORD516396,1,wallet,4,1635.59
ORD516396,2,UPI,1,2052.21
ORD516397,1,wallet,1,3073.85
ORD516398,1,wallet,1,2445.58
ORD516398,2,credit_card,1,3567.03
ORD516399,1,UPI,1,3356.98
ORD516400,1,wallet,1,3623.98
ORD516401,1,COD,1,1482.95
ORD516402,1,wallet,1,2217.6
ORD516403,1,COD,1,3006.05
ORD516404,1,COD,1,3375.98
ORD516405,1,wallet,7,2488.06
ORD516406,1,net_banking,6,1392.33
ORD516406,2,credit_card,1,1361.94
ORD516407,1,wallet,8,360.86
ORD516408,1,COD,1,2156.13
ORD516409,1,credit_card,1,3489.74
ORD516410,1,debit_card,1,3579.33
ORD516411,1,wallet,1,424.51
ORD516412,1,COD,1,927.79
ORD516413,1,COD,7,2957.72
ORD516414,1,net_banking,1,2070.34
ORD516415,1,debit_card,1,3512.93
ORD516416,1,credit_card,1,3096.72
ORD516417,1,COD,1,3463.82
ORD516418,1,debit_card,1,2401.85
ORD516419,1,debit_card,1,406.77
ORD516420,1,net_banking,1,3283.76
ORD516421,1,credit_card,1,3410.32
ORD516422,1,net_banking,1,2401.45
ORD516423,1,credit_card,4,3536.19
ORD516424,1,net_banking,1,300.89
ORD516425,1,UPI,1,2359.89
ORD516426,1,debit_card,1,2527.65
ORD516427,1,net_banking,1,497.65
ORD516428,1,credit_card,1,3257.69
ORD516429,1,UPI,12,3608.61
ORD516430,1,credit_card,1,2542.17
ORD516431,1,COD,1,3589.35
ORD516431,2,debit_card,1,1186.94
ORD516432,1,UPI,1,1125.38
ORD516433,1,debit_card,1,2002.32
ORD516434,1,net_banking,1,529.62
ORD516435,1,credit_card,1,2782.51
ORD516436,1,debit_card,1,3513.11
ORD516437,1,credit_card,1,1288.42
ORD516438,1,net_banking,1,2633.83
ORD516439,1,debit_card,1,2682.72
ORD516440,1,debit_card,1,900.84
ORD516441,1,net_banking,1,245.07
ORD516442,1,net_banking,1,1367.77
ORD516443,1,wallet,4,3558.06
ORD516444,1,COD,1,3367.01
ORD516445,1,debit_card,1,3170.92
ORD516446,1,credit_card,1,3759.73
ORD516447,1,credit_card,4,2967.15
ORD516448,1,debit_card,1,3429.11
ORD516449,1,UPI,1,738.57
ORD516450,1,credit_card,1,2256.66
ORD516451,1,COD,1,1708.41
ORD516452,1,net_banking,1,2067.46
ORD516453,1,COD,1,1858.4
ORD516454,1,debit_card,1,1865.91
ORD516455,1,wallet,1,3926.55
ORD516456,1,wallet,1,1814.96
ORD516457,1,credit_card,7,3320.37
ORD516458,1,COD,4,3861.39
ORD516459,1,credit_card,1,1082.83
ORD516460,1,COD,1,1189.99
ORD516461,1,UPI,1,1923.48
ORD516462,1,debit_card,1,3633.65
ORD516463,1,COD,4,2031.19
ORD516464,1,COD,1,1494.7
ORD516465,1,credit_card,1,252.4
ORD516466,1,wallet,1,2719.79
ORD516467,1,credit_card,1,873.13
ORD516468,1,UPI,1,2587.93
ORD516469,1,UPI,1,917.09
ORD516470,1,credit_card,1,905.65
ORD516471,1,UPI,1,3501.81
ORD516471,2,net_banking,1,386.31
ORD516472,1,wallet,1,1575.07
ORD516473,1,net_banking,1,1572.75
ORD516474,1,UPI,1,1127.51
ORD516475,1,wallet,1,503.23
ORD516475,2,credit_card,6,828.77
ORD516476,1,COD,1,883.51
ORD516477,1,UPI,1,1439.33
ORD516478,1,net_banking,1,1121.7
ORD516479,1,COD,2,1236.48
ORD516480,1,COD,1,2859.1
ORD516481,1,COD,1,1341.04
ORD516482,1,wallet,1,2078.92
ORD516483,1,debit_card,1,2261.6
ORD516484,1,debit_card,9,1717.94
ORD516485,1,COD,1,2457.94
ORD516486,1,debit_card,2,3059.76
ORD516486,2,credit_card,1,2862.63
ORD516487,1,debit_card,1,2230.95
ORD516488,1,UPI,1,1415.29
ORD516489,1,wallet,1,2613.84
ORD516490,1,credit_card,1,3003.86
ORD516491,1,UPI,1,2948.53
ORD516491,2,net_banking,1,3234.86
ORD516492,1,debit_card,1,2044.51
ORD516493,1,COD,1,530.06
ORD516494,1,net_banking,1,2275.27
ORD516494,2,wallet,1,580.51
ORD516495,1,UPI,1,819.65
ORD516496,1,wallet,1,2083.32
ORD516497,1,debit_card,1,3296.8
ORD516498,1,COD,1,2229.21
ORD516499,1,COD,1,915.19
ORD516500,1,net_banking,1,2055.49
ORD516501,1,wallet,1,1885.49
ORD516502,1,UPI,1,2317.97
ORD516503,1,credit_card,1,3146.8
ORD516504,1,COD,1,2221.88
ORD516505,1,COD,1,916.71
ORD516506,1,credit_card,1,2470.41
ORD516507,1,net_banking,1,774.48
ORD516508,1,UPI,1,578.51
ORD516509,1,COD,1,2485.71
ORD516510,1,UPI,1,1932.94
ORD516511,1,UPI,1,635.39
ORD516512,1,credit_card,1,2833.15
ORD516513,1,COD,1,1359.44
ORD516514,1,net_banking,1,3586.59
ORD516515,1,net_banking,1,1371.36
ORD516515,2,UPI,1,3512.64
ORD516516,1,UPI,8,3986.78
ORD516517,1,COD,1,3612.17
ORD516518,1,debit_card,1,3394.77
ORD516519,1,UPI,1,411.44
ORD516520,1,wallet,1,1326.42
ORD516521,1,net_banking,1,3525.48
ORD516522,1,credit_card,5,2998.93
ORD516523,1,COD,1,3398.81
ORD516524,1,UPI,1,1106.86
ORD516525,1,debit_card,1,3260.9
ORD516526,1,UPI,1,3008.78
ORD516527,1,credit_card,1,1341.08
ORD516528,1,credit_card,4,1471.05
ORD516529,1,credit_card,1,2266.49
ORD516530,1,wallet,1,804.89
ORD516531,1,net_banking,1,2980.76
ORD516532,1,net_banking,1,1383.24
ORD516533,1,UPI,1,2646.26
ORD516534,1,wallet,1,1173.51
ORD516535,1,net_banking,1,1071.54
ORD516536,1,net_banking,1,3175.12
ORD516537,1,wallet,1,1474.04
ORD516538,1,credit_card,1,791.96
ORD516539,1,debit_card,1,280.22
ORD516540,1,UPI,1,1748.25
ORD516541,1,net_banking,1,2721.74
ORD516542,1,credit_card,1,2942.28
ORD516543,1,credit_card,1,3217.79
ORD516544,1,UPI,1,486.39
ORD516545,1,credit_card,1,3516.45
ORD516546,1,UPI,1,2933.26
ORD516547,1,debit_card,1,1718.06
ORD516548,1,net_banking,1,1131.33
ORD516549,1,UPI,1,316.94
ORD516550,1,COD,5,1583.82
ORD516551,1,UPI,1,3099.76
ORD516552,1,wallet,1,1125.92
ORD516553,1,UPI,1,2807.34
ORD516554,1,credit_card,7,3411.45
ORD516555,1,UPI,1,3478.33
ORD516556,1,COD,1,1438.26
ORD516557,1,wallet,1,2326.82
ORD516558,1,UPI,1,3851.89
ORD516559,1,wallet,1,1734.24
ORD516560,1,UPI,1,842.02
ORD516561,1,UPI,1,3832.22
ORD516561,2,net_banking,1,656.46
ORD516562,1,COD,2,2058.57
ORD516563,1,wallet,1,2109.39
ORD516564,1,COD,1,403.57
ORD516565,1,net_banking,1,1823.08
ORD516566,1,credit_card,1,1584.46
ORD516567,1,credit_card,11,3949.06
ORD516568,1,UPI,1,2974.31
ORD516569,1,UPI,1,1364.0
ORD516570,1,UPI,1,798.99
ORD516571,1,net_banking,1,3147.92
ORD516572,1,credit_card,1,2306.61
ORD516573,1,UPI,1,3212.21
ORD516574,1,COD,1,1523.06
ORD516575,1,debit_card,1,744.01
ORD516576,1,COD,1,324.36
ORD516577,1,UPI,1,882.5
ORD516578,1,debit_card,1,1287.55
ORD516579,1,debit_card,11,814.88
ORD516580,1,wallet,1,3721.79
ORD516581,1,COD,1,1326.54
ORD516582,1,credit_card,1,3092.07
ORD516583,1,UPI,1,766.03
ORD516584,1,COD,1,1972.64
ORD516585,1,UPI,1,2224.77
ORD516586,1,credit_card,1,634.09
ORD516587,1,credit_card,1,1961.85
ORD516588,1,debit_card,1,335.95
ORD516588,2,wallet,1,2556.98
ORD516589,1,net_banking,1,3337.96
ORD516590,1,UPI,1,1784.98
ORD516590,2,debit_card,10,2227.9
ORD516591,1,credit_card,1,1567.99
ORD516592,1,wallet,1,199.65
ORD516592,2,wallet,9,3261.56
ORD516593,1,credit_card,1,3246.12
ORD516594,1,wallet,1,1051.67
ORD516595,1,COD,1,639.41
ORD516596,1,UPI,1,3251.52
ORD516596,2,UPI,1,1626.0
ORD516597,1,COD,1,2757.3
ORD516598,1,debit_card,1,326.16
ORD516599,1,wallet,1,3065.95
ORD516600,1,debit_card,1,596.77
ORD516601,1,COD,1,3186.16
ORD516601,2,credit_card,1,1387.78
ORD516602,1,UPI,4,3528.55
ORD516603,1,credit_card,1,1423.93
ORD516604,1,credit_card,11,516.48
ORD516605,1,net_banking,1,856.52
ORD516606,1,wallet,1,3379.9
ORD516607,1,debit_card,1,2046.4
ORD516608,1,credit_card,6,3665.25
ORD516609,1,net_banking,1,2718.08
ORD516610,1,wallet,1,437.81
ORD516611,1,debit_card,9,772.59
ORD516612,1,credit_card,1,2540.42
ORD516613,1,wallet,1,2461.73
ORD516614,1,credit_card,1,1902.54
ORD516614,2,debit_card,1,748.6
ORD516615,1,debit_card,1,1090.74
ORD516616,1,UPI,1,1131.87
ORD516617,1,net_banking,1,430.86
ORD516618,1,credit_card,1,2326.71
ORD516619,1,credit_card,8,2368.61
ORD516620,1,net_banking,1,2044.63
ORD516621,1,COD,1,3988.09
ORD516622,1,net_banking,1,2521.84
ORD516623,1,debit_card,1,2152.31
ORD516624,1,net_banking,1,1712.97
ORD516625,1,credit_card,1,2288.09
ORD516626,1,COD,1,2556.45
ORD516627,1,UPI,1,3802.75
ORD516628,1,wallet,1,2132.35
ORD516629,1,wallet,1,1131.08
ORD516630,1,debit_card,1,3344.21
ORD516631,1,credit_card,1,830.05
ORD516632,1,debit_card,1,1268.35
ORD516633,1,UPI,1,2100.96
ORD516634,1,net_banking,1,2338.58
ORD516635,1,credit_card,3,711.21
ORD516636,1,debit_card,11,869.69
ORD516637,1,wallet,1,1268.12
ORD516638,1,wallet,1,229.81
ORD516639,1,credit_card,1,3520.44
ORD516640,1,COD,1,2245.25
ORD516641,1,wallet,1,982.81
ORD516642,1,debit_card,1,472.01
ORD516643,1,COD,1,769.34
ORD516644,1,COD,1,2764.27
ORD516645,1,wallet,1,3682.38
ORD516646,1,net_banking,1,2330.76
ORD516646,2,COD,1,2126.45
ORD516647,1,net_banking,1,2950.46
ORD516648,1,UPI,9,1722.69
ORD516649,1,UPI,11,1083.3
ORD516650,1,net_banking,1,2174.27
ORD516651,1,net_banking,1,667.58
ORD516652,1,wallet,1,1083.97
ORD516653,1,net_banking,1,3577.57
ORD516654,1,debit_card,1,1471.46
ORD516654,2,credit_card,10,1197.73
ORD516655,1,wallet,1,3004.57
ORD516656,1,net_banking,1,2312.35
ORD516656,2,net_banking,12,433.14
ORD516657,1,wallet,1,2773.19
ORD516658,1,credit_card,1,3984.63
ORD516659,1,net_banking,1,777.01
ORD516660,1,COD,12,612.39
ORD516661,1,net_banking,1,1768.41
ORD516662,1,UPI,1,1194.64
ORD516663,1,debit_card,1,2082.68
ORD516664,1,credit_card,1,1473.57
ORD516665,1,debit_card,1,1679.36
ORD516666,1,UPI,1,1073.96
ORD516667,1,wallet,1,1334.44
ORD516668,1,wallet,1,2794.47
ORD516669,1,UPI,1,723.62
ORD516670,1,credit_card,1,203.08
ORD516671,1,COD,1,617.87
ORD516672,1,wallet,1,2720.89
ORD516673,1,COD,10,3877.07
ORD516674,1,wallet,1,300.88
ORD516674,2,UPI,3,3412.13
ORD516675,1,COD,1,2467.43
ORD516676,1,net_banking,1,677.97
ORD516677,1,UPI,1,1857.67
ORD516678,1,debit_card,1,716.79
ORD516679,1,UPI,1,2630.13
ORD516680,1,COD,1,2524.12
ORD516681,1,wallet,3,1356.8
ORD516681,2,wallet,1,2398.6
ORD516682,1,UPI,1,2172.57
ORD516683,1,net_banking,1,276.52
ORD516684,1,wallet,1,2171.68
ORD516685,1,credit_card,1,3901.51
ORD516686,1,credit_card,1,901.41
ORD516687,1,debit_card,1,3534.11
ORD516687,2,net_banking,1,1882.83
ORD516688,1,net_banking,1,934.23
ORD516689,1,debit_card,1,3318.76
ORD516690,1,UPI,1,3726.68
ORD516691,1,debit_card,1,2394.43
ORD516692,1,net_banking,1,3127.77
ORD516693,1,wallet,1,1621.05
ORD516694,1,UPI,1,1826.23
ORD516695,1,credit_card,1,3158.94
ORD516696,1,net_banking,1,3508.13
ORD516697,1,debit_card,1,3034.89
ORD516698,1,wallet,1,1493.74
ORD516698,2,debit_card,1,716.12
ORD516699,1,COD,1,776.47
ORD516700,1,debit_card,1,1870.02
ORD516701,1,debit_card,1,2055.78
ORD516702,1,UPI,1,3557.73
ORD516702,2,credit_card,1,1370.33
ORD516703,1,COD,1,1158.56
ORD516704,1,UPI,1,1676.76
ORD516705,1,UPI,1,710.02
ORD516706,1,UPI,1,552.34
ORD516707,1,credit_card,1,252.45
ORD516708,1,wallet,1,304.42
ORD516708,2,net_banking,1,2672.32
ORD516709,1,credit_card,1,2435.72
ORD516710,1,net_banking,1,2650.86
ORD516711,1,wallet,1,2825.34
ORD516712,1,net_banking,1,653.86
ORD516713,1,credit_card,1,3943.39
ORD516714,1,net_banking,1,603.26
ORD516715,1,COD,1,2230.85
ORD516716,1,UPI,1,242.7
ORD516717,1,UPI,1,542.18
ORD516718,1,wallet,1,2175.13
ORD516719,1,COD,7,720.97
ORD516719,2,credit_card,10,1136.07
ORD516720,1,credit_card,1,3487.39
ORD516721,1,debit_card,1,2312.68
ORD516722,1,wallet,1,1697.61
ORD516723,1,wallet,1,1887.33
ORD516724,1,credit_card,1,2863.52
ORD516725,1,net_banking,1,3115.26
ORD516726,1,UPI,1,246.91
ORD516727,1,debit_card,1,1979.41
ORD516728,1,UPI,6,2596.26
ORD516729,1,wallet,6,1783.93
ORD516730,1,wallet,1,2667.73
ORD516731,1,net_banking,1,2973.6
ORD516732,1,debit_card,1,1471.61
ORD516733,1,COD,1,3850.59
ORD516734,1,net_banking,1,1092.38
ORD516734,2,net_banking,1,3486.54
ORD516735,1,debit_card,1,3902.54
ORD516736,1,debit_card,1,1378.19
ORD516737,1,UPI,1,596.81
ORD516738,1,UPI,1,3885.04
ORD516738,2,net_banking,1,2458.2
ORD516739,1,wallet,1,2705.57
ORD516740,1,net_banking,1,1666.64
ORD516741,1,net_banking,1,520.08
ORD516742,1,UPI,1,1651.76
ORD516743,1,credit_card,5,1123.09
ORD516743,2,COD,1,553.36
ORD516744,1,COD,1,1955.1
ORD516745,1,wallet,1,554.58
ORD516746,1,wallet,1,1230.82
ORD516747,1,net_banking,5,2660.4
ORD516748,1,net_banking,1,762.91
ORD516748,2,credit_card,1,2863.77
ORD516749,1,wallet,1,2208.65
ORD516750,1,credit_card,3,1221.34
ORD516751,1,credit_card,1,1523.57
ORD516752,1,net_banking,1,3493.86
ORD516753,1,net_banking,1,2538.29
ORD516754,1,debit_card,1,1505.93
ORD516755,1,UPI,1,1282.99
ORD516756,1,COD,8,958.81
ORD516757,1,net_banking,1,2867.73
ORD516758,1,credit_card,1,3172.3
ORD516758,2,UPI,1,1179.67
ORD516759,1,UPI,3,918.84
ORD516760,1,credit_card,1,2954.08
ORD516761,1,wallet,1,1755.88
ORD516762,1,debit_card,1,1778.28
ORD516763,1,wallet,1,3392.89
ORD516764,1,credit_card,3,2676.56
ORD516764,2,wallet,1,1144.54
ORD516765,1,debit_card,1,246.83
ORD516766,1,debit_card,1,1743.59
ORD516767,1,COD,1,1847.55
ORD516768,1,net_banking,1,2941.09
ORD516769,1,credit_card,7,561.72
ORD516770,1,debit_card,1,472.92
ORD516771,1,wallet,1,2208.55
ORD516772,1,net_banking,1,1034.54
ORD516773,1,credit_card,1,1501.53
ORD516774,1,net_banking,1,1733.91
ORD516775,1,credit_card,5,2520.64
ORD516776,1,UPI,1,3868.44
ORD516777,1,UPI,1,2267.78
ORD516778,1,net_banking,1,2500.45
ORD516779,1,credit_card,1,372.45
ORD516779,2,COD,1,3042.96
ORD516780,1,credit_card,2,3068.31
ORD516780,2,wallet,1,2099.87
ORD516781,1,debit_card,1,3168.02
ORD516782,1,credit_card,1,3647.38
ORD516783,1,wallet,1,3603.87
ORD516783,2,net_banking,1,1815.64
ORD516784,1,UPI,1,335.05
ORD516784,2,COD,1,1828.6
ORD516785,1,debit_card,1,3687.22
ORD516786,1,credit_card,1,2367.46
ORD516787,1,wallet,1,1708.55
ORD516787,2,UPI,1,3422.53
ORD516788,1,credit_card,1,2907.61
ORD516789,1,UPI,1,3429.61
ORD516790,1,COD,1,3005.56
ORD516791,1,UPI,2,3026.71
ORD516792,1,credit_card,5,265.37
ORD516793,1,wallet,1,3597.08
ORD516794,1,debit_card,1,3881.39
ORD516795,1,UPI,1,799.25
ORD516796,1,UPI,8,3306.03
ORD516797,1,wallet,1,3898.47
ORD516798,1,COD,1,3990.52
ORD516799,1,debit_card,2,1450.55
ORD516800,1,credit_card,1,3344.28
ORD516801,1,UPI,1,3434.54
ORD516802,1,COD,1,483.35
ORD516803,1,wallet,1,1991.83
ORD516803,2,wallet,1,826.13
ORD516804,1,net_banking,1,3460.9
ORD516805,1,debit_card,1,1540.26
ORD516806,1,COD,7,3778.15
ORD516807,1,debit_card,9,3833.76
ORD516808,1,credit_card,1,3071.37
ORD516809,1,UPI,1,405.08
ORD516810,1,credit_card,1,2191.84
ORD516811,1,net_banking,1,415.58
ORD516812,1,UPI,1,2331.96
ORD516813,1,UPI,1,876.69
ORD516814,1,UPI,1,1563.24
ORD516815,1,debit_card,1,2452.48
ORD516816,1,UPI,9,1905.57
ORD516817,1,credit_card,1,1695.67
ORD516818,1,credit_card,1,1946.83
ORD516819,1,wallet,1,213.23
ORD516820,1,COD,1,2604.18
ORD516821,1,net_banking,1,770.2
ORD516822,1,UPI,1,548.2
ORD516823,1,net_banking,1,851.16
ORD516824,1,COD,1,1341.27
ORD516825,1,net_banking,10,1852.92
ORD516826,1,wallet,10,3805.03
ORD516827,1,COD,1,987.55
ORD516827,2,COD,4,2591.45
ORD516828,1,UPI,1,1726.41
ORD516829,1,UPI,1,494.57
ORD516830,1,credit_card,1,1068.65
ORD516831,1,UPI,1,2760.63
ORD516832,1,net_banking,1,725.33
ORD516832,2,UPI,1,320.03
ORD516833,1,wallet,1,2664.27
ORD516834,1,net_banking,1,728.27
ORD516834,2,wallet,1,3702.18
ORD516835,1,net_banking,1,2911.13
ORD516836,1,wallet,1,1444.4
ORD516837,1,debit_card,1,390.58
ORD516838,1,net_banking,1,1387.88
ORD516839,1,debit_card,1,2188.27
ORD516840,1,net_banking,1,2264.9
ORD516841,1,COD,1,3296.86
ORD516842,1,credit_card,1,1612.15
ORD516843,1,credit_card,1,3641.32
ORD516844,1,net_banking,1,1745.29
ORD516845,1,credit_card,1,2812.03
ORD516846,1,credit_card,1,2898.92
ORD516846,2,debit_card,6,3176.44
ORD516847,1,debit_card,1,1305.41
ORD516848,1,wallet,6,3175.16
ORD516849,1,COD,4,208.14
ORD516850,1,wallet,11,835.17
ORD516851,1,UPI,1,640.43
ORD516852,1,COD,1,1111.18
ORD516853,1,debit_card,1,2353.57
ORD516854,1,debit_card,1,3990.79
ORD516855,1,wallet,1,2037.14
ORD516856,1,credit_card,4,2309.43
ORD516857,1,UPI,1,1054.05
ORD516858,1,wallet,1,643.52
ORD516859,1,wallet,1,2199.09
ORD516859,2,UPI,1,1821.61
ORD516860,1,COD,1,3750.96
ORD516861,1,wallet,1,2707.93
ORD516862,1,credit_card,1,2140.03
ORD516863,1,credit_card,1,256.82
ORD516864,1,COD,8,3490.59
ORD516865,1,net_banking,1,3859.13
ORD516866,1,COD,1,3032.76
ORD516867,1,net_banking,1,2117.16
ORD516867,2,credit_card,1,1542.54
ORD516868,1,net_banking,1,1412.47
ORD516869,1,debit_card,1,1619.23
ORD516869,2,credit_card,1,794.86
ORD516870,1,credit_card,1,2962.67
ORD516871,1,wallet,1,639.23
ORD516872,1,credit_card,1,3116.68
ORD516873,1,wallet,1,3493.48
ORD516873,2,credit_card,1,556.34
ORD516874,1,COD,1,1982.55
ORD516875,1,wallet,1,2690.02
ORD516876,1,credit_card,1,1711.51
ORD516877,1,net_banking,1,3403.73
ORD516878,1,credit_card,1,1145.85
ORD516879,1,wallet,1,1631.01
ORD516880,1,wallet,11,562.84
ORD516881,1,COD,1,1673.25
ORD516882,1,UPI,1,1780.84
ORD516882,2,debit_card,1,556.13
ORD516883,1,debit_card,1,520.4
ORD516884,1,debit_card,1,2022.15
ORD516885,1,COD,1,2680.74
ORD516886,1,UPI,1,491.44
ORD516886,2,wallet,1,2930.32
ORD516887,1,net_banking,1,3351.4
ORD516888,1,UPI,1,3561.43
ORD516889,1,credit_card,1,3434.26
ORD516890,1,UPI,1,1340.65
ORD516891,1,COD,1,1403.73
ORD516892,1,COD,1,3090.11
ORD516893,1,net_banking,1,2460.52
ORD516894,1,credit_card,1,1954.31
ORD516894,2,COD,1,2940.13
ORD516895,1,wallet,1,1288.64
ORD516895,2,net_banking,1,1989.65
ORD516896,1,net_banking,1,3053.11
ORD516897,1,COD,1,2368.23
ORD516898,1,net_banking,9,1558.9
ORD516899,1,net_banking,7,984.39
ORD516900,1,credit_card,1,3125.79
ORD516901,1,debit_card,1,2030.35
ORD516902,1,credit_card,1,2496.26
ORD516903,1,debit_card,1,2243.39
ORD516904,1,debit_card,4,520.13
ORD516905,1,COD,1,3339.69
ORD516906,1,net_banking,1,2939.46
ORD516907,1,debit_card,1,797.49
ORD516908,1,wallet,1,1931.73
ORD516909,1,debit_card,1,486.56
ORD516910,1,UPI,1,3195.88
ORD516911,1,net_banking,1,1748.56
ORD516911,2,net_banking,1,1573.81
ORD516912,1,credit_card,1,1927.19
ORD516913,1,wallet,1,1477.48
ORD516914,1,UPI,1,1071.91
ORD516915,1,UPI,1,2051.6
ORD516916,1,UPI,1,2515.62
ORD516917,1,credit_card,1,1474.64
ORD516918,1,credit_card,1,2841.28
ORD516919,1,UPI,1,2761.36
ORD516920,1,credit_card,1,640.75
ORD516921,1,credit_card,1,3841.66
ORD516922,1,COD,1,2797.74
ORD516923,1,COD,10,1709.71
ORD516924,1,debit_card,1,343.52
ORD516925,1,UPI,1,1348.38
ORD516926,1,UPI,1,345.67
ORD516927,1,UPI,1,461.43
ORD516928,1,credit_card,1,3999.98
ORD516929,1,net_banking,11,1240.43
ORD516930,1,credit_card,1,1371.43
ORD516931,1,UPI,1,965.3
ORD516932,1,net_banking,1,1065.91
ORD516933,1,UPI,1,409.83
ORD516934,1,COD,1,1621.52
ORD516935,1,UPI,1,3081.85
ORD516936,1,net_banking,1,3473.23
ORD516937,1,credit_card,8,3648.0
ORD516937,2,debit_card,1,3582.21
ORD516938,1,credit_card,1,339.09
ORD516939,1,UPI,1,1401.21
ORD516940,1,wallet,1,953.64
ORD516941,1,UPI,1,2932.42
ORD516942,1,debit_card,1,1174.4
ORD516943,1,COD,1,535.16
ORD516944,1,credit_card,1,670.87
ORD516945,1,COD,1,455.34
ORD516946,1,wallet,1,935.16
ORD516947,1,debit_card,1,3042.76
ORD516948,1,credit_card,1,3389.29
ORD516949,1,wallet,1,2452.05
ORD516950,1,net_banking,8,3077.17
ORD516951,1,COD,1,3179.74
ORD516952,1,COD,1,3854.11
ORD516953,1,COD,1,3725.82
ORD516954,1,COD,12,1704.0
ORD516955,1,UPI,1,2621.48
ORD516956,1,UPI,1,2262.29
ORD516957,1,UPI,7,1037.85
ORD516958,1,credit_card,1,1436.9
ORD516959,1,credit_card,3,1042.04
ORD516960,1,UPI,1,2605.89
ORD516961,1,net_banking,7,981.7
ORD516962,1,wallet,11,2824.01
ORD516963,1,UPI,12,1947.76
ORD516964,1,credit_card,1,1037.54
ORD516965,1,net_banking,1,2141.7
ORD516966,1,debit_card,12,1060.83
ORD516967,1,wallet,1,2809.18
ORD516968,1,COD,11,348.72
ORD516969,1,COD,1,3220.1
ORD516970,1,debit_card,11,3992.39
ORD516971,1,COD,1,3624.83
ORD516972,1,net_banking,1,3633.1
ORD516973,1,wallet,1,616.54
ORD516974,1,debit_card,1,2314.67
ORD516974,2,credit_card,1,3425.83
ORD516975,1,debit_card,1,2801.58
ORD516976,1,wallet,2,2603.72
ORD516976,2,credit_card,1,2169.77
ORD516977,1,credit_card,1,2337.43
ORD516978,1,UPI,1,2397.59
ORD516979,1,wallet,1,1881.92
ORD516980,1,wallet,2,3438.4
ORD516980,2,wallet,1,2076.36
ORD516981,1,UPI,1,3374.2
ORD516982,1,wallet,1,2189.33
ORD516983,1,wallet,8,3979.72
ORD516984,1,debit_card,1,1969.15
ORD516985,1,debit_card,1,3656.89
ORD516986,1,debit_card,3,2461.94
ORD516987,1,wallet,1,240.71
ORD516988,1,UPI,1,2350.89
ORD516989,1,UPI,1,1019.96
ORD516990,1,COD,1,2005.48
ORD516991,1,credit_card,1,607.25
ORD516992,1,UPI,1,1402.01
ORD516993,1,COD,1,3601.1
ORD516993,2,UPI,1,562.71
ORD516994,1,COD,1,1121.48
ORD516995,1,credit_card,1,1619.84
ORD516996,1,wallet,1,317.93
ORD516997,1,net_banking,1,3381.25
ORD516998,1,UPI,1,1003.8
ORD516999,1,UPI,1,3734.4
ORD517000,1,wallet,1,2263.42
ORD517000,2,wallet,1,1230.77
ORD517001,1,net_banking,1,230.69
ORD517001,2,UPI,1,2230.55
ORD517002,1,UPI,8,378.56
ORD517003,1,credit_card,10,2836.76
ORD517004,1,COD,1,2187.92
ORD517005,1,COD,1,2258.81
ORD517006,1,UPI,1,3382.13
ORD517007,1,debit_card,7,1463.22
ORD517008,1,wallet,1,1149.06
ORD517009,1,debit_card,8,3752.44
ORD517010,1,debit_card,1,1369.98
ORD517011,1,net_banking,1,1473.72
ORD517012,1,debit_card,1,2963.98
ORD517013,1,UPI,6,1780.07
ORD517014,1,credit_card,1,1087.64
ORD517015,1,UPI,3,377.03
ORD517016,1,UPI,1,3367.78
ORD517017,1,wallet,1,2711.74
ORD517018,1,net_banking,1,361.69
ORD517019,1,debit_card,8,3731.43
ORD517020,1,COD,1,1538.68
ORD517021,1,credit_card,1,1280.25
ORD517022,1,debit_card,2,2362.79
ORD517023,1,UPI,1,2963.38
ORD517024,1,wallet,1,545.22
ORD517025,1,wallet,1,2489.39
ORD517026,1,credit_card,1,3152.52
ORD517027,1,wallet,11,3078.48
ORD517027,2,UPI,5,2839.81
ORD517028,1,UPI,4,2813.35
ORD517028,2,debit_card,1,3105.13
ORD517029,1,net_banking,5,2388.97
ORD517030,1,wallet,1,498.19
ORD517031,1,net_banking,1,613.67
ORD517032,1,net_banking,1,3691.65
ORD517033,1,net_banking,1,1576.16
ORD517034,1,wallet,1,2948.19
ORD517035,1,UPI,1,900.05
ORD517036,1,debit_card,1,1155.04
ORD517037,1,net_banking,1,3115.56
ORD517038,1,wallet,1,3785.82
ORD517038,2,COD,1,1392.69
ORD517039,1,UPI,1,859.92
ORD517040,1,net_banking,1,2262.45
ORD517040,2,wallet,1,2045.24
ORD517041,1,UPI,1,1328.08
ORD517042,1,debit_card,6,2608.93
ORD517043,1,net_banking,6,1475.69
ORD517044,1,net_banking,1,2225.66
ORD517045,1,debit_card,1,3134.45
ORD517046,1,debit_card,1,2754.01
ORD517046,2,COD,4,3914.46
ORD517047,1,credit_card,1,2328.03
ORD517048,1,wallet,1,2291.22
ORD517048,2,debit_card,8,2614.99
ORD517049,1,wallet,1,1716.25
ORD517050,1,credit_card,1,2541.32
ORD517051,1,net_banking,1,2675.74
ORD517052,1,UPI,1,2058.78
ORD517052,2,credit_card,1,2234.85
ORD517053,1,wallet,1,3224.6
ORD517054,1,net_banking,1,2684.24
ORD517055,1,credit_card,1,1379.6
ORD517056,1,credit_card,10,1658.33
ORD517057,1,credit_card,1,1830.77
ORD517058,1,debit_card,1,1547.48
ORD517059,1,UPI,1,1899.72
ORD517060,1,COD,10,568.0
ORD517061,1,wallet,1,3128.8
ORD517062,1,COD,1,3902.41
ORD517063,1,COD,1,887.43
ORD517064,1,UPI,10,2082.44
ORD517065,1,credit_card,6,1956.3
ORD517066,1,UPI,1,853.17
ORD517067,1,UPI,1,3939.38
ORD517068,1,debit_card,3,471.05
ORD517069,1,COD,1,569.34
ORD517070,1,debit_card,1,3973.85
ORD517071,1,debit_card,1,3844.12
ORD517072,1,UPI,1,1050.98
ORD517073,1,wallet,1,3607.81
ORD517074,1,wallet,1,3118.01
ORD517075,1,COD,1,1826.76
ORD517076,1,wallet,10,3949.53
ORD517077,1,debit_card,1,2892.76
ORD517078,1,debit_card,1,1484.45
ORD517079,1,net_banking,1,1558.28
ORD517080,1,credit_card,1,648.18
ORD517081,1,credit_card,7,948.8
ORD517082,1,COD,1,3131.83
ORD517083,1,wallet,1,3330.05
ORD517084,1,net_banking,1,2316.06
ORD517085,1,credit_card,1,1059.24
ORD517086,1,wallet,1,1493.56
ORD517087,1,net_banking,1,2144.05
ORD517088,1,UPI,1,560.85
ORD517089,1,credit_card,8,3580.27
ORD517090,1,COD,1,3535.23
ORD517090,2,debit_card,1,748.67
ORD517091,1,wallet,1,2797.74
ORD517092,1,net_banking,1,1724.73
ORD517093,1,credit_card,1,3556.06
ORD517094,1,credit_card,1,3039.52
ORD517095,1,wallet,1,1737.39
ORD517096,1,debit_card,1,1782.81
ORD517097,1,debit_card,1,917.43
ORD517098,1,credit_card,1,1200.45
ORD517099,1,credit_card,1,2573.85
ORD517100,1,UPI,1,3172.27
ORD517101,1,debit_card,1,748.65
ORD517102,1,credit_card,12,475.51
ORD517103,1,debit_card,10,1457.24
ORD517104,1,net_banking,10,965.6
ORD517105,1,COD,1,951.5
ORD517106,1,net_banking,1,954.09
ORD517107,1,debit_card,1,2709.33
ORD517108,1,COD,1,906.95
ORD517109,1,credit_card,1,907.04
ORD517110,1,credit_card,1,3006.26
ORD517110,2,credit_card,1,1922.85
ORD517111,1,COD,1,1088.84
ORD517112,1,COD,7,904.54
ORD517113,1,wallet,12,1713.41
ORD517114,1,credit_card,1,2642.69
ORD517115,1,debit_card,1,2608.04
ORD517116,1,credit_card,1,826.43
ORD517117,1,wallet,1,609.06
ORD517117,2,debit_card,1,760.25
ORD517118,1,debit_card,1,1542.43
ORD517119,1,credit_card,1,1826.27
ORD517120,1,COD,1,2471.44
ORD517121,1,wallet,1,2605.26
ORD517122,1,credit_card,1,1832.07
ORD517123,1,COD,1,889.03
ORD517124,1,UPI,1,3900.73
ORD517125,1,UPI,1,3472.04
ORD517126,1,UPI,1,653.19
ORD517127,1,UPI,1,2218.07
ORD517128,1,net_banking,1,1234.44
ORD517129,1,net_banking,11,2409.87
ORD517130,1,UPI,1,930.0
ORD517131,1,COD,1,517.61
ORD517132,1,UPI,1,2408.2
ORD517133,1,credit_card,1,1765.31
ORD517134,1,net_banking,1,3180.33
ORD517135,1,UPI,1,531.61
ORD517136,1,net_banking,1,1983.05
ORD517137,1,net_banking,1,763.03
ORD517138,1,net_banking,1,340.95
ORD517139,1,COD,1,1399.24
ORD517139,2,wallet,1,1816.34
ORD517140,1,UPI,1,2960.01
ORD517141,1,credit_card,1,2557.61
ORD517142,1,credit_card,1,2622.73
ORD517143,1,wallet,1,385.09
ORD517144,1,UPI,1,977.05
ORD517145,1,net_banking,1,851.63
ORD517146,1,wallet,1,3063.26
ORD517147,1,net_banking,1,623.11
ORD517148,1,UPI,1,1549.19
ORD517149,1,debit_card,1,3682.47
ORD517150,1,debit_card,1,2854.82
ORD517151,1,credit_card,2,2350.68
ORD517152,1,COD,1,2571.12
ORD517153,1,debit_card,1,2297.83
ORD517154,1,UPI,9,322.75
ORD517155,1,debit_card,1,1506.76
ORD517156,1,credit_card,1,2006.42
ORD517157,1,debit_card,1,415.81
ORD517158,1,credit_card,11,2407.87
ORD517159,1,wallet,1,2606.52
ORD517160,1,net_banking,1,1345.75
ORD517161,1,UPI,1,3885.54
ORD517162,1,wallet,1,3881.08
ORD517163,1,net_banking,1,1702.97
ORD517164,1,debit_card,1,709.85
ORD517164,2,debit_card,1,2113.36
ORD517165,1,wallet,1,2945.08
ORD517166,1,debit_card,1,2226.96
ORD517167,1,credit_card,1,2685.19
ORD517168,1,credit_card,1,1545.68
ORD517169,1,debit_card,1,2063.03
ORD517170,1,COD,1,3503.17
ORD517171,1,net_banking,1,2813.19
ORD517172,1,wallet,1,2928.19
ORD517173,1,UPI,1,294.73
ORD517174,1,UPI,11,2771.14
ORD517175,1,COD,9,1472.18
ORD517176,1,debit_card,1,1502.38
ORD517177,1,wallet,1,1985.21
ORD517177,2,wallet,1,340.47
ORD517178,1,COD,1,3115.97
ORD517179,1,UPI,1,1612.76
ORD517180,1,credit_card,1,2604.5
ORD517181,1,credit_card,8,2956.83
ORD517182,1,wallet,6,3267.67
ORD517183,1,net_banking,1,2449.11
ORD517184,1,UPI,1,3152.13
ORD517184,2,net_banking,1,2395.79
ORD517185,1,credit_card,1,951.98
ORD517186,1,net_banking,1,1138.28
ORD517186,2,credit_card,1,2457.14
ORD517187,1,credit_card,1,209.61
ORD517188,1,debit_card,1,2254.74
ORD517188,2,wallet,1,1520.7
ORD517189,1,UPI,1,1147.21
ORD517190,1,UPI,1,3984.83
ORD517191,1,debit_card,1,3558.22
ORD517191,2,credit_card,1,3185.05
ORD517192,1,debit_card,1,3538.35
ORD517192,2,net_banking,1,2997.45
ORD517193,1,debit_card,1,2402.5
ORD517194,1,UPI,1,3221.94
ORD517194,2,UPI,1,2828.96
ORD517195,1,net_banking,1,358.48
ORD517196,1,net_banking,1,875.73
ORD517197,1,credit_card,1,3654.6
ORD517198,1,debit_card,1,3906.81
ORD517199,1,credit_card,1,1291.85
ORD517200,1,net_banking,1,1588.83
ORD517201,1,net_banking,1,2375.52
ORD517202,1,credit_card,1,1775.8
ORD517203,1,COD,1,3264.49
ORD517204,1,UPI,1,2231.23
ORD517205,1,net_banking,1,2584.91
ORD517206,1,net_banking,1,1316.53
ORD517207,1,UPI,12,3941.72
ORD517208,1,debit_card,11,812.43
ORD517209,1,net_banking,1,3692.83
ORD517209,2,wallet,1,2837.77
ORD517210,1,UPI,1,3969.44
ORD517211,1,wallet,11,653.25
ORD517212,1,COD,3,2117.66
ORD517212,2,UPI,9,1787.5
ORD517213,1,COD,1,3872.01
ORD517214,1,UPI,1,726.85
ORD517215,1,COD,1,3122.81
ORD517216,1,credit_card,9,3314.79
ORD517217,1,UPI,1,1548.89
ORD517218,1,wallet,1,996.32
ORD517219,1,COD,1,2170.71
ORD517220,1,net_banking,1,3703.08
ORD517221,1,debit_card,7,3993.54
ORD517222,1,net_banking,1,655.2
ORD517222,2,wallet,3,3244.33
ORD517223,1,net_banking,1,2873.34
ORD517224,1,UPI,1,2197.45
ORD517225,1,net_banking,1,3700.93
ORD517226,1,COD,1,258.92
ORD517226,2,COD,1,822.47
ORD517227,1,wallet,8,1496.08
ORD517228,1,COD,2,3243.41
ORD517229,1,credit_card,1,612.46
ORD517230,1,net_banking,1,3050.6
ORD517231,1,credit_card,1,783.05
ORD517232,1,COD,1,245.25
ORD517233,1,UPI,1,2732.6
ORD517234,1,wallet,1,2899.33
ORD517235,1,credit_card,1,2614.49
ORD517236,1,wallet,1,2180.56
ORD517237,1,credit_card,1,2884.47
ORD517238,1,net_banking,1,1101.03
ORD517239,1,debit_card,1,521.98
ORD517240,1,wallet,1,1654.68
ORD517241,1,UPI,1,651.35
ORD517242,1,credit_card,1,886.85
ORD517243,1,UPI,1,623.11
ORD517244,1,net_banking,1,1344.1
ORD517245,1,COD,1,1700.57
ORD517246,1,debit_card,1,1312.48
ORD517247,1,debit_card,1,1311.01
ORD517248,1,debit_card,4,2754.93
ORD517249,1,credit_card,1,2464.2
ORD517250,1,COD,1,3439.42
ORD517251,1,credit_card,1,3171.39
ORD517252,1,debit_card,1,2050.75
ORD517253,1,COD,1,348.78
ORD517254,1,net_banking,1,2752.69
ORD517255,1,COD,1,3248.4
ORD517256,1,wallet,5,1965.42
ORD517257,1,net_banking,1,1656.15
ORD517258,1,COD,1,1969.43
ORD517259,1,COD,1,3046.33
ORD517260,1,net_banking,1,2330.58
ORD517261,1,net_banking,1,1066.65
ORD517261,2,COD,1,3898.5
ORD517262,1,debit_card,1,3375.83
ORD517263,1,credit_card,1,743.35
ORD517264,1,credit_card,1,3022.51
ORD517265,1,net_banking,1,1742.4
ORD517265,2,UPI,12,784.34
ORD517266,1,wallet,1,2447.64
ORD517267,1,wallet,1,2252.5
ORD517267,2,UPI,1,3876.39
ORD517268,1,UPI,1,3521.9
ORD517269,1,debit_card,1,3761.01
ORD517270,1,credit_card,1,3001.57
ORD517271,1,COD,1,2430.56
ORD517272,1,COD,1,2433.39
ORD517273,1,COD,10,1423.59
ORD517274,1,wallet,1,1192.51
ORD517275,1,wallet,1,2672.8
ORD517276,1,UPI,1,1407.78
ORD517277,1,net_banking,1,2502.75
ORD517278,1,UPI,1,3376.4
ORD517279,1,net_banking,1,3629.68
ORD517280,1,COD,1,3402.04
ORD517281,1,wallet,1,3730.95
ORD517282,1,UPI,1,1985.28
ORD517283,1,wallet,1,3452.49
ORD517284,1,COD,1,3277.56
ORD517285,1,credit_card,1,1800.37
ORD517286,1,UPI,1,2241.3
ORD517287,1,debit_card,1,2314.77
ORD517287,2,debit_card,1,2871.86
ORD517288,1,COD,1,2112.48
ORD517289,1,credit_card,1,1299.38
ORD517289,2,debit_card,1,1856.77
ORD517290,1,wallet,1,3392.9
ORD517290,2,credit_card,9,3214.64
ORD517291,1,debit_card,1,3314.91
ORD517292,1,net_banking,1,1974.59
ORD517293,1,COD,1,1886.94
ORD517294,1,debit_card,1,3315.23
ORD517295,1,COD,8,3759.17
ORD517296,1,net_banking,1,2165.8
ORD517297,1,debit_card,9,2862.79
ORD517298,1,credit_card,1,1718.41
ORD517299,1,net_banking,1,1179.32
ORD517300,1,wallet,1,3039.64
ORD517301,1,net_banking,8,1879.19
ORD517302,1,net_banking,1,1192.21
ORD517303,1,net_banking,1,2293.59
ORD517304,1,net_banking,1,3072.78
ORD517305,1,COD,1,1353.65
ORD517306,1,net_banking,1,3747.39
ORD517307,1,credit_card,1,339.23
ORD517307,2,net_banking,1,3392.75
ORD517308,1,net_banking,1,1780.5
ORD517309,1,credit_card,1,3107.47
ORD517310,1,credit_card,1,909.3
ORD517311,1,credit_card,1,431.09
ORD517312,1,wallet,1,2640.17
ORD517313,1,credit_card,1,1984.32
ORD517314,1,UPI,1,1220.3
ORD517315,1,credit_card,1,2012.53
ORD517316,1,UPI,1,2994.43
ORD517317,1,debit_card,1,3902.4
ORD517318,1,COD,1,418.1
ORD517319,1,COD,1,2532.2
ORD517320,1,credit_card,1,1126.53
ORD517321,1,wallet,5,3316.46
ORD517322,1,credit_card,1,1330.83
ORD517323,1,net_banking,8,1984.03
ORD517323,2,credit_card,1,3652.2
ORD517324,1,UPI,1,1933.53
ORD517325,1,credit_card,1,1636.39
ORD517326,1,debit_card,1,3266.88
ORD517327,1,wallet,4,2945.08
ORD517328,1,COD,1,3036.61
ORD517329,1,net_banking,1,3873.66
ORD517330,1,credit_card,1,2985.35
ORD517331,1,debit_card,1,2684.68
ORD517332,1,wallet,1,2564.38
ORD517333,1,debit_card,1,2657.64
ORD517333,2,COD,1,2779.87
ORD517334,1,credit_card,1,2541.64
ORD517335,1,net_banking,1,1308.64
ORD517336,1,COD,11,2537.22
ORD517337,1,net_banking,1,2001.39
ORD517338,1,wallet,1,3489.73
ORD517339,1,wallet,7,464.08
ORD517340,1,debit_card,1,784.49
ORD517341,1,debit_card,1,3966.36
ORD517341,2,UPI,10,3587.51
ORD517342,1,wallet,1,2798.96
ORD517343,1,UPI,1,1926.7
ORD517344,1,UPI,4,2804.99
ORD517345,1,wallet,1,3339.88
ORD517346,1,COD,9,2702.37
ORD517347,1,credit_card,1,2621.66
ORD517348,1,net_banking,1,1924.63
ORD517349,1,COD,5,1079.97
ORD517350,1,credit_card,1,3401.7
ORD517351,1,net_banking,1,1890.82
ORD517352,1,UPI,1,3137.42
ORD517353,1,UPI,1,977.49
ORD517353,2,debit_card,1,1437.52
ORD517354,1,net_banking,1,2980.75
ORD517354,2,COD,1,3759.09
ORD517355,1,UPI,1,1263.7
ORD517356,1,net_banking,1,2807.33
ORD517357,1,wallet,1,3436.56
ORD517358,1,debit_card,7,2869.01
ORD517359,1,credit_card,3,1005.64
ORD517360,1,UPI,8,2542.01
ORD517361,1,debit_card,1,1963.24
ORD517361,2,credit_card,1,697.9
ORD517362,1,debit_card,1,3151.93
ORD517363,1,net_banking,1,3039.6
ORD517364,1,COD,1,1836.0
ORD517364,2,net_banking,1,3800.89
ORD517365,1,COD,1,2974.26
ORD517366,1,debit_card,4,3223.87
ORD517367,1,COD,1,3841.36
ORD517368,1,COD,1,2830.33
ORD517369,1,UPI,1,1038.37
ORD517370,1,wallet,7,1319.09
ORD517371,1,debit_card,8,3294.4
ORD517372,1,wallet,9,2563.51
ORD517373,1,COD,1,1108.68
ORD517374,1,debit_card,1,3666.8
ORD517375,1,UPI,1,3778.57
ORD517376,1,net_banking,10,3913.53
ORD517377,1,UPI,10,2802.87
ORD517378,1,debit_card,1,794.85
ORD517379,1,debit_card,1,2297.11
ORD517380,1,net_banking,1,3602.0
ORD517381,1,debit_card,1,3089.97
ORD517382,1,COD,6,2938.66
ORD517383,1,UPI,1,3268.35
ORD517384,1,UPI,1,2216.56
ORD517385,1,net_banking,1,3656.75
ORD517386,1,credit_card,1,3043.86
ORD517387,1,COD,1,430.53
ORD517388,1,credit_card,1,1552.11
ORD517389,1,wallet,3,872.44
ORD517390,1,net_banking,5,926.08
ORD517391,1,UPI,1,1210.5
ORD517392,1,COD,6,460.63
ORD517393,1,COD,2,534.99
ORD517394,1,debit_card,1,426.9
ORD517395,1,UPI,1,1279.04
ORD517396,1,COD,1,1193.09
ORD517396,2,UPI,1,3177.35
ORD517397,1,UPI,1,1054.45
ORD517398,1,COD,1,3161.63
ORD517399,1,wallet,1,2469.77
ORD517400,1,credit_card,1,3307.08
ORD517400,2,wallet,1,3263.22
ORD517401,1,debit_card,10,2622.29
ORD517401,2,wallet,4,3528.03
ORD517402,1,UPI,1,1322.64
ORD517403,1,debit_card,1,3678.47
ORD517403,2,COD,1,1133.74
ORD517404,1,debit_card,1,493.48
ORD517405,1,wallet,1,3616.61
ORD517406,1,UPI,9,334.2
ORD517406,2,credit_card,1,348.07
ORD517407,1,net_banking,1,3058.16
ORD517408,1,credit_card,1,1729.27
ORD517409,1,COD,1,669.72
ORD517410,1,UPI,1,2974.33
ORD517411,1,COD,1,2330.75
ORD517412,1,COD,1,3289.93
ORD517412,2,COD,1,964.77
ORD517413,1,debit_card,9,3778.27
ORD517414,1,net_banking,1,2148.07
ORD517415,1,wallet,1,2041.18
ORD517416,1,debit_card,1,1066.86
ORD517417,1,credit_card,1,753.91
ORD517418,1,debit_card,1,1161.42
ORD517419,1,credit_card,1,3250.98
ORD517420,1,net_banking,1,1848.47
ORD517421,1,wallet,1,1439.72
ORD517421,2,UPI,1,2551.36
ORD517422,1,credit_card,1,2401.28
ORD517423,1,credit_card,1,545.03
ORD517424,1,credit_card,1,3296.21
ORD517425,1,credit_card,5,1997.16
ORD517425,2,COD,1,947.59
ORD517426,1,credit_card,1,842.51
ORD517427,1,debit_card,1,2146.45
ORD517428,1,net_banking,1,1211.12
ORD517428,2,COD,1,2647.75
ORD517429,1,credit_card,1,3861.87
ORD517430,1,UPI,4,3638.83
ORD517431,1,credit_card,1,3381.5
ORD517432,1,debit_card,1,2984.29
ORD517433,1,COD,7,3739.61
ORD517434,1,net_banking,1,2192.85
ORD517435,1,UPI,1,2862.65
ORD517435,2,wallet,1,1209.65
ORD517436,1,credit_card,1,2648.41
ORD517437,1,wallet,1,869.08
ORD517438,1,credit_card,1,3640.06
ORD517439,1,net_banking,3,1343.67
ORD517440,1,credit_card,1,3602.59
ORD517441,1,debit_card,3,2565.8
ORD517442,1,net_banking,1,3439.32
ORD517442,2,debit_card,1,2268.36
ORD517443,1,wallet,1,3540.91
ORD517443,2,wallet,1,1246.82
ORD517444,1,net_banking,1,280.35
ORD517445,1,net_banking,1,3426.87
ORD517446,1,credit_card,1,1882.41
ORD517447,1,credit_card,1,1130.31
ORD517448,1,UPI,1,1030.65
ORD517449,1,debit_card,1,1749.56
ORD517450,1,credit_card,3,459.96
ORD517451,1,wallet,1,321.03
ORD517452,1,wallet,1,1875.07
ORD517453,1,credit_card,1,1523.66
ORD517454,1,credit_card,1,2362.16
ORD517455,1,wallet,1,333.04
ORD517456,1,credit_card,1,2487.26
ORD517457,1,wallet,1,3277.24
ORD517457,2,credit_card,8,2334.04
ORD517458,1,UPI,1,537.48
ORD517459,1,net_banking,1,2909.99
ORD517459,2,wallet,1,1632.8
ORD517460,1,UPI,9,2309.44
ORD517461,1,UPI,1,3137.49
ORD517461,2,credit_card,3,748.43
ORD517462,1,wallet,1,1138.87
ORD517463,1,credit_card,1,255.08
ORD517464,1,net_banking,1,3130.53
ORD517465,1,debit_card,8,1647.76
ORD517466,1,UPI,1,3320.61
ORD517467,1,debit_card,1,332.96
ORD517468,1,debit_card,1,275.06
ORD517469,1,credit_card,1,3800.12
ORD517470,1,COD,1,1724.85
ORD517471,1,wallet,1,2141.55
ORD517472,1,UPI,1,3549.95
ORD517473,1,credit_card,1,482.66
ORD517474,1,debit_card,5,3309.07
ORD517475,1,UPI,1,2058.55
ORD517476,1,wallet,1,3655.89
ORD517477,1,UPI,1,3832.97
ORD517478,1,credit_card,1,3214.17
ORD517479,1,debit_card,1,2373.89
ORD517480,1,wallet,1,3178.42
ORD517480,2,COD,1,2036.81
ORD517481,1,net_banking,1,985.77
ORD517482,1,COD,1,2893.55
ORD517483,1,UPI,1,2618.75
ORD517484,1,credit_card,1,677.42
ORD517485,1,wallet,1,2072.19
ORD517486,1,wallet,1,434.9
ORD517487,1,wallet,1,2614.42
ORD517487,2,credit_card,1,2151.85
ORD517488,1,wallet,1,1493.61
ORD517489,1,COD,1,2311.79
ORD517490,1,net_banking,1,1562.55
ORD517491,1,credit_card,1,2854.67
ORD517492,1,UPI,1,1699.4
ORD517493,1,net_banking,8,275.89
ORD517494,1,credit_card,1,2384.58
ORD517495,1,wallet,1,1506.4
ORD517496,1,COD,1,3387.43
ORD517497,1,COD,1,3039.7
ORD517498,1,credit_card,1,216.69
ORD517498,2,net_banking,1,3009.74
ORD517499,1,UPI,1,2085.1
ORD517500,1,COD,1,1092.46
ORD517501,1,net_banking,1,544.55
ORD517502,1,wallet,1,1846.84
ORD517503,1,net_banking,1,1785.06
ORD517504,1,wallet,1,1621.41
ORD517505,1,COD,1,2100.6
ORD517506,1,debit_card,1,3526.39
ORD517507,1,UPI,1,338.89
ORD517508,1,UPI,7,2483.03
ORD517509,1,COD,1,2580.2
ORD517510,1,COD,1,2156.93
ORD517511,1,net_banking,1,741.31
ORD517512,1,credit_card,1,3982.46
ORD517513,1,credit_card,1,1934.52
ORD517514,1,wallet,1,2830.61
ORD517514,2,net_banking,1,982.96
ORD517515,1,debit_card,1,3728.83
ORD517516,1,UPI,1,545.69
ORD517517,1,net_banking,1,1278.01
ORD517518,1,net_banking,1,1496.42
ORD517519,1,debit_card,1,2938.81
ORD517520,1,credit_card,1,493.42
ORD517520,2,COD,1,555.31
ORD517521,1,debit_card,1,547.63
ORD517521,2,credit_card,1,2311.48
ORD517522,1,UPI,1,850.18
ORD517523,1,COD,6,2692.85
ORD517524,1,UPI,1,471.81
ORD517525,1,UPI,1,2331.02
ORD517526,1,wallet,8,1085.6
ORD517527,1,net_banking,1,1229.12
ORD517527,2,credit_card,1,2712.19
ORD517528,1,net_banking,1,387.78
ORD517529,1,debit_card,1,2400.67
ORD517530,1,debit_card,1,3194.68
ORD517531,1,UPI,1,3705.79
ORD517532,1,debit_card,1,3264.09
ORD517533,1,wallet,1,393.46
ORD517534,1,net_banking,1,884.86
ORD517535,1,credit_card,1,3788.44
ORD517536,1,UPI,1,1722.99
ORD517537,1,net_banking,1,3707.65
ORD517538,1,debit_card,1,225.05
ORD517539,1,credit_card,1,1236.14
ORD517540,1,UPI,1,463.88
ORD517541,1,net_banking,1,2966.64
ORD517542,1,wallet,1,1725.27
ORD517542,2,UPI,1,642.62
ORD517543,1,credit_card,1,271.06
ORD517544,1,net_banking,1,2852.33
ORD517545,1,net_banking,1,2555.37
ORD517546,1,credit_card,1,3210.12
ORD517547,1,UPI,1,2380.48
ORD517548,1,debit_card,1,475.95
ORD517549,1,debit_card,1,2099.95
ORD517550,1,wallet,1,1976.53
ORD517551,1,wallet,1,1517.37
ORD517552,1,net_banking,1,3905.13
ORD517553,1,COD,1,2929.03
ORD517554,1,credit_card,1,839.55
ORD517555,1,credit_card,4,204.05
ORD517555,2,wallet,1,1148.18
ORD517556,1,net_banking,1,589.87
ORD517557,1,net_banking,1,2373.18
ORD517558,1,credit_card,1,3407.43
ORD517559,1,credit_card,1,3719.68
ORD517560,1,debit_card,1,3731.07
ORD517561,1,net_banking,9,3700.09
ORD517562,1,COD,1,3845.34
ORD517562,2,UPI,1,474.76
ORD517563,1,UPI,1,1879.17
ORD517564,1,UPI,1,2679.97
ORD517565,1,UPI,1,2830.47
ORD517566,1,net_banking,2,2322.49
ORD517567,1,net_banking,1,835.58
ORD517568,1,credit_card,1,2830.58
ORD517569,1,wallet,4,681.83
ORD517570,1,debit_card,10,2810.32
ORD517571,1,debit_card,1,3744.74
ORD517572,1,credit_card,1,2627.34
ORD517573,1,wallet,1,1785.59
ORD517574,1,net_banking,1,2274.47
ORD517575,1,debit_card,1,2243.29
ORD517576,1,COD,1,1132.62
ORD517577,1,COD,7,3039.58
ORD517578,1,credit_card,1,532.24
ORD517579,1,net_banking,1,1961.86
ORD517580,1,COD,1,922.06
ORD517581,1,COD,1,2415.26
ORD517582,1,debit_card,1,781.81
ORD517583,1,net_banking,1,3494.74
ORD517584,1,wallet,1,243.0
ORD517585,1,credit_card,1,2499.86
ORD517586,1,credit_card,12,3143.09
ORD517587,1,wallet,1,2515.4
ORD517588,1,debit_card,1,2610.42
ORD517589,1,COD,1,3133.78
ORD517590,1,COD,1,3370.86
ORD517591,1,UPI,1,3081.34
ORD517592,1,UPI,1,3484.17
ORD517593,1,wallet,1,733.21
ORD517594,1,net_banking,1,1776.52
ORD517595,1,wallet,1,2961.71
ORD517596,1,credit_card,1,3266.07
ORD517597,1,credit_card,5,1600.75
ORD517598,1,COD,2,1810.83
ORD517599,1,net_banking,1,539.41
ORD517600,1,COD,1,2213.72
ORD517601,1,wallet,1,1039.26
ORD517602,1,wallet,1,2933.38
ORD517603,1,wallet,1,3356.03
ORD517604,1,wallet,6,488.51
ORD517605,1,COD,1,971.3
ORD517606,1,UPI,1,2354.62
ORD517607,1,credit_card,1,491.32
ORD517608,1,debit_card,1,2677.26
ORD517609,1,COD,11,3326.6
ORD517610,1,debit_card,1,935.27
ORD517610,2,UPI,1,698.44
ORD517611,1,UPI,1,1623.93
ORD517612,1,wallet,12,2453.49
ORD517613,1,debit_card,1,1921.27
ORD517614,1,COD,1,3653.0
ORD517614,2,UPI,10,1176.79
ORD517615,1,net_banking,1,1560.53
ORD517616,1,credit_card,1,2123.24
ORD517617,1,debit_card,1,717.83
ORD517618,1,UPI,1,949.93
ORD517619,1,net_banking,1,244.08
ORD517620,1,wallet,8,2725.44
ORD517621,1,UPI,1,1659.0
ORD517622,1,UPI,1,2815.77
ORD517623,1,net_banking,1,3154.93
ORD517624,1,wallet,1,905.98
ORD517625,1,net_banking,1,972.33
ORD517626,1,wallet,1,737.71
ORD517627,1,credit_card,12,3237.94
ORD517628,1,credit_card,3,366.82
ORD517629,1,wallet,1,3135.01
ORD517630,1,debit_card,1,1785.41
ORD517631,1,debit_card,1,1631.29
ORD517632,1,UPI,5,2759.48
ORD517633,1,debit_card,1,3437.22
ORD517634,1,UPI,1,3289.24
ORD517635,1,COD,1,3611.38
ORD517636,1,net_banking,1,374.15
ORD517637,1,credit_card,1,2407.49
ORD517638,1,debit_card,1,2198.76
ORD517639,1,wallet,1,285.03
ORD517640,1,debit_card,1,3714.51
ORD517641,1,net_banking,1,3356.8
ORD517642,1,debit_card,1,3961.08
ORD517643,1,wallet,1,3182.75
ORD517644,1,UPI,11,2397.4
ORD517645,1,net_banking,1,2556.17
ORD517646,1,debit_card,1,730.78
ORD517647,1,COD,1,2997.47
ORD517648,1,credit_card,1,1800.83
ORD517649,1,credit_card,11,3998.38
ORD517650,1,COD,2,1818.24
ORD517651,1,debit_card,1,452.57
ORD517652,1,UPI,1,2722.72
ORD517652,2,COD,1,2102.21
ORD517653,1,credit_card,1,2316.51
ORD517654,1,wallet,1,1715.11
ORD517655,1,UPI,1,673.32
ORD517656,1,wallet,1,2163.4
ORD517656,2,net_banking,1,3169.88
ORD517657,1,wallet,1,2501.96
ORD517657,2,wallet,1,3172.93
ORD517658,1,debit_card,1,1817.61
ORD517659,1,COD,1,1549.22
ORD517660,1,credit_card,1,3352.7
ORD517661,1,credit_card,1,2281.39
ORD517662,1,debit_card,1,1098.56
ORD517663,1,wallet,1,1082.93
ORD517664,1,net_banking,1,2675.95
ORD517665,1,UPI,1,3044.8
ORD517666,1,credit_card,1,1955.08
ORD517667,1,credit_card,1,1069.96
ORD517668,1,credit_card,1,1494.8
ORD517669,1,UPI,1,2263.55
ORD517670,1,wallet,10,2670.18
ORD517671,1,COD,1,1404.0
ORD517672,1,wallet,1,977.61
ORD517673,1,debit_card,1,1911.32
ORD517674,1,credit_card,1,3658.0
ORD517675,1,UPI,9,2877.07
ORD517676,1,COD,1,829.88
ORD517677,1,credit_card,1,3923.41
ORD517678,1,wallet,1,2073.34
ORD517679,1,wallet,1,2404.06
ORD517680,1,net_banking,1,2377.97
ORD517681,1,net_banking,1,2485.14
ORD517682,1,debit_card,1,1929.52
ORD517683,1,debit_card,1,686.88
ORD517684,1,COD,1,1905.61
ORD517685,1,COD,1,1177.14
ORD517686,1,wallet,1,2632.62
ORD517687,1,net_banking,7,1304.67
ORD517688,1,UPI,1,2109.1
ORD517689,1,net_banking,1,1633.82
ORD517690,1,COD,1,2530.87
ORD517691,1,wallet,1,3389.78
ORD517692,1,UPI,1,3527.17
ORD517693,1,wallet,1,1217.09
ORD517694,1,debit_card,1,2556.6
ORD517695,1,debit_card,1,347.79
ORD517696,1,wallet,1,1859.98
ORD517697,1,COD,3,3190.15
ORD517698,1,credit_card,1,1704.74
ORD517699,1,debit_card,1,3647.86
ORD517700,1,UPI,1,1412.72
ORD517701,1,debit_card,12,312.15
ORD517702,1,credit_card,1,3729.09
ORD517703,1,credit_card,1,734.39
ORD517704,1,net_banking,1,1001.02
ORD517705,1,UPI,1,2300.62
ORD517705,2,credit_card,1,1769.68
ORD517706,1,wallet,1,1103.34
ORD517707,1,wallet,1,2874.96
ORD517708,1,COD,1,1596.53
ORD517709,1,debit_card,1,3993.05
ORD517710,1,COD,1,231.25
ORD517711,1,wallet,1,531.91
ORD517712,1,net_banking,1,773.76
ORD517713,1,COD,1,2719.21
ORD517714,1,wallet,1,1867.75
ORD517715,1,wallet,1,1683.52
ORD517716,1,net_banking,1,1604.48
ORD517717,1,net_banking,1,2768.31
ORD517718,1,wallet,1,3645.93
ORD517719,1,UPI,8,3218.39
ORD517720,1,COD,1,1412.84
ORD517721,1,debit_card,1,2117.15
ORD517722,1,debit_card,1,2411.26
ORD517723,1,credit_card,12,2858.07
ORD517724,1,credit_card,2,3489.69
ORD517725,1,wallet,1,3032.45
ORD517725,2,credit_card,12,1912.06
ORD517726,1,debit_card,1,2526.12
ORD517727,1,wallet,1,1520.02
ORD517728,1,UPI,1,3816.62
ORD517729,1,net_banking,1,3596.67
ORD517730,1,UPI,1,3507.63
ORD517731,1,UPI,1,3889.87
ORD517731,2,wallet,1,1740.48
ORD517732,1,credit_card,1,3500.3
ORD517733,1,COD,1,3219.97
ORD517734,1,wallet,1,2213.16
ORD517735,1,debit_card,1,3433.55
ORD517736,1,wallet,1,682.8
ORD517737,1,wallet,1,338.59
ORD517738,1,debit_card,1,3853.25
ORD517738,2,debit_card,6,3100.09
ORD517739,1,credit_card,1,1911.64
ORD517740,1,debit_card,1,1874.98
ORD517741,1,debit_card,1,3195.51
ORD517742,1,credit_card,1,2930.31
ORD517743,1,UPI,1,1082.73
ORD517744,1,net_banking,5,2832.46
ORD517745,1,net_banking,1,2740.06
ORD517746,1,wallet,1,3877.68
ORD517747,1,debit_card,1,2427.71
ORD517748,1,COD,1,3152.59
ORD517748,2,wallet,1,1995.85
ORD517749,1,debit_card,1,1289.11
ORD517750,1,credit_card,12,821.52
ORD517751,1,credit_card,1,2155.52
ORD517752,1,wallet,1,2172.75
ORD517753,1,net_banking,1,1999.28
ORD517754,1,debit_card,1,2782.68
ORD517755,1,wallet,1,2930.86
ORD517756,1,wallet,1,3704.49
ORD517756,2,debit_card,1,2968.33
ORD517757,1,debit_card,1,1203.67
ORD517758,1,debit_card,1,3972.45
ORD517759,1,net_banking,1,2715.22
ORD517760,1,COD,1,203.85
ORD517761,1,COD,12,2880.89
ORD517762,1,wallet,7,1573.08
ORD517763,1,credit_card,1,3784.06
ORD517764,1,UPI,1,3809.06
ORD517765,1,net_banking,1,1845.9
ORD517766,1,COD,1,2134.01
ORD517767,1,UPI,1,1617.7
ORD517768,1,credit_card,1,889.5
ORD517769,1,UPI,1,3548.04
ORD517770,1,wallet,12,3856.21
ORD517771,1,debit_card,1,2286.2
ORD517772,1,COD,1,313.73
ORD517773,1,wallet,3,1543.53
ORD517774,1,credit_card,1,2000.38
ORD517775,1,wallet,1,842.01
ORD517776,1,net_banking,12,3882.55
ORD517777,1,debit_card,1,1093.47
ORD517778,1,credit_card,1,3589.97
ORD517779,1,wallet,9,2452.62
ORD517780,1,UPI,1,1355.55
ORD517781,1,COD,1,229.97
ORD517781,2,UPI,1,3090.06
ORD517782,1,COD,3,1225.5
ORD517783,1,net_banking,1,3074.64
ORD517784,1,COD,1,1002.79
ORD517785,1,credit_card,6,1334.33
ORD517785,2,UPI,1,949.59
ORD517786,1,net_banking,1,2051.59
ORD517787,1,net_banking,1,2044.31
ORD517788,1,debit_card,1,1378.01
ORD517789,1,COD,1,3824.71
ORD517790,1,credit_card,1,1593.93
ORD517791,1,net_banking,1,3075.53
ORD517792,1,COD,7,2822.28
ORD517793,1,debit_card,1,2987.68
ORD517794,1,credit_card,1,3541.78
ORD517795,1,debit_card,1,596.32
ORD517796,1,credit_card,1,2953.74
ORD517797,1,UPI,1,582.87
ORD517798,1,wallet,1,2504.58
ORD517799,1,net_banking,1,1617.62
ORD517800,1,net_banking,3,2101.81
ORD517801,1,wallet,1,2964.47
ORD517802,1,wallet,1,3275.49
ORD517803,1,UPI,1,3956.64
ORD517804,1,credit_card,1,2342.51
ORD517805,1,COD,1,3386.4
ORD517805,2,debit_card,1,1216.74
ORD517806,1,UPI,1,2036.62
ORD517807,1,wallet,1,2096.3
ORD517808,1,COD,1,417.16
ORD517809,1,debit_card,1,722.55
ORD517809,2,COD,1,3136.36
ORD517810,1,debit_card,3,917.31
ORD517811,1,wallet,1,1417.06
ORD517812,1,COD,1,3191.49
ORD517813,1,debit_card,1,2356.75
ORD517814,1,net_banking,1,966.11
ORD517815,1,debit_card,1,3809.58
ORD517816,1,credit_card,1,672.57
ORD517816,2,debit_card,1,3296.74
ORD517817,1,UPI,1,1674.66
ORD517818,1,net_banking,1,755.96
ORD517819,1,UPI,2,3709.43
ORD517820,1,COD,1,769.05
ORD517821,1,UPI,1,547.33
ORD517822,1,credit_card,1,2143.42
ORD517823,1,credit_card,1,3210.64
ORD517824,1,UPI,1,3142.22
ORD517825,1,debit_card,1,999.3
ORD517826,1,UPI,1,3495.79
ORD517827,1,net_banking,1,3359.45
ORD517828,1,wallet,1,2586.71
ORD517829,1,COD,1,1449.77
ORD517830,1,COD,1,3753.24
ORD517831,1,credit_card,1,690.42
ORD517832,1,net_banking,1,2465.09
ORD517833,1,debit_card,1,3531.44
ORD517834,1,debit_card,1,2955.3
ORD517835,1,net_banking,1,957.18
ORD517836,1,debit_card,1,2590.97
ORD517837,1,credit_card,1,2993.82
ORD517838,1,credit_card,1,645.07
ORD517839,1,wallet,1,1383.55
ORD517840,1,UPI,1,245.47
ORD517841,1,UPI,1,1550.99
ORD517842,1,wallet,1,424.63
ORD517843,1,COD,10,2900.05
ORD517844,1,debit_card,1,2282.01
ORD517845,1,UPI,1,569.37
ORD517846,1,credit_card,1,627.94
ORD517847,1,net_banking,1,313.13
ORD517848,1,UPI,6,3184.39
ORD517849,1,debit_card,2,2767.58
ORD517850,1,wallet,1,2335.76
ORD517851,1,UPI,1,200.18
ORD517852,1,UPI,1,1218.1
ORD517853,1,net_banking,6,1092.34
ORD517854,1,net_banking,1,1931.12
ORD517855,1,net_banking,1,1541.75
ORD517856,1,net_banking,1,1280.1
ORD517857,1,COD,1,2496.42
ORD517858,1,wallet,1,3353.99
ORD517859,1,UPI,1,1941.21
ORD517860,1,UPI,1,1684.09
ORD517861,1,wallet,3,1606.2
ORD517862,1,UPI,1,3652.04
ORD517863,1,UPI,1,2517.6
ORD517864,1,net_banking,7,3571.27
ORD517864,2,credit_card,1,549.55
ORD517865,1,net_banking,1,3097.07
ORD517866,1,UPI,12,384.85
ORD517867,1,net_banking,1,2531.97
ORD517868,1,credit_card,1,3342.74
ORD517869,1,debit_card,1,3991.42
ORD517870,1,wallet,6,1789.48
ORD517871,1,debit_card,1,2697.17
ORD517872,1,credit_card,1,3920.07
ORD517873,1,UPI,9,3508.34
ORD517874,1,UPI,1,867.56
ORD517875,1,COD,1,836.13
ORD517876,1,COD,1,2248.96
ORD517877,1,credit_card,1,1924.73
ORD517878,1,UPI,1,3921.47
ORD517879,1,COD,1,3679.7
ORD517880,1,credit_card,1,3059.12
ORD517881,1,COD,1,3350.69
ORD517881,2,credit_card,1,2739.77
ORD517882,1,credit_card,1,988.53
ORD517883,1,net_banking,1,653.73
ORD517883,2,credit_card,1,1635.79
ORD517884,1,wallet,1,1399.18
ORD517885,1,COD,1,1757.63
ORD517886,1,COD,1,701.68
ORD517887,1,UPI,1,1639.64
ORD517888,1,wallet,1,3360.32
ORD517889,1,UPI,1,1349.26
ORD517890,1,COD,1,626.57
ORD517891,1,COD,1,3988.35
ORD517892,1,UPI,1,3193.59
ORD517893,1,debit_card,1,2284.15
ORD517894,1,COD,1,922.57
ORD517895,1,credit_card,1,308.56
ORD517896,1,UPI,1,2007.01
ORD517897,1,debit_card,1,1141.53
ORD517898,1,UPI,9,2901.93
ORD517898,2,debit_card,7,2658.33
ORD517899,1,COD,1,757.79
ORD517899,2,credit_card,6,491.21
ORD517900,1,net_banking,1,3431.04
ORD517901,1,UPI,1,2766.15
ORD517902,1,UPI,1,1877.19
ORD517903,1,wallet,1,2696.0
ORD517904,1,debit_card,11,2899.77
ORD517905,1,UPI,1,1489.09
ORD517906,1,net_banking,1,2534.65
ORD517907,1,debit_card,1,384.7
ORD517908,1,wallet,1,3570.42
ORD517909,1,net_banking,1,809.48
ORD517910,1,net_banking,1,1080.85
ORD517910,2,UPI,1,1670.72
ORD517911,1,credit_card,1,1928.01
ORD517911,2,UPI,6,3434.19
ORD517912,1,COD,1,3419.99
ORD517913,1,wallet,11,542.02
ORD517914,1,COD,1,1150.65
ORD517915,1,UPI,1,2464.99
ORD517916,1,debit_card,1,3280.5
ORD517917,1,credit_card,1,2867.5
ORD517918,1,debit_card,1,3292.52
ORD517918,2,credit_card,1,742.86
ORD517919,1,UPI,10,308.5
ORD517920,1,UPI,1,620.75
ORD517921,1,COD,1,2181.3
ORD517922,1,UPI,1,1530.74
ORD517923,1,wallet,3,1842.59
ORD517924,1,wallet,1,838.37
ORD517925,1,net_banking,1,2185.68
ORD517926,1,net_banking,1,2572.84
ORD517927,1,wallet,1,3042.9
ORD517928,1,credit_card,1,1025.36
ORD517929,1,wallet,1,539.74
ORD517929,2,UPI,1,2411.47
ORD517930,1,net_banking,12,2979.19
ORD517931,1,credit_card,1,3960.22
ORD517931,2,UPI,1,1772.46
ORD517932,1,debit_card,1,3699.24
ORD517933,1,debit_card,4,1781.91
ORD517934,1,UPI,1,714.65
ORD517935,1,wallet,1,3051.44
ORD517936,1,wallet,1,506.27
ORD517936,2,COD,1,3773.07
ORD517937,1,credit_card,1,2611.16
ORD517938,1,UPI,1,1728.54
ORD517938,2,net_banking,10,2937.21
ORD517939,1,net_banking,1,901.01
ORD517940,1,net_banking,1,1066.3
ORD517941,1,COD,5,2230.41
ORD517942,1,UPI,1,801.25
ORD517943,1,credit_card,1,1438.94
ORD517944,1,credit_card,1,460.05
ORD517945,1,net_banking,1,1886.58
ORD517946,1,UPI,1,3010.76
ORD517947,1,UPI,1,1151.8
ORD517948,1,net_banking,1,1249.56
ORD517948,2,UPI,1,1257.95
ORD517949,1,COD,1,992.02
ORD517950,1,net_banking,5,1953.29
ORD517951,1,net_banking,1,2634.43
ORD517952,1,COD,1,3921.82
ORD517953,1,UPI,1,3530.6
ORD517954,1,wallet,3,751.18
ORD517955,1,credit_card,1,2652.47
ORD517956,1,wallet,1,411.65
ORD517957,1,COD,1,1674.21
ORD517957,2,COD,1,2621.53
ORD517958,1,COD,1,1444.49
ORD517959,1,credit_card,1,935.35
ORD517960,1,wallet,1,2977.38
ORD517961,1,COD,1,1807.06
ORD517962,1,credit_card,1,3418.92
ORD517963,1,credit_card,1,1964.92
ORD517964,1,net_banking,1,1283.65
ORD517964,2,debit_card,5,388.05
ORD517965,1,net_banking,1,2030.29
ORD517966,1,COD,1,1891.71
ORD517967,1,net_banking,1,1826.2
ORD517968,1,debit_card,1,1080.9
ORD517969,1,COD,1,3443.64
ORD517970,1,UPI,1,3661.87
ORD517971,1,debit_card,1,1672.96
ORD517972,1,net_banking,1,417.31
ORD517972,2,debit_card,1,2757.8
ORD517973,1,credit_card,1,2005.35
ORD517974,1,debit_card,9,1937.77
ORD517975,1,UPI,1,3281.59
ORD517976,1,UPI,1,3846.54
ORD517977,1,debit_card,1,2134.98
ORD517977,2,credit_card,1,2053.99
ORD517978,1,UPI,11,3398.44
ORD517979,1,credit_card,1,367.46
ORD517980,1,debit_card,1,3948.51
ORD517981,1,net_banking,1,568.63
ORD517982,1,debit_card,1,2141.81
ORD517983,1,wallet,11,2796.28
ORD517984,1,wallet,1,1606.68
ORD517985,1,wallet,1,3053.39
ORD517986,1,net_banking,1,1312.22
ORD517987,1,debit_card,1,3755.76
ORD517988,1,credit_card,1,685.0
ORD517989,1,debit_card,7,3488.19
ORD517990,1,credit_card,1,979.92
ORD517991,1,wallet,1,2586.98
ORD517992,1,debit_card,1,3318.48
ORD517993,1,net_banking,1,3921.03
ORD517994,1,net_banking,1,3432.03
ORD517995,1,credit_card,1,2154.07
ORD517996,1,net_banking,1,2119.77
ORD517997,1,COD,12,645.47
ORD517998,1,COD,1,3377.59
ORD517999,1,credit_card,1,3116.19
ORD518000,1,wallet,1,3168.12
ORD518000,2,UPI,1,3225.59
ORD518001,1,debit_card,1,3474.76
ORD518002,1,credit_card,1,756.95
ORD518003,1,UPI,1,1639.7
ORD518004,1,COD,1,2656.58
ORD518005,1,net_banking,1,3272.19
ORD518006,1,UPI,1,3438.4
ORD518007,1,UPI,8,3927.25
ORD518008,1,credit_card,1,336.67
ORD518009,1,credit_card,1,3539.62
ORD518010,1,debit_card,1,2335.95
ORD518011,1,debit_card,1,516.08
ORD518012,1,UPI,1,1574.53
ORD518013,1,net_banking,1,1991.1
ORD518014,1,UPI,1,3384.87
ORD518015,1,wallet,1,1767.69
ORD518016,1,COD,1,1060.01
ORD518017,1,UPI,1,2945.61
ORD518018,1,UPI,1,3141.92
ORD518019,1,wallet,1,1422.23
ORD518020,1,COD,1,1875.79
ORD518021,1,COD,1,2820.24
ORD518022,1,UPI,1,1723.98
ORD518023,1,wallet,1,2755.42
ORD518023,2,credit_card,1,1069.77
ORD518024,1,wallet,1,3380.07
ORD518025,1,COD,1,1235.37
ORD518026,1,wallet,2,1835.19
ORD518027,1,debit_card,1,1420.39
ORD518028,1,net_banking,1,3780.98
ORD518029,1,credit_card,1,726.04
ORD518030,1,net_banking,1,2042.15
ORD518031,1,UPI,1,3332.81
ORD518032,1,COD,1,3710.34
ORD518033,1,debit_card,5,2349.77
ORD518034,1,UPI,1,952.9
ORD518035,1,net_banking,1,2673.24
ORD518036,1,debit_card,4,3320.62
ORD518037,1,debit_card,1,3468.46
ORD518038,1,debit_card,3,3233.03
ORD518039,1,net_banking,1,2482.7
ORD518040,1,UPI,2,784.23
ORD518041,1,debit_card,1,3225.09
ORD518042,1,COD,1,3720.91
ORD518043,1,wallet,1,705.87
ORD518044,1,debit_card,1,1141.74
ORD518045,1,UPI,1,2360.42
ORD518046,1,credit_card,1,2137.83
ORD518047,1,COD,1,970.17
ORD518048,1,wallet,1,2182.39
ORD518048,2,credit_card,1,712.98
ORD518049,1,wallet,1,2672.04
ORD518050,1,net_banking,1,2855.36
ORD518051,1,UPI,1,3135.7
ORD518052,1,net_banking,1,2751.23
ORD518053,1,debit_card,1,3415.37
ORD518054,1,UPI,1,1422.88
ORD518055,1,credit_card,1,3673.31
ORD518056,1,COD,1,480.01
ORD518057,1,COD,1,3249.06
ORD518058,1,debit_card,1,1988.06
ORD518059,1,wallet,1,1319.16
ORD518060,1,debit_card,1,1196.16
ORD518061,1,wallet,1,2666.47
ORD518062,1,UPI,1,2183.58
ORD518062,2,wallet,1,3545.19
ORD518063,1,credit_card,1,3946.37
ORD518064,1,net_banking,1,3081.79
ORD518065,1,UPI,1,3370.77
ORD518066,1,net_banking,1,1221.76
ORD518067,1,COD,1,2954.96
ORD518068,1,credit_card,1,3684.72
ORD518069,1,credit_card,1,2492.4
ORD518070,1,COD,1,2793.33
ORD518071,1,UPI,1,3283.96
ORD518072,1,net_banking,1,1220.84
ORD518073,1,net_banking,1,3809.09
ORD518074,1,credit_card,1,2123.14
ORD518075,1,debit_card,1,3745.75
ORD518076,1,debit_card,1,3107.59
ORD518077,1,wallet,1,3280.55
ORD518078,1,UPI,1,2434.27
ORD518079,1,net_banking,1,3667.58
ORD518080,1,credit_card,1,717.03
ORD518081,1,COD,1,2538.44
ORD518082,1,credit_card,1,3039.83
ORD518083,1,debit_card,1,3652.33
ORD518084,1,debit_card,1,3562.99
ORD518085,1,UPI,1,3465.35
ORD518086,1,credit_card,1,1249.37
ORD518087,1,COD,1,1686.01
ORD518088,1,debit_card,1,3043.38
ORD518089,1,credit_card,1,1142.9
ORD518090,1,debit_card,1,1577.4
ORD518091,1,net_banking,10,3118.53
ORD518092,1,credit_card,1,691.63
ORD518093,1,UPI,1,3123.29
ORD518094,1,debit_card,1,335.6
ORD518095,1,credit_card,1,1291.76
ORD518096,1,net_banking,1,2555.94
ORD518097,1,net_banking,1,733.53
ORD518098,1,net_banking,1,2685.65
ORD518098,2,debit_card,1,3708.67
ORD518099,1,debit_card,1,2120.65
ORD518100,1,UPI,1,1610.59
ORD518101,1,credit_card,1,706.71
ORD518102,1,credit_card,1,373.12
ORD518102,2,COD,1,3214.66
ORD518103,1,COD,1,1849.94
ORD518104,1,credit_card,1,2205.48
ORD518105,1,COD,1,1365.05
ORD518106,1,UPI,1,1098.95
ORD518107,1,debit_card,1,3030.29
ORD518108,1,UPI,1,2417.75
ORD518109,1,net_banking,1,3507.21
ORD518110,1,COD,8,2243.81
ORD518111,1,wallet,1,3305.52
ORD518112,1,COD,1,1021.71
ORD518113,1,UPI,1,1688.78
ORD518114,1,credit_card,1,2784.19
ORD518115,1,wallet,1,1335.96
ORD518116,1,net_banking,1,2071.3
ORD518117,1,net_banking,1,3860.66
ORD518118,1,credit_card,1,1882.38
ORD518119,1,wallet,1,1428.47
ORD518120,1,net_banking,1,2152.99
ORD518121,1,credit_card,1,1427.57
ORD518122,1,credit_card,5,2764.43
ORD518123,1,wallet,1,1853.39
ORD518124,1,net_banking,1,2921.09
ORD518124,2,debit_card,8,2271.46
ORD518125,1,COD,1,615.95
ORD518126,1,net_banking,1,352.91
ORD518127,1,debit_card,6,820.34
ORD518128,1,COD,1,3625.82
ORD518129,1,wallet,3,3680.19
ORD518130,1,net_banking,1,2843.7
ORD518130,2,COD,2,1728.41
ORD518131,1,wallet,2,3596.74
ORD518132,1,wallet,10,3724.91
ORD518133,1,credit_card,1,3904.95
ORD518133,2,COD,1,426.14
ORD518134,1,net_banking,1,2086.8
ORD518135,1,net_banking,1,267.33
ORD518135,2,debit_card,1,3145.21
ORD518136,1,COD,1,3393.57
ORD518137,1,debit_card,1,628.75
ORD518138,1,UPI,1,3908.77
ORD518139,1,wallet,1,890.62
ORD518140,1,net_banking,1,2212.12
ORD518141,1,debit_card,1,2575.39
ORD518142,1,wallet,1,3729.41
ORD518143,1,COD,5,1825.34
ORD518144,1,net_banking,1,566.82
ORD518145,1,net_banking,1,399.38
ORD518145,2,UPI,1,1140.03
ORD518146,1,net_banking,1,1485.09
ORD518147,1,UPI,1,1491.84
ORD518148,1,UPI,1,1287.11
ORD518149,1,net_banking,1,1541.11
ORD518150,1,credit_card,1,1934.19
ORD518151,1,credit_card,10,877.37
ORD518152,1,COD,1,2728.3
ORD518153,1,wallet,1,762.67
ORD518154,1,debit_card,1,2650.32
ORD518155,1,debit_card,1,2894.82
ORD518156,1,debit_card,1,2526.51
ORD518157,1,UPI,1,624.55
ORD518158,1,COD,1,1578.61
ORD518159,1,UPI,1,765.91
ORD518160,1,debit_card,1,520.92
ORD518160,2,UPI,1,1551.21
ORD518161,1,COD,2,2007.19
ORD518162,1,credit_card,1,3949.54
ORD518163,1,debit_card,1,2387.31
ORD518164,1,debit_card,1,2729.09
ORD518165,1,credit_card,1,378.0
ORD518165,2,credit_card,1,3063.56
ORD518166,1,UPI,1,1397.46
ORD518167,1,UPI,1,592.31
ORD518168,1,credit_card,1,650.9
ORD518169,1,wallet,1,1806.8
ORD518170,1,COD,1,1902.97
ORD518171,1,net_banking,1,2588.47
ORD518171,2,wallet,1,2652.37
ORD518172,1,wallet,1,1385.87
ORD518172,2,COD,1,2365.48
ORD518173,1,debit_card,3,899.35
ORD518174,1,UPI,1,1127.16
ORD518175,1,debit_card,1,660.07
ORD518176,1,net_banking,1,1676.91
ORD518177,1,UPI,1,2333.97
ORD518178,1,COD,1,2610.94
ORD518179,1,credit_card,1,1362.71
ORD518180,1,debit_card,2,2082.86
ORD518181,1,UPI,1,1874.48
ORD518181,2,COD,1,2874.9
ORD518182,1,credit_card,1,1880.13
ORD518183,1,debit_card,1,1693.8
ORD518184,1,debit_card,1,700.78
ORD518184,2,debit_card,1,2117.55
ORD518185,1,net_banking,1,3877.73
ORD518186,1,debit_card,1,755.28
ORD518187,1,wallet,1,1172.03
ORD518188,1,debit_card,1,2861.57
ORD518189,1,net_banking,1,2438.33
ORD518190,1,wallet,1,1925.96
ORD518191,1,net_banking,1,512.19
ORD518192,1,wallet,1,1314.49
ORD518193,1,wallet,1,639.1
ORD518193,2,net_banking,1,1367.65
ORD518194,1,UPI,11,2922.73
ORD518195,1,COD,1,1038.13
ORD518196,1,COD,1,2355.83
ORD518196,2,COD,12,1042.86
ORD518197,1,UPI,1,2132.68
ORD518198,1,UPI,1,3846.26
ORD518199,1,UPI,1,3519.87
ORD518200,1,net_banking,12,3230.09
ORD518201,1,COD,1,2656.93
ORD518202,1,COD,1,3787.42
ORD518203,1,credit_card,1,2977.71
ORD518204,1,wallet,1,1669.5
ORD518205,1,debit_card,1,3407.41
ORD518205,2,debit_card,9,378.7
ORD518206,1,net_banking,1,1181.88
ORD518207,1,COD,11,3672.95
ORD518208,1,wallet,1,2985.44
ORD518209,1,UPI,1,3896.84
ORD518210,1,credit_card,1,1846.1
ORD518211,1,wallet,1,3065.31
ORD518212,1,net_banking,1,1021.71
ORD518213,1,net_banking,1,2519.1
ORD518214,1,net_banking,12,2612.82
ORD518215,1,debit_card,1,3593.95
ORD518216,1,net_banking,1,3672.0
ORD518217,1,credit_card,1,2719.5
ORD518218,1,UPI,10,640.15
ORD518219,1,net_banking,3,3116.07
ORD518220,1,net_banking,7,2124.99
ORD518221,1,credit_card,1,2883.95
ORD518222,1,debit_card,1,3544.1
ORD518223,1,debit_card,1,660.96
ORD518224,1,net_banking,1,203.65
ORD518225,1,wallet,1,1051.73
ORD518225,2,COD,1,465.23
ORD518226,1,debit_card,3,722.96
ORD518227,1,credit_card,4,3517.43
ORD518228,1,credit_card,1,2834.87
ORD518229,1,wallet,8,3594.12
ORD518230,1,COD,1,1274.5
ORD518231,1,COD,1,3850.73
ORD518232,1,net_banking,1,2853.63
ORD518233,1,wallet,1,780.53
ORD518234,1,debit_card,1,3457.43
ORD518235,1,COD,1,2479.4
ORD518236,1,credit_card,1,1328.66
ORD518237,1,wallet,1,3744.91
ORD518238,1,debit_card,1,3040.82
ORD518239,1,wallet,1,2214.33
ORD518240,1,credit_card,1,1874.97
ORD518241,1,UPI,1,2001.44
ORD518242,1,credit_card,1,2329.93
ORD518243,1,COD,1,1810.32
ORD518244,1,net_banking,1,3876.82
ORD518245,1,net_banking,8,2753.15
ORD518245,2,net_banking,1,2668.52
ORD518246,1,debit_card,1,2446.12
ORD518247,1,UPI,1,3087.85
ORD518248,1,credit_card,1,1110.33
ORD518249,1,net_banking,1,3584.19
ORD518249,2,credit_card,1,3733.95
ORD518250,1,UPI,1,1602.78
ORD518250,2,COD,1,1102.6
ORD518251,1,wallet,1,2508.69
ORD518252,1,debit_card,1,1376.4
ORD518253,1,COD,1,818.32
ORD518254,1,net_banking,1,1971.26
ORD518255,1,debit_card,1,3644.84
ORD518256,1,debit_card,1,1809.98
ORD518257,1,COD,1,405.42
ORD518258,1,credit_card,1,385.79
ORD518259,1,net_banking,1,2301.89
ORD518260,1,net_banking,1,3958.56
ORD518261,1,COD,1,3379.37
ORD518262,1,wallet,1,873.18
ORD518262,2,COD,1,1847.41
ORD518263,1,COD,1,3088.53
ORD518263,2,UPI,7,1040.21
ORD518264,1,credit_card,1,477.44
ORD518265,1,COD,1,3024.41
ORD518266,1,credit_card,1,545.29
ORD518267,1,COD,1,1209.61
ORD518268,1,debit_card,1,998.62
ORD518269,1,UPI,1,1663.47
ORD518270,1,wallet,9,3027.72
ORD518271,1,UPI,1,2883.48
ORD518272,1,UPI,1,2075.68
ORD518273,1,COD,1,3964.03
ORD518274,1,net_banking,1,2925.92
ORD518275,1,wallet,1,2811.05
ORD518276,1,UPI,1,3857.33
ORD518277,1,debit_card,1,288.75
ORD518278,1,UPI,1,3755.37
ORD518279,1,credit_card,11,1269.84
ORD518280,1,debit_card,3,3924.67
ORD518281,1,credit_card,1,217.01
ORD518282,1,UPI,1,2527.62
ORD518282,2,debit_card,1,1569.8
ORD518283,1,wallet,1,3727.46
ORD518284,1,UPI,1,332.62
ORD518285,1,UPI,1,724.46
ORD518286,1,wallet,1,1530.26
ORD518286,2,wallet,1,211.41
ORD518287,1,wallet,1,1304.97
ORD518288,1,wallet,1,2641.09
ORD518289,1,wallet,1,3255.1
ORD518290,1,COD,1,3117.5
ORD518291,1,credit_card,1,3571.42
ORD518292,1,wallet,1,1891.27
ORD518293,1,COD,10,777.73
ORD518294,1,net_banking,1,1535.82
ORD518295,1,debit_card,1,3650.5
ORD518296,1,UPI,1,981.93
ORD518297,1,UPI,1,1508.1
ORD518298,1,UPI,1,1564.59
ORD518299,1,UPI,1,527.17
ORD518300,1,COD,1,468.52
ORD518301,1,wallet,1,1094.02
ORD518302,1,credit_card,1,1328.24
ORD518303,1,credit_card,1,3600.74
ORD518304,1,wallet,1,2911.5
ORD518305,1,wallet,7,838.41
ORD518306,1,wallet,1,1705.36
ORD518307,1,UPI,1,933.73
ORD518308,1,net_banking,1,858.24
ORD518309,1,UPI,1,3413.81
ORD518310,1,COD,1,2387.14
ORD518311,1,wallet,1,3659.02
ORD518312,1,COD,6,1243.68
ORD518313,1,wallet,7,3172.46
ORD518314,1,UPI,4,3656.47
ORD518315,1,COD,1,2017.49
ORD518316,1,credit_card,1,3930.49
ORD518317,1,UPI,1,3267.88
ORD518318,1,wallet,11,3622.97
ORD518319,1,credit_card,1,3181.71
ORD518320,1,UPI,1,1249.27
ORD518321,1,credit_card,1,2845.07
ORD518322,1,net_banking,1,1960.25
ORD518323,1,net_banking,1,208.33
ORD518324,1,COD,1,2873.63
ORD518325,1,debit_card,1,1305.68
ORD518326,1,COD,3,3748.1
ORD518326,2,wallet,2,1582.72
ORD518327,1,debit_card,7,1040.51
ORD518328,1,wallet,1,3482.61
ORD518329,1,debit_card,1,911.97
ORD518330,1,UPI,1,2959.73
ORD518331,1,net_banking,1,2571.25
ORD518332,1,credit_card,1,2088.9
ORD518333,1,credit_card,1,3003.96
ORD518333,2,net_banking,1,1665.39
ORD518334,1,debit_card,1,1779.98
ORD518335,1,net_banking,1,2775.67
ORD518336,1,debit_card,1,2853.98
ORD518337,1,UPI,1,3407.35
ORD518338,1,debit_card,1,1135.46
ORD518339,1,debit_card,1,3039.91
ORD518340,1,UPI,9,1669.39
ORD518340,2,net_banking,4,2858.5
ORD518341,1,UPI,1,2523.04
ORD518342,1,UPI,1,2280.56
ORD518343,1,wallet,1,405.21
ORD518344,1,COD,1,870.9
ORD518345,1,net_banking,1,2071.84
ORD518346,1,UPI,1,2125.88
ORD518347,1,wallet,1,2068.47
ORD518348,1,wallet,1,732.86
ORD518349,1,COD,1,3850.11
ORD518350,1,credit_card,1,1946.44
ORD518351,1,COD,1,2756.52
ORD518352,1,UPI,1,932.71
ORD518353,1,debit_card,1,2706.18
ORD518354,1,net_banking,1,2252.98
ORD518354,2,COD,1,3812.12
ORD518355,1,credit_card,3,619.39
ORD518356,1,UPI,1,1286.4
ORD518357,1,COD,1,3369.33
ORD518358,1,wallet,1,1687.13
ORD518359,1,COD,1,1569.9
ORD518360,1,net_banking,1,1896.41
ORD518361,1,COD,6,965.43
ORD518362,1,UPI,1,2975.45
ORD518363,1,COD,1,3307.19
ORD518364,1,COD,1,1030.53
ORD518365,1,wallet,1,1282.27
ORD518366,1,credit_card,1,3756.07
ORD518366,2,net_banking,1,1499.61
ORD518367,1,wallet,1,2587.89
ORD518368,1,net_banking,1,2449.38
ORD518369,1,credit_card,1,2593.09
ORD518370,1,COD,1,3822.4
ORD518370,2,wallet,11,2684.94
ORD518371,1,debit_card,1,3738.54
ORD518372,1,COD,1,3941.45
ORD518373,1,debit_card,1,2535.63
ORD518374,1,COD,1,1287.7
ORD518374,2,debit_card,12,3174.67
ORD518375,1,net_banking,7,2724.2
ORD518376,1,credit_card,1,1486.64
ORD518377,1,credit_card,1,2113.77
ORD518378,1,credit_card,1,3871.74
ORD518379,1,net_banking,1,3464.26
ORD518380,1,COD,1,1416.51
ORD518381,1,credit_card,1,1213.02
ORD518382,1,wallet,1,1899.35
ORD518383,1,credit_card,1,1729.49
ORD518384,1,credit_card,1,2838.96
ORD518384,2,net_banking,1,3949.65
ORD518385,1,COD,2,603.83
ORD518386,1,COD,1,1623.02
ORD518387,1,UPI,1,1488.26
ORD518387,2,UPI,1,3843.72
ORD518388,1,debit_card,1,240.56
ORD518389,1,wallet,3,1453.85
ORD518390,1,wallet,1,3896.36
ORD518391,1,credit_card,1,1246.73
ORD518391,2,UPI,1,2785.5
ORD518392,1,debit_card,1,2281.02
ORD518393,1,net_banking,1,1413.63
ORD518394,1,credit_card,1,1528.23
ORD518395,1,debit_card,1,3452.68
ORD518396,1,COD,1,2975.67
ORD518397,1,credit_card,1,2378.1
ORD518398,1,net_banking,1,2262.22
ORD518399,1,credit_card,11,478.11
ORD518400,1,net_banking,1,1235.33
ORD518401,1,credit_card,1,460.36
ORD518402,1,net_banking,1,1171.01
ORD518403,1,debit_card,1,3368.91
ORD518403,2,net_banking,1,2919.93
ORD518404,1,COD,1,1123.42
ORD518405,1,COD,1,382.92
ORD518406,1,UPI,1,2614.31
ORD518407,1,COD,1,2547.1
ORD518408,1,UPI,6,3770.32
ORD518409,1,credit_card,1,2514.59
ORD518410,1,UPI,1,402.13
ORD518411,1,wallet,6,406.5
ORD518412,1,wallet,1,3695.28
ORD518413,1,net_banking,1,3883.33
ORD518413,2,UPI,1,3321.43
ORD518414,1,net_banking,1,1461.4
ORD518415,1,COD,6,3402.09
ORD518416,1,COD,1,631.75
ORD518417,1,net_banking,1,1394.55
ORD518418,1,credit_card,1,3432.71
ORD518419,1,debit_card,1,3982.56
ORD518420,1,UPI,1,1892.64
ORD518420,2,credit_card,1,3479.03
ORD518421,1,COD,1,2997.47
ORD518422,1,COD,1,759.83
ORD518423,1,net_banking,8,804.43
ORD518424,1,wallet,1,3265.05
ORD518424,2,wallet,1,3527.23
ORD518425,1,credit_card,1,2980.09
ORD518426,1,COD,1,3162.06
ORD518427,1,UPI,1,2249.67
ORD518428,1,UPI,1,433.94
ORD518429,1,wallet,1,3495.1
ORD518430,1,UPI,1,2442.38
ORD518431,1,wallet,1,248.44
ORD518432,1,wallet,1,2952.71
ORD518432,2,debit_card,1,3956.29
ORD518433,1,credit_card,8,386.86
ORD518434,1,credit_card,1,2265.91
ORD518435,1,credit_card,1,1172.52
ORD518436,1,wallet,1,3296.11
ORD518437,1,UPI,1,1737.23
ORD518438,1,debit_card,4,3668.18
ORD518439,1,COD,1,1791.67
ORD518440,1,wallet,1,2775.76
ORD518441,1,COD,1,2771.47
ORD518442,1,net_banking,1,3200.95
ORD518443,1,COD,1,1297.19
ORD518444,1,net_banking,1,2180.46
ORD518445,1,wallet,1,3815.8
ORD518446,1,wallet,1,1496.35
ORD518447,1,debit_card,1,519.89
ORD518448,1,credit_card,1,3789.57
ORD518449,1,COD,1,3361.64
ORD518450,1,credit_card,1,3171.35
ORD518451,1,credit_card,1,1397.67
ORD518452,1,UPI,3,3256.68
ORD518453,1,net_banking,1,3991.16
ORD518454,1,credit_card,9,2776.79
ORD518455,1,COD,1,2442.38
ORD518456,1,net_banking,1,2410.09
ORD518457,1,credit_card,1,2839.72
ORD518458,1,COD,1,3748.5
ORD518459,1,net_banking,1,3085.09
ORD518459,2,credit_card,1,966.29
ORD518460,1,debit_card,1,2486.62
ORD518461,1,debit_card,1,2142.58
ORD518462,1,debit_card,1,2321.47
ORD518463,1,debit_card,1,657.74
ORD518464,1,wallet,1,2454.79
ORD518465,1,debit_card,1,1037.96
ORD518466,1,COD,1,2835.0
ORD518467,1,net_banking,1,1392.97
ORD518468,1,credit_card,1,3475.46
ORD518469,1,net_banking,1,1851.51
ORD518470,1,COD,2,492.5
ORD518470,2,UPI,1,2585.64
ORD518471,1,debit_card,1,3996.68
ORD518472,1,COD,1,3681.01
ORD518473,1,credit_card,1,2879.39
ORD518474,1,debit_card,1,2026.98
ORD518475,1,wallet,1,1729.12
ORD518476,1,credit_card,5,1968.35
ORD518477,1,net_banking,1,588.89
ORD518478,1,COD,2,2143.65
ORD518479,1,wallet,1,548.7
ORD518480,1,debit_card,1,471.93
ORD518481,1,net_banking,1,2924.72
ORD518482,1,debit_card,1,3008.45
ORD518483,1,UPI,1,1892.79
ORD518484,1,UPI,1,3989.73
ORD518485,1,COD,1,2205.13
ORD518486,1,debit_card,1,566.66
ORD518487,1,debit_card,2,1344.5
ORD518488,1,UPI,1,3317.4
ORD518489,1,net_banking,12,796.24
ORD518490,1,net_banking,1,3091.63
ORD518491,1,net_banking,1,2528.23
ORD518492,1,credit_card,1,2960.36
ORD518493,1,debit_card,1,1671.28
ORD518494,1,credit_card,1,3052.76
ORD518495,1,debit_card,9,3839.76
ORD518496,1,debit_card,1,332.44
ORD518497,1,net_banking,10,387.75
ORD518498,1,UPI,1,2145.19
ORD518498,2,UPI,1,1595.56
ORD518499,1,credit_card,1,3358.98
ORD518500,1,credit_card,1,618.94
ORD518501,1,COD,1,2423.86
ORD518502,1,wallet,1,358.76
ORD518503,1,debit_card,1,3971.53
ORD518504,1,net_banking,2,1894.69
ORD518505,1,debit_card,8,930.55
ORD518506,1,wallet,1,453.37
ORD518507,1,net_banking,1,584.0
ORD518508,1,wallet,1,967.91
ORD518509,1,wallet,1,3156.51
ORD518510,1,COD,1,1450.07
ORD518510,2,COD,1,1770.93
ORD518511,1,credit_card,1,3585.82
ORD518511,2,COD,1,2361.81
ORD518512,1,credit_card,1,495.14
ORD518513,1,net_banking,6,3571.04
ORD518513,2,credit_card,1,1198.58
ORD518514,1,COD,1,2414.81
ORD518515,1,net_banking,1,637.6
ORD518516,1,net_banking,1,3684.77
ORD518517,1,wallet,1,1181.69
ORD518518,1,credit_card,1,1361.36
ORD518519,1,debit_card,1,1254.04
ORD518520,1,debit_card,1,266.6
ORD518521,1,COD,1,2053.67
ORD518522,1,COD,1,2130.59
ORD518523,1,wallet,8,2116.52
ORD518524,1,UPI,1,3493.47
ORD518525,1,net_banking,1,3178.38
ORD518526,1,credit_card,1,488.49
ORD518527,1,COD,1,849.37
ORD518528,1,UPI,1,1991.36
ORD518529,1,UPI,1,239.85
ORD518530,1,debit_card,1,3069.64
ORD518531,1,credit_card,1,3444.53
ORD518532,1,debit_card,1,1188.2
ORD518533,1,net_banking,6,1023.73
ORD518534,1,debit_card,12,2395.8
ORD518535,1,net_banking,1,3571.28
ORD518536,1,net_banking,1,3799.43
ORD518537,1,wallet,1,2255.17
ORD518538,1,credit_card,9,1278.67
ORD518538,2,wallet,1,1633.23
ORD518539,1,wallet,4,2637.75
ORD518540,1,debit_card,1,1739.77
ORD518541,1,UPI,1,2515.67
ORD518542,1,wallet,1,2086.33
ORD518543,1,debit_card,2,1138.88
ORD518544,1,wallet,1,3193.58
ORD518545,1,net_banking,1,688.47
ORD518546,1,debit_card,1,3975.42
ORD518547,1,credit_card,1,803.77
ORD518547,2,credit_card,1,2186.51
ORD518548,1,COD,1,683.62
ORD518549,1,debit_card,12,2034.48
ORD518550,1,wallet,1,1796.14
ORD518551,1,credit_card,1,1641.14
ORD518552,1,wallet,1,3844.56
ORD518553,1,credit_card,1,3555.89
ORD518554,1,UPI,1,2730.55
ORD518555,1,UPI,1,3801.7
ORD518555,2,debit_card,1,3938.48
ORD518556,1,UPI,1,366.72
ORD518557,1,wallet,1,1141.21
ORD518558,1,wallet,1,3884.78
ORD518559,1,credit_card,1,553.52
ORD518560,1,net_banking,1,2084.08
ORD518561,1,credit_card,1,1090.4
ORD518562,1,COD,1,598.76
ORD518563,1,debit_card,10,598.42
ORD518564,1,COD,1,2205.72
ORD518565,1,wallet,5,3762.62
ORD518566,1,wallet,1,1080.69
ORD518567,1,credit_card,1,827.97
ORD518568,1,debit_card,1,3730.05
ORD518569,1,debit_card,1,3133.01
ORD518570,1,UPI,1,2359.18
ORD518571,1,debit_card,1,711.59
ORD518572,1,debit_card,1,533.85
ORD518573,1,COD,10,649.58
ORD518574,1,net_banking,1,837.63
ORD518575,1,UPI,1,2883.26
ORD518576,1,credit_card,12,1596.69
ORD518576,2,credit_card,1,1670.76
ORD518577,1,debit_card,8,922.51
ORD518578,1,net_banking,1,2365.67
ORD518579,1,net_banking,1,1576.15
ORD518580,1,net_banking,1,2898.13
ORD518581,1,credit_card,1,2242.19
ORD518582,1,UPI,1,3126.88
ORD518583,1,net_banking,1,3947.59
ORD518584,1,wallet,1,3413.9
ORD518585,1,net_banking,1,2519.85
ORD518586,1,debit_card,1,2821.42
ORD518587,1,COD,2,3058.89
ORD518588,1,COD,1,644.09
ORD518589,1,UPI,11,1075.19
ORD518590,1,credit_card,7,3239.81
ORD518591,1,UPI,1,1334.07
ORD518592,1,credit_card,6,1974.14
ORD518593,1,UPI,1,357.46
ORD518594,1,wallet,1,3600.43
ORD518595,1,net_banking,1,1268.41
ORD518596,1,net_banking,9,3664.47
ORD518597,1,credit_card,2,2064.49
ORD518598,1,credit_card,1,2635.13
ORD518599,1,UPI,1,3944.21
ORD518600,1,wallet,1,3376.95
ORD518601,1,debit_card,2,2670.59
ORD518602,1,UPI,1,3892.07
ORD518603,1,net_banking,1,1032.86
ORD518604,1,credit_card,9,3484.85
ORD518605,1,COD,1,3008.45
ORD518605,2,net_banking,4,428.98
ORD518606,1,wallet,1,810.56
ORD518606,2,debit_card,8,1326.91
ORD518607,1,UPI,1,3407.83
ORD518608,1,credit_card,1,324.36
ORD518609,1,net_banking,1,1139.96
ORD518610,1,COD,7,2848.77
ORD518610,2,debit_card,1,2243.19
ORD518611,1,UPI,1,265.37
ORD518612,1,debit_card,1,468.78
ORD518613,1,net_banking,1,311.8
ORD518614,1,net_banking,1,772.41
ORD518615,1,UPI,1,3269.42
ORD518616,1,credit_card,1,2098.05
ORD518617,1,credit_card,10,3040.12
ORD518618,1,credit_card,1,227.35
ORD518619,1,UPI,1,459.72
ORD518620,1,net_banking,5,255.78
ORD518620,2,debit_card,1,741.22
ORD518621,1,COD,1,747.97
ORD518622,1,wallet,10,1149.11
ORD518623,1,credit_card,1,1212.96
ORD518624,1,net_banking,10,1671.3
ORD518625,1,net_banking,1,2770.93
ORD518626,1,UPI,1,3366.4
ORD518627,1,net_banking,1,1682.01
ORD518628,1,credit_card,1,558.1
ORD518629,1,net_banking,1,3481.74
ORD518630,1,net_banking,1,3083.49
ORD518631,1,debit_card,1,3615.39
ORD518632,1,UPI,1,3797.79
ORD518633,1,wallet,11,523.39
ORD518634,1,wallet,1,375.76
ORD518635,1,debit_card,1,3680.11
ORD518635,2,UPI,1,2951.86
ORD518636,1,COD,1,3189.02
ORD518637,1,wallet,1,3954.55
ORD518638,1,net_banking,1,510.18
ORD518639,1,credit_card,1,1256.47
ORD518640,1,debit_card,1,2790.46
ORD518641,1,net_banking,1,1336.72
ORD518642,1,COD,1,1688.27
ORD518643,1,credit_card,1,1556.56
ORD518644,1,net_banking,1,1860.41
ORD518645,1,wallet,1,2849.0
ORD518646,1,COD,1,1259.43
ORD518647,1,wallet,1,3626.65
ORD518648,1,wallet,6,2506.42
ORD518649,1,UPI,1,2976.56
ORD518650,1,COD,1,1073.89
ORD518651,1,debit_card,1,3384.57
ORD518651,2,UPI,1,3396.16
ORD518652,1,UPI,1,578.93
ORD518653,1,wallet,1,2189.13
ORD518654,1,net_banking,1,2763.88
ORD518654,2,COD,5,2088.33
ORD518655,1,net_banking,1,3229.5
ORD518656,1,credit_card,1,2896.43
ORD518657,1,COD,1,3275.45
ORD518658,1,debit_card,1,1631.66
ORD518659,1,COD,1,2110.58
ORD518659,2,wallet,1,1286.31
ORD518660,1,debit_card,1,1379.04
ORD518661,1,net_banking,1,2199.08
ORD518662,1,UPI,1,2805.14
ORD518663,1,debit_card,1,1305.72
ORD518664,1,debit_card,1,2673.38
ORD518665,1,debit_card,1,1266.92
ORD518666,1,debit_card,1,3727.43
ORD518667,1,COD,8,2729.64
ORD518668,1,net_banking,1,1965.65
ORD518669,1,wallet,1,2265.46
ORD518670,1,debit_card,1,1961.29
ORD518671,1,UPI,1,2105.14
ORD518672,1,COD,1,960.64
ORD518673,1,net_banking,1,2089.21
ORD518674,1,debit_card,1,2938.67
ORD518675,1,wallet,1,2001.22
ORD518676,1,COD,1,1260.89
ORD518677,1,UPI,1,536.84
ORD518678,1,net_banking,1,1987.67
ORD518679,1,debit_card,1,2862.33
ORD518680,1,credit_card,1,2429.57
ORD518680,2,credit_card,1,786.22
ORD518681,1,COD,1,1785.7
ORD518682,1,COD,1,3613.15
ORD518683,1,net_banking,1,1738.34
ORD518684,1,wallet,1,3906.6
ORD518685,1,wallet,1,913.42
ORD518686,1,debit_card,1,2310.89
ORD518687,1,wallet,1,551.77
ORD518688,1,debit_card,1,2296.38
ORD518689,1,debit_card,1,1027.71
ORD518690,1,debit_card,1,3154.95
ORD518691,1,UPI,1,2578.86
ORD518692,1,net_banking,1,443.43
ORD518693,1,net_banking,1,3216.64
ORD518694,1,wallet,1,605.87
ORD518695,1,debit_card,10,271.26
ORD518696,1,net_banking,1,1410.9
ORD518697,1,UPI,4,319.38
ORD518697,2,debit_card,1,3113.54
ORD518698,1,net_banking,1,2652.41
ORD518699,1,credit_card,1,3824.45
ORD518700,1,wallet,1,2079.53
ORD518701,1,debit_card,1,3752.63
ORD518702,1,debit_card,4,1517.1
ORD518703,1,credit_card,1,2769.71
ORD518704,1,UPI,1,773.19
ORD518705,1,UPI,2,1612.96
ORD518705,2,UPI,1,3901.73
ORD518706,1,net_banking,1,2586.09
ORD518707,1,COD,1,3094.52
ORD518708,1,net_banking,1,1752.24
ORD518709,1,UPI,1,1622.58
ORD518709,2,UPI,1,835.06
ORD518710,1,net_banking,1,3731.5
ORD518711,1,credit_card,1,729.55
ORD518712,1,credit_card,1,744.7
ORD518713,1,wallet,7,2672.3
ORD518714,1,net_banking,1,3294.2
ORD518715,1,net_banking,1,1614.75
ORD518716,1,credit_card,1,1308.28
ORD518717,1,wallet,1,3297.19
ORD518718,1,wallet,1,951.36
ORD518719,1,COD,1,3313.42
ORD518720,1,net_banking,1,2448.43
ORD518721,1,net_banking,1,1352.04
ORD518722,1,debit_card,1,3082.9
ORD518723,1,UPI,1,2494.8
ORD518724,1,debit_card,1,2220.26
ORD518725,1,credit_card,1,2539.55
ORD518726,1,debit_card,1,1823.27
ORD518726,2,credit_card,1,2463.84
ORD518727,1,wallet,1,3499.76
ORD518728,1,COD,7,1638.49
ORD518729,1,UPI,1,3241.05
ORD518730,1,wallet,1,3019.13
ORD518730,2,COD,1,1618.31
ORD518731,1,UPI,1,2895.12
ORD518732,1,credit_card,2,621.48
ORD518733,1,credit_card,1,1476.15
ORD518734,1,COD,1,2924.74
ORD518735,1,UPI,1,1186.85
ORD518736,1,credit_card,1,2083.18
ORD518737,1,credit_card,12,491.56
ORD518738,1,debit_card,1,502.95
ORD518739,1,net_banking,6,3185.54
ORD518740,1,net_banking,1,2325.0
ORD518741,1,UPI,1,357.72
ORD518742,1,credit_card,1,2532.19
ORD518743,1,wallet,1,2865.94
ORD518744,1,wallet,1,2589.98
ORD518745,1,UPI,1,1906.01
ORD518746,1,UPI,1,616.11
ORD518746,2,net_banking,1,619.95
ORD518747,1,net_banking,1,3219.03
ORD518748,1,wallet,1,1240.42
ORD518749,1,net_banking,1,1785.91
ORD518749,2,credit_card,1,522.66
ORD518750,1,credit_card,1,3275.68
ORD518750,2,wallet,1,969.22
ORD518751,1,net_banking,1,1027.72
ORD518752,1,UPI,1,3798.1
ORD518753,1,UPI,1,1200.55
ORD518753,2,UPI,1,1890.83
ORD518754,1,debit_card,1,2589.3
ORD518755,1,net_banking,1,867.71
ORD518756,1,net_banking,12,2814.83
ORD518757,1,credit_card,1,3080.54
ORD518757,2,credit_card,11,436.78
ORD518758,1,UPI,1,1114.32
ORD518759,1,credit_card,1,2854.51
ORD518760,1,net_banking,1,2971.1
ORD518761,1,COD,1,320.93
ORD518762,1,COD,6,2819.32
ORD518763,1,COD,1,3619.54
ORD518763,2,credit_card,4,1025.16
ORD518764,1,COD,1,1076.71
ORD518765,1,wallet,1,578.95
ORD518766,1,COD,1,3269.29
ORD518767,1,credit_card,1,3245.59
ORD518768,1,net_banking,1,1213.54
ORD518769,1,UPI,1,2556.77
ORD518770,1,debit_card,1,1660.82
ORD518771,1,wallet,1,1142.18
ORD518772,1,wallet,12,1355.13
ORD518773,1,net_banking,1,2920.23
ORD518774,1,debit_card,4,1340.3
ORD518775,1,net_banking,7,2940.12
ORD518776,1,COD,1,1600.86
ORD518777,1,UPI,1,258.03
ORD518778,1,debit_card,1,2899.26
ORD518779,1,COD,1,3132.74
ORD518780,1,credit_card,1,1631.37
ORD518781,1,debit_card,1,3936.65
ORD518781,2,net_banking,1,3104.83
ORD518782,1,UPI,1,733.84
ORD518783,1,net_banking,1,894.6
ORD518784,1,wallet,1,2787.2
ORD518785,1,credit_card,7,255.33
ORD518786,1,net_banking,1,3434.64
ORD518787,1,credit_card,1,946.24
ORD518788,1,UPI,1,2793.04
ORD518789,1,credit_card,1,2029.09
ORD518790,1,UPI,1,960.01
ORD518791,1,net_banking,1,3662.45
ORD518792,1,debit_card,1,672.38
ORD518793,1,wallet,1,1967.61
ORD518794,1,COD,1,3883.31
ORD518795,1,UPI,1,301.87
ORD518796,1,wallet,1,1807.77
ORD518797,1,wallet,1,2108.52
ORD518798,1,net_banking,1,1302.32
ORD518799,1,credit_card,1,1708.41
ORD518800,1,credit_card,1,3878.48
ORD518801,1,UPI,10,1826.27
ORD518802,1,net_banking,4,2045.86
ORD518803,1,debit_card,1,3925.84
ORD518804,1,COD,1,2400.91
ORD518805,1,wallet,1,3498.7
ORD518806,1,credit_card,1,767.29
ORD518807,1,debit_card,1,2281.22
ORD518808,1,credit_card,9,1277.22
ORD518809,1,credit_card,1,3409.5
ORD518810,1,debit_card,12,570.91
ORD518811,1,net_banking,1,3172.41
ORD518812,1,UPI,1,625.18
ORD518813,1,wallet,1,1531.98
ORD518814,1,debit_card,1,3531.5
ORD518815,1,net_banking,4,2450.46
ORD518816,1,UPI,1,2445.79
ORD518817,1,net_banking,1,2176.48
ORD518817,2,credit_card,1,1583.49
ORD518818,1,net_banking,1,1427.92
ORD518819,1,net_banking,1,2343.18
ORD518820,1,UPI,1,346.4
ORD518821,1,wallet,1,1144.62
ORD518822,1,wallet,1,1410.18
ORD518823,1,UPI,1,1503.26
ORD518823,2,UPI,1,2548.41
ORD518824,1,COD,1,2922.8
ORD518825,1,credit_card,1,2007.31
ORD518826,1,UPI,1,2253.47
ORD518826,2,UPI,1,2350.35
ORD518827,1,credit_card,1,472.87
ORD518828,1,credit_card,1,2219.43
ORD518829,1,credit_card,12,2926.8
ORD518829,2,UPI,1,925.26
ORD518830,1,COD,4,1997.53
ORD518831,1,COD,1,3931.16
ORD518831,2,net_banking,1,3586.11
ORD518832,1,UPI,1,445.75
ORD518833,1,wallet,1,1409.04
ORD518834,1,credit_card,1,2172.59
ORD518835,1,credit_card,10,3260.93
ORD518836,1,wallet,1,2379.08
ORD518837,1,UPI,1,2590.25
ORD518838,1,wallet,1,2355.77
ORD518839,1,COD,1,3746.91
ORD518840,1,debit_card,1,2496.27
ORD518841,1,UPI,1,3949.74
ORD518842,1,net_banking,1,3655.8
ORD518843,1,wallet,1,210.03
ORD518843,2,credit_card,1,3676.51
ORD518844,1,credit_card,1,3911.91
ORD518845,1,net_banking,1,691.34
ORD518845,2,debit_card,1,621.11
ORD518846,1,debit_card,1,1151.69
ORD518846,2,debit_card,1,2988.73
ORD518847,1,credit_card,1,3714.02
ORD518848,1,net_banking,1,3483.27
ORD518848,2,COD,1,507.86
ORD518849,1,debit_card,1,2639.41
ORD518849,2,UPI,6,3155.05
ORD518850,1,wallet,10,222.8
ORD518851,1,net_banking,8,2299.88
ORD518852,1,credit_card,1,3821.45
ORD518853,1,COD,1,437.31
ORD518854,1,wallet,1,639.04
ORD518855,1,credit_card,12,253.97
ORD518856,1,net_banking,1,360.35
ORD518857,1,credit_card,1,2728.11
ORD518858,1,wallet,1,3082.03
ORD518859,1,debit_card,4,2294.43
ORD518860,1,debit_card,1,951.77
ORD518861,1,UPI,1,978.94
ORD518862,1,debit_card,1,1133.74
ORD518862,2,UPI,1,3296.7
ORD518863,1,UPI,1,2703.47
ORD518864,1,net_banking,1,2338.37
ORD518865,1,COD,1,2128.08
ORD518866,1,credit_card,1,884.14
ORD518867,1,credit_card,4,2199.42
ORD518867,2,credit_card,2,3939.66
ORD518868,1,COD,1,3521.9
ORD518869,1,debit_card,1,1005.1
ORD518870,1,wallet,1,309.73
ORD518871,1,wallet,1,1818.02
ORD518872,1,wallet,1,1750.19
ORD518873,1,UPI,1,1396.89
ORD518874,1,credit_card,9,1923.02
ORD518875,1,credit_card,1,3618.8
ORD518875,2,wallet,8,2970.89
ORD518876,1,credit_card,1,1165.01
ORD518877,1,credit_card,1,951.8
ORD518878,1,net_banking,1,3350.85
ORD518879,1,credit_card,1,474.68
ORD518880,1,credit_card,1,2956.33
ORD518881,1,debit_card,1,1300.61
ORD518881,2,UPI,1,2851.62
ORD518882,1,wallet,1,2627.56
ORD518883,1,wallet,1,3556.7
ORD518884,1,wallet,1,2688.76
ORD518885,1,wallet,1,880.42
ORD518885,2,COD,5,2760.49
ORD518886,1,debit_card,1,1581.83
ORD518887,1,wallet,1,2655.43
ORD518888,1,COD,1,509.67
ORD518889,1,wallet,1,753.45
ORD518890,1,UPI,1,330.31
ORD518891,1,credit_card,5,2352.36
ORD518892,1,COD,1,1401.93
ORD518893,1,UPI,1,1456.69
ORD518894,1,net_banking,1,1627.11
ORD518894,2,net_banking,12,1056.41
ORD518895,1,COD,1,2715.89
ORD518896,1,credit_card,1,509.73
ORD518897,1,UPI,1,3038.97
ORD518898,1,net_banking,1,3760.84
ORD518899,1,debit_card,1,707.82
ORD518900,1,COD,1,1001.06
ORD518901,1,COD,1,1265.58
ORD518902,1,net_banking,1,1478.93
ORD518903,1,COD,1,3170.51
ORD518904,1,debit_card,1,2513.54
ORD518905,1,wallet,1,1138.52
ORD518906,1,wallet,1,3430.16
ORD518906,2,net_banking,1,2220.63
ORD518907,1,wallet,1,2938.24
ORD518908,1,credit_card,1,3106.16
ORD518909,1,COD,1,1616.83
ORD518910,1,wallet,1,1022.24
ORD518911,1,net_banking,1,2602.08
ORD518911,2,net_banking,1,1042.56
ORD518912,1,COD,12,2309.29
ORD518913,1,credit_card,1,1888.2
ORD518914,1,net_banking,1,2142.71
ORD518915,1,UPI,1,3365.91
ORD518916,1,COD,1,2593.77
ORD518917,1,debit_card,1,581.73
ORD518918,1,debit_card,1,1459.29
ORD518919,1,debit_card,1,2646.47
ORD518920,1,UPI,1,1836.9
ORD518921,1,UPI,4,1896.87
ORD518922,1,UPI,1,3906.97
ORD518923,1,wallet,1,3993.4
ORD518924,1,wallet,1,1708.69
ORD518925,1,UPI,1,2817.39
ORD518926,1,credit_card,1,3099.1
ORD518927,1,UPI,1,3917.53
ORD518928,1,net_banking,1,2793.8
ORD518929,1,COD,1,3256.31
ORD518930,1,net_banking,1,522.13
ORD518931,1,UPI,1,2863.59
ORD518932,1,credit_card,1,1549.83
ORD518933,1,wallet,1,3103.56
ORD518934,1,COD,1,1155.52
ORD518935,1,UPI,1,2923.41
ORD518936,1,UPI,1,3254.09
ORD518937,1,COD,1,3750.85
ORD518938,1,UPI,5,3205.17
ORD518939,1,debit_card,1,2937.04
ORD518940,1,wallet,7,2937.71
ORD518941,1,COD,1,1320.54
ORD518942,1,COD,1,1510.25
ORD518943,1,credit_card,7,578.14
ORD518944,1,wallet,1,1283.82
ORD518945,1,credit_card,1,3305.19
ORD518946,1,wallet,12,976.0
ORD518947,1,wallet,1,2920.2
ORD518948,1,wallet,1,1210.22
ORD518949,1,credit_card,1,661.61
ORD518950,1,net_banking,1,1424.83
ORD518951,1,credit_card,1,349.17
ORD518952,1,debit_card,1,3207.72
ORD518953,1,net_banking,8,911.67
ORD518954,1,credit_card,1,1791.89
ORD518955,1,credit_card,1,1954.98
ORD518956,1,COD,10,822.21
ORD518957,1,COD,1,973.73
ORD518958,1,debit_card,12,766.27
ORD518959,1,wallet,1,2870.38
ORD518960,1,net_banking,1,403.36
ORD518961,1,credit_card,1,1701.89
ORD518962,1,COD,1,3688.26
ORD518962,2,wallet,1,2573.33
ORD518963,1,COD,1,1630.39
ORD518964,1,net_banking,1,3736.08
ORD518965,1,wallet,7,1902.79
ORD518966,1,net_banking,1,3998.69
ORD518967,1,debit_card,1,238.36
ORD518968,1,wallet,1,578.22
ORD518969,1,UPI,1,2956.49
ORD518969,2,credit_card,9,411.74
ORD518970,1,debit_card,1,2991.55
ORD518971,1,debit_card,1,3476.35
ORD518971,2,UPI,1,3466.57
ORD518972,1,net_banking,1,1864.83
ORD518973,1,wallet,1,349.15
ORD518974,1,net_banking,1,3996.52
ORD518975,1,COD,1,1703.24
ORD518976,1,COD,1,494.88
ORD518977,1,UPI,1,2653.33
ORD518978,1,net_banking,1,313.48
ORD518979,1,net_banking,1,1956.42
ORD518980,1,net_banking,1,1388.4
ORD518981,1,COD,1,930.18
ORD518982,1,net_banking,1,3352.45
ORD518983,1,UPI,1,3787.53
ORD518984,1,COD,1,673.34
ORD518985,1,credit_card,1,1819.45
ORD518986,1,credit_card,1,2214.98
ORD518987,1,wallet,1,1759.45
ORD518988,1,credit_card,6,2904.19
ORD518989,1,credit_card,1,3148.49
ORD518990,1,UPI,1,3641.3
ORD518991,1,credit_card,1,3684.33
ORD518992,1,wallet,1,1588.04
ORD518993,1,debit_card,1,3736.76
ORD518994,1,wallet,8,3135.58
ORD518995,1,COD,1,990.92
ORD518996,1,net_banking,1,3994.47
ORD518997,1,debit_card,1,2542.7
ORD518998,1,debit_card,1,3374.74
ORD518998,2,credit_card,1,263.69
ORD518999,1,net_banking,1,2411.48
ORD518999,2,credit_card,1,2653.35
ORD519000,1,credit_card,1,1304.61
ORD519001,1,debit_card,1,1162.94
ORD519002,1,debit_card,1,785.33
ORD519003,1,wallet,1,2355.69
ORD519004,1,net_banking,1,271.19
ORD519005,1,net_banking,10,2249.83
ORD519006,1,debit_card,1,2468.52
ORD519006,2,net_banking,1,2870.66
ORD519007,1,net_banking,1,1066.76
ORD519007,2,COD,1,1245.84
ORD519008,1,UPI,1,687.74
ORD519009,1,credit_card,6,3172.16
ORD519010,1,wallet,11,1223.31
ORD519011,1,net_banking,1,3254.94
ORD519012,1,UPI,1,1730.33
ORD519013,1,debit_card,1,2301.83
ORD519014,1,credit_card,11,705.92
ORD519015,1,UPI,1,2241.9
ORD519016,1,credit_card,1,201.47
ORD519016,2,wallet,1,1471.42
ORD519017,1,UPI,1,998.31
ORD519018,1,wallet,1,3765.71
ORD519019,1,debit_card,1,3834.87
ORD519020,1,UPI,12,2649.99
ORD519021,1,COD,1,2810.63
ORD519022,1,net_banking,1,1042.12
ORD519023,1,net_banking,1,2211.87
ORD519024,1,credit_card,1,2670.84
ORD519025,1,net_banking,1,3388.16
ORD519026,1,net_banking,1,323.46
ORD519027,1,net_banking,1,3348.94
ORD519028,1,credit_card,1,765.94
ORD519029,1,COD,1,2915.45
ORD519030,1,debit_card,1,2357.0
ORD519031,1,net_banking,1,3411.94
ORD519032,1,UPI,8,576.73
ORD519033,1,net_banking,7,2239.13
ORD519034,1,debit_card,9,1143.33
ORD519035,1,debit_card,1,1416.11
ORD519036,1,wallet,1,3744.84
ORD519037,1,UPI,1,521.68
ORD519038,1,debit_card,1,2699.07
ORD519039,1,credit_card,1,3220.4
ORD519040,1,UPI,1,3835.34
ORD519040,2,net_banking,5,2399.01
ORD519041,1,wallet,1,3602.99
ORD519042,1,debit_card,1,1978.83
ORD519043,1,debit_card,1,3905.69
ORD519043,2,credit_card,1,751.9
ORD519044,1,UPI,1,3416.29
ORD519045,1,credit_card,1,558.67
ORD519046,1,UPI,5,934.56
ORD519047,1,net_banking,1,935.52
ORD519048,1,COD,6,3125.17
ORD519049,1,credit_card,10,317.66
ORD519049,2,credit_card,1,3065.92
ORD519050,1,wallet,1,1345.64
ORD519051,1,credit_card,1,1484.72
ORD519052,1,credit_card,1,3807.21
ORD519053,1,UPI,1,1336.12
ORD519054,1,debit_card,1,2743.31
ORD519055,1,wallet,1,2624.78
ORD519056,1,debit_card,1,1765.62
ORD519057,1,credit_card,1,1859.93
ORD519058,1,UPI,1,3545.73
ORD519059,1,net_banking,1,3525.45
ORD519060,1,debit_card,1,1728.91
ORD519061,1,wallet,6,2174.35
ORD519062,1,credit_card,1,3647.73
ORD519063,1,debit_card,5,749.68
ORD519064,1,net_banking,1,2420.11
ORD519065,1,COD,1,3374.09
ORD519066,1,net_banking,1,210.37
ORD519067,1,UPI,1,1125.2
ORD519068,1,net_banking,1,1878.11
ORD519069,1,COD,1,3257.46
ORD519069,2,UPI,1,1710.08
ORD519070,1,COD,1,3501.13
ORD519071,1,debit_card,1,412.92
ORD519072,1,credit_card,1,3171.4
ORD519073,1,net_banking,10,2871.39
ORD519074,1,credit_card,1,2045.21
ORD519075,1,wallet,1,2827.8
ORD519076,1,UPI,12,3657.7
ORD519077,1,UPI,1,1951.46
ORD519078,1,UPI,1,3308.54
ORD519079,1,wallet,1,2114.49
ORD519080,1,debit_card,1,739.67
ORD519081,1,net_banking,1,3802.45
ORD519081,2,UPI,1,2744.03
ORD519082,1,wallet,1,608.32
ORD519083,1,UPI,1,1657.96
ORD519084,1,credit_card,3,3320.7
ORD519085,1,COD,1,3955.92
ORD519086,1,wallet,10,1457.9
ORD519086,2,debit_card,1,2632.03
ORD519087,1,UPI,1,2241.48
ORD519088,1,COD,1,740.16
ORD519089,1,wallet,11,1903.49
ORD519090,1,wallet,1,2656.41
ORD519091,1,net_banking,5,322.87
ORD519092,1,wallet,1,3218.94
ORD519093,1,net_banking,1,3577.97
ORD519094,1,wallet,1,1853.19
ORD519095,1,credit_card,1,2847.9
ORD519096,1,COD,1,3686.22
ORD519097,1,net_banking,1,859.83
ORD519098,1,COD,1,2772.5
ORD519099,1,COD,1,3834.28
ORD519100,1,credit_card,9,2596.31
ORD519100,2,UPI,1,375.15
ORD519101,1,UPI,1,3360.85
ORD519101,2,debit_card,1,3206.86
ORD519102,1,net_banking,1,3462.47
ORD519103,1,wallet,1,2830.75
ORD519104,1,debit_card,1,2822.12
ORD519105,1,debit_card,1,3913.33
ORD519106,1,wallet,5,1833.6
ORD519107,1,UPI,1,1032.26
ORD519108,1,debit_card,1,1433.77
ORD519108,2,debit_card,3,2471.4
ORD519109,1,wallet,1,1682.15
ORD519110,1,wallet,1,1329.41
ORD519111,1,credit_card,1,3004.83
ORD519112,1,UPI,1,824.89
ORD519113,1,wallet,6,3377.47
ORD519114,1,UPI,1,1641.34
ORD519115,1,wallet,1,3682.99
ORD519116,1,COD,1,1909.69
ORD519117,1,COD,1,767.02
ORD519118,1,credit_card,1,3559.22
ORD519119,1,credit_card,1,2075.05
ORD519120,1,COD,1,2120.79
ORD519121,1,net_banking,9,2629.69
ORD519121,2,wallet,12,2185.44
ORD519122,1,wallet,1,1806.48
ORD519123,1,wallet,8,2632.94
ORD519124,1,credit_card,1,1014.8
ORD519125,1,wallet,1,782.3
ORD519126,1,credit_card,1,2091.37
ORD519127,1,net_banking,10,2522.58
ORD519128,1,wallet,2,3523.77
ORD519129,1,debit_card,1,2556.45
ORD519129,2,UPI,1,1535.51
ORD519130,1,debit_card,1,466.89
ORD519131,1,COD,1,2042.51
ORD519132,1,debit_card,1,1411.61
ORD519133,1,wallet,1,3885.48
ORD519134,1,COD,1,1713.49
ORD519135,1,UPI,1,863.85
ORD519136,1,UPI,1,2542.04
ORD519137,1,credit_card,1,1107.1
ORD519138,1,debit_card,1,3810.11
ORD519138,2,wallet,1,2908.31
ORD519139,1,debit_card,1,925.5
ORD519140,1,COD,1,1651.06
ORD519141,1,net_banking,1,3629.61
ORD519142,1,UPI,1,3160.4
ORD519143,1,net_banking,1,543.29
ORD519144,1,wallet,1,3986.96
ORD519145,1,wallet,1,3163.82
ORD519146,1,COD,10,1416.99
ORD519146,2,debit_card,1,1573.22
ORD519147,1,UPI,1,3482.02
ORD519148,1,wallet,1,2973.36
ORD519148,2,COD,1,201.64
ORD519149,1,credit_card,1,3550.81
ORD519150,1,UPI,1,2156.05
ORD519151,1,COD,3,2811.55
ORD519152,1,credit_card,1,3336.86
ORD519153,1,net_banking,1,1970.12
ORD519153,2,wallet,1,3964.36
ORD519154,1,UPI,1,3961.71
ORD519155,1,COD,1,2796.4
ORD519156,1,COD,1,1522.81
ORD519157,1,debit_card,2,3042.65
ORD519158,1,COD,1,1557.05
ORD519159,1,net_banking,1,1906.04
ORD519160,1,COD,1,1797.81
ORD519160,2,debit_card,6,1228.93
ORD519161,1,net_banking,5,488.35
ORD519162,1,debit_card,1,3779.39
ORD519163,1,COD,1,2140.29
ORD519164,1,debit_card,1,2635.81
ORD519165,1,net_banking,1,1640.64
ORD519166,1,credit_card,1,3017.14
ORD519167,1,COD,1,1948.41
ORD519168,1,COD,1,3651.28
ORD519169,1,net_banking,1,2515.08
ORD519170,1,net_banking,1,1056.44
ORD519171,1,credit_card,1,1340.6
ORD519172,1,net_banking,1,3006.99
ORD519173,1,credit_card,1,745.11
ORD519174,1,debit_card,1,219.64
ORD519175,1,credit_card,5,874.1
ORD519176,1,UPI,1,2771.21
ORD519177,1,credit_card,10,1413.34
ORD519178,1,wallet,6,937.54
ORD519179,1,credit_card,1,2642.91
ORD519180,1,COD,1,3180.43
ORD519180,2,COD,1,3329.84
ORD519181,1,wallet,1,2650.21
ORD519182,1,debit_card,1,3270.38
ORD519183,1,COD,1,577.31
ORD519184,1,UPI,1,2734.79
ORD519185,1,debit_card,1,3450.87
ORD519186,1,net_banking,1,2403.12
ORD519187,1,credit_card,1,1957.24
ORD519188,1,debit_card,1,1225.85
ORD519189,1,credit_card,1,337.65
ORD519189,2,debit_card,1,847.46
ORD519190,1,credit_card,1,1083.52
ORD519191,1,wallet,1,3027.48
ORD519192,1,credit_card,1,2949.02
ORD519193,1,UPI,1,2684.99
ORD519193,2,COD,1,2238.23
ORD519194,1,net_banking,7,888.49
ORD519195,1,net_banking,1,1135.7
ORD519196,1,COD,1,1418.37
ORD519197,1,COD,1,2196.45
ORD519198,1,net_banking,1,3506.84
ORD519199,1,UPI,1,941.22
ORD519200,1,debit_card,7,2547.66
ORD519201,1,wallet,1,2905.47
ORD519202,1,net_banking,1,3813.58
ORD519203,1,UPI,1,208.34
ORD519204,1,COD,5,500.3
ORD519205,1,COD,1,2223.05
ORD519206,1,COD,1,3258.92
ORD519207,1,debit_card,1,2668.97
ORD519208,1,wallet,1,1864.31
ORD519209,1,debit_card,8,3011.46
ORD519210,1,wallet,1,432.69
ORD519211,1,debit_card,1,1797.68
ORD519212,1,debit_card,1,1456.07
ORD519213,1,UPI,1,3301.03
ORD519214,1,UPI,1,2998.34
ORD519214,2,credit_card,1,405.2
ORD519215,1,UPI,1,1950.07
ORD519216,1,wallet,1,321.71
ORD519217,1,debit_card,1,3040.18
ORD519218,1,wallet,1,1552.46
ORD519219,1,debit_card,1,1851.01
ORD519219,2,debit_card,3,1749.61
ORD519220,1,wallet,1,1268.36
ORD519221,1,credit_card,3,1358.74
ORD519222,1,net_banking,12,761.66
ORD519223,1,UPI,4,1238.58
ORD519224,1,wallet,1,3098.53
ORD519225,1,net_banking,1,806.06
ORD519226,1,UPI,1,3522.83
ORD519227,1,wallet,1,3592.25
ORD519228,1,debit_card,1,965.84
ORD519229,1,wallet,1,1323.59
ORD519230,1,wallet,1,3094.42
ORD519231,1,debit_card,1,3543.12
ORD519231,2,net_banking,1,1304.29
ORD519232,1,wallet,1,1222.0
ORD519233,1,credit_card,1,1284.35
ORD519234,1,wallet,9,3477.75
ORD519235,1,wallet,1,3377.66
ORD519236,1,debit_card,1,2837.48
ORD519237,1,debit_card,1,3809.36
ORD519238,1,debit_card,1,3079.9
ORD519239,1,credit_card,1,3734.9
ORD519240,1,credit_card,1,2610.89
ORD519241,1,UPI,1,3522.61
ORD519242,1,wallet,1,1371.42
ORD519243,1,wallet,1,281.2
ORD519244,1,UPI,1,3541.05
ORD519245,1,COD,1,2019.72
ORD519246,1,UPI,9,3356.39
ORD519247,1,UPI,1,1005.47
ORD519248,1,credit_card,3,257.92
ORD519248,2,COD,9,688.91
ORD519249,1,debit_card,1,3133.5
ORD519250,1,wallet,1,3651.3
ORD519251,1,credit_card,1,3634.17
ORD519252,1,debit_card,1,231.85
ORD519253,1,credit_card,1,2941.26
ORD519254,1,net_banking,1,1573.67
ORD519255,1,UPI,1,1050.74
ORD519256,1,debit_card,1,3660.78
ORD519257,1,COD,6,2927.82
ORD519258,1,UPI,1,1122.54
ORD519259,1,UPI,1,3650.54
ORD519260,1,wallet,1,853.16
ORD519260,2,credit_card,1,2532.62
ORD519261,1,wallet,1,1207.55
ORD519262,1,wallet,1,1803.88
ORD519263,1,credit_card,1,3466.92
ORD519263,2,net_banking,1,2466.48
ORD519264,1,UPI,1,3738.72
ORD519265,1,wallet,9,2882.68
ORD519266,1,net_banking,1,681.84
ORD519267,1,net_banking,1,2592.62
ORD519268,1,debit_card,8,2860.58
ORD519269,1,UPI,1,3536.54
ORD519270,1,wallet,1,2641.58
ORD519271,1,wallet,1,3649.52
ORD519272,1,COD,1,1352.06
ORD519273,1,UPI,1,3799.43
ORD519274,1,UPI,1,3321.73
ORD519275,1,credit_card,1,3504.55
ORD519276,1,COD,1,2796.18
ORD519277,1,UPI,1,2108.7
ORD519278,1,net_banking,1,3274.2
ORD519279,1,COD,12,3755.3
ORD519279,2,UPI,1,2265.02
ORD519280,1,COD,1,3399.35
ORD519281,1,credit_card,10,3379.71
ORD519282,1,wallet,1,2758.71
ORD519283,1,wallet,1,2394.38
ORD519283,2,wallet,1,3848.22
ORD519284,1,debit_card,1,1980.68
ORD519285,1,credit_card,1,1400.06
ORD519286,1,debit_card,1,1921.78
ORD519287,1,COD,1,3981.93
ORD519288,1,wallet,1,1062.03
ORD519289,1,net_banking,1,497.51
ORD519290,1,net_banking,1,3363.23
ORD519291,1,net_banking,1,1772.09
ORD519292,1,debit_card,1,2320.36
ORD519293,1,debit_card,1,2446.12
ORD519294,1,credit_card,1,2760.98
ORD519295,1,debit_card,1,611.88
ORD519296,1,debit_card,1,3177.56
ORD519297,1,credit_card,1,3304.64
ORD519298,1,net_banking,1,3916.26
ORD519299,1,credit_card,1,2744.73
ORD519300,1,debit_card,1,3682.32
ORD519301,1,UPI,1,3885.99
ORD519301,2,COD,1,713.2
ORD519302,1,net_banking,1,3045.33
ORD519303,1,debit_card,1,1482.15
ORD519304,1,net_banking,1,2760.74
ORD519305,1,UPI,1,3662.9
ORD519306,1,wallet,1,3658.31
ORD519307,1,wallet,1,563.71
ORD519308,1,wallet,1,1646.38
ORD519309,1,UPI,1,1228.49
ORD519310,1,credit_card,1,567.21
ORD519311,1,wallet,1,674.53
ORD519312,1,debit_card,7,1100.53
ORD519312,2,net_banking,1,3094.53
ORD519313,1,debit_card,1,199.67
ORD519314,1,net_banking,1,2590.04
ORD519315,1,credit_card,1,3210.16
ORD519316,1,debit_card,1,2409.86
ORD519317,1,credit_card,1,3534.82
ORD519318,1,UPI,1,2659.27
ORD519319,1,UPI,5,1977.73
ORD519320,1,COD,1,2135.52
ORD519320,2,UPI,7,2188.18
ORD519321,1,UPI,1,1582.88
ORD519322,1,wallet,1,3815.31
ORD519323,1,net_banking,1,3851.05
ORD519323,2,wallet,1,3072.7
ORD519324,1,credit_card,1,3273.69
ORD519325,1,wallet,6,3598.11
ORD519326,1,UPI,5,3134.03
ORD519327,1,UPI,1,1769.87
ORD519328,1,wallet,1,2183.19
ORD519329,1,UPI,1,861.89
ORD519330,1,debit_card,1,1896.35
ORD519331,1,wallet,1,1005.43
ORD519332,1,credit_card,1,284.17
ORD519333,1,credit_card,1,899.66
ORD519334,1,UPI,1,2931.22
ORD519335,1,net_banking,5,2992.24
ORD519335,2,wallet,7,368.61
ORD519336,1,credit_card,1,1381.58
ORD519337,1,credit_card,1,1586.57
ORD519338,1,wallet,1,280.57
ORD519339,1,debit_card,1,544.9
ORD519340,1,credit_card,1,3022.97
ORD519341,1,debit_card,12,665.49
ORD519342,1,wallet,8,3603.38
ORD519343,1,UPI,1,2674.53
ORD519344,1,COD,1,3900.57
ORD519344,2,credit_card,1,1916.81
ORD519345,1,credit_card,1,688.84
ORD519345,2,wallet,1,252.55
ORD519346,1,debit_card,1,1111.44
ORD519347,1,wallet,1,322.0
ORD519348,1,wallet,1,2296.09
ORD519349,1,COD,1,1510.5
ORD519350,1,debit_card,1,2463.98
ORD519351,1,wallet,1,2914.82
ORD519352,1,net_banking,1,442.29
ORD519353,1,credit_card,1,817.55
ORD519354,1,net_banking,1,2262.99
ORD519355,1,UPI,1,344.53
ORD519356,1,debit_card,1,1893.88
ORD519357,1,credit_card,1,224.0
ORD519358,1,UPI,1,2223.09
ORD519359,1,UPI,1,2064.69
ORD519360,1,credit_card,10,2297.18
ORD519361,1,credit_card,1,2304.24
ORD519362,1,wallet,1,272.08
ORD519363,1,UPI,11,2298.01
ORD519363,2,net_banking,1,2378.28
ORD519364,1,COD,1,1235.21
ORD519365,1,debit_card,1,1638.65
ORD519366,1,debit_card,1,3649.53
ORD519367,1,COD,4,2234.53
ORD519367,2,net_banking,6,2395.95
ORD519368,1,credit_card,1,2309.17
ORD519369,1,net_banking,1,920.69
ORD519369,2,UPI,1,1795.09
ORD519370,1,net_banking,1,2371.06
ORD519371,1,net_banking,1,215.33
ORD519372,1,credit_card,1,2382.02
ORD519372,2,wallet,1,1719.24
ORD519373,1,wallet,12,2674.78
ORD519374,1,debit_card,1,282.67
ORD519375,1,UPI,1,468.29
ORD519376,1,credit_card,1,2589.6
ORD519377,1,UPI,1,3642.12
ORD519378,1,net_banking,1,1112.92
ORD519379,1,credit_card,1,3324.05
ORD519380,1,COD,1,747.82
ORD519381,1,UPI,1,3175.44
ORD519382,1,credit_card,1,3220.22
ORD519383,1,COD,1,3212.78
ORD519384,1,debit_card,1,3394.32
ORD519385,1,credit_card,12,2104.55
ORD519386,1,credit_card,1,3223.84
ORD519387,1,credit_card,1,3868.8
ORD519388,1,UPI,1,3230.42
ORD519389,1,credit_card,10,1738.74
ORD519390,1,UPI,1,2207.79
ORD519391,1,net_banking,1,780.19
ORD519392,1,net_banking,1,1997.24
ORD519393,1,wallet,1,239.33
ORD519394,1,debit_card,1,2361.36
ORD519395,1,COD,6,501.8
ORD519396,1,debit_card,1,2428.74
ORD519397,1,wallet,1,1419.37
ORD519398,1,UPI,9,1891.07
ORD519399,1,debit_card,6,231.63
ORD519400,1,UPI,1,1850.5
ORD519401,1,UPI,1,1020.01
ORD519402,1,debit_card,1,3570.92
ORD519403,1,net_banking,1,1300.6
ORD519404,1,UPI,1,3146.66
ORD519405,1,net_banking,1,3117.4
ORD519405,2,credit_card,10,347.02
ORD519406,1,credit_card,1,540.09
ORD519407,1,UPI,6,735.53
ORD519408,1,net_banking,1,3121.46
ORD519409,1,credit_card,1,1597.39
ORD519410,1,UPI,1,1907.63
ORD519411,1,debit_card,1,1801.31
ORD519412,1,wallet,1,1523.26
ORD519413,1,UPI,1,2663.37
ORD519414,1,debit_card,1,1192.35
ORD519414,2,credit_card,1,706.45
ORD519415,1,UPI,1,540.35
ORD519416,1,UPI,1,2381.12
ORD519416,2,debit_card,10,1966.49
ORD519417,1,UPI,1,2474.34
ORD519418,1,debit_card,1,3932.52
ORD519419,1,UPI,1,2180.89
ORD519420,1,net_banking,4,1770.02
ORD519420,2,wallet,12,1055.87
ORD519421,1,UPI,1,1557.87
ORD519422,1,COD,1,2635.73
ORD519423,1,wallet,1,3681.38
ORD519424,1,credit_card,1,1162.49
ORD519425,1,credit_card,1,970.42
ORD519426,1,credit_card,12,2439.46
ORD519427,1,net_banking,1,353.57
ORD519428,1,net_banking,1,1071.93
ORD519429,1,UPI,1,2862.53
ORD519430,1,COD,1,609.37
ORD519431,1,UPI,1,2010.7
ORD519432,1,net_banking,1,3717.25
ORD519433,1,COD,1,2975.65
ORD519434,1,COD,1,2486.59
ORD519435,1,UPI,1,1566.72
ORD519436,1,net_banking,1,3018.49
ORD519437,1,COD,1,2597.02
ORD519438,1,COD,11,3474.62
ORD519439,1,COD,1,2149.49
ORD519440,1,credit_card,1,3678.7
ORD519441,1,wallet,1,3097.76
ORD519442,1,UPI,1,3777.69
ORD519443,1,COD,1,1100.64
ORD519444,1,credit_card,1,2223.86
ORD519444,2,COD,1,1677.36
ORD519445,1,COD,1,664.15
ORD519446,1,credit_card,1,3577.61
ORD519447,1,credit_card,1,240.34
ORD519448,1,debit_card,1,2128.61
ORD519449,1,wallet,1,3804.62
ORD519449,2,UPI,1,1391.35
ORD519450,1,wallet,1,2239.61
ORD519451,1,COD,1,1534.08
ORD519452,1,UPI,1,1214.78
ORD519453,1,wallet,7,853.36
ORD519454,1,wallet,1,791.82
ORD519455,1,COD,1,3134.33
ORD519456,1,UPI,8,3939.55
ORD519457,1,UPI,1,2701.7
ORD519458,1,net_banking,1,3730.56
ORD519459,1,UPI,1,1589.06
ORD519460,1,wallet,11,290.09
ORD519461,1,wallet,1,2431.62
ORD519462,1,COD,1,630.09
ORD519463,1,COD,1,1373.33
ORD519464,1,debit_card,1,1873.14
ORD519465,1,COD,1,1400.91
ORD519466,1,debit_card,1,3116.5
ORD519467,1,COD,1,628.74
ORD519468,1,credit_card,1,2927.07
ORD519469,1,debit_card,1,3832.62
ORD519470,1,debit_card,1,1264.44
ORD519471,1,UPI,1,769.93
ORD519472,1,COD,1,2308.6
ORD519473,1,wallet,1,1029.02
ORD519474,1,COD,1,1600.46
ORD519475,1,net_banking,1,263.91
ORD519476,1,UPI,1,3274.89
ORD519477,1,wallet,1,2868.43
ORD519478,1,COD,1,1277.86
ORD519479,1,UPI,1,1967.29
ORD519480,1,wallet,1,2274.02
ORD519481,1,credit_card,1,521.22
ORD519482,1,UPI,1,3990.73
ORD519483,1,credit_card,1,3575.53
ORD519484,1,COD,5,3423.73
ORD519485,1,COD,11,480.63
ORD519486,1,debit_card,1,3070.85
ORD519487,1,UPI,1,3585.54
ORD519488,1,credit_card,1,3229.57
ORD519489,1,credit_card,3,654.27
ORD519490,1,COD,1,3046.33
ORD519491,1,debit_card,1,3798.58
ORD519492,1,UPI,1,305.36
ORD519493,1,COD,1,1376.1
ORD519494,1,COD,1,2391.67
ORD519495,1,credit_card,1,1299.77
ORD519495,2,COD,1,2539.21
ORD519496,1,debit_card,1,1538.97
ORD519497,1,credit_card,1,534.43
ORD519498,1,credit_card,1,680.31
ORD519499,1,debit_card,1,1601.63
ORD519500,1,net_banking,3,1727.87
ORD519501,1,COD,1,2677.88
ORD519502,1,UPI,1,1712.18
ORD519503,1,net_banking,1,1173.66
ORD519503,2,UPI,9,342.63
ORD519504,1,net_banking,1,3836.51
ORD519505,1,UPI,1,2605.43
ORD519505,2,UPI,1,3994.56
ORD519506,1,COD,1,1589.67
ORD519507,1,net_banking,1,1511.31
ORD519508,1,net_banking,1,2208.33
ORD519509,1,UPI,1,437.05
ORD519510,1,COD,1,468.65
ORD519511,1,credit_card,1,1366.57
ORD519512,1,UPI,1,3426.79
ORD519512,2,net_banking,3,2584.28
ORD519513,1,debit_card,1,833.15
ORD519514,1,credit_card,1,2741.53
ORD519515,1,COD,1,973.87
ORD519516,1,debit_card,1,3937.79
ORD519517,1,net_banking,1,495.04
ORD519518,1,debit_card,1,2255.38
ORD519519,1,COD,4,1413.24
ORD519520,1,COD,1,3776.25
ORD519521,1,UPI,10,2393.91
ORD519522,1,wallet,1,3765.89
ORD519523,1,COD,1,2823.04
ORD519524,1,debit_card,1,1815.96
ORD519525,1,debit_card,11,3163.86
ORD519526,1,credit_card,1,3418.24
ORD519527,1,UPI,5,3548.69
ORD519528,1,COD,1,2543.18
ORD519529,1,net_banking,1,1256.79
ORD519530,1,net_banking,1,1839.94
ORD519531,1,credit_card,1,1259.28
ORD519532,1,wallet,1,1145.36
ORD519533,1,debit_card,1,778.94
ORD519534,1,credit_card,1,1823.83
ORD519535,1,credit_card,1,1176.13
ORD519536,1,wallet,1,1275.28
ORD519537,1,COD,1,3416.74
ORD519538,1,debit_card,1,3986.55
ORD519539,1,COD,1,3762.28
ORD519540,1,UPI,1,291.16
ORD519541,1,net_banking,1,2827.2
ORD519542,1,debit_card,1,1124.31
ORD519543,1,net_banking,1,2790.53
ORD519544,1,credit_card,1,2555.18
ORD519545,1,COD,1,1914.21
ORD519546,1,UPI,1,844.03
ORD519546,2,COD,1,3288.39
ORD519547,1,wallet,1,1705.53
ORD519548,1,UPI,12,1429.58
ORD519549,1,debit_card,1,3193.96
ORD519550,1,debit_card,1,493.37
ORD519551,1,COD,1,2879.35
ORD519551,2,credit_card,1,2262.73
ORD519552,1,net_banking,1,253.23
ORD519553,1,debit_card,1,2391.38
ORD519553,2,debit_card,1,2073.42
ORD519554,1,COD,10,1137.44
ORD519555,1,UPI,1,2357.5
ORD519556,1,credit_card,1,488.07
ORD519557,1,wallet,1,1423.6
ORD519558,1,debit_card,1,1646.35
ORD519559,1,UPI,1,2249.27
ORD519559,2,UPI,1,2288.03
ORD519560,1,net_banking,5,549.04
ORD519560,2,debit_card,1,2856.9
ORD519561,1,debit_card,1,2806.52
ORD519561,2,credit_card,1,3208.07
ORD519562,1,net_banking,1,1947.46
ORD519563,1,COD,3,2353.15
ORD519564,1,COD,1,831.83
ORD519565,1,credit_card,1,2978.94
ORD519566,1,wallet,1,2740.65
ORD519567,1,COD,1,271.01
ORD519568,1,COD,5,2738.93
ORD519568,2,credit_card,4,1044.7
ORD519569,1,wallet,1,3141.32
ORD519570,1,credit_card,12,3235.01
ORD519571,1,wallet,1,3931.32
ORD519571,2,wallet,1,1184.74
ORD519572,1,UPI,1,3133.77
ORD519572,2,net_banking,1,2947.86
ORD519573,1,net_banking,5,351.15
ORD519574,1,credit_card,1,1577.3
ORD519574,2,net_banking,1,699.78
ORD519575,1,credit_card,1,634.87
ORD519576,1,credit_card,1,3579.66
ORD519577,1,debit_card,1,539.07
ORD519578,1,wallet,1,2397.86
ORD519579,1,debit_card,1,3876.98
ORD519580,1,debit_card,1,1467.96
ORD519581,1,UPI,1,3350.57
ORD519582,1,credit_card,1,3246.67
ORD519583,1,COD,1,929.77
ORD519584,1,COD,1,3130.02
ORD519585,1,net_banking,1,1059.38
ORD519586,1,UPI,3,1198.39
ORD519586,2,net_banking,1,1293.44
ORD519587,1,net_banking,1,2870.33
ORD519588,1,wallet,1,3365.02
ORD519589,1,wallet,1,1972.01
ORD519590,1,debit_card,1,3288.14
ORD519591,1,COD,6,601.2
ORD519592,1,debit_card,8,2412.5
ORD519593,1,net_banking,1,3114.05
ORD519594,1,net_banking,12,518.22
ORD519595,1,COD,1,1582.71
ORD519596,1,credit_card,1,646.34
ORD519597,1,UPI,1,3873.5
ORD519598,1,debit_card,1,3406.9
ORD519599,1,credit_card,1,1196.68
ORD519600,1,COD,1,446.49
ORD519601,1,debit_card,1,2820.99
ORD519602,1,credit_card,1,3059.81
ORD519603,1,COD,1,356.51
ORD519604,1,debit_card,1,2385.57
ORD519605,1,credit_card,1,2748.53
ORD519606,1,credit_card,1,2857.64
ORD519607,1,debit_card,1,465.88
ORD519608,1,credit_card,1,3352.9
ORD519609,1,credit_card,1,695.64
ORD519610,1,debit_card,12,3595.1
ORD519611,1,debit_card,1,3829.03
ORD519612,1,credit_card,1,205.11
ORD519613,1,wallet,1,426.13
ORD519614,1,UPI,1,2440.72
ORD519615,1,UPI,1,616.35
ORD519616,1,UPI,1,3653.69
ORD519616,2,debit_card,1,2623.21
ORD519617,1,UPI,1,1225.78
ORD519618,1,credit_card,1,3533.96
ORD519619,1,credit_card,1,1888.33
ORD519620,1,UPI,9,3431.07
ORD519620,2,net_banking,1,3401.93
ORD519621,1,credit_card,1,3712.38
ORD519622,1,wallet,1,1876.39
ORD519623,1,credit_card,10,2394.83
ORD519624,1,debit_card,11,2739.26
ORD519625,1,net_banking,1,1698.46
ORD519626,1,net_banking,1,2487.18
ORD519627,1,debit_card,1,2495.63
ORD519628,1,UPI,1,2587.39
ORD519628,2,COD,2,1452.96
ORD519629,1,net_banking,1,2850.45
ORD519630,1,credit_card,1,3068.16
ORD519631,1,wallet,5,1546.5
ORD519632,1,debit_card,1,1464.49
ORD519633,1,debit_card,1,3268.66
ORD519634,1,UPI,1,662.45
ORD519634,2,UPI,1,3416.25
ORD519635,1,net_banking,1,621.08
ORD519635,2,COD,7,3641.61
ORD519636,1,wallet,1,3772.36
ORD519636,2,wallet,1,1844.34
ORD519637,1,net_banking,1,2726.07
ORD519638,1,COD,1,3336.71
ORD519639,1,UPI,8,2785.09
ORD519640,1,UPI,8,2650.95
ORD519641,1,debit_card,1,215.3
ORD519642,1,debit_card,1,971.82
ORD519643,1,UPI,1,3948.3
ORD519644,1,net_banking,8,1293.56
ORD519645,1,credit_card,1,1290.43
ORD519646,1,net_banking,1,586.8
ORD519647,1,credit_card,1,870.9
ORD519648,1,net_banking,1,2285.88
ORD519649,1,debit_card,1,3403.23
ORD519650,1,net_banking,1,2141.9
ORD519651,1,credit_card,1,1397.01
ORD519652,1,credit_card,1,980.9
ORD519653,1,COD,1,1340.8
ORD519654,1,credit_card,3,1036.88
ORD519655,1,COD,1,2204.54
ORD519655,2,UPI,1,2377.56
ORD519656,1,COD,1,1471.7
ORD519657,1,COD,1,2512.63
ORD519658,1,COD,6,2404.74
ORD519659,1,UPI,1,608.94
ORD519660,1,UPI,1,682.99
ORD519661,1,COD,2,2988.54
ORD519662,1,net_banking,3,3337.13
ORD519663,1,COD,1,1237.47
ORD519664,1,COD,1,3165.31
ORD519665,1,net_banking,1,362.42
ORD519666,1,debit_card,1,2251.39
ORD519667,1,net_banking,1,1593.04
ORD519668,1,credit_card,1,3223.43
ORD519669,1,credit_card,1,2719.43
ORD519670,1,debit_card,1,3364.79
ORD519671,1,UPI,1,2365.27
ORD519672,1,credit_card,1,3993.95
ORD519673,1,UPI,8,2501.26
ORD519673,2,credit_card,1,1233.7
ORD519674,1,COD,1,3205.17
ORD519675,1,UPI,3,1402.45
ORD519676,1,wallet,11,788.94
ORD519676,2,wallet,1,1563.17
ORD519677,1,debit_card,1,3479.12
ORD519678,1,wallet,1,1421.09
ORD519679,1,COD,3,1305.74
ORD519680,1,wallet,1,288.33
ORD519680,2,UPI,1,644.05
ORD519681,1,COD,1,203.37
ORD519682,1,net_banking,5,918.0
ORD519683,1,wallet,1,2614.61
ORD519684,1,UPI,1,2735.25
ORD519685,1,wallet,3,1467.41
ORD519686,1,debit_card,1,588.78
ORD519687,1,credit_card,10,2975.48
ORD519688,1,wallet,2,3613.4
ORD519689,1,net_banking,10,1662.13
ORD519690,1,debit_card,1,1631.2
ORD519691,1,COD,1,468.24
ORD519691,2,UPI,1,2368.28
ORD519692,1,wallet,1,2433.84
ORD519693,1,net_banking,2,3346.58
ORD519694,1,wallet,1,1790.74
ORD519695,1,net_banking,1,2893.62
ORD519696,1,COD,4,1393.05
ORD519697,1,wallet,1,575.5
ORD519698,1,net_banking,1,908.29
ORD519699,1,debit_card,1,298.56
ORD519699,2,net_banking,1,2705.56
ORD519700,1,credit_card,1,3959.86
ORD519701,1,wallet,1,804.04
ORD519702,1,wallet,1,2143.99
ORD519703,1,COD,1,674.3
ORD519704,1,net_banking,1,1777.5
ORD519705,1,COD,1,3817.29
ORD519706,1,COD,1,3248.26
ORD519707,1,debit_card,1,2430.13
ORD519708,1,debit_card,1,3675.23
ORD519709,1,credit_card,8,2183.12
ORD519710,1,UPI,1,2796.03
ORD519711,1,UPI,1,200.01
ORD519712,1,COD,1,629.65
ORD519713,1,wallet,1,2207.47
ORD519714,1,credit_card,2,325.77
ORD519715,1,COD,1,800.15
ORD519716,1,wallet,1,1785.01
ORD519717,1,wallet,2,3157.92
ORD519718,1,UPI,1,1477.15
ORD519718,2,wallet,1,789.94
ORD519719,1,net_banking,1,3341.3
ORD519720,1,UPI,1,2184.8
ORD519721,1,COD,1,1442.53
ORD519722,1,net_banking,1,2643.71
ORD519723,1,UPI,1,3036.7
ORD519724,1,net_banking,1,2651.47
ORD519725,1,wallet,1,2970.08
ORD519725,2,debit_card,1,3905.79
ORD519726,1,wallet,6,3785.13
ORD519727,1,credit_card,1,3053.47
ORD519728,1,credit_card,1,1548.55
ORD519729,1,COD,1,3718.15
ORD519730,1,net_banking,1,3895.65
ORD519730,2,COD,1,1390.58
ORD519731,1,wallet,1,286.24
ORD519732,1,credit_card,1,3016.38
ORD519733,1,net_banking,1,525.72
ORD519734,1,net_banking,1,2192.53
ORD519735,1,net_banking,1,1467.54
ORD519736,1,credit_card,1,1247.46
ORD519737,1,COD,1,1762.83
ORD519738,1,net_banking,1,795.63
ORD519739,1,COD,11,664.41
ORD519740,1,credit_card,1,2803.4
ORD519741,1,COD,1,3164.59
ORD519742,1,UPI,8,484.61
ORD519743,1,wallet,1,3173.61
ORD519744,1,debit_card,1,2313.21
ORD519745,1,UPI,1,3086.42
ORD519746,1,UPI,12,2373.36
ORD519747,1,credit_card,1,1383.74
ORD519748,1,COD,2,658.6
ORD519749,1,debit_card,1,2113.93
ORD519750,1,credit_card,1,3995.52
ORD519751,1,wallet,1,3980.17
ORD519752,1,debit_card,1,2276.48
ORD519753,1,COD,1,3449.18
ORD519754,1,wallet,1,653.23
ORD519755,1,credit_card,1,1309.88
ORD519756,1,credit_card,1,2340.0
ORD519757,1,credit_card,1,1418.4
ORD519758,1,credit_card,4,2215.03
ORD519759,1,wallet,1,2009.62
ORD519759,2,credit_card,1,1381.04
ORD519760,1,credit_card,1,1866.34
ORD519761,1,debit_card,1,603.81
ORD519762,1,COD,1,385.24
ORD519763,1,COD,1,1661.95
ORD519764,1,net_banking,1,3285.22
ORD519765,1,credit_card,1,3645.78
ORD519766,1,UPI,1,3190.97
ORD519767,1,credit_card,1,2694.44
ORD519768,1,net_banking,1,1344.11
ORD519769,1,COD,3,2722.18
ORD519770,1,debit_card,1,3793.91
ORD519771,1,COD,1,1816.22
ORD519771,2,COD,1,3265.64
ORD519772,1,UPI,1,3064.82
ORD519773,1,debit_card,1,3235.37
ORD519773,2,debit_card,1,766.72
ORD519774,1,wallet,5,3883.24
ORD519774,2,credit_card,1,2772.19
ORD519775,1,debit_card,1,270.86
ORD519776,1,UPI,1,2889.02
ORD519777,1,credit_card,1,2032.19
ORD519778,1,credit_card,1,2759.12
ORD519779,1,credit_card,1,2818.45
ORD519780,1,COD,1,1254.69
ORD519781,1,COD,11,3551.44
ORD519782,1,net_banking,1,3734.28
ORD519783,1,wallet,1,1428.07
ORD519784,1,net_banking,1,3940.72
ORD519785,1,credit_card,9,1132.52
ORD519786,1,UPI,9,1184.78
ORD519787,1,wallet,1,3194.5
ORD519787,2,UPI,1,2640.99
ORD519788,1,wallet,1,824.21
ORD519789,1,debit_card,1,1909.12
ORD519790,1,wallet,1,3872.4
ORD519791,1,credit_card,1,2202.47
ORD519792,1,debit_card,1,2445.27
ORD519793,1,credit_card,1,955.76
ORD519794,1,net_banking,1,3386.49
ORD519795,1,COD,1,3397.06
ORD519796,1,debit_card,1,1111.78
ORD519796,2,net_banking,11,1726.72
ORD519797,1,debit_card,1,1635.18
ORD519798,1,wallet,1,757.23
ORD519799,1,COD,1,448.32
ORD519800,1,credit_card,12,2880.76
ORD519801,1,UPI,1,1514.78
ORD519802,1,debit_card,1,1091.1
ORD519803,1,debit_card,1,2500.03
ORD519804,1,UPI,1,1877.42
ORD519805,1,UPI,2,3842.64
ORD519806,1,net_banking,1,2983.75
ORD519807,1,UPI,1,264.41
ORD519808,1,UPI,1,3061.11
ORD519809,1,net_banking,7,3318.46
ORD519810,1,credit_card,1,1357.61
ORD519811,1,UPI,1,2446.68
ORD519811,2,net_banking,10,2159.61
ORD519812,1,wallet,1,3401.88
ORD519813,1,COD,5,3455.87
ORD519814,1,debit_card,9,3673.22
ORD519815,1,UPI,1,376.19
ORD519816,1,debit_card,6,1734.35
ORD519817,1,UPI,1,3255.43
ORD519818,1,wallet,1,1305.14
ORD519819,1,COD,1,3090.68
ORD519820,1,UPI,1,2909.94
ORD519821,1,wallet,1,3397.45
ORD519822,1,debit_card,1,1089.71
ORD519823,1,UPI,1,2701.54
ORD519824,1,credit_card,1,252.56
ORD519824,2,COD,1,533.64
ORD519825,1,net_banking,1,3553.4
ORD519826,1,net_banking,1,1511.87
ORD519827,1,net_banking,8,1259.53
ORD519828,1,credit_card,7,1419.69
ORD519829,1,UPI,1,454.37
ORD519830,1,COD,1,3484.23
ORD519831,1,UPI,1,611.07
ORD519832,1,credit_card,1,3806.29
ORD519833,1,COD,11,1339.41
ORD519833,2,wallet,4,540.19
ORD519834,1,COD,1,1651.35
ORD519835,1,net_banking,1,1076.21
ORD519836,1,debit_card,1,2195.32
ORD519837,1,net_banking,1,1065.31
ORD519838,1,debit_card,1,2249.52
ORD519839,1,wallet,1,3290.8
ORD519840,1,wallet,1,3527.79
ORD519840,2,UPI,1,206.07
ORD519841,1,net_banking,1,3429.23
ORD519842,1,UPI,1,1797.51
ORD519843,1,COD,1,3418.45
ORD519843,2,net_banking,1,2581.03
ORD519844,1,credit_card,1,2574.53
ORD519845,1,credit_card,1,1560.35
ORD519845,2,debit_card,1,783.96
ORD519846,1,wallet,1,2976.63
ORD519847,1,credit_card,1,3726.95
ORD519848,1,wallet,1,2195.88
ORD519849,1,net_banking,1,1707.14
ORD519850,1,COD,1,1705.17
ORD519851,1,debit_card,1,413.99
ORD519851,2,wallet,1,2767.98
ORD519852,1,wallet,1,3166.72
ORD519853,1,COD,1,2951.68
ORD519854,1,COD,1,2340.18
ORD519855,1,credit_card,1,312.74
ORD519856,1,credit_card,1,2061.04
ORD519857,1,wallet,1,3526.48
ORD519858,1,net_banking,1,217.98
ORD519858,2,wallet,1,3482.28
ORD519859,1,net_banking,1,664.94
ORD519860,1,debit_card,1,1118.89
ORD519861,1,UPI,1,3808.61
ORD519862,1,debit_card,1,2353.77
ORD519863,1,COD,1,1682.67
ORD519864,1,wallet,1,3160.95
ORD519865,1,UPI,1,2116.48
ORD519866,1,COD,4,1871.82
ORD519867,1,credit_card,1,985.57
ORD519868,1,UPI,1,2274.27
ORD519869,1,debit_card,1,1108.25
ORD519870,1,wallet,1,3367.13
ORD519871,1,wallet,1,1989.29
ORD519872,1,net_banking,1,1829.53
ORD519872,2,net_banking,11,2595.19
ORD519873,1,wallet,1,699.56
ORD519874,1,net_banking,1,2085.79
ORD519875,1,credit_card,1,1180.99
ORD519876,1,wallet,1,3522.09
ORD519877,1,net_banking,1,3685.68
ORD519878,1,credit_card,1,2346.32
ORD519879,1,credit_card,1,438.25
ORD519880,1,UPI,1,2357.66
ORD519881,1,net_banking,1,3648.12
ORD519882,1,UPI,2,1020.1
ORD519883,1,UPI,1,3094.72
ORD519884,1,credit_card,1,3893.31
ORD519885,1,net_banking,1,3146.38
ORD519886,1,net_banking,1,3396.43
ORD519887,1,net_banking,1,1083.4
ORD519888,1,net_banking,1,2097.75
ORD519889,1,credit_card,1,1564.4
ORD519890,1,COD,1,1546.25
ORD519891,1,wallet,4,457.31
ORD519891,2,COD,1,346.79
ORD519892,1,credit_card,1,1398.71
ORD519893,1,COD,6,3665.02
ORD519894,1,wallet,1,2508.42
ORD519895,1,credit_card,6,2966.09
ORD519896,1,credit_card,1,512.54
ORD519897,1,UPI,1,2825.54
ORD519898,1,credit_card,2,3410.52
ORD519899,1,wallet,1,2641.52
ORD519900,1,wallet,1,1144.19
ORD519901,1,credit_card,1,669.86
ORD519902,1,COD,1,791.4
ORD519903,1,wallet,1,2586.85
ORD519904,1,debit_card,1,2751.26
ORD519905,1,credit_card,1,1468.3
ORD519906,1,credit_card,1,1978.5
ORD519907,1,wallet,1,483.09
ORD519908,1,COD,1,1234.11
ORD519909,1,debit_card,1,2321.18
ORD519910,1,debit_card,1,3226.87
ORD519911,1,wallet,1,2509.98
ORD519912,1,COD,1,2217.1
ORD519913,1,UPI,1,2235.31
ORD519914,1,wallet,1,2760.81
ORD519915,1,debit_card,1,3852.71
ORD519916,1,COD,6,642.43
ORD519917,1,UPI,1,651.08
ORD519918,1,credit_card,12,3230.91
ORD519919,1,credit_card,1,300.07
ORD519920,1,wallet,1,672.8
ORD519921,1,wallet,1,2918.8
ORD519922,1,COD,8,341.71
ORD519923,1,UPI,1,1310.03
ORD519924,1,credit_card,1,2127.36
ORD519925,1,wallet,1,1376.57
ORD519926,1,debit_card,1,667.01
ORD519926,2,net_banking,1,3270.24
ORD519927,1,credit_card,1,1607.35
ORD519928,1,net_banking,1,2783.54
ORD519929,1,wallet,3,590.3
ORD519930,1,UPI,1,2749.4
ORD519931,1,debit_card,1,2421.8
ORD519932,1,net_banking,1,2495.33
ORD519933,1,COD,1,1367.49
ORD519934,1,wallet,1,1935.66
ORD519935,1,debit_card,12,2998.93
ORD519936,1,UPI,1,2418.21
ORD519937,1,COD,1,739.55
ORD519938,1,UPI,1,2808.66
ORD519939,1,credit_card,1,453.64
ORD519940,1,net_banking,1,2175.02
ORD519941,1,wallet,11,1213.34
ORD519942,1,net_banking,1,1530.73
ORD519943,1,wallet,1,2569.03
ORD519944,1,UPI,1,967.97
ORD519945,1,net_banking,1,235.27
ORD519945,2,debit_card,1,3657.34
ORD519946,1,net_banking,1,264.79
ORD519947,1,COD,1,3353.59
ORD519948,1,wallet,1,2072.19
ORD519948,2,net_banking,1,370.53
ORD519949,1,net_banking,1,3645.42
ORD519950,1,wallet,1,3841.64
ORD519951,1,credit_card,7,2517.92
ORD519952,1,UPI,1,2130.58
ORD519953,1,wallet,1,1636.65
ORD519954,1,net_banking,1,2246.67
ORD519955,1,UPI,1,1871.46
ORD519956,1,UPI,1,1411.75
ORD519957,1,UPI,1,614.38
ORD519957,2,net_banking,1,1301.65
ORD519958,1,debit_card,1,3879.4
ORD519959,1,debit_card,1,748.91
ORD519960,1,COD,1,1869.1
ORD519961,1,UPI,1,887.0
ORD519962,1,UPI,5,1477.67
ORD519963,1,COD,1,1447.57
ORD519964,1,credit_card,1,3307.34
ORD519965,1,debit_card,1,846.68
ORD519966,1,debit_card,1,2367.46
ORD519967,1,credit_card,1,2967.36
ORD519968,1,credit_card,1,574.46
ORD519969,1,wallet,1,685.16
ORD519970,1,UPI,1,432.83
ORD519971,1,wallet,1,1063.75
ORD519972,1,debit_card,1,2726.16
ORD519973,1,UPI,1,2035.34
ORD519974,1,wallet,1,535.36
ORD519975,1,UPI,1,1257.41
ORD519976,1,UPI,1,1509.08
ORD519977,1,UPI,1,2539.99
ORD519977,2,net_banking,1,3613.81
ORD519978,1,wallet,1,3661.57
ORD519979,1,debit_card,1,419.48
ORD519980,1,net_banking,1,2487.54
ORD519981,1,debit_card,1,2507.18
ORD519982,1,UPI,9,2202.49
ORD519983,1,UPI,1,2670.26
ORD519984,1,UPI,1,1829.34
ORD519985,1,net_banking,1,3759.89
ORD519986,1,debit_card,1,2874.74
ORD519987,1,COD,1,3747.11
ORD519988,1,net_banking,12,2981.38
ORD519989,1,net_banking,1,3544.02
ORD519990,1,COD,1,1920.62
ORD519991,1,COD,1,1441.6
ORD519992,1,debit_card,1,2883.54
ORD519993,1,credit_card,1,897.36
ORD519994,1,credit_card,9,2212.26
ORD519995,1,UPI,1,2666.85
ORD519996,1,COD,1,647.9
ORD519996,2,debit_card,1,3761.87
ORD519997,1,credit_card,1,431.69
ORD519998,1,credit_card,1,3910.56
ORD519999,1,COD,1,2774.65
ORD519999,2,debit_card,1,569.22
