product_id,product_category_name,product_name_lenght,product_description_lenght,product_photos_qty,product_weight_g,product_length_cm,product_height_cm,product_width_cm
PROD400000,kurta,29,333,6,292,20,15,36
PROD400001,sunglasses,59,387,7,1700,31,16,24
PROD400002,kitchen_storage,30,303,4,646,43,14,29
PROD400003,footwear,20,239,1,650,31,30,28
PROD400004,mens_tshirt,33,309,1,1040,11,19,16
PROD400005,handbags,46,579,8,377,17,32,35
PROD400006,beauty,43,110,8,1848,19,35,29
PROD400007,grocery,42,422,4,332,21,22,30
PROD400008,mobile_cover,33,157,2,808,24,40,34
PROD400009,handbags,51,274,4,218,23,22,32
PROD400010,mens_shirt,22,230,5,1977,14,6,12
PROD400011,beauty,30,267,3,1298,13,28,11
PROD400012,beauty,46,365,8,516,40,36,20
PROD400013,handbags,46,208,3,1180,13,29,21
PROD400014,sunglasses,34,649,8,731,40,14,20
PROD400015,watches,24,284,3,1397,48,7,35
PROD400016,toys,41,494,7,2286,28,21,39
PROD400017,watches,29,353,8,1120,50,17,24
PROD400018,toys,24,290,2,632,15,10,11
PROD400019,mens_tshirt,53,568,1,1065,32,40,23
PROD400020,grocery,23,785,2,1961,13,36,19
PROD400021,kurta,60,330,3,1543,16,21,32
PROD400022,mobile_cover,31,712,6,548,41,11,15
PROD400023,jeans,29,604,7,1142,25,19,27
PROD400024,beauty,31,267,1,1577,28,14,14
PROD400025,mens_tshirt,44,280,7,2881,30,21,28
PROD400026,electronics_accessories,32,299,1,2935,44,17,16
PROD400027,jewellery,38,409,8,175,29,37,36
PROD400028,watches,51,620,6,148,27,34,10
PROD400029,jeans,20,483,7,2178,32,9,29
PROD400030,kitchen_storage,32,798,8,2135,26,16,22
PROD400031,home_decor,60,773,4,755,48,25,23
PROD400032,footwear,37,289,8,2139,40,25,35
PROD400033,jeans,30,467,3,171,36,10,38
PROD400034,electronics_accessories,42,655,2,680,48,13,10
PROD400035,mobile_cover,56,261,3,2526,28,12,12
PROD400036,kitchen_storage,46,323,1,721,47,25,20
PROD400037,toys,45,338,7,1100,39,14,30
PROD400038,home_decor,31,737,5,2820,21,7,23
PROD400039,electronics_accessories,24,443,5,2653,42,6,30
PROD400040,sunglasses,41,199,4,938,16,19,30
PROD400041,sunglasses,22,144,5,2450,44,19,32
PROD400042,jeans,24,757,2,824,19,11,40
PROD400043,jeans,24,481,5,2194,17,28,27
PROD400044,mens_shirt,47,656,7,2294,41,30,19
PROD400045,saree,26,696,2,2274,30,21,27
PROD400046,sunglasses,23,498,5,1351,18,5,11
PROD400047,electronics_accessories,31,683,8,1911,50,38,25
PROD400048,footwear,40,633,6,1688,50,30,19
PROD400049,electronics_accessories,39,221,7,629,23,23,31
PROD400050,jeans,27,725,3,1886,19,16,12
PROD400051,kids_wear,31,117,5,2926,14,7,19
PROD400052,jeans,59,359,4,561,28,36,40
PROD400053,watches,56,214,2,2029,49,33,14
PROD400054,home_decor,57,724,5,2456,43,11,30
PROD400055,jeans,52,303,2,2350,11,8,17
PROD400056,home_decor,47,519,1,2918,20,5,11
PROD400057,saree,42,301,3,2308,31,17,27
PROD400058,electronics_accessories,32,198,1,1417,50,7,20
PROD400059,jeans,37,350,4,2352,10,27,27
PROD400060,jeans,46,730,3,2803,46,8,11
PROD400061,beauty,45,646,7,771,39,32,39
PROD400062,footwear,34,281,4,2154,49,29,31
PROD400063,kids_wear,33,595,7,441,42,26,30
PROD400064,mens_tshirt,60,655,7,825,35,34,13
PROD400065,footwear,47,665,5,545,10,9,16
PROD400066,mens_shirt,52,260,4,1024,48,14,13
PROD400067,sunglasses,52,329,6,865,39,9,26
PROD400068,bedsheets,40,120,7,2075,41,29,13
PROD400069,kurta,47,744,6,2483,20,5,30
PROD400070,sunglasses,53,202,5,1113,14,13,24
PROD400071,grocery,48,519,2,1986,42,12,21
PROD400072,toys,46,693,4,2316,29,27,31
PROD400073,bedsheets,31,791,1,717,35,29,21
PROD400074,electronics_accessories,54,493,3,2605,32,11,14
PROD400075,kitchen_storage,48,309,5,2626,42,15,20
PROD400076,kitchen_storage,34,716,5,2849,37,5,34
PROD400077,beauty,39,239,1,1922,27,35,14
PROD400078,grocery,46,533,5,357,38,30,25
PROD400079,saree,55,103,8,1357,41,21,27
PROD400080,mobile_cover,59,684,5,1761,27,9,40
PROD400081,watches,32,722,5,560,36,34,17
PROD400082,jewellery,49,631,6,944,35,39,35
PROD400083,sunglasses,26,489,5,2493,44,6,18
PROD400084,jewellery,40,110,3,2815,50,37,35
PROD400085,electronics_accessories,20,434,3,584,12,15,22
PROD400086,mens_shirt,49,140,7,1739,28,40,29
PROD400087,kurta,21,657,3,1208,44,21,21
PROD400088,watches,26,326,1,2378,44,40,16
PROD400089,kurta,41,594,5,2831,44,40,17
PROD400090,grocery,58,585,5,534,45,27,23
PROD400091,footwear,20,252,8,1617,10,8,10
PROD400092,kids_wear,22,795,6,1698,35,11,28
PROD400093,grocery,42,760,4,170,32,29,19
PROD400094,mens_tshirt,55,367,4,1895,44,23,23
PROD400095,beauty,56,153,8,179,17,38,25
PROD400096,jeans,46,758,1,227,17,18,23
PROD400097,mobile_cover,27,148,4,1211,28,24,40
PROD400098,handbags,28,715,1,1711,40,22,31
PROD400099,kitchen_storage,47,672,7,1632,20,24,40
PROD400100,kurta,44,245,3,578,30,27,29
PROD400101,grocery,47,589,3,1391,37,16,15
PROD400102,jeans,27,723,1,1458,25,18,39
PROD400103,jewellery,48,130,5,2143,29,35,38
PROD400104,electronics_accessories,39,654,5,2904,30,28,29
PROD400105,footwear,58,547,6,799,16,19,27
PROD400106,footwear,40,106,8,435,18,23,20
PROD400107,mobile_cover,33,204,3,2973,48,8,10
PROD400108,footwear,45,230,3,474,14,35,17
PROD400109,mens_shirt,60,574,8,743,37,22,27
PROD400110,sunglasses,35,732,6,2376,30,25,27
PROD400111,kitchen_storage,30,285,5,797,32,13,32
PROD400112,kitchen_storage,26,515,2,2157,30,36,21
PROD400113,grocery,25,559,2,324,31,8,26
PROD400114,kurta,43,415,2,1158,38,34,19
PROD400115,handbags,50,335,6,2715,23,27,34
PROD400116,mens_shirt,39,548,5,559,39,12,21
PROD400117,toys,39,684,8,916,26,23,37
PROD400118,grocery,33,137,6,1047,41,37,27
PROD400119,saree,34,299,2,2270,23,31,12
PROD400120,lehenga,32,345,3,1849,12,37,25
PROD400121,watches,54,279,2,1544,21,35,27
PROD400122,bedsheets,32,109,5,2372,37,16,20
PROD400123,lehenga,40,285,2,1923,29,31,20
PROD400124,kids_wear,40,331,8,2196,13,11,26
PROD400125,toys,26,464,7,2908,40,17,19
PROD400126,handbags,44,608,2,2062,38,29,39
PROD400127,jeans,57,507,2,1371,24,18,36
PROD400128,electronics_accessories,28,701,5,1640,50,32,18
PROD400129,kitchen_storage,23,724,1,2924,12,12,11
PROD400130,sunglasses,58,667,6,2064,24,6,27
PROD400131,footwear,41,267,2,2984,15,39,29
PROD400132,home_decor,53,397,5,797,28,29,18
PROD400133,watches,53,404,8,2487,33,33,15
PROD400134,sunglasses,43,602,6,2701,46,27,34
PROD400135,watches,28,630,2,2526,13,16,14
PROD400136,lehenga,48,697,8,2306,48,9,36
PROD400137,mens_shirt,39,641,4,2718,48,33,38
PROD400138,lehenga,49,114,6,2478,43,24,39
PROD400139,handbags,41,201,5,944,37,36,34
PROD400140,jeans,53,500,2,439,21,18,30
PROD400141,saree,33,640,6,1879,44,12,34
PROD400142,lehenga,56,351,8,2306,15,22,40
PROD400143,kitchen_storage,56,111,1,2628,46,15,36
PROD400144,mens_tshirt,48,579,1,1617,30,14,27
PROD400145,home_decor,47,699,4,1005,33,10,30
PROD400146,kitchen_storage,52,651,1,2003,10,25,16
PROD400147,mens_shirt,45,120,2,599,46,20,35
PROD400148,toys,25,110,4,2281,18,35,19
PROD400149,mens_shirt,40,457,2,1096,37,7,28
PROD400150,kurta,53,435,2,2157,17,7,19
PROD400151,kitchen_storage,23,238,5,969,39,18,22
PROD400152,lehenga,41,643,8,942,34,30,14
PROD400153,beauty,25,322,6,2187,48,30,28
PROD400154,footwear,33,461,4,2634,13,5,30
PROD400155,kitchen_storage,54,429,7,470,33,23,24
PROD400156,footwear,25,766,6,1680,34,20,28
PROD400157,bedsheets,56,290,6,1520,17,11,22
PROD400158,jewellery,35,502,1,2803,18,37,39
PROD400159,footwear,50,597,3,1971,11,15,27
PROD400160,grocery,46,765,7,1778,10,26,39
PROD400161,footwear,38,281,2,1647,26,21,12
PROD400162,home_decor,24,135,2,2653,39,25,30
PROD400163,kids_wear,41,648,5,1777,26,7,21
PROD400164,mens_tshirt,22,293,1,654,41,18,10
PROD400165,handbags,29,598,7,954,37,13,39
PROD400166,watches,26,369,5,2870,27,34,13
PROD400167,watches,57,335,6,965,11,31,28
PROD400168,kurta,46,607,7,1165,48,5,28
PROD400169,jeans,31,617,5,2613,42,34,34
PROD400170,handbags,40,459,2,2995,25,26,27
PROD400171,beauty,28,602,2,1957,27,17,10
PROD400172,home_decor,55,673,2,532,34,22,34
PROD400173,kurta,32,412,4,2519,42,38,38
PROD400174,lehenga,52,605,4,2346,40,33,30
PROD400175,mobile_cover,52,327,4,978,35,23,34
PROD400176,bedsheets,48,114,5,486,24,5,29
PROD400177,saree,59,215,6,890,42,31,10
PROD400178,jeans,54,230,7,645,32,21,35
PROD400179,jeans,22,368,2,2783,20,19,38
PROD400180,lehenga,59,135,6,1944,39,13,10
PROD400181,handbags,37,167,1,331,41,22,13
PROD400182,toys,33,263,5,1620,25,40,30
PROD400183,lehenga,23,736,8,2623,29,11,40
PROD400184,mens_shirt,29,383,8,215,47,40,25
PROD400185,mens_shirt,44,361,7,938,21,16,21
PROD400186,lehenga,51,405,3,859,28,5,18
PROD400187,kids_wear,31,529,2,541,44,8,11
PROD400188,kids_wear,39,491,7,506,34,18,11
PROD400189,bedsheets,20,252,7,1937,20,8,39
PROD400190,mens_shirt,22,132,6,1068,35,31,33
PROD400191,mens_shirt,24,684,6,905,36,39,28
PROD400192,saree,20,447,8,2048,48,25,10
PROD400193,kurta,26,606,4,659,31,5,10
PROD400194,beauty,33,730,8,466,22,7,30
PROD400195,beauty,30,264,2,547,23,39,36
PROD400196,electronics_accessories,56,142,8,409,34,36,14
PROD400197,jeans,27,125,5,1395,27,31,35
PROD400198,mens_tshirt,51,213,3,2341,14,35,36
PROD400199,saree,49,362,5,1103,36,8,14
PROD400200,footwear,39,400,3,852,33,14,12
PROD400201,electronics_accessories,20,247,6,841,23,22,34
PROD400202,lehenga,29,780,1,2489,27,24,33
PROD400203,beauty,50,284,7,2627,11,18,31
PROD400204,jeans,46,756,6,1393,16,19,39
PROD400205,mens_shirt,50,518,2,2768,39,24,33
PROD400206,sunglasses,21,793,3,1207,32,27,28
PROD400207,sunglasses,42,214,7,251,18,11,13
PROD400208,toys,27,427,2,799,37,39,38
PROD400209,electronics_accessories,38,721,7,1145,40,40,23
PROD400210,watches,46,229,4,1998,34,8,39
PROD400211,saree,52,638,5,1377,39,21,10
PROD400212,watches,34,548,2,2412,17,7,25
PROD400213,jewellery,59,680,3,451,37,24,11
PROD400214,kurta,45,684,4,1709,48,13,36
PROD400215,kids_wear,40,335,5,2313,27,37,23
PROD400216,handbags,48,140,3,580,24,38,23
PROD400217,kitchen_storage,37,542,3,706,10,15,12
PROD400218,jeans,32,603,3,159,32,26,10
PROD400219,kids_wear,33,102,1,184,11,40,26
PROD400220,electronics_accessories,35,398,7,1957,25,12,29
PROD400221,saree,20,628,2,596,26,12,22
PROD400222,saree,21,693,2,1674,46,14,36
PROD400223,footwear,28,606,4,1970,47,39,40
PROD400224,toys,49,732,1,1690,10,39,35
PROD400225,kitchen_storage,39,656,2,2343,37,35,18
PROD400226,electronics_accessories,35,141,1,194,48,37,18
PROD400227,footwear,35,544,2,496,25,33,12
PROD400228,mens_tshirt,53,187,6,478,48,40,30
PROD400229,mobile_cover,36,437,3,2448,29,14,10
PROD400230,kids_wear,60,366,1,380,33,18,20
PROD400231,footwear,37,522,7,222,38,25,22
PROD400232,toys,58,711,5,1260,47,22,37
PROD400233,electronics_accessories,47,552,3,319,16,8,27
PROD400234,mens_shirt,37,759,1,670,44,10,32
PROD400235,watches,29,241,4,2202,38,23,40
PROD400236,saree,29,500,3,237,43,27,26
PROD400237,lehenga,51,368,6,656,39,19,35
PROD400238,mobile_cover,60,297,7,1376,20,19,21
PROD400239,beauty,21,108,5,457,20,11,34
PROD400240,sunglasses,28,664,6,539,45,12,31
PROD400241,home_decor,24,743,3,2686,30,27,28
PROD400242,saree,38,781,7,568,12,8,24
PROD400243,grocery,31,324,1,1183,37,31,10
PROD400244,kurta,25,230,4,2239,19,34,12
PROD400245,saree,25,279,4,620,46,32,12
PROD400246,mobile_cover,25,228,1,2782,26,39,32
PROD400247,mobile_cover,20,609,7,1882,30,19,40
PROD400248,handbags,39,490,1,1351,21,14,24
PROD400249,home_decor,34,749,5,1668,11,11,29
PROD400250,lehenga,41,342,1,1598,41,18,40
PROD400251,jewellery,51,252,5,1062,32,40,40
PROD400252,home_decor,25,602,7,2290,20,15,40
PROD400253,kitchen_storage,26,795,3,1979,21,30,24
PROD400254,saree,52,501,7,2981,34,27,39
PROD400255,electronics_accessories,29,233,5,413,49,33,38
PROD400256,home_decor,54,552,5,2654,28,35,24
PROD400257,lehenga,30,692,1,2717,23,28,10
PROD400258,kurta,46,211,5,2150,46,35,19
PROD400259,mens_shirt,28,340,6,1213,23,24,11
PROD400260,jewellery,46,487,3,552,19,10,20
PROD400261,home_decor,36,719,6,770,32,21,28
PROD400262,jeans,21,509,5,1259,15,12,13
PROD400263,grocery,51,300,2,2275,19,34,17
PROD400264,saree,47,339,5,1023,31,23,26
PROD400265,watches,31,166,5,2503,36,39,10
PROD400266,electronics_accessories,45,365,1,1522,16,11,11
PROD400267,jeans,25,264,6,1373,22,22,12
PROD400268,jeans,35,130,2,3000,35,8,19
PROD400269,grocery,53,534,1,1081,41,14,13
PROD400270,watches,44,154,1,929,20,8,32
PROD400271,kids_wear,26,708,8,2355,47,8,12
PROD400272,lehenga,37,133,1,959,29,35,36
PROD400273,mens_tshirt,35,209,8,505,47,34,34
PROD400274,sunglasses,46,146,2,2681,34,14,34
PROD400275,mobile_cover,59,152,5,503,47,23,37
PROD400276,beauty,53,436,6,138,50,12,12
PROD400277,kids_wear,48,448,4,1483,43,15,32
PROD400278,mens_tshirt,21,583,3,2386,43,33,26
PROD400279,saree,50,240,8,2552,13,19,24
PROD400280,mens_tshirt,46,208,7,212,45,37,13
PROD400281,grocery,50,258,3,930,48,29,18
PROD400282,bedsheets,51,223,4,2087,31,19,11
PROD400283,beauty,46,673,2,128,21,23,27
PROD400284,saree,55,475,6,2006,42,7,10
PROD400285,jeans,36,785,5,895,18,18,38
PROD400286,electronics_accessories,31,266,2,1700,47,7,35
PROD400287,electronics_accessories,58,784,7,2358,32,34,18
PROD400288,electronics_accessories,50,120,7,1912,32,9,23
PROD400289,grocery,27,351,6,2954,19,10,20
PROD400290,kurta,27,516,5,694,34,9,10
PROD400291,bedsheets,20,322,4,1590,12,38,34
PROD400292,handbags,30,388,4,2978,17,39,37
PROD400293,footwear,56,240,5,2319,28,37,12
PROD400294,footwear,21,110,5,538,37,9,36
PROD400295,saree,40,334,1,703,16,28,39
PROD400296,lehenga,44,587,6,2353,34,23,22
PROD400297,footwear,34,783,6,1053,29,40,12
PROD400298,lehenga,20,433,1,585,27,36,23
PROD400299,handbags,29,602,7,600,30,35,17
PROD400300,sunglasses,41,428,2,660,44,9,38
PROD400301,beauty,51,437,2,648,24,28,34
PROD400302,toys,51,618,2,1498,33,21,14
PROD400303,electronics_accessories,60,146,8,758,24,29,10
PROD400304,mens_shirt,38,399,7,1614,27,32,34
PROD400305,beauty,49,244,1,1566,14,33,13
PROD400306,saree,49,308,1,2148,39,12,21
PROD400307,electronics_accessories,36,767,8,2277,24,35,31
PROD400308,kurta,33,200,8,1402,29,19,26
PROD400309,saree,31,552,5,398,29,37,37
PROD400310,kitchen_storage,49,787,3,1670,13,15,28
PROD400311,jeans,41,365,7,2906,43,30,14
PROD400312,beauty,31,668,5,287,38,31,23
PROD400313,handbags,28,110,8,2773,34,18,14
PROD400314,bedsheets,24,311,6,952,45,30,25
PROD400315,home_decor,28,466,3,992,43,32,33
PROD400316,watches,50,721,1,1764,11,21,26
PROD400317,watches,45,705,4,822,13,26,34
PROD400318,mobile_cover,35,365,1,1520,11,38,40
PROD400319,grocery,29,585,4,2466,36,10,40
PROD400320,kitchen_storage,58,560,7,1154,10,25,16
PROD400321,kitchen_storage,46,561,1,2040,42,34,25
PROD400322,kitchen_storage,42,360,3,1887,14,6,17
PROD400323,watches,36,250,3,2053,23,30,33
PROD400324,mens_shirt,49,311,3,344,21,16,40
PROD400325,mens_shirt,50,205,2,407,39,28,30
PROD400326,bedsheets,47,721,2,2114,16,32,15
PROD400327,kurta,38,261,6,567,28,22,36
PROD400328,sunglasses,45,690,4,232,33,16,40
PROD400329,mens_tshirt,47,692,1,949,47,16,15
PROD400330,saree,31,523,1,491,27,16,31
PROD400331,electronics_accessories,37,607,2,348,37,39,10
PROD400332,lehenga,48,575,1,984,15,30,39
PROD400333,kids_wear,48,140,6,2906,10,7,19
PROD400334,toys,32,313,3,1792,39,16,18
PROD400335,handbags,44,691,4,563,38,15,28
PROD400336,handbags,48,543,4,2374,10,39,17
PROD400337,toys,22,507,6,1165,13,15,38
PROD400338,mobile_cover,59,727,6,545,48,19,33
PROD400339,grocery,34,230,8,2970,20,36,15
PROD400340,sunglasses,25,263,2,1687,24,27,30
PROD400341,kurta,39,676,7,343,18,32,32
PROD400342,home_decor,48,504,6,803,39,15,27
PROD400343,jewellery,42,310,8,1184,49,28,10
PROD400344,beauty,20,617,7,1334,10,31,33
PROD400345,bedsheets,43,522,1,794,12,39,10
PROD400346,mens_tshirt,56,275,1,779,21,9,38
PROD400347,mobile_cover,39,343,1,1244,26,39,28
PROD400348,kurta,57,330,3,742,32,17,17
PROD400349,kids_wear,31,106,3,1102,32,9,11
PROD400350,mens_shirt,43,767,6,1509,13,12,29
PROD400351,footwear,41,390,6,2897,12,19,37
PROD400352,electronics_accessories,57,616,5,2947,23,17,34
PROD400353,footwear,32,266,5,1108,35,15,28
PROD400354,home_decor,28,107,1,1520,46,39,30
PROD400355,footwear,27,229,5,1206,15,15,38
PROD400356,toys,23,554,6,2551,35,25,39
PROD400357,grocery,58,729,3,331,17,14,17
PROD400358,bedsheets,45,302,2,2070,39,24,28
PROD400359,mobile_cover,37,263,2,160,34,16,29
PROD400360,handbags,25,679,4,1935,31,11,28
PROD400361,mens_shirt,31,505,8,411,24,11,25
PROD400362,mobile_cover,34,510,3,1834,27,35,20
PROD400363,mens_shirt,52,744,7,1131,34,11,38
PROD400364,mens_shirt,21,735,7,593,38,19,10
PROD400365,saree,56,707,3,2802,44,22,20
PROD400366,mens_shirt,37,162,4,780,16,9,21
PROD400367,footwear,41,463,1,1401,16,22,16
PROD400368,mens_shirt,26,695,2,1326,25,8,26
PROD400369,beauty,51,705,8,2712,18,21,24
PROD400370,grocery,28,483,5,637,19,10,26
PROD400371,sunglasses,35,360,6,2968,44,12,28
PROD400372,jeans,20,409,8,2117,12,32,25
PROD400373,electronics_accessories,56,303,4,1060,20,40,23
PROD400374,mobile_cover,26,466,1,779,31,34,32
PROD400375,sunglasses,38,543,5,334,43,26,30
PROD400376,watches,42,639,4,2317,20,25,32
PROD400377,home_decor,50,238,7,804,11,37,18
PROD400378,electronics_accessories,50,228,3,1584,29,18,37
PROD400379,kitchen_storage,43,182,7,791,45,15,15
PROD400380,jeans,42,108,2,2284,21,27,33
PROD400381,electronics_accessories,30,407,8,804,45,31,16
PROD400382,toys,36,284,1,471,20,15,17
PROD400383,handbags,25,394,3,2533,10,5,29
PROD400384,home_decor,45,274,8,262,18,31,22
PROD400385,saree,36,450,1,2478,33,32,16
PROD400386,jeans,24,588,5,2750,12,6,32
PROD400387,footwear,59,176,1,445,46,19,17
PROD400388,mobile_cover,32,651,3,650,20,24,36
PROD400389,beauty,25,188,4,1665,10,7,23
PROD400390,saree,53,247,8,2090,12,25,22
PROD400391,handbags,45,213,7,324,40,32,37
PROD400392,mens_shirt,45,388,4,2253,32,5,10
PROD400393,toys,40,333,8,810,22,22,23
PROD400394,lehenga,48,535,3,1013,17,18,37
PROD400395,kids_wear,46,217,1,2733,49,21,19
PROD400396,lehenga,47,406,3,919,16,29,21
PROD400397,handbags,38,219,4,1983,21,34,25
PROD400398,electronics_accessories,53,470,8,1821,12,32,37
PROD400399,kids_wear,36,718,5,837,49,7,36
PROD400400,handbags,47,171,8,1442,31,11,26
PROD400401,sunglasses,48,120,2,2125,49,17,15
PROD400402,jewellery,31,142,3,1275,45,19,24
PROD400403,jewellery,37,373,2,2132,20,19,18
PROD400404,mobile_cover,47,443,4,2152,34,21,24
PROD400405,toys,20,269,6,1301,44,28,33
PROD400406,footwear,44,240,7,2391,46,7,18
PROD400407,beauty,31,302,7,2992,27,9,30
PROD400408,saree,20,709,6,1030,42,26,30
PROD400409,kitchen_storage,50,374,3,474,35,22,17
PROD400410,kitchen_storage,57,717,1,233,47,19,25
PROD400411,sunglasses,24,368,7,304,29,36,37
PROD400412,home_decor,26,400,4,1966,42,38,18
PROD400413,handbags,33,568,1,1722,34,10,27
PROD400414,beauty,42,525,5,1796,39,13,31
PROD400415,electronics_accessories,34,513,2,1606,29,10,26
PROD400416,mobile_cover,53,723,1,344,19,33,25
PROD400417,jeans,56,212,1,2217,29,26,11
PROD400418,beauty,55,494,1,1288,25,28,23
PROD400419,home_decor,22,445,1,1033,25,33,18
PROD400420,home_decor,57,621,4,965,11,30,25
PROD400421,beauty,33,122,7,2029,17,40,39
PROD400422,mens_shirt,31,287,7,1780,40,22,34
PROD400423,lehenga,59,116,8,2181,42,32,20
PROD400424,kids_wear,52,437,1,1686,40,18,28
PROD400425,home_decor,33,411,3,2952,42,37,34
PROD400426,bedsheets,45,124,6,2711,30,6,37
PROD400427,jewellery,56,241,3,583,39,8,18
PROD400428,sunglasses,47,179,7,2896,38,6,23
PROD400429,electronics_accessories,33,291,1,385,35,15,28
PROD400430,saree,50,296,3,2184,49,10,31
PROD400431,toys,54,263,8,591,45,14,23
PROD400432,kitchen_storage,33,338,8,470,39,5,27
PROD400433,home_decor,39,725,5,802,35,23,15
PROD400434,saree,33,705,4,456,25,25,19
PROD400435,grocery,21,215,5,1569,46,31,24
PROD400436,saree,44,713,3,360,49,26,36
PROD400437,sunglasses,48,294,1,1606,26,38,15
PROD400438,handbags,34,674,5,2797,25,8,32
PROD400439,mens_shirt,24,577,2,1796,40,37,37
PROD400440,saree,44,749,7,2725,27,19,31
PROD400441,mens_tshirt,41,760,1,521,34,21,38
PROD400442,toys,29,769,2,1445,10,17,40
PROD400443,beauty,22,217,8,322,48,14,23
PROD400444,jewellery,22,556,1,933,11,37,30
PROD400445,sunglasses,22,630,2,1960,20,30,14
PROD400446,watches,30,715,7,2353,21,23,36
PROD400447,jewellery,53,434,1,2805,11,34,14
PROD400448,watches,52,775,6,2414,21,34,30
PROD400449,handbags,25,177,7,2311,10,32,39
PROD400450,toys,27,714,7,551,20,35,22
PROD400451,electronics_accessories,28,115,1,2272,18,6,17
PROD400452,grocery,27,567,1,2703,21,31,16
PROD400453,handbags,37,375,4,1435,48,29,30
PROD400454,jeans,36,442,8,124,15,16,10
PROD400455,jewellery,29,405,3,2793,33,18,23
PROD400456,grocery,21,699,2,739,24,34,21
PROD400457,footwear,20,287,5,2434,38,30,36
PROD400458,kurta,35,724,7,2758,38,5,14
PROD400459,jewellery,35,484,6,644,29,7,21
PROD400460,mobile_cover,34,535,5,2153,15,39,36
PROD400461,beauty,43,385,1,1095,35,22,36
PROD400462,watches,54,250,2,1542,46,33,25
PROD400463,footwear,53,478,5,1738,36,14,16
PROD400464,mens_shirt,34,538,1,1661,35,34,29
PROD400465,grocery,53,517,5,2497,14,13,21
PROD400466,toys,39,680,8,2830,21,13,33
PROD400467,kurta,36,290,7,855,20,31,28
PROD400468,grocery,28,111,7,1807,35,9,40
PROD400469,beauty,56,697,7,824,22,27,22
PROD400470,grocery,57,715,3,2508,48,40,17
PROD400471,kids_wear,40,666,8,1737,45,37,24
PROD400472,bedsheets,48,725,3,1624,37,5,19
PROD400473,mens_tshirt,35,360,3,300,43,21,38
PROD400474,grocery,35,197,6,919,48,38,33
PROD400475,kids_wear,58,186,3,616,35,5,10
PROD400476,saree,24,396,5,303,39,30,14
PROD400477,grocery,24,412,4,238,28,9,16
PROD400478,jewellery,27,117,4,2215,46,36,20
PROD400479,mens_shirt,60,656,8,642,12,39,23
PROD400480,kitchen_storage,44,404,3,2832,18,23,39
PROD400481,saree,41,735,3,327,43,16,17
PROD400482,kitchen_storage,34,131,8,1847,37,11,29
PROD400483,handbags,55,735,7,612,46,39,39
PROD400484,kurta,43,511,3,117,15,35,31
PROD400485,mobile_cover,35,743,1,1937,49,31,23
PROD400486,mens_tshirt,53,540,6,2067,19,23,37
PROD400487,saree,39,353,5,2110,26,12,32
PROD400488,jeans,40,330,2,2789,22,35,31
PROD400489,grocery,40,514,2,152,13,36,25
PROD400490,bedsheets,32,757,3,400,41,27,11
PROD400491,footwear,46,188,3,284,19,26,36
PROD400492,grocery,57,711,2,2519,22,38,25
PROD400493,kids_wear,33,570,1,877,29,16,35
PROD400494,jewellery,39,381,8,1273,45,5,34
PROD400495,handbags,51,541,1,1918,44,31,37
PROD400496,mens_shirt,34,422,2,121,40,31,20
PROD400497,lehenga,58,173,8,2679,12,40,37
PROD400498,mobile_cover,25,594,4,2792,20,39,28
PROD400499,mobile_cover,25,374,6,1670,22,21,11
PROD400500,grocery,24,671,6,2184,10,27,21
PROD400501,sunglasses,25,197,6,1950,26,22,32
PROD400502,grocery,45,785,6,1119,48,12,39
PROD400503,electronics_accessories,23,762,8,2036,10,8,19
PROD400504,saree,57,351,1,1375,30,24,13
PROD400505,sunglasses,37,118,4,2574,44,14,15
PROD400506,lehenga,54,124,4,2510,34,30,34
PROD400507,jeans,22,344,6,2328,45,30,31
PROD400508,handbags,60,121,8,2287,44,5,14
PROD400509,electronics_accessories,40,261,6,470,34,23,32
PROD400510,home_decor,58,311,4,1069,31,31,14
PROD400511,kids_wear,23,294,8,1328,26,6,26
PROD400512,watches,23,542,8,274,42,40,25
PROD400513,kurta,58,272,1,2883,17,10,27
PROD400514,jewellery,34,180,2,917,19,29,22
PROD400515,mens_tshirt,26,443,5,2367,31,40,11
PROD400516,kitchen_storage,30,508,4,863,17,12,29
PROD400517,electronics_accessories,22,402,8,2900,20,14,10
PROD400518,kitchen_storage,34,715,8,2877,10,35,25
PROD400519,handbags,43,385,5,2067,13,39,31
PROD400520,mens_shirt,60,301,2,1917,14,23,22
PROD400521,lehenga,59,686,6,1098,46,22,23
PROD400522,bedsheets,44,517,3,1768,21,20,20
PROD400523,toys,44,102,6,1050,10,13,33
PROD400524,electronics_accessories,24,647,5,167,18,28,25
PROD400525,sunglasses,48,106,4,1690,43,30,11
PROD400526,kitchen_storage,23,502,4,270,35,30,17
PROD400527,home_decor,20,479,1,629,43,10,30
PROD400528,home_decor,37,108,2,144,23,7,28
PROD400529,mens_tshirt,30,160,4,2717,11,14,21
PROD400530,mens_shirt,21,722,5,1488,20,17,34
PROD400531,beauty,43,682,8,2951,48,28,17
PROD400532,mens_tshirt,56,764,3,1707,12,8,29
PROD400533,sunglasses,47,144,3,1998,32,36,39
PROD400534,jewellery,40,363,5,2681,47,13,11
PROD400535,kitchen_storage,38,670,5,2940,28,26,17
PROD400536,watches,25,227,1,2683,45,12,32
PROD400537,sunglasses,58,498,6,2677,32,38,16
PROD400538,jewellery,38,438,7,1763,20,15,29
PROD400539,mobile_cover,29,226,8,2625,41,8,20
PROD400540,home_decor,44,112,4,1772,16,31,36
PROD400541,mens_shirt,39,654,7,224,38,5,19
PROD400542,beauty,60,257,7,1763,11,13,16
PROD400543,mobile_cover,24,474,6,211,14,28,40
PROD400544,kids_wear,20,169,8,1043,50,10,23
PROD400545,bedsheets,26,423,7,321,32,38,24
PROD400546,toys,23,482,3,834,26,24,12
PROD400547,kids_wear,35,704,6,1359,38,21,11
PROD400548,electronics_accessories,36,474,4,497,30,34,28
PROD400549,kurta,40,571,2,2445,15,38,30
PROD400550,toys,54,507,7,1330,35,18,23
PROD400551,kitchen_storage,44,226,4,897,30,36,18
PROD400552,sunglasses,49,505,1,1632,39,8,34
PROD400553,jeans,35,589,8,463,44,21,17
PROD400554,saree,26,677,3,771,11,28,23
PROD400555,bedsheets,35,322,4,688,48,35,16
PROD400556,mens_shirt,33,679,7,1284,26,7,15
PROD400557,sunglasses,28,429,4,771,35,34,22
PROD400558,grocery,57,768,3,1157,20,33,25
PROD400559,footwear,59,263,4,2291,31,14,11
PROD400560,mens_shirt,35,286,1,2456,16,21,32
PROD400561,saree,24,533,4,1033,21,38,18
PROD400562,jewellery,28,317,5,2126,14,38,14
PROD400563,grocery,20,788,8,1457,30,10,20
PROD400564,handbags,41,229,7,335,38,25,23
PROD400565,toys,58,737,2,926,45,19,13
PROD400566,saree,20,502,5,1107,23,14,15
PROD400567,home_decor,60,254,3,2118,38,34,24
PROD400568,kids_wear,33,177,7,2173,12,30,22
PROD400569,jewellery,50,128,8,114,23,40,21
PROD400570,kurta,35,487,1,1472,49,25,15
PROD400571,grocery,52,411,3,2681,28,10,33
PROD400572,kurta,60,584,5,319,18,36,18
PROD400573,saree,47,584,6,2173,20,32,24
PROD400574,home_decor,28,480,1,1860,20,5,36
PROD400575,kurta,35,514,4,2182,32,30,38
PROD400576,handbags,46,172,5,2449,38,22,20
PROD400577,grocery,51,761,4,527,43,18,28
PROD400578,toys,51,688,5,2550,14,21,29
PROD400579,watches,47,135,6,1384,10,23,29
PROD400580,kids_wear,29,526,7,1314,23,13,14
PROD400581,footwear,57,363,7,515,18,11,15
PROD400582,sunglasses,57,646,2,2805,16,26,29
PROD400583,jewellery,55,447,4,1130,11,5,32
PROD400584,lehenga,31,561,7,2963,20,13,39
PROD400585,kids_wear,57,643,5,2138,29,16,36
PROD400586,jeans,41,507,8,2164,41,9,37
PROD400587,watches,52,638,3,627,23,33,26
PROD400588,sunglasses,50,159,6,2792,44,23,12
PROD400589,electronics_accessories,53,150,7,2957,14,17,32
PROD400590,handbags,56,757,6,1741,29,34,33
PROD400591,toys,58,649,5,1703,11,25,26
PROD400592,home_decor,48,738,5,2423,34,17,38
PROD400593,sunglasses,35,103,8,731,22,30,35
PROD400594,mens_tshirt,23,656,1,2450,19,31,12
PROD400595,electronics_accessories,45,235,1,505,36,25,21
PROD400596,kitchen_storage,48,800,7,1237,31,36,31
PROD400597,watches,45,430,6,1568,41,27,13
PROD400598,jeans,36,581,7,1224,10,5,11
PROD400599,electronics_accessories,53,557,6,2234,36,38,37
PROD400600,mens_shirt,38,799,1,1563,14,31,22
PROD400601,mobile_cover,36,432,2,730,21,21,37
PROD400602,jewellery,36,170,8,1312,10,14,35
PROD400603,kids_wear,32,641,7,2288,37,6,26
PROD400604,footwear,40,581,1,360,38,6,40
PROD400605,footwear,46,298,1,2648,29,22,14
PROD400606,kids_wear,52,758,7,348,21,7,35
PROD400607,kitchen_storage,23,653,4,224,48,22,33
PROD400608,lehenga,33,375,1,2491,37,9,36
PROD400609,grocery,50,710,8,2458,41,13,36
PROD400610,handbags,41,256,5,548,23,28,22
PROD400611,grocery,37,639,1,1323,30,7,24
PROD400612,kids_wear,42,486,8,1325,42,5,28
PROD400613,kitchen_storage,51,755,4,2447,26,6,38
PROD400614,kitchen_storage,57,743,1,674,37,5,15
PROD400615,grocery,36,376,3,2765,12,19,12
PROD400616,mobile_cover,53,714,3,1460,43,22,29
PROD400617,saree,49,295,5,729,12,19,13
PROD400618,toys,48,780,8,2029,28,39,23
PROD400619,beauty,43,724,6,565,29,9,26
PROD400620,home_decor,37,635,3,925,10,37,26
PROD400621,mens_shirt,58,427,7,2952,42,22,13
PROD400622,toys,46,262,4,2748,24,15,38
PROD400623,home_decor,21,758,6,2347,34,22,15
PROD400624,beauty,46,592,5,2214,23,11,37
PROD400625,beauty,32,102,7,1750,21,18,31
PROD400626,lehenga,43,194,2,2019,44,37,14
PROD400627,jewellery,29,490,6,1492,46,24,23
PROD400628,grocery,55,707,1,1821,19,20,14
PROD400629,beauty,29,325,8,587,38,37,40
PROD400630,toys,21,255,3,1033,40,8,11
PROD400631,home_decor,40,379,8,327,45,22,35
PROD400632,beauty,48,694,6,2980,26,9,30
PROD400633,beauty,46,608,6,1385,22,38,12
PROD400634,sunglasses,54,739,1,1953,23,34,26
PROD400635,lehenga,42,697,2,1412,41,8,27
PROD400636,toys,39,478,7,786,35,40,16
PROD400637,watches,36,663,8,1783,23,38,10
PROD400638,mens_shirt,21,590,7,424,19,20,28
PROD400639,electronics_accessories,26,284,2,2687,48,6,30
PROD400640,kitchen_storage,25,660,2,733,46,39,26
PROD400641,electronics_accessories,26,623,3,208,41,5,39
PROD400642,electronics_accessories,44,710,1,585,13,34,28
PROD400643,mens_shirt,34,592,3,2514,45,14,22
PROD400644,sunglasses,58,336,4,1225,42,32,31
PROD400645,jewellery,58,565,1,1093,30,7,23
PROD400646,bedsheets,40,571,7,2224,24,17,20
PROD400647,mobile_cover,48,113,8,1911,25,11,34
PROD400648,jeans,33,202,6,1448,31,7,31
PROD400649,kitchen_storage,48,792,1,1564,18,10,26
PROD400650,bedsheets,59,717,4,2215,27,22,18
PROD400651,kurta,39,476,4,528,14,24,12
PROD400652,jewellery,50,152,2,724,24,25,37
PROD400653,kurta,32,510,8,566,30,30,36
PROD400654,sunglasses,58,176,1,2487,50,33,38
PROD400655,beauty,59,557,1,682,24,24,35
PROD400656,handbags,42,536,5,1178,36,35,28
PROD400657,jewellery,21,337,7,1850,29,6,12
PROD400658,home_decor,33,237,6,2065,23,36,26
PROD400659,kids_wear,27,463,8,1599,38,15,29
PROD400660,mens_shirt,48,339,2,2185,35,40,34
PROD400661,kids_wear,22,239,2,1457,45,28,39
PROD400662,jewellery,30,332,4,817,29,10,22
PROD400663,mobile_cover,24,663,6,2667,26,39,17
PROD400664,toys,47,498,1,2011,23,24,19
PROD400665,electronics_accessories,50,360,7,823,17,27,33
PROD400666,toys,42,657,5,2763,15,36,18
PROD400667,grocery,27,534,2,1910,10,26,10
PROD400668,jeans,30,178,2,1756,46,40,12
PROD400669,jewellery,26,333,5,1220,40,29,32
PROD400670,kurta,57,361,4,2942,41,33,19
PROD400671,saree,28,705,3,2295,35,23,31
PROD400672,footwear,32,129,3,1839,50,27,39
PROD400673,saree,56,761,7,2996,21,12,27
PROD400674,kids_wear,46,486,8,1982,17,29,23
PROD400675,home_decor,47,179,1,671,30,30,39
PROD400676,footwear,37,278,1,650,18,13,31
PROD400677,footwear,37,728,1,396,23,33,23
PROD400678,sunglasses,34,531,8,1566,49,6,13
PROD400679,bedsheets,48,729,2,1441,19,24,18
PROD400680,electronics_accessories,27,380,5,210,49,15,16
PROD400681,footwear,42,164,8,1345,35,28,23
PROD400682,jewellery,28,485,1,550,45,29,17
PROD400683,bedsheets,28,488,4,372,46,27,33
PROD400684,electronics_accessories,59,748,6,1558,47,15,30
PROD400685,jeans,51,549,7,1176,15,24,29
PROD400686,kurta,21,321,6,110,21,26,20
PROD400687,lehenga,33,377,5,2898,26,40,22
PROD400688,bedsheets,29,284,4,2445,10,24,25
PROD400689,footwear,34,167,5,1579,27,29,33
PROD400690,lehenga,43,593,5,2476,22,14,21
PROD400691,lehenga,27,366,8,2254,43,34,28
PROD400692,kitchen_storage,33,165,3,2918,10,23,10
PROD400693,toys,40,392,4,1905,41,32,23
PROD400694,mens_tshirt,52,298,1,2960,43,28,26
PROD400695,kurta,23,202,8,1096,15,24,16
PROD400696,toys,25,432,2,365,26,19,23
PROD400697,bedsheets,54,522,3,2685,16,5,25
PROD400698,sunglasses,24,661,8,498,12,30,30
PROD400699,watches,40,533,5,627,31,34,36
PROD400700,kurta,46,757,1,684,37,17,17
PROD400701,lehenga,43,369,3,2994,22,5,22
PROD400702,kurta,23,289,4,322,21,37,23
PROD400703,kitchen_storage,41,119,6,665,20,23,33
PROD400704,mens_tshirt,26,396,3,211,35,31,25
PROD400705,kurta,26,422,2,1148,30,14,10
PROD400706,mens_tshirt,45,534,4,942,43,14,14
PROD400707,mens_shirt,28,384,1,229,30,19,37
PROD400708,toys,28,288,3,293,33,29,14
PROD400709,saree,26,779,1,409,17,18,18
PROD400710,sunglasses,39,314,4,2458,16,17,17
PROD400711,jeans,43,285,7,578,23,15,17
PROD400712,grocery,36,443,7,2882,28,26,14
PROD400713,kids_wear,39,290,7,1322,29,33,23
PROD400714,saree,31,370,7,1858,22,22,15
PROD400715,kurta,57,465,4,1891,39,35,30
PROD400716,footwear,37,777,6,826,49,35,36
PROD400717,footwear,42,514,2,1470,21,29,40
PROD400718,electronics_accessories,43,440,2,1195,41,29,40
PROD400719,jeans,43,352,1,2637,36,31,19
PROD400720,mens_tshirt,37,584,6,997,25,30,37
PROD400721,toys,43,263,5,1908,27,30,23
PROD400722,kitchen_storage,34,446,4,2398,47,31,14
PROD400723,toys,55,447,4,731,28,17,38
PROD400724,electronics_accessories,51,706,3,1319,16,26,25
PROD400725,lehenga,30,756,8,2741,36,17,33
PROD400726,sunglasses,34,431,5,970,28,31,27
PROD400727,kitchen_storage,52,539,4,2839,46,6,23
PROD400728,mens_tshirt,45,651,3,1312,46,35,28
PROD400729,footwear,59,723,2,1800,16,27,37
PROD400730,footwear,52,185,2,1712,42,17,32
PROD400731,beauty,25,129,4,194,41,18,25
PROD400732,mens_shirt,44,160,8,2930,20,5,40
PROD400733,mens_tshirt,37,649,7,2074,45,6,27
PROD400734,mens_shirt,44,381,4,582,18,12,19
PROD400735,electronics_accessories,32,706,5,1910,35,16,20
PROD400736,handbags,29,692,3,1691,28,27,34
PROD400737,electronics_accessories,33,295,2,1984,18,24,10
PROD400738,kids_wear,45,686,5,2171,15,12,15
PROD400739,home_decor,44,399,8,462,49,31,24
PROD400740,saree,46,798,4,994,31,19,29
PROD400741,mens_tshirt,22,207,7,540,20,27,35
PROD400742,toys,21,216,7,1111,46,22,33
PROD400743,toys,22,183,4,1027,24,22,18
PROD400744,kids_wear,50,781,7,2074,23,22,27
PROD400745,mens_tshirt,38,146,5,462,13,9,37
PROD400746,home_decor,51,714,4,254,14,21,39
PROD400747,sunglasses,25,206,7,142,28,10,34
PROD400748,saree,23,419,3,258,19,38,27
PROD400749,home_decor,46,221,7,2329,12,9,38
PROD400750,grocery,58,140,4,1295,19,12,40
PROD400751,kids_wear,36,613,6,1338,45,21,38
PROD400752,mens_shirt,23,314,6,908,14,32,11
PROD400753,bedsheets,56,787,2,2089,47,11,16
PROD400754,sunglasses,44,160,2,1426,40,11,37
PROD400755,lehenga,51,218,4,653,16,24,39
PROD400756,saree,28,410,8,2840,10,15,39
PROD400757,watches,55,770,2,1285,15,12,14
PROD400758,sunglasses,49,747,5,1398,18,36,39
PROD400759,lehenga,58,318,7,2051,42,28,25
PROD400760,electronics_accessories,38,538,4,2578,14,20,27
PROD400761,lehenga,22,752,8,1335,49,12,31
PROD400762,electronics_accessories,27,691,5,793,25,14,13
PROD400763,mobile_cover,38,149,2,1072,15,26,16
PROD400764,kitchen_storage,23,520,7,2811,21,29,12
PROD400765,home_decor,55,359,6,1480,20,25,15
PROD400766,bedsheets,39,176,1,669,50,28,19
PROD400767,bedsheets,24,577,5,2232,43,27,23
PROD400768,electronics_accessories,58,389,4,339,11,28,13
PROD400769,toys,60,448,7,1949,32,30,16
PROD400770,mobile_cover,43,616,5,696,21,33,30
PROD400771,lehenga,49,259,7,1755,18,28,22
PROD400772,mobile_cover,21,365,7,132,40,6,31
PROD400773,kurta,25,401,5,555,24,5,36
PROD400774,electronics_accessories,52,763,7,837,26,7,35
PROD400775,watches,48,205,1,114,50,31,23
PROD400776,sunglasses,58,160,5,510,41,13,27
PROD400777,mens_shirt,20,583,7,790,22,37,33
PROD400778,mens_tshirt,27,459,3,673,24,14,27
PROD400779,mens_shirt,31,279,3,1262,10,39,18
PROD400780,bedsheets,40,259,4,1566,48,24,11
PROD400781,saree,37,194,1,2370,27,33,29
PROD400782,mens_tshirt,34,481,2,2985,17,20,21
PROD400783,saree,40,298,6,1914,19,15,34
PROD400784,watches,57,234,1,1888,28,12,30
PROD400785,mobile_cover,51,669,1,2552,39,38,17
PROD400786,saree,28,653,1,398,11,24,13
PROD400787,grocery,38,437,4,1334,14,26,37
PROD400788,mens_shirt,52,197,5,1279,40,40,23
PROD400789,beauty,38,743,3,2355,12,16,12
PROD400790,watches,55,724,4,192,34,19,34
PROD400791,mobile_cover,51,672,1,2859,24,34,27
PROD400792,toys,27,783,3,498,24,33,18
PROD400793,footwear,45,710,1,1406,31,40,20
PROD400794,mobile_cover,51,481,5,2958,11,39,34
PROD400795,handbags,31,689,1,1816,48,32,28
PROD400796,kurta,39,467,3,2229,48,39,23
PROD400797,saree,44,168,1,1691,31,31,24
PROD400798,footwear,34,563,5,1620,38,7,12
PROD400799,electronics_accessories,40,247,8,1797,15,19,23
PROD400800,sunglasses,24,406,1,673,32,19,30
PROD400801,saree,52,387,4,2061,35,15,30
PROD400802,grocery,45,402,5,1334,39,36,37
PROD400803,jeans,40,109,5,2866,21,20,33
PROD400804,mens_shirt,36,278,4,1334,42,5,34
PROD400805,kurta,37,181,8,616,29,12,33
PROD400806,kitchen_storage,41,352,7,2559,16,25,27
PROD400807,kitchen_storage,40,569,5,2495,11,29,15
PROD400808,bedsheets,56,487,1,764,27,15,21
PROD400809,beauty,23,344,4,1007,19,26,31
PROD400810,grocery,38,467,3,1010,15,25,30
PROD400811,sunglasses,28,637,7,1027,12,22,10
PROD400812,mens_shirt,58,545,7,852,49,10,24
PROD400813,jeans,26,597,5,742,48,13,36
PROD400814,mens_shirt,21,409,2,1768,39,39,39
PROD400815,jeans,27,467,4,2518,21,30,22
PROD400816,grocery,33,586,1,1722,24,13,36
PROD400817,mobile_cover,22,320,2,1044,47,15,26
PROD400818,kurta,39,644,6,131,21,14,11
PROD400819,home_decor,26,787,1,535,46,20,30
PROD400820,footwear,33,482,4,2104,48,36,12
PROD400821,grocery,23,102,1,2746,11,16,32
PROD400822,toys,41,540,2,1643,19,16,36
PROD400823,kitchen_storage,44,793,5,2967,41,9,26
PROD400824,mobile_cover,42,714,5,110,38,14,17
PROD400825,saree,38,452,4,659,24,10,40
PROD400826,electronics_accessories,60,579,8,2289,14,23,20
PROD400827,electronics_accessories,38,551,5,1103,38,5,35
PROD400828,mens_tshirt,59,402,6,902,49,11,39
PROD400829,lehenga,48,610,7,1823,37,26,11
PROD400830,mobile_cover,31,774,8,2754,36,9,14
PROD400831,saree,56,263,2,2968,30,35,27
PROD400832,kurta,46,778,2,2659,13,14,14
PROD400833,footwear,24,791,2,1700,40,40,31
PROD400834,beauty,21,495,8,2691,37,18,20
PROD400835,footwear,28,254,4,2901,41,12,27
PROD400836,mobile_cover,57,259,2,665,34,38,33
PROD400837,jewellery,52,476,7,1003,41,10,12
PROD400838,jewellery,29,720,5,888,11,7,10
PROD400839,footwear,49,444,4,2433,44,14,37
PROD400840,footwear,24,312,3,1163,37,27,29
PROD400841,watches,44,489,4,619,40,39,32
PROD400842,handbags,26,602,4,2897,41,31,20
PROD400843,toys,24,449,4,2245,18,7,13
PROD400844,mens_tshirt,37,783,1,1688,32,15,32
PROD400845,home_decor,45,399,3,1865,38,19,37
PROD400846,mobile_cover,24,247,8,849,27,25,40
PROD400847,mobile_cover,34,354,8,1596,35,25,39
PROD400848,electronics_accessories,59,580,7,1165,43,33,26
PROD400849,jewellery,57,536,3,774,27,23,32
PROD400850,mobile_cover,27,122,5,1766,50,13,20
PROD400851,saree,46,692,3,2424,36,25,22
PROD400852,sunglasses,41,212,3,2853,13,31,34
PROD400853,mens_shirt,48,527,8,834,48,19,33
PROD400854,kitchen_storage,21,728,8,2493,23,21,31
PROD400855,handbags,28,174,3,2457,17,24,23
PROD400856,mobile_cover,20,290,3,902,28,36,24
PROD400857,sunglasses,20,393,6,2118,46,34,37
PROD400858,mens_shirt,43,219,5,2959,13,34,10
PROD400859,kids_wear,34,765,3,483,28,33,27
PROD400860,mens_shirt,35,297,8,2742,19,8,39
PROD400861,toys,37,424,2,1716,41,30,34
PROD400862,beauty,20,504,4,1767,50,19,31
PROD400863,mens_shirt,53,536,4,117,17,9,14
PROD400864,mens_shirt,21,150,5,2161,27,13,22
PROD400865,handbags,54,308,4,970,37,33,31
PROD400866,toys,44,123,3,2931,44,30,25
PROD400867,lehenga,33,490,1,1474,50,21,29
PROD400868,jewellery,47,713,3,198,45,28,39
PROD400869,home_decor,37,681,1,565,22,14,18
PROD400870,grocery,43,195,4,1632,13,5,12
PROD400871,mens_tshirt,41,398,7,549,40,27,35
PROD400872,watches,23,653,1,987,43,37,28
PROD400873,kurta,38,361,2,350,28,8,18
PROD400874,footwear,24,456,7,1676,42,26,12
PROD400875,kids_wear,41,295,2,1224,42,18,25
PROD400876,jewellery,49,427,6,2171,13,17,11
PROD400877,grocery,60,112,2,1751,43,25,22
PROD400878,jewellery,48,212,8,1946,45,21,11
PROD400879,lehenga,58,138,3,1994,16,30,38
PROD400880,grocery,53,672,4,2081,16,32,12
PROD400881,mens_tshirt,43,628,7,1837,43,32,13
PROD400882,lehenga,56,684,8,1678,38,27,28
PROD400883,watches,32,779,4,754,36,9,25
PROD400884,kurta,40,128,6,2296,23,28,16
PROD400885,handbags,42,759,2,2508,32,32,20
PROD400886,beauty,29,658,6,1111,33,20,17
PROD400887,toys,57,621,3,1256,20,29,22
PROD400888,mens_shirt,26,579,8,1472,45,7,12
PROD400889,kitchen_storage,54,374,7,1852,45,36,29
PROD400890,kids_wear,20,307,1,721,42,26,16
PROD400891,jeans,49,283,8,1673,37,40,35
PROD400892,footwear,36,424,2,2713,33,8,15
PROD400893,kitchen_storage,28,630,6,1328,37,11,40
PROD400894,footwear,20,657,8,880,10,39,39
PROD400895,toys,50,228,1,2716,39,19,27
PROD400896,jeans,50,586,8,1967,17,12,38
PROD400897,watches,38,243,6,625,40,37,39
PROD400898,electronics_accessories,32,101,1,135,38,10,14
PROD400899,lehenga,23,244,5,676,22,23,31
PROD400900,jewellery,51,321,1,1528,40,33,25
PROD400901,mens_tshirt,59,537,2,2876,47,35,13
PROD400902,electronics_accessories,43,724,7,1533,35,30,34
PROD400903,beauty,46,403,1,2587,49,29,26
PROD400904,footwear,32,394,5,165,11,28,14
PROD400905,jeans,38,241,7,2894,33,17,34
PROD400906,beauty,59,305,3,620,15,9,34
PROD400907,handbags,35,738,1,1978,11,28,32
PROD400908,jewellery,50,787,4,1825,13,12,20
PROD400909,bedsheets,60,700,2,438,31,7,33
PROD400910,mens_tshirt,22,170,7,720,36,5,10
PROD400911,watches,22,237,7,1528,45,18,31
PROD400912,handbags,49,444,8,2378,23,19,20
PROD400913,jewellery,52,612,4,1567,41,10,29
PROD400914,jeans,26,390,7,2033,46,10,36
PROD400915,handbags,44,348,7,2695,34,23,31
PROD400916,footwear,29,123,4,475,41,13,36
PROD400917,home_decor,47,473,3,2223,19,24,22
PROD400918,sunglasses,41,370,3,2140,18,23,10
PROD400919,kurta,22,791,3,185,44,30,31
PROD400920,kurta,25,411,7,171,30,10,28
PROD400921,saree,55,446,5,953,19,36,38
PROD400922,mens_tshirt,45,767,4,333,22,20,20
PROD400923,home_decor,33,490,4,152,15,8,11
PROD400924,kurta,57,153,4,370,45,33,26
PROD400925,mens_tshirt,20,417,1,810,43,19,20
PROD400926,handbags,24,443,3,2659,13,19,11
PROD400927,handbags,34,748,8,1808,37,10,17
PROD400928,home_decor,45,274,1,2196,15,13,14
PROD400929,home_decor,53,168,6,2443,29,34,38
PROD400930,handbags,49,103,6,1002,14,10,11
PROD400931,mobile_cover,55,317,4,134,49,32,25
PROD400932,kids_wear,58,558,5,671,16,40,28
PROD400933,mens_tshirt,39,243,7,2583,24,35,23
PROD400934,mobile_cover,21,206,7,2089,37,35,32
PROD400935,mens_tshirt,52,607,8,1730,18,38,27
PROD400936,kids_wear,46,341,7,2331,43,27,10
PROD400937,lehenga,45,755,3,1983,35,16,28
PROD400938,jeans,31,535,7,1881,38,37,36
PROD400939,watches,20,683,4,1933,35,10,40
PROD400940,electronics_accessories,40,273,3,2354,48,39,40
PROD400941,grocery,20,574,5,2478,47,20,35
PROD400942,kitchen_storage,56,648,2,655,30,26,29
PROD400943,bedsheets,50,576,3,1876,30,36,22
PROD400944,jewellery,21,662,4,2381,33,39,10
PROD400945,kitchen_storage,21,174,5,611,38,11,38
PROD400946,electronics_accessories,41,594,4,2441,14,13,28
PROD400947,mobile_cover,45,459,2,2288,44,33,12
PROD400948,mens_tshirt,39,638,7,261,13,28,34
PROD400949,kurta,20,717,3,1172,27,16,26
PROD400950,beauty,55,603,6,2719,39,8,30
PROD400951,footwear,21,244,4,173,17,11,33
PROD400952,mens_shirt,41,748,1,361,42,30,36
PROD400953,kurta,51,381,3,2441,11,30,31
PROD400954,grocery,42,252,3,763,24,17,23
PROD400955,grocery,33,221,1,1674,20,7,10
PROD400956,bedsheets,60,300,1,657,26,16,38
PROD400957,electronics_accessories,47,242,5,2974,46,33,21
PROD400958,footwear,50,750,5,201,30,36,38
PROD400959,lehenga,37,412,7,2817,48,28,38
PROD400960,home_decor,51,361,1,1658,44,36,35
PROD400961,kids_wear,43,761,5,1136,33,19,18
PROD400962,kitchen_storage,24,387,7,2784,37,40,27
PROD400963,home_decor,42,626,4,2828,27,37,16
PROD400964,jewellery,55,334,6,2782,45,32,30
PROD400965,jeans,46,606,4,1878,35,24,26
PROD400966,kitchen_storage,35,257,1,2815,39,35,21
PROD400967,watches,50,104,5,1098,20,31,34
PROD400968,grocery,55,323,5,1331,25,32,29
PROD400969,kitchen_storage,54,132,6,197,29,25,35
PROD400970,kurta,43,132,3,2279,27,30,24
PROD400971,jeans,20,152,8,907,27,16,39
PROD400972,grocery,32,680,1,2954,39,33,17
PROD400973,bedsheets,29,704,6,1204,50,27,31
PROD400974,saree,35,675,1,359,36,13,20
PROD400975,sunglasses,42,212,6,257,18,5,19
PROD400976,kitchen_storage,21,773,3,2403,16,24,16
PROD400977,kitchen_storage,34,166,3,2000,48,21,34
PROD400978,footwear,34,603,6,870,15,11,13
PROD400979,mens_shirt,35,772,6,2459,11,22,37
PROD400980,jeans,45,466,3,1987,26,14,27
PROD400981,home_decor,44,287,6,554,13,38,21
PROD400982,bedsheets,34,641,4,2369,32,27,19
PROD400983,kitchen_storage,25,365,7,267,48,10,28
PROD400984,footwear,40,196,2,2052,29,27,36
PROD400985,mobile_cover,40,800,4,2920,39,7,39
PROD400986,home_decor,28,585,3,2327,16,31,24
PROD400987,kids_wear,35,552,5,1678,16,13,37
PROD400988,lehenga,40,587,6,1833,20,32,18
PROD400989,mens_tshirt,31,534,1,2204,26,38,13
PROD400990,watches,48,501,3,157,47,8,23
PROD400991,toys,34,185,7,1085,11,20,39
PROD400992,grocery,58,444,2,1885,41,8,19
PROD400993,kitchen_storage,22,437,3,612,36,33,17
PROD400994,mens_tshirt,31,320,5,1038,43,40,26
PROD400995,kurta,39,614,6,470,28,14,11
PROD400996,mens_shirt,43,722,4,1741,29,28,11
PROD400997,mens_shirt,55,279,4,538,25,21,14
PROD400998,bedsheets,43,479,8,1650,39,16,29
PROD400999,grocery,24,212,6,1299,47,6,33
PROD401000,jewellery,60,364,4,448,43,17,30
PROD401001,jewellery,35,546,6,1021,15,7,31
PROD401002,jeans,57,595,8,586,16,25,10
PROD401003,home_decor,29,799,2,2857,39,13,22
PROD401004,kitchen_storage,24,562,4,762,42,12,36
PROD401005,home_decor,29,729,2,319,42,36,17
PROD401006,grocery,29,260,2,2531,45,20,22
PROD401007,toys,24,429,8,992,39,32,34
PROD401008,bedsheets,27,127,6,660,46,37,31
PROD401009,beauty,51,101,8,2735,28,27,37
PROD401010,grocery,59,182,6,904,13,21,18
PROD401011,kitchen_storage,23,110,3,124,18,29,33
PROD401012,watches,35,673,8,2373,49,7,38
PROD401013,kids_wear,39,753,6,326,20,25,26
PROD401014,electronics_accessories,48,506,1,1073,13,22,10
PROD401015,grocery,33,379,7,2905,39,27,19
PROD401016,lehenga,54,249,4,1836,44,37,13
PROD401017,kurta,24,349,3,1928,21,9,11
PROD401018,kitchen_storage,26,349,4,1250,34,8,13
PROD401019,sunglasses,39,263,3,111,16,20,27
PROD401020,sunglasses,30,470,4,811,12,40,33
PROD401021,kids_wear,24,788,7,2242,17,31,17
PROD401022,home_decor,20,343,2,2756,40,20,33
PROD401023,electronics_accessories,58,112,8,2190,47,24,30
PROD401024,bedsheets,47,593,3,289,12,6,21
PROD401025,mens_shirt,25,363,2,306,40,5,24
PROD401026,mens_tshirt,47,347,5,2396,33,6,35
PROD401027,sunglasses,58,428,2,838,23,34,10
PROD401028,watches,43,182,2,2492,15,21,35
PROD401029,jewellery,43,365,6,1821,48,35,14
PROD401030,grocery,45,452,6,1695,17,16,24
PROD401031,home_decor,51,180,4,1898,38,12,32
PROD401032,watches,52,525,3,1843,25,27,22
PROD401033,mens_tshirt,28,511,7,1904,44,19,40
PROD401034,saree,43,472,8,949,39,11,16
PROD401035,sunglasses,53,589,5,290,20,13,16
PROD401036,jewellery,44,170,5,1317,35,29,15
PROD401037,bedsheets,47,309,4,103,28,12,12
PROD401038,beauty,46,199,5,813,50,11,21
PROD401039,jeans,38,623,4,561,48,30,27
PROD401040,home_decor,33,525,5,2062,11,21,22
PROD401041,kitchen_storage,44,651,7,2529,42,35,39
PROD401042,saree,33,486,4,112,11,22,27
PROD401043,footwear,51,799,4,1744,24,10,34
PROD401044,mobile_cover,56,285,3,2995,48,12,31
PROD401045,jeans,50,159,7,1450,48,19,18
PROD401046,lehenga,22,370,1,1644,19,11,12
PROD401047,sunglasses,48,274,3,2203,20,22,25
PROD401048,mens_tshirt,53,297,1,458,44,12,24
PROD401049,toys,45,767,1,2067,31,33,26
PROD401050,grocery,53,771,5,2461,40,23,28
PROD401051,grocery,48,739,1,1393,20,13,13
PROD401052,bedsheets,27,213,5,2337,36,26,23
PROD401053,mobile_cover,53,197,2,138,37,9,25
PROD401054,kids_wear,60,420,7,1096,16,31,16
PROD401055,mens_tshirt,30,710,8,1601,32,33,36
PROD401056,jeans,46,205,7,2544,29,31,16
PROD401057,bedsheets,55,619,2,463,46,18,26
PROD401058,toys,57,699,1,1705,43,15,32
PROD401059,kurta,27,312,1,2146,14,32,25
PROD401060,mobile_cover,32,799,3,570,34,19,35
PROD401061,kids_wear,46,223,4,414,40,38,20
PROD401062,handbags,57,137,1,1371,48,8,17
PROD401063,bedsheets,30,715,6,1311,33,38,34
PROD401064,kitchen_storage,52,330,6,2946,36,20,31
PROD401065,grocery,57,661,2,727,40,22,33
PROD401066,kids_wear,58,747,3,695,30,26,13
PROD401067,beauty,37,171,3,1421,45,9,30
PROD401068,handbags,51,531,3,535,21,17,22
PROD401069,kurta,27,655,7,1055,46,21,21
PROD401070,handbags,26,312,5,1403,24,11,20
PROD401071,electronics_accessories,33,153,4,135,40,30,26
PROD401072,kitchen_storage,59,147,7,2949,29,28,38
PROD401073,toys,54,575,3,2678,27,7,27
PROD401074,grocery,58,280,2,1987,40,17,20
PROD401075,lehenga,46,510,2,372,23,18,40
PROD401076,grocery,50,296,7,1954,11,35,32
PROD401077,mens_shirt,27,590,4,2994,28,5,32
PROD401078,jeans,39,235,3,2747,20,22,13
PROD401079,grocery,53,335,1,1786,25,16,33
PROD401080,footwear,47,420,5,159,16,39,13
PROD401081,jewellery,38,374,3,1314,45,22,14
PROD401082,saree,30,386,4,1606,10,24,24
PROD401083,home_decor,42,193,2,2837,42,32,31
PROD401084,lehenga,41,526,5,133,49,23,13
PROD401085,jewellery,51,459,4,2643,44,9,38
PROD401086,kids_wear,49,139,6,1374,50,13,19
PROD401087,kitchen_storage,25,800,1,2183,21,29,37
PROD401088,lehenga,24,127,4,1403,34,25,29
PROD401089,handbags,31,691,3,244,50,16,17
PROD401090,bedsheets,44,490,7,2488,37,16,34
PROD401091,jeans,56,455,4,1049,44,29,12
PROD401092,toys,36,195,2,2660,44,17,29
PROD401093,saree,59,336,5,619,27,14,19
PROD401094,saree,44,534,3,2198,22,22,23
PROD401095,kids_wear,32,407,4,1075,26,18,25
PROD401096,mobile_cover,26,639,7,1886,49,21,33
PROD401097,kurta,52,545,6,1279,21,23,17
PROD401098,sunglasses,31,492,3,2371,31,26,10
PROD401099,beauty,37,309,6,188,46,27,15
PROD401100,sunglasses,60,635,6,2593,27,35,36
PROD401101,saree,35,682,7,2578,37,23,20
PROD401102,kids_wear,40,715,2,2026,35,26,11
PROD401103,handbags,49,227,4,118,12,26,18
PROD401104,mens_shirt,55,620,8,969,27,23,33
PROD401105,grocery,45,782,7,2214,37,32,24
PROD401106,toys,54,725,5,1971,11,31,32
PROD401107,mens_tshirt,49,757,1,1874,47,8,12
PROD401108,handbags,59,550,2,430,11,18,35
PROD401109,watches,36,558,2,1479,35,35,36
PROD401110,mobile_cover,46,542,6,100,31,9,27
PROD401111,watches,47,120,2,1674,41,23,18
PROD401112,toys,31,309,5,2943,23,28,29
PROD401113,home_decor,56,629,6,176,27,25,34
PROD401114,saree,41,518,7,2997,46,19,25
PROD401115,kitchen_storage,39,146,3,1182,21,40,23
PROD401116,lehenga,50,649,3,1456,38,12,19
PROD401117,kurta,28,438,1,2895,25,39,20
PROD401118,bedsheets,47,276,7,1332,42,9,30
PROD401119,home_decor,35,629,5,2446,25,31,37
PROD401120,sunglasses,23,787,7,902,30,37,21
PROD401121,footwear,21,186,1,425,19,33,27
PROD401122,toys,44,715,6,444,49,18,10
PROD401123,jewellery,52,477,3,3000,41,34,21
PROD401124,watches,44,586,1,985,34,25,23
PROD401125,mens_shirt,23,298,7,983,26,24,31
PROD401126,jewellery,33,743,5,1750,42,29,33
PROD401127,footwear,34,207,2,2861,19,17,17
PROD401128,mobile_cover,48,795,7,463,40,8,24
PROD401129,footwear,27,557,5,1246,32,34,24
PROD401130,home_decor,31,791,7,656,34,20,40
PROD401131,electronics_accessories,48,651,6,2953,12,37,29
PROD401132,sunglasses,58,600,8,1185,41,28,29
PROD401133,handbags,38,765,4,1268,42,26,14
PROD401134,toys,42,294,8,1982,26,6,40
PROD401135,footwear,50,498,8,1819,45,35,19
PROD401136,saree,36,253,1,2066,36,34,21
PROD401137,lehenga,39,711,8,1536,22,24,12
PROD401138,lehenga,40,582,4,2769,23,8,29
PROD401139,toys,23,133,1,2438,27,7,35
PROD401140,home_decor,43,507,6,2173,19,20,33
PROD401141,jewellery,36,451,4,2251,31,32,21
PROD401142,footwear,41,284,4,2872,18,31,23
PROD401143,kurta,60,799,1,250,26,34,10
PROD401144,toys,25,171,1,1105,29,28,36
PROD401145,home_decor,24,180,7,1387,15,10,27
PROD401146,mens_tshirt,40,614,4,1934,27,30,23
PROD401147,lehenga,39,413,8,1937,37,10,26
PROD401148,home_decor,52,598,1,1249,39,31,22
PROD401149,electronics_accessories,55,250,1,1627,18,28,22
PROD401150,kitchen_storage,58,700,6,168,43,9,18
PROD401151,jeans,34,337,1,839,46,16,25
PROD401152,home_decor,38,117,6,1239,40,20,29
PROD401153,sunglasses,47,278,3,374,26,8,21
PROD401154,lehenga,33,190,7,1640,12,24,25
PROD401155,jewellery,48,349,4,2360,47,10,18
PROD401156,beauty,52,447,3,1169,39,24,37
PROD401157,jewellery,28,102,4,1440,48,21,19
PROD401158,mens_tshirt,21,788,3,1025,42,35,30
PROD401159,footwear,42,184,7,1794,29,36,25
PROD401160,jewellery,26,308,2,933,33,9,26
PROD401161,kids_wear,20,244,6,2205,33,17,18
PROD401162,home_decor,40,647,2,1530,23,38,34
PROD401163,sunglasses,43,753,3,2941,17,36,27
PROD401164,grocery,40,451,1,2464,43,24,32
PROD401165,lehenga,30,667,7,1452,33,38,36
PROD401166,mens_tshirt,44,571,6,2642,21,18,27
PROD401167,kids_wear,26,701,4,1374,44,10,27
PROD401168,kurta,23,300,2,1157,34,17,18
PROD401169,mens_shirt,58,277,5,743,16,28,28
PROD401170,beauty,35,153,2,810,14,37,20
PROD401171,mens_shirt,50,297,5,471,15,23,33
PROD401172,electronics_accessories,25,301,4,443,31,27,21
PROD401173,kids_wear,23,164,6,1015,12,17,11
PROD401174,jewellery,38,110,8,1906,44,10,31
PROD401175,mens_tshirt,23,731,7,1576,49,40,19
PROD401176,kitchen_storage,40,567,7,2999,37,20,33
PROD401177,jewellery,40,410,2,2387,21,11,14
PROD401178,home_decor,59,712,5,1497,19,8,23
PROD401179,jewellery,25,732,2,193,36,11,39
PROD401180,electronics_accessories,44,730,2,170,13,38,30
PROD401181,mens_shirt,30,780,5,648,17,30,27
PROD401182,mens_shirt,46,615,3,722,15,36,21
PROD401183,electronics_accessories,30,765,7,2632,46,29,40
PROD401184,mens_shirt,21,641,4,2686,27,36,28
PROD401185,lehenga,20,111,6,2429,24,13,31
PROD401186,mobile_cover,51,232,3,2357,50,34,11
PROD401187,kids_wear,30,249,1,290,39,22,27
PROD401188,kitchen_storage,59,605,3,1140,22,40,24
PROD401189,mens_tshirt,29,724,6,461,28,26,15
PROD401190,kurta,41,793,1,2993,19,38,22
PROD401191,saree,44,144,5,2362,11,16,35
PROD401192,jeans,36,113,7,1568,29,35,18
PROD401193,beauty,45,721,6,270,47,6,18
PROD401194,lehenga,60,614,6,1884,35,21,16
PROD401195,kurta,26,498,6,2668,32,32,35
PROD401196,mens_shirt,34,627,8,2274,42,37,24
PROD401197,electronics_accessories,42,535,4,403,23,29,31
PROD401198,kurta,46,762,3,665,47,6,38
PROD401199,lehenga,26,298,7,137,27,35,36
PROD401200,toys,37,781,8,426,46,5,16
PROD401201,watches,21,312,6,596,26,38,28
PROD401202,kitchen_storage,35,673,3,2432,28,24,12
PROD401203,toys,27,365,8,2407,13,28,17
PROD401204,jewellery,48,231,4,2510,32,10,40
PROD401205,home_decor,50,320,1,2411,31,19,14
PROD401206,electronics_accessories,51,108,5,2191,43,30,36
PROD401207,watches,46,439,7,2921,19,15,21
PROD401208,sunglasses,31,262,3,2297,10,12,26
PROD401209,kids_wear,29,351,6,958,12,32,38
PROD401210,watches,52,451,7,2292,29,32,25
PROD401211,home_decor,60,607,1,2601,35,22,20
PROD401212,sunglasses,34,591,5,1249,46,25,36
PROD401213,toys,50,442,3,425,24,27,30
PROD401214,kids_wear,25,589,6,1511,31,15,39
PROD401215,watches,59,600,5,2301,39,22,12
PROD401216,lehenga,60,398,7,2901,20,32,24
PROD401217,kitchen_storage,27,767,2,2627,49,36,23
PROD401218,handbags,41,329,5,2611,36,27,35
PROD401219,kitchen_storage,24,466,7,1372,17,30,24
PROD401220,watches,58,537,4,132,13,18,21
PROD401221,watches,31,162,2,1722,22,7,12
PROD401222,kitchen_storage,56,586,3,806,27,14,14
PROD401223,watches,37,654,4,1350,48,15,25
PROD401224,electronics_accessories,46,666,1,2425,50,38,34
PROD401225,handbags,47,770,1,439,50,37,11
PROD401226,handbags,20,308,4,1328,45,5,12
PROD401227,kitchen_storage,34,549,4,1634,43,30,22
PROD401228,bedsheets,26,454,6,1169,27,31,38
PROD401229,saree,42,350,3,1709,12,32,25
PROD401230,handbags,45,748,3,2130,18,8,30
PROD401231,kitchen_storage,33,504,5,2656,46,9,13
PROD401232,grocery,29,643,6,1774,38,14,35
PROD401233,watches,43,143,3,450,32,25,33
PROD401234,kids_wear,55,351,1,2858,41,34,20
PROD401235,kitchen_storage,55,242,2,750,34,16,23
PROD401236,handbags,33,721,6,1728,40,37,18
PROD401237,jewellery,45,102,8,2398,49,6,36
PROD401238,bedsheets,41,184,2,2586,42,9,24
PROD401239,bedsheets,43,479,2,727,46,22,19
PROD401240,mens_tshirt,39,718,3,1488,23,11,23
PROD401241,handbags,59,654,3,2229,25,38,34
PROD401242,kitchen_storage,56,587,5,1902,38,32,21
PROD401243,electronics_accessories,40,696,1,2071,11,28,20
PROD401244,jewellery,59,369,4,2715,29,19,34
PROD401245,home_decor,54,582,8,517,31,31,35
PROD401246,toys,31,244,1,2484,27,8,25
PROD401247,electronics_accessories,35,405,2,1516,23,28,28
PROD401248,beauty,49,227,1,2819,13,12,13
PROD401249,kitchen_storage,36,573,8,1036,28,21,17
PROD401250,lehenga,36,649,8,646,21,27,40
PROD401251,mobile_cover,49,612,6,1743,26,11,17
PROD401252,kitchen_storage,37,763,8,1365,16,30,27
PROD401253,kitchen_storage,43,578,4,2637,30,14,17
PROD401254,mens_shirt,54,475,6,1531,45,6,36
PROD401255,toys,42,597,5,2098,33,37,13
PROD401256,home_decor,45,145,3,2274,26,12,34
PROD401257,kids_wear,46,271,4,974,50,24,24
PROD401258,saree,39,118,8,516,26,30,35
PROD401259,toys,48,748,2,1142,41,36,33
PROD401260,footwear,38,227,6,1408,46,26,11
PROD401261,watches,33,611,5,1627,35,7,13
PROD401262,beauty,21,295,7,512,11,9,24
PROD401263,mobile_cover,59,794,1,2799,12,11,24
PROD401264,kurta,44,571,5,2453,12,36,27
PROD401265,home_decor,58,282,6,1385,16,30,38
PROD401266,mens_shirt,27,473,4,2822,45,32,24
PROD401267,electronics_accessories,35,461,4,1854,41,20,21
PROD401268,mobile_cover,53,708,7,286,41,8,24
PROD401269,mens_shirt,28,646,4,1206,15,18,17
PROD401270,mobile_cover,26,298,1,404,27,17,11
PROD401271,grocery,49,417,3,2117,50,24,29
PROD401272,footwear,47,514,4,1384,40,31,24
PROD401273,lehenga,37,632,1,902,10,8,39
PROD401274,beauty,34,472,7,1594,45,14,22
PROD401275,saree,52,278,6,843,36,20,38
PROD401276,bedsheets,57,370,2,679,42,38,22
PROD401277,home_decor,57,206,2,617,18,17,35
PROD401278,jeans,24,370,3,1420,20,29,12
PROD401279,mens_tshirt,57,600,3,1464,49,24,22
PROD401280,kitchen_storage,48,370,5,1646,33,18,15
PROD401281,mobile_cover,40,386,5,412,17,38,13
PROD401282,sunglasses,41,187,4,1664,38,17,26
PROD401283,saree,41,247,1,944,45,39,13
PROD401284,toys,33,555,7,2201,29,11,27
PROD401285,handbags,51,182,5,1664,18,15,10
PROD401286,lehenga,36,777,4,912,25,25,18
PROD401287,kurta,26,213,3,1914,20,39,16
PROD401288,electronics_accessories,20,300,1,2181,40,30,39
PROD401289,jewellery,49,594,1,2447,10,31,31
PROD401290,bedsheets,47,211,4,2004,34,14,33
PROD401291,grocery,43,102,8,1824,40,9,30
PROD401292,home_decor,31,196,8,703,12,23,27
PROD401293,watches,53,504,1,2790,29,11,26
PROD401294,electronics_accessories,56,327,1,1026,20,29,37
PROD401295,jewellery,41,510,5,2618,37,34,19
PROD401296,mens_tshirt,57,727,2,1743,12,25,32
PROD401297,footwear,58,798,1,1684,26,7,40
PROD401298,toys,51,760,1,1039,29,13,20
PROD401299,mens_tshirt,58,561,1,605,45,9,33
PROD401300,mobile_cover,55,687,2,869,35,39,14
PROD401301,toys,45,575,1,1993,27,16,13
PROD401302,kitchen_storage,35,168,4,2711,35,13,34
PROD401303,kitchen_storage,30,511,1,675,21,12,23
PROD401304,toys,21,663,8,1602,27,37,10
PROD401305,mens_shirt,58,337,4,1607,44,19,34
PROD401306,watches,39,296,2,117,36,28,24
PROD401307,footwear,40,186,8,1375,31,21,22
PROD401308,toys,33,453,2,206,20,10,19
PROD401309,kurta,25,254,4,875,15,26,21
PROD401310,watches,60,696,8,2419,47,5,39
PROD401311,footwear,41,717,8,509,41,36,12
PROD401312,bedsheets,21,296,1,1514,36,37,24
PROD401313,kurta,56,410,2,630,26,29,10
PROD401314,kitchen_storage,25,501,5,2315,24,40,28
PROD401315,kitchen_storage,33,344,8,1677,45,21,13
PROD401316,sunglasses,49,513,8,2003,37,8,10
PROD401317,electronics_accessories,37,329,5,1429,47,34,31
PROD401318,footwear,25,754,8,1068,12,19,17
PROD401319,jeans,36,694,7,1948,31,36,38
PROD401320,handbags,41,219,1,1337,44,22,38
PROD401321,sunglasses,22,700,5,2970,38,18,36
PROD401322,mens_tshirt,54,194,6,1685,11,26,37
PROD401323,jewellery,30,595,1,1963,48,28,36
PROD401324,toys,39,588,7,580,16,11,11
PROD401325,bedsheets,56,584,7,1356,38,28,19
PROD401326,mobile_cover,46,449,8,713,42,34,14
PROD401327,jeans,44,799,4,1312,42,26,18
PROD401328,saree,33,693,1,2593,42,21,40
PROD401329,electronics_accessories,53,457,7,146,37,29,33
PROD401330,toys,58,286,7,377,23,38,14
PROD401331,home_decor,55,587,1,2659,38,33,38
PROD401332,beauty,48,710,6,2018,12,18,28
PROD401333,toys,46,247,7,1012,41,34,28
PROD401334,jeans,48,171,2,325,38,20,21
PROD401335,mens_tshirt,28,667,7,806,21,7,23
PROD401336,sunglasses,30,394,4,771,24,17,31
PROD401337,footwear,23,246,4,2626,47,19,18
PROD401338,handbags,44,123,7,212,34,21,32
PROD401339,footwear,20,508,6,2780,18,17,20
PROD401340,beauty,54,501,6,675,48,24,12
PROD401341,mens_shirt,52,451,4,2075,13,7,35
PROD401342,electronics_accessories,36,359,6,1276,44,35,34
PROD401343,kitchen_storage,35,209,2,2470,50,38,35
PROD401344,saree,36,270,6,1533,29,14,26
PROD401345,saree,40,353,8,1780,29,13,21
PROD401346,kitchen_storage,21,591,7,2355,43,33,27
PROD401347,electronics_accessories,21,795,3,272,24,13,15
PROD401348,mens_tshirt,35,176,8,240,15,25,27
PROD401349,electronics_accessories,46,313,3,2311,40,38,34
PROD401350,bedsheets,30,631,8,931,14,21,35
PROD401351,jeans,39,681,6,1774,21,12,25
PROD401352,toys,45,417,5,570,37,5,17
PROD401353,kids_wear,31,654,1,2029,10,6,20
PROD401354,lehenga,22,283,8,1378,31,10,14
PROD401355,saree,29,797,3,2980,10,10,33
PROD401356,bedsheets,43,404,6,1212,14,30,18
PROD401357,watches,51,734,3,2797,14,8,37
PROD401358,handbags,45,525,3,2010,30,6,34
PROD401359,mens_tshirt,42,275,7,2889,46,33,18
PROD401360,handbags,30,152,4,1731,13,35,27
PROD401361,kitchen_storage,38,655,4,926,10,28,26
PROD401362,bedsheets,29,343,4,1729,44,5,23
PROD401363,kurta,25,365,6,1924,48,14,17
PROD401364,mens_shirt,45,597,2,1197,44,26,26
PROD401365,mens_tshirt,59,749,8,128,16,28,11
PROD401366,mens_tshirt,56,542,8,2595,40,13,10
PROD401367,grocery,28,458,2,2440,18,7,13
PROD401368,sunglasses,29,662,6,617,25,19,32
PROD401369,mens_shirt,56,560,1,1200,46,17,34
PROD401370,bedsheets,57,448,3,2530,16,26,27
PROD401371,mobile_cover,40,227,2,1858,23,33,12
PROD401372,jewellery,58,268,1,2011,31,34,19
PROD401373,mens_tshirt,39,287,5,2399,39,20,28
PROD401374,home_decor,30,494,3,1516,48,10,26
PROD401375,sunglasses,35,171,3,1330,46,35,33
PROD401376,beauty,35,761,7,1988,40,15,38
PROD401377,handbags,39,295,5,909,50,26,37
PROD401378,jewellery,59,573,8,774,48,29,21
PROD401379,bedsheets,27,445,7,1359,24,38,37
PROD401380,kurta,30,728,1,1027,27,39,30
PROD401381,saree,38,228,5,2028,47,31,40
PROD401382,kurta,60,131,1,2424,28,5,29
PROD401383,lehenga,46,462,8,1034,40,31,14
PROD401384,jewellery,30,515,7,2944,18,13,21
PROD401385,handbags,58,257,1,1004,36,19,11
PROD401386,grocery,25,374,1,510,31,14,24
PROD401387,footwear,26,216,8,855,21,30,19
PROD401388,lehenga,36,603,6,1824,46,5,38
PROD401389,saree,60,167,5,615,49,19,16
PROD401390,kitchen_storage,59,640,5,1936,29,15,15
PROD401391,toys,54,752,4,2751,30,31,31
PROD401392,home_decor,50,588,2,1545,25,6,35
PROD401393,jeans,30,541,3,1333,39,20,22
PROD401394,kitchen_storage,20,143,4,686,48,6,28
PROD401395,kurta,60,156,7,1331,39,31,12
PROD401396,jewellery,39,249,8,2161,41,20,36
PROD401397,kitchen_storage,40,366,1,1263,21,20,13
PROD401398,electronics_accessories,59,604,3,2989,13,32,24
PROD401399,mobile_cover,37,684,4,2647,22,24,40
PROD401400,footwear,56,509,1,1235,30,18,33
PROD401401,toys,31,455,3,2202,40,40,32
PROD401402,footwear,41,567,4,1116,42,11,38
PROD401403,footwear,35,120,8,1052,27,26,17
PROD401404,kids_wear,23,285,4,1833,29,11,37
PROD401405,jeans,29,400,8,1138,11,39,21
PROD401406,kids_wear,49,261,1,1090,24,27,11
PROD401407,kitchen_storage,24,509,1,614,25,13,20
PROD401408,mens_tshirt,21,599,2,1597,32,25,27
PROD401409,bedsheets,23,701,5,2697,13,22,14
PROD401410,mens_shirt,39,449,7,1351,14,10,28
PROD401411,grocery,30,480,6,458,18,25,17
PROD401412,watches,22,597,2,2501,15,20,36
PROD401413,mobile_cover,21,457,4,2920,29,21,39
PROD401414,lehenga,59,581,2,1464,41,25,21
PROD401415,bedsheets,27,501,7,1044,21,37,30
PROD401416,mens_shirt,37,519,4,171,37,12,33
PROD401417,home_decor,28,176,6,1871,25,25,14
PROD401418,saree,20,569,7,399,30,7,19
PROD401419,mens_shirt,23,421,7,2151,32,31,29
PROD401420,beauty,49,179,5,877,23,32,10
PROD401421,watches,22,707,1,547,12,10,39
PROD401422,jewellery,46,198,1,986,48,14,25
PROD401423,watches,53,612,2,2303,48,18,11
PROD401424,handbags,45,772,2,1680,25,40,26
PROD401425,mens_tshirt,46,620,8,2998,44,27,12
PROD401426,watches,42,530,1,1535,50,7,31
PROD401427,toys,44,442,7,2380,44,15,22
PROD401428,bedsheets,31,636,1,149,40,14,32
PROD401429,bedsheets,30,101,2,2857,28,33,14
PROD401430,kids_wear,49,315,6,1820,28,6,24
PROD401431,watches,34,129,4,303,35,33,40
PROD401432,watches,58,698,6,522,26,27,19
PROD401433,grocery,55,309,7,1990,15,21,22
PROD401434,bedsheets,36,677,1,1880,34,38,26
PROD401435,home_decor,48,481,2,2398,31,36,38
PROD401436,mens_tshirt,25,535,5,1551,37,7,21
PROD401437,grocery,43,511,4,1343,25,10,26
PROD401438,kurta,60,771,8,958,47,14,10
PROD401439,kurta,28,457,6,1855,31,18,17
PROD401440,bedsheets,50,593,4,175,22,11,22
PROD401441,bedsheets,55,592,2,2524,20,31,13
PROD401442,mobile_cover,38,660,8,2857,19,5,37
PROD401443,mens_tshirt,29,368,1,667,33,23,20
PROD401444,kitchen_storage,21,773,1,1501,28,7,26
PROD401445,kurta,56,700,4,2426,41,30,30
PROD401446,beauty,35,632,8,653,29,29,13
PROD401447,electronics_accessories,33,113,4,1255,25,38,17
PROD401448,kurta,21,130,2,1292,24,25,15
PROD401449,grocery,39,733,4,172,41,22,13
PROD401450,beauty,56,679,7,1386,27,31,34
PROD401451,electronics_accessories,29,624,8,2939,22,27,13
PROD401452,watches,58,486,3,695,31,14,24
PROD401453,kitchen_storage,60,513,1,117,20,13,17
PROD401454,kurta,28,329,5,259,33,29,33
PROD401455,beauty,48,204,3,1572,15,28,26
PROD401456,toys,22,368,2,2215,50,15,34
PROD401457,watches,20,444,2,1790,35,32,11
PROD401458,sunglasses,27,284,4,2472,18,36,26
PROD401459,sunglasses,38,382,8,2700,49,7,28
PROD401460,sunglasses,44,298,7,439,30,13,25
PROD401461,electronics_accessories,59,430,5,1340,29,14,10
PROD401462,mens_shirt,30,365,3,1128,44,39,36
PROD401463,electronics_accessories,32,172,4,1990,25,34,12
PROD401464,jewellery,43,142,4,401,17,39,11
PROD401465,mens_shirt,44,795,7,2685,47,12,39
PROD401466,handbags,27,718,4,2842,46,31,10
PROD401467,electronics_accessories,25,125,5,1960,15,37,28
PROD401468,mens_tshirt,26,694,3,1391,34,14,38
PROD401469,jewellery,51,519,4,1285,14,7,17
PROD401470,handbags,25,387,2,911,14,38,13
PROD401471,mens_tshirt,55,748,2,1378,10,26,39
PROD401472,lehenga,34,260,6,2705,17,33,37
PROD401473,toys,20,417,5,1944,12,37,21
PROD401474,home_decor,20,686,5,295,34,34,13
PROD401475,jewellery,52,569,4,383,11,17,13
PROD401476,handbags,42,499,5,1389,40,13,40
PROD401477,mens_shirt,49,435,8,2556,27,8,24
PROD401478,handbags,21,327,4,1942,26,21,29
PROD401479,toys,59,637,8,115,48,19,17
PROD401480,grocery,26,334,7,2618,28,10,15
PROD401481,electronics_accessories,39,172,1,1678,11,19,15
PROD401482,home_decor,48,459,4,367,45,7,21
PROD401483,bedsheets,45,347,2,2907,12,10,10
PROD401484,sunglasses,58,515,6,1309,36,11,15
PROD401485,kitchen_storage,34,505,1,1691,28,6,11
PROD401486,handbags,48,397,7,2000,48,24,38
PROD401487,sunglasses,44,750,5,2183,26,38,12
PROD401488,beauty,20,765,4,1760,16,6,11
PROD401489,beauty,49,104,2,1920,41,19,30
PROD401490,bedsheets,40,687,5,2539,22,17,36
PROD401491,kurta,48,640,2,553,14,33,13
PROD401492,toys,47,153,1,1238,49,6,15
PROD401493,lehenga,37,393,5,452,32,26,37
PROD401494,toys,47,558,5,1031,24,19,31
PROD401495,watches,39,779,7,2972,31,28,40
PROD401496,jeans,34,681,2,2066,11,18,33
PROD401497,footwear,43,349,1,326,29,16,22
PROD401498,electronics_accessories,42,319,7,557,49,35,30
PROD401499,beauty,35,206,8,986,46,24,34
PROD401500,home_decor,29,379,8,723,22,40,36
PROD401501,mobile_cover,53,485,6,2808,25,14,37
PROD401502,bedsheets,44,666,8,2818,15,21,32
PROD401503,lehenga,35,380,4,609,40,29,24
PROD401504,kurta,47,106,6,1590,45,11,25
PROD401505,footwear,40,573,3,585,17,29,14
PROD401506,kitchen_storage,21,502,4,1619,26,30,19
PROD401507,electronics_accessories,33,706,8,163,16,23,31
PROD401508,kitchen_storage,43,597,1,1045,48,20,18
PROD401509,mens_shirt,50,201,7,1728,47,14,21
PROD401510,kitchen_storage,28,718,1,1448,11,16,22
PROD401511,kurta,20,149,2,555,13,10,36
PROD401512,kitchen_storage,47,175,7,388,47,34,16
PROD401513,sunglasses,36,358,2,670,15,19,10
PROD401514,kurta,55,624,3,2783,22,38,37
PROD401515,jewellery,44,686,1,2886,45,30,25
PROD401516,mens_shirt,32,790,4,401,13,21,31
PROD401517,handbags,53,227,8,2869,39,20,30
PROD401518,home_decor,43,424,7,387,48,13,14
PROD401519,lehenga,53,660,3,672,11,31,16
PROD401520,lehenga,53,507,5,597,40,29,12
PROD401521,footwear,21,259,4,1793,26,12,32
PROD401522,home_decor,58,344,7,2175,22,25,39
PROD401523,grocery,57,167,7,1994,37,22,10
PROD401524,footwear,29,330,2,2441,24,16,20
PROD401525,mens_shirt,54,252,7,1960,16,16,22
PROD401526,grocery,35,572,5,2578,49,25,37
PROD401527,jeans,31,420,3,2618,36,21,18
PROD401528,jewellery,53,385,4,2679,37,39,23
PROD401529,watches,27,218,2,1366,24,19,11
PROD401530,home_decor,36,124,1,1412,45,36,25
PROD401531,lehenga,41,424,6,2532,13,29,32
PROD401532,jeans,50,643,8,2597,13,15,39
PROD401533,mobile_cover,56,200,3,164,27,29,40
PROD401534,footwear,49,272,2,1789,21,30,22
PROD401535,saree,33,249,4,1427,42,24,12
PROD401536,sunglasses,20,279,6,1511,49,36,24
PROD401537,footwear,49,684,4,2564,32,36,37
PROD401538,toys,40,454,2,2411,19,21,33
PROD401539,beauty,37,798,2,401,14,35,31
PROD401540,kids_wear,45,566,1,994,43,32,14
PROD401541,mobile_cover,45,768,8,1865,16,11,15
PROD401542,mobile_cover,55,398,3,940,23,6,35
PROD401543,saree,54,143,6,1729,25,7,33
PROD401544,watches,29,691,3,2673,26,40,14
PROD401545,watches,49,328,3,553,12,35,31
PROD401546,watches,53,307,2,803,50,33,17
PROD401547,home_decor,42,397,6,711,21,5,25
PROD401548,mens_shirt,20,165,8,192,45,23,14
PROD401549,sunglasses,50,359,2,1889,20,36,29
PROD401550,home_decor,33,744,7,1436,14,15,29
PROD401551,kitchen_storage,42,439,2,2903,11,6,40
PROD401552,mobile_cover,25,133,2,2633,29,39,34
PROD401553,handbags,28,231,7,808,23,8,10
PROD401554,kids_wear,46,110,8,651,18,20,20
PROD401555,kurta,29,769,4,111,22,22,31
PROD401556,mens_shirt,60,381,4,1971,31,18,28
PROD401557,mens_tshirt,47,686,3,2394,11,12,37
PROD401558,home_decor,45,326,2,1828,37,29,36
PROD401559,sunglasses,50,792,5,137,25,18,37
PROD401560,saree,36,482,5,1135,14,6,22
PROD401561,mens_tshirt,47,500,5,2476,39,5,10
PROD401562,sunglasses,38,397,6,2362,11,11,20
PROD401563,mens_tshirt,51,516,5,684,47,31,36
PROD401564,jeans,53,103,3,1311,16,12,21
PROD401565,saree,40,118,7,2620,46,31,13
PROD401566,kids_wear,27,437,3,1457,33,15,32
PROD401567,footwear,30,236,1,1428,42,40,16
PROD401568,beauty,48,751,5,1062,32,22,33
PROD401569,kurta,39,608,7,814,31,17,29
PROD401570,mobile_cover,22,209,2,574,31,15,36
PROD401571,kitchen_storage,40,618,7,843,39,33,32
PROD401572,sunglasses,55,651,3,1746,12,19,12
PROD401573,beauty,37,644,1,1074,11,21,39
PROD401574,mobile_cover,54,619,1,2994,47,35,13
PROD401575,sunglasses,47,169,5,637,21,19,21
PROD401576,kitchen_storage,38,776,6,2542,21,7,20
PROD401577,mobile_cover,56,516,8,1415,38,36,29
PROD401578,grocery,25,209,4,1939,47,40,17
PROD401579,saree,39,439,8,1786,19,33,37
PROD401580,handbags,40,799,2,459,34,5,27
PROD401581,toys,42,643,8,259,16,27,31
PROD401582,jeans,31,219,4,925,34,38,29
PROD401583,electronics_accessories,23,107,4,1215,39,32,31
PROD401584,lehenga,28,787,4,128,41,22,22
PROD401585,mens_tshirt,27,352,8,2464,48,13,24
PROD401586,mens_tshirt,60,436,7,299,24,18,26
PROD401587,bedsheets,54,631,6,696,42,28,33
PROD401588,sunglasses,59,624,7,2199,16,39,34
PROD401589,handbags,35,689,8,1721,25,8,32
PROD401590,toys,20,760,1,2026,25,36,28
PROD401591,jewellery,59,696,5,1233,30,34,31
PROD401592,handbags,39,383,2,277,38,30,28
PROD401593,jeans,47,238,7,2722,31,23,30
PROD401594,footwear,39,562,6,2426,16,30,10
PROD401595,handbags,35,449,4,2603,43,26,40
PROD401596,toys,23,573,7,1590,42,25,24
PROD401597,watches,34,788,8,1451,36,40,12
PROD401598,electronics_accessories,50,638,5,993,29,7,25
PROD401599,kids_wear,23,553,2,2912,39,34,40
PROD401600,electronics_accessories,26,752,4,1395,11,5,25
PROD401601,watches,54,323,7,2491,20,14,16
PROD401602,kids_wear,52,429,5,155,25,17,23
PROD401603,toys,57,718,6,632,45,26,31
PROD401604,kurta,31,329,2,666,35,25,16
PROD401605,jeans,49,343,6,2944,31,12,19
PROD401606,grocery,48,259,5,2533,13,17,14
PROD401607,mens_shirt,35,374,8,2095,14,23,23
PROD401608,grocery,41,134,4,1562,30,28,21
PROD401609,beauty,22,252,1,267,36,12,25
PROD401610,handbags,24,299,7,1366,26,28,28
PROD401611,handbags,50,501,2,755,16,40,28
PROD401612,footwear,58,195,3,2056,10,31,20
PROD401613,saree,48,514,2,730,20,14,39
PROD401614,sunglasses,35,771,1,1593,34,23,19
PROD401615,home_decor,55,461,4,2849,10,21,21
PROD401616,mobile_cover,40,448,6,309,18,31,16
PROD401617,kitchen_storage,47,106,8,2141,41,39,29
PROD401618,jewellery,33,337,3,2099,36,17,28
PROD401619,grocery,23,369,7,244,11,38,15
PROD401620,footwear,45,679,7,2806,19,32,38
PROD401621,toys,21,288,3,713,13,33,21
PROD401622,kitchen_storage,21,510,2,1975,48,7,23
PROD401623,beauty,21,168,6,2877,16,16,11
PROD401624,kurta,33,698,4,1135,29,7,24
PROD401625,home_decor,58,587,3,569,34,16,33
PROD401626,lehenga,55,764,4,2909,25,19,28
PROD401627,lehenga,58,261,7,2757,49,14,13
PROD401628,saree,41,329,1,2067,15,15,15
PROD401629,home_decor,22,156,3,695,42,19,30
PROD401630,beauty,48,386,3,1959,13,25,19
PROD401631,grocery,55,431,8,2317,44,33,35
PROD401632,jeans,55,248,1,1739,22,14,15
PROD401633,watches,21,181,3,1826,46,40,11
PROD401634,jewellery,36,525,7,1597,42,25,14
PROD401635,handbags,51,518,1,2425,36,6,30
PROD401636,home_decor,36,550,3,2945,50,21,39
PROD401637,kitchen_storage,31,470,8,990,38,40,24
PROD401638,handbags,50,606,5,157,38,5,35
PROD401639,grocery,37,526,6,2060,39,34,34
PROD401640,kurta,47,188,3,2618,42,37,29
PROD401641,beauty,29,658,5,735,35,38,11
PROD401642,grocery,28,624,3,1742,14,29,18
PROD401643,mens_tshirt,48,127,1,1499,22,36,12
PROD401644,watches,47,134,6,1685,35,39,26
PROD401645,saree,32,176,7,1648,29,35,37
PROD401646,toys,43,751,2,691,39,38,16
PROD401647,mens_tshirt,31,368,3,2380,33,20,21
PROD401648,handbags,25,508,1,447,46,10,29
PROD401649,sunglasses,36,669,1,2239,38,5,39
PROD401650,mens_tshirt,50,101,7,2090,16,28,15
PROD401651,kurta,50,578,2,324,40,23,11
PROD401652,jewellery,34,330,7,2344,47,28,33
PROD401653,beauty,58,488,8,2964,19,23,23
PROD401654,lehenga,23,435,2,475,12,5,11
PROD401655,bedsheets,23,208,8,2374,33,6,33
PROD401656,jeans,20,481,1,708,32,23,28
PROD401657,bedsheets,30,741,4,2980,49,16,11
PROD401658,lehenga,20,790,3,2639,40,28,38
PROD401659,grocery,58,584,5,2755,39,26,30
PROD401660,footwear,58,532,6,2537,38,24,18
PROD401661,jeans,42,254,7,2816,49,21,31
PROD401662,jeans,23,388,2,1756,28,12,21
PROD401663,kids_wear,48,398,1,2885,33,10,38
PROD401664,kids_wear,35,569,4,1919,37,30,33
PROD401665,toys,58,558,7,2285,17,29,34
PROD401666,saree,53,427,6,2133,15,34,19
PROD401667,grocery,22,471,5,2620,35,38,26
PROD401668,lehenga,37,379,1,2211,13,18,40
PROD401669,kitchen_storage,52,510,3,1260,12,27,24
PROD401670,handbags,36,438,1,2413,49,40,23
PROD401671,kids_wear,31,364,6,1097,30,14,24
PROD401672,toys,26,199,2,470,13,38,21
PROD401673,lehenga,54,356,7,2874,37,37,29
PROD401674,sunglasses,40,710,4,779,14,20,21
PROD401675,toys,46,220,4,314,39,17,30
PROD401676,handbags,54,108,1,739,19,31,18
PROD401677,mens_shirt,42,730,8,2814,18,5,20
PROD401678,kitchen_storage,38,659,3,2452,43,35,39
PROD401679,sunglasses,26,724,3,363,28,35,31
PROD401680,handbags,58,652,5,1930,29,29,10
PROD401681,jewellery,31,697,4,1966,16,35,33
PROD401682,sunglasses,36,798,8,838,15,21,23
PROD401683,lehenga,49,287,8,1476,44,8,35
PROD401684,handbags,42,247,3,1835,38,32,29
PROD401685,watches,53,764,8,2515,44,38,24
PROD401686,bedsheets,41,400,5,1449,42,21,38
PROD401687,beauty,38,170,4,1237,10,12,39
PROD401688,grocery,28,695,4,1803,10,26,40
PROD401689,grocery,47,286,8,1463,14,18,18
PROD401690,electronics_accessories,35,628,1,554,19,22,36
PROD401691,watches,38,401,8,2574,25,32,33
PROD401692,mobile_cover,46,221,2,1575,36,40,35
PROD401693,electronics_accessories,28,235,4,354,39,6,31
PROD401694,home_decor,41,728,5,2223,11,25,40
PROD401695,footwear,26,487,1,637,18,33,30
PROD401696,jewellery,35,354,1,973,38,16,35
PROD401697,bedsheets,24,649,7,2703,20,23,19
PROD401698,beauty,42,528,4,356,16,13,30
PROD401699,lehenga,33,656,1,2113,44,16,27
PROD401700,bedsheets,54,148,7,1804,14,25,32
PROD401701,jewellery,42,737,6,2203,35,29,17
PROD401702,mobile_cover,47,433,5,427,43,6,15
PROD401703,sunglasses,53,280,6,671,14,15,39
PROD401704,watches,54,490,7,2492,12,25,36
PROD401705,grocery,37,499,5,819,44,37,38
PROD401706,jeans,54,393,8,247,31,14,11
PROD401707,footwear,25,785,4,2862,20,39,27
PROD401708,beauty,25,271,4,752,11,18,37
PROD401709,home_decor,44,635,7,1300,18,33,39
PROD401710,bedsheets,54,498,3,1850,44,26,15
PROD401711,bedsheets,29,641,8,1651,11,20,14
PROD401712,saree,52,594,8,2398,24,22,24
PROD401713,lehenga,20,516,3,2827,44,19,36
PROD401714,footwear,37,753,6,2707,33,35,17
PROD401715,kitchen_storage,47,277,4,2763,18,33,25
PROD401716,kurta,23,360,6,972,31,38,21
PROD401717,toys,50,323,1,615,39,19,33
PROD401718,mens_shirt,30,663,6,1935,11,24,32
PROD401719,jeans,36,142,3,1456,31,26,19
PROD401720,home_decor,53,718,4,2470,38,34,30
PROD401721,kurta,38,206,2,1802,40,40,27
PROD401722,lehenga,43,697,7,2711,28,30,37
PROD401723,beauty,34,640,7,1506,34,5,19
PROD401724,handbags,52,787,5,2848,37,36,33
PROD401725,footwear,33,291,3,2654,14,15,19
PROD401726,sunglasses,58,438,6,2289,39,33,10
PROD401727,saree,47,265,4,2874,49,21,40
PROD401728,kitchen_storage,57,707,5,753,36,22,11
PROD401729,bedsheets,46,124,6,945,13,10,14
PROD401730,kurta,34,350,1,2941,17,20,33
PROD401731,watches,51,193,7,688,44,19,17
PROD401732,mobile_cover,47,662,1,1412,45,9,11
PROD401733,sunglasses,21,219,6,994,23,34,18
PROD401734,kids_wear,40,513,8,186,18,33,25
PROD401735,jeans,52,571,2,1405,34,28,29
PROD401736,home_decor,59,476,8,2954,47,23,21
PROD401737,bedsheets,41,681,6,2605,46,28,21
PROD401738,saree,41,431,4,2919,50,29,14
PROD401739,toys,60,184,8,569,29,37,21
PROD401740,jewellery,24,672,4,2656,32,15,32
PROD401741,kitchen_storage,28,778,6,687,13,34,38
PROD401742,watches,52,267,2,1715,30,11,37
PROD401743,lehenga,59,744,3,479,29,28,25
PROD401744,jewellery,38,427,3,345,23,7,35
PROD401745,mens_shirt,50,745,7,2651,26,34,16
PROD401746,saree,52,660,3,1329,13,17,36
PROD401747,mobile_cover,35,276,2,790,28,23,10
PROD401748,jeans,57,305,7,1056,28,6,28
PROD401749,handbags,25,280,2,2359,12,28,32
PROD401750,jeans,42,589,6,2487,46,8,32
PROD401751,saree,38,589,5,462,18,20,38
PROD401752,mens_shirt,40,409,7,133,15,40,38
PROD401753,grocery,25,216,4,1339,24,21,35
PROD401754,watches,43,584,2,927,23,32,32
PROD401755,jeans,49,537,7,457,21,36,17
PROD401756,jewellery,28,218,2,717,11,15,29
PROD401757,lehenga,33,614,2,1016,12,10,19
PROD401758,toys,39,673,1,766,49,38,40
PROD401759,grocery,23,669,2,2469,34,31,19
PROD401760,mobile_cover,30,292,2,2444,16,7,26
PROD401761,mens_shirt,24,786,4,887,30,30,40
PROD401762,sunglasses,33,196,8,720,24,32,38
PROD401763,electronics_accessories,51,155,5,2949,14,35,12
PROD401764,saree,33,661,2,2632,17,37,35
PROD401765,bedsheets,38,136,6,223,17,20,33
PROD401766,kids_wear,30,123,4,1215,26,28,23
PROD401767,saree,51,178,5,2226,40,30,21
PROD401768,kurta,51,564,6,2980,19,27,32
PROD401769,beauty,29,331,2,1645,23,12,22
PROD401770,saree,32,778,8,2731,42,9,12
PROD401771,kurta,40,550,1,869,46,29,37
PROD401772,kids_wear,23,534,7,1990,11,5,21
PROD401773,grocery,58,387,7,2546,35,30,31
PROD401774,grocery,35,240,4,993,39,8,10
PROD401775,bedsheets,26,797,6,2241,10,6,28
PROD401776,bedsheets,24,380,1,2391,36,17,17
PROD401777,jeans,33,405,4,225,35,26,38
PROD401778,sunglasses,51,400,5,2950,44,38,27
PROD401779,kids_wear,59,766,3,1096,39,26,29
PROD401780,saree,56,604,3,682,43,25,39
PROD401781,sunglasses,29,482,6,1223,32,25,37
PROD401782,mens_tshirt,33,735,2,2459,36,6,40
PROD401783,kids_wear,39,631,3,1063,37,36,27
PROD401784,sunglasses,33,660,8,900,35,17,14
PROD401785,footwear,54,117,1,1157,25,31,18
PROD401786,beauty,43,631,5,1792,36,22,26
PROD401787,home_decor,50,372,2,1709,24,36,34
PROD401788,lehenga,28,139,7,1033,16,34,20
PROD401789,mobile_cover,30,688,8,2069,35,7,13
PROD401790,handbags,42,625,5,119,42,11,13
PROD401791,handbags,36,181,6,1899,21,39,13
PROD401792,jewellery,33,488,2,397,36,39,22
PROD401793,mens_tshirt,26,414,7,227,22,29,12
PROD401794,lehenga,53,722,3,1737,11,26,20
PROD401795,kitchen_storage,60,376,7,1536,26,16,33
PROD401796,electronics_accessories,52,352,7,2174,26,19,25
PROD401797,beauty,25,373,1,912,28,22,30
PROD401798,kitchen_storage,37,446,6,2863,36,32,10
PROD401799,saree,34,107,2,479,48,31,30
PROD401800,mens_shirt,29,608,3,1003,43,29,35
PROD401801,toys,50,373,3,2928,16,33,33
PROD401802,kids_wear,44,643,4,2291,33,8,40
PROD401803,toys,40,795,8,187,47,17,18
PROD401804,saree,58,687,2,1764,33,7,27
PROD401805,mens_tshirt,24,293,7,2939,26,6,17
PROD401806,handbags,53,743,5,2401,27,17,37
PROD401807,bedsheets,49,134,1,2930,36,16,35
PROD401808,bedsheets,56,438,6,608,29,16,29
PROD401809,mobile_cover,36,391,7,1852,46,26,19
PROD401810,mens_shirt,25,587,6,1882,18,35,20
PROD401811,jeans,52,107,1,559,36,9,30
PROD401812,beauty,33,377,5,1988,47,23,32
PROD401813,kitchen_storage,57,288,4,1382,17,31,32
PROD401814,kids_wear,55,333,3,1830,27,37,29
PROD401815,bedsheets,25,799,1,317,15,33,10
PROD401816,beauty,55,205,3,2897,49,23,30
PROD401817,kitchen_storage,48,514,2,1080,12,22,37
PROD401818,toys,39,672,5,468,28,16,30
PROD401819,footwear,40,459,3,2319,22,18,25
PROD401820,jeans,54,583,6,1760,41,40,13
PROD401821,kids_wear,23,241,7,1434,34,22,30
PROD401822,beauty,50,198,2,1499,43,40,14
PROD401823,lehenga,53,579,1,2865,43,22,12
PROD401824,saree,51,690,2,575,36,12,12
PROD401825,jewellery,45,363,5,1663,15,11,28
PROD401826,watches,35,161,8,1587,29,16,33
PROD401827,jewellery,51,317,6,856,25,36,33
PROD401828,bedsheets,38,672,8,1977,10,8,25
PROD401829,sunglasses,55,223,3,1495,25,16,20
PROD401830,mens_tshirt,30,188,1,2355,20,15,22
PROD401831,bedsheets,56,699,1,2617,36,30,23
PROD401832,saree,29,654,7,1576,23,40,16
PROD401833,toys,43,570,2,1778,29,30,34
PROD401834,watches,28,211,1,156,22,35,10
PROD401835,toys,21,557,1,1107,41,38,34
PROD401836,kurta,53,746,7,2987,37,19,15
PROD401837,kurta,51,135,4,1218,42,22,29
PROD401838,mens_shirt,47,603,5,2315,38,31,39
PROD401839,jeans,59,519,6,342,40,23,31
PROD401840,handbags,41,504,6,1908,18,32,25
PROD401841,electronics_accessories,43,793,5,467,48,37,15
PROD401842,watches,26,557,5,2141,40,27,10
PROD401843,kurta,32,414,6,642,19,8,15
PROD401844,home_decor,31,506,4,338,23,13,37
PROD401845,electronics_accessories,36,453,3,1620,38,19,17
PROD401846,saree,59,133,8,1156,12,29,17
PROD401847,kitchen_storage,25,543,6,700,19,22,24
PROD401848,electronics_accessories,50,476,2,612,31,40,16
PROD401849,bedsheets,60,688,1,353,32,18,22
PROD401850,home_decor,58,313,4,657,41,32,17
PROD401851,kids_wear,36,232,3,2282,32,30,15
PROD401852,watches,34,576,3,997,41,16,15
PROD401853,kitchen_storage,57,312,2,244,24,19,32
PROD401854,bedsheets,23,107,5,683,23,21,39
PROD401855,kurta,33,556,1,1194,22,17,17
PROD401856,kids_wear,27,747,4,2284,27,28,22
PROD401857,lehenga,28,468,8,2342,50,5,18
PROD401858,beauty,34,550,2,2526,43,28,34
PROD401859,mens_tshirt,50,531,7,2313,11,29,19
PROD401860,mobile_cover,42,414,5,2930,19,11,21
PROD401861,bedsheets,54,327,8,2642,20,32,19
PROD401862,saree,40,311,3,2677,38,17,30
PROD401863,grocery,47,634,6,2626,23,21,33
PROD401864,mens_shirt,53,669,4,2703,46,7,17
PROD401865,grocery,49,728,8,2872,43,18,31
PROD401866,kids_wear,25,481,1,1074,20,11,29
PROD401867,watches,43,695,7,1514,33,10,31
PROD401868,saree,28,439,1,1722,37,32,38
PROD401869,watches,45,753,1,1751,39,19,19
PROD401870,bedsheets,46,582,2,1319,46,39,23
PROD401871,footwear,29,672,6,2621,15,5,17
PROD401872,watches,41,289,5,700,40,29,15
PROD401873,mens_shirt,26,433,6,2418,35,20,39
PROD401874,beauty,38,310,7,1033,48,21,29
PROD401875,kitchen_storage,58,395,1,923,45,27,20
PROD401876,jewellery,46,470,7,2813,33,17,12
PROD401877,bedsheets,23,625,8,989,12,8,14
PROD401878,lehenga,21,778,3,2015,23,29,31
PROD401879,electronics_accessories,34,799,3,1537,34,34,16
PROD401880,jeans,30,309,5,2168,38,22,28
PROD401881,kids_wear,58,166,7,2834,35,5,35
PROD401882,mens_tshirt,57,226,1,2570,10,24,27
PROD401883,watches,47,505,1,1911,23,14,23
PROD401884,jewellery,39,558,4,2821,40,37,21
PROD401885,grocery,43,745,5,474,40,32,35
PROD401886,kurta,59,786,1,2555,22,36,13
PROD401887,home_decor,38,772,6,2715,45,11,10
PROD401888,jewellery,42,602,4,1213,36,32,40
PROD401889,toys,39,361,8,974,24,39,24
PROD401890,sunglasses,23,433,3,2152,46,6,31
PROD401891,kitchen_storage,44,547,6,459,45,17,24
PROD401892,sunglasses,39,560,8,470,47,38,39
PROD401893,sunglasses,52,342,8,1220,25,21,21
PROD401894,kurta,58,512,6,2635,23,37,11
PROD401895,electronics_accessories,30,431,1,713,25,7,26
PROD401896,toys,57,789,7,1248,35,15,18
PROD401897,footwear,39,337,6,1128,43,30,29
PROD401898,kitchen_storage,31,214,3,518,32,29,11
PROD401899,footwear,52,562,2,120,43,39,11
PROD401900,kids_wear,41,417,7,2647,28,29,23
PROD401901,saree,39,701,1,968,40,30,18
PROD401902,beauty,37,570,7,2487,17,10,23
PROD401903,lehenga,31,281,2,1484,12,20,33
PROD401904,toys,45,420,6,2357,36,37,32
PROD401905,lehenga,60,676,1,273,29,12,20
PROD401906,watches,58,326,4,987,33,13,37
PROD401907,sunglasses,46,777,7,105,16,19,26
PROD401908,kitchen_storage,40,100,1,785,47,26,35
PROD401909,bedsheets,32,631,1,533,11,9,15
PROD401910,jewellery,42,576,2,2319,15,28,27
PROD401911,kurta,44,769,2,2548,28,12,16
PROD401912,electronics_accessories,60,482,1,1559,31,12,28
PROD401913,mens_tshirt,57,327,7,2280,38,10,26
PROD401914,home_decor,51,178,8,131,44,5,30
PROD401915,jewellery,59,251,4,2996,20,40,39
PROD401916,mobile_cover,21,602,2,2558,37,10,14
PROD401917,toys,34,312,3,404,22,22,28
PROD401918,mobile_cover,30,238,1,2404,26,7,31
PROD401919,kurta,33,589,2,2029,41,28,26
PROD401920,sunglasses,42,494,3,1938,26,39,10
PROD401921,electronics_accessories,45,208,2,2928,21,31,35
PROD401922,mens_shirt,22,765,4,343,34,28,40
PROD401923,lehenga,47,425,8,2859,15,15,13
PROD401924,mens_tshirt,55,541,1,2734,14,39,12
PROD401925,mens_tshirt,28,784,4,2883,49,19,16
PROD401926,kurta,31,432,6,2490,42,36,28
PROD401927,mens_shirt,23,539,3,1005,17,23,36
PROD401928,kitchen_storage,58,540,2,182,47,29,30
PROD401929,mens_tshirt,56,514,1,1280,32,6,21
PROD401930,jeans,25,166,3,300,23,32,10
PROD401931,watches,27,514,5,522,45,5,18
PROD401932,handbags,46,143,2,2933,49,36,39
PROD401933,mens_tshirt,36,139,4,1218,37,25,18
PROD401934,handbags,56,460,1,1754,10,26,36
PROD401935,watches,22,523,3,2935,39,21,20
PROD401936,electronics_accessories,47,708,4,2902,49,39,39
PROD401937,mobile_cover,56,769,1,2095,26,14,29
PROD401938,handbags,25,412,3,2824,49,6,19
PROD401939,grocery,42,565,8,1865,21,25,37
PROD401940,kids_wear,60,646,5,1960,35,29,29
PROD401941,lehenga,58,453,4,283,16,30,40
PROD401942,jewellery,51,242,7,605,40,23,31
PROD401943,electronics_accessories,53,427,1,651,34,13,29
PROD401944,beauty,44,186,2,1698,34,13,34
PROD401945,sunglasses,45,545,1,876,29,38,14
PROD401946,handbags,45,661,7,2078,12,12,22
PROD401947,mobile_cover,44,261,8,2111,28,7,15
PROD401948,lehenga,43,609,3,944,15,14,20
PROD401949,mens_shirt,37,283,4,1493,19,26,36
PROD401950,electronics_accessories,22,100,6,2240,49,24,29
PROD401951,electronics_accessories,24,563,3,542,33,8,20
PROD401952,mens_shirt,20,740,6,1032,31,17,34
PROD401953,lehenga,32,221,5,1621,36,6,20
PROD401954,grocery,59,335,5,2819,19,20,14
PROD401955,mens_shirt,27,106,2,701,47,22,39
PROD401956,handbags,34,211,5,2960,14,22,37
PROD401957,saree,54,597,4,1186,22,34,38
PROD401958,bedsheets,57,657,3,2922,29,7,34
PROD401959,mens_shirt,26,217,7,2274,19,19,12
PROD401960,kids_wear,51,737,2,2157,16,5,40
PROD401961,kurta,56,492,3,1372,20,31,21
PROD401962,beauty,53,731,7,989,31,28,26
PROD401963,bedsheets,48,389,6,622,36,18,34
PROD401964,jewellery,52,635,3,900,41,14,20
PROD401965,jewellery,38,290,3,2718,30,17,20
PROD401966,mens_tshirt,24,577,3,2367,11,26,11
PROD401967,footwear,36,444,6,1043,45,38,15
PROD401968,watches,50,262,1,1173,38,30,25
PROD401969,home_decor,44,487,1,2280,18,39,27
PROD401970,bedsheets,39,428,8,423,18,8,30
PROD401971,bedsheets,40,312,2,2901,23,29,27
PROD401972,mobile_cover,58,294,2,1621,18,30,14
PROD401973,mens_tshirt,22,592,5,436,26,21,17
PROD401974,saree,60,224,1,1687,15,22,39
PROD401975,jewellery,42,245,7,1352,32,34,19
PROD401976,handbags,33,318,2,2537,49,35,13
PROD401977,mens_tshirt,43,332,4,1095,27,33,15
PROD401978,grocery,47,730,8,216,15,6,34
PROD401979,kurta,33,748,5,1026,28,24,29
PROD401980,grocery,51,473,6,2359,36,9,33
PROD401981,watches,53,618,2,2050,42,30,11
PROD401982,mens_shirt,27,475,3,2144,48,21,16
PROD401983,beauty,47,324,3,2111,28,7,40
PROD401984,kids_wear,33,220,3,785,21,19,37
PROD401985,grocery,40,370,1,1898,10,23,24
PROD401986,kids_wear,27,419,4,1723,45,34,19
PROD401987,beauty,50,608,5,126,39,6,17
PROD401988,electronics_accessories,44,520,6,1747,10,5,31
PROD401989,beauty,44,242,3,2351,19,12,37
PROD401990,jeans,54,230,2,2479,23,37,23
PROD401991,sunglasses,30,592,5,1903,18,32,18
PROD401992,kids_wear,58,310,4,145,29,28,30
PROD401993,toys,47,683,3,2812,12,30,22
PROD401994,electronics_accessories,22,379,6,1048,16,16,16
PROD401995,handbags,36,310,6,2234,27,40,12
PROD401996,mens_tshirt,53,773,5,1873,32,11,14
PROD401997,handbags,31,221,1,1692,25,34,27
PROD401998,lehenga,50,119,5,2390,24,29,18
PROD401999,watches,26,185,7,1484,47,27,39
PROD402000,mobile_cover,55,740,6,2445,26,15,12
PROD402001,grocery,35,611,4,527,23,31,16
PROD402002,electronics_accessories,41,690,8,826,41,30,24
PROD402003,home_decor,53,604,8,2099,33,18,21
PROD402004,sunglasses,47,173,4,1364,15,36,18
PROD402005,grocery,24,698,6,1001,45,6,40
PROD402006,sunglasses,54,404,3,1870,41,13,16
PROD402007,kids_wear,58,721,1,2883,41,30,13
PROD402008,mobile_cover,21,133,2,407,15,19,29
PROD402009,mens_tshirt,41,415,1,1360,28,16,33
PROD402010,kids_wear,46,357,8,2633,20,9,18
PROD402011,toys,58,113,2,110,43,30,13
PROD402012,electronics_accessories,36,571,1,1377,50,10,20
PROD402013,bedsheets,34,643,1,1662,39,29,24
PROD402014,footwear,44,562,3,249,47,30,13
PROD402015,kurta,31,298,8,842,37,24,17
PROD402016,jeans,23,472,7,2424,46,33,15
PROD402017,handbags,43,735,8,524,33,28,39
PROD402018,beauty,59,300,3,2102,39,5,13
PROD402019,mens_tshirt,41,415,2,2010,41,18,30
PROD402020,jeans,46,104,7,2180,31,31,26
PROD402021,sunglasses,54,756,7,357,12,38,20
PROD402022,grocery,50,305,6,2151,34,35,37
PROD402023,toys,38,317,4,1782,27,22,38
PROD402024,bedsheets,23,272,7,922,19,36,22
PROD402025,bedsheets,47,459,7,1180,31,38,24
PROD402026,electronics_accessories,44,733,5,2489,50,21,24
PROD402027,lehenga,42,462,4,1226,38,21,37
PROD402028,kitchen_storage,22,753,3,1137,11,28,17
PROD402029,beauty,51,273,1,2390,27,38,29
PROD402030,electronics_accessories,40,332,5,1463,11,20,24
PROD402031,mobile_cover,37,667,1,2074,43,5,21
PROD402032,footwear,54,321,4,2285,33,30,28
PROD402033,kids_wear,31,721,2,1114,36,29,19
PROD402034,watches,22,383,1,2044,24,34,16
PROD402035,kurta,37,189,6,105,34,18,15
PROD402036,handbags,21,421,2,287,19,31,21
PROD402037,watches,34,645,8,2687,47,32,16
PROD402038,kids_wear,38,504,8,1251,37,22,32
PROD402039,electronics_accessories,47,138,4,994,18,36,16
PROD402040,toys,59,585,5,556,31,14,35
PROD402041,kurta,56,390,2,318,15,6,15
PROD402042,bedsheets,47,145,8,2284,17,25,13
PROD402043,electronics_accessories,39,630,5,2524,39,35,28
PROD402044,bedsheets,32,630,4,1066,11,32,12
PROD402045,handbags,36,320,6,1931,33,22,32
PROD402046,bedsheets,53,704,4,1498,11,27,31
PROD402047,jeans,46,132,3,2014,11,30,37
PROD402048,watches,50,442,7,2026,13,35,12
PROD402049,sunglasses,27,263,3,1079,35,11,37
PROD402050,kids_wear,56,212,3,868,41,34,18
PROD402051,mobile_cover,58,760,5,2853,16,18,39
PROD402052,footwear,51,521,8,136,31,37,34
PROD402053,saree,51,692,2,283,50,30,37
PROD402054,mobile_cover,27,130,7,1194,12,36,11
PROD402055,beauty,53,309,5,1907,43,22,26
PROD402056,kids_wear,20,333,5,2219,32,34,16
PROD402057,home_decor,41,775,5,2926,10,23,38
PROD402058,handbags,59,232,8,856,42,8,29
PROD402059,saree,32,220,8,2369,42,20,35
PROD402060,electronics_accessories,36,351,2,1853,41,38,20
PROD402061,grocery,52,373,5,1194,12,40,27
PROD402062,toys,40,701,4,198,22,16,30
PROD402063,kurta,49,741,6,1884,10,26,14
PROD402064,home_decor,59,739,1,608,33,15,16
PROD402065,kurta,28,721,7,1660,22,19,10
PROD402066,grocery,30,351,6,1736,32,21,10
PROD402067,footwear,21,550,2,1546,27,8,35
PROD402068,jeans,49,313,3,205,17,14,37
PROD402069,grocery,42,320,2,2387,30,5,10
PROD402070,jewellery,28,305,2,2820,44,13,32
PROD402071,kurta,44,629,3,327,29,38,37
PROD402072,mens_tshirt,22,680,4,329,32,24,26
PROD402073,jewellery,48,322,6,1916,41,33,38
PROD402074,kids_wear,57,638,3,1209,31,25,17
PROD402075,watches,26,483,2,2294,20,36,14
PROD402076,kids_wear,52,241,7,1224,18,27,37
PROD402077,mens_tshirt,52,451,3,1584,33,34,31
PROD402078,home_decor,53,638,2,1478,31,7,17
PROD402079,kurta,52,226,7,2641,31,24,18
PROD402080,watches,49,496,2,2865,31,5,36
PROD402081,jewellery,52,667,5,2496,17,25,33
PROD402082,saree,52,685,3,2780,26,23,23
PROD402083,jewellery,22,343,6,209,38,31,29
PROD402084,mobile_cover,42,460,4,1608,31,37,26
PROD402085,lehenga,23,619,3,2819,19,33,24
PROD402086,kitchen_storage,39,557,8,2670,41,36,18
PROD402087,mobile_cover,56,284,6,1262,17,13,16
PROD402088,watches,48,251,5,2503,25,35,29
PROD402089,bedsheets,59,139,1,2121,13,23,37
PROD402090,kitchen_storage,43,714,5,2342,29,31,24
PROD402091,handbags,26,546,7,643,22,26,35
PROD402092,home_decor,51,220,3,1451,33,19,20
PROD402093,saree,30,561,7,1929,26,6,22
PROD402094,jewellery,27,258,3,2110,19,35,22
PROD402095,mobile_cover,32,164,5,1606,17,17,18
PROD402096,mens_tshirt,51,752,1,328,31,23,40
PROD402097,mobile_cover,41,669,4,1286,32,27,29
PROD402098,kitchen_storage,43,545,3,603,37,40,40
PROD402099,kids_wear,33,481,8,2964,36,31,26
PROD402100,kurta,55,727,6,131,29,10,10
PROD402101,watches,46,152,5,922,15,35,12
PROD402102,mobile_cover,41,796,8,2390,30,15,12
PROD402103,toys,49,697,4,1013,35,40,22
PROD402104,kurta,59,798,4,380,36,7,26
PROD402105,toys,53,618,6,2746,11,10,11
PROD402106,mobile_cover,43,665,4,2546,15,10,13
PROD402107,mobile_cover,33,277,1,762,35,23,11
PROD402108,kurta,59,294,4,2998,23,32,17
PROD402109,bedsheets,57,143,3,109,25,39,27
PROD402110,beauty,53,273,2,2392,44,18,26
PROD402111,jewellery,38,560,2,1788,38,32,22
PROD402112,footwear,37,238,1,2326,24,24,26
PROD402113,lehenga,31,401,3,1757,37,23,25
PROD402114,handbags,29,522,5,1225,11,21,24
PROD402115,sunglasses,32,800,3,2127,48,32,23
PROD402116,footwear,48,708,6,2222,15,40,25
PROD402117,beauty,39,379,3,1374,34,38,24
PROD402118,lehenga,39,363,7,2597,23,26,17
PROD402119,lehenga,40,438,7,1752,29,14,16
PROD402120,grocery,37,110,3,2666,34,5,37
PROD402121,sunglasses,56,484,5,2513,34,29,23
PROD402122,watches,24,224,3,669,46,14,17
PROD402123,mens_shirt,37,492,8,662,21,8,17
PROD402124,beauty,33,335,8,2995,45,22,11
PROD402125,electronics_accessories,24,308,7,2114,29,38,40
PROD402126,kitchen_storage,51,613,4,310,26,26,20
PROD402127,toys,44,433,8,2813,35,28,36
PROD402128,beauty,52,494,1,321,32,26,12
PROD402129,mens_shirt,45,752,8,2769,37,21,30
PROD402130,handbags,58,370,4,1796,24,15,24
PROD402131,kurta,43,520,2,1145,37,27,16
PROD402132,handbags,36,281,1,351,28,14,12
PROD402133,watches,47,553,5,1967,16,28,14
PROD402134,kurta,35,433,2,2686,46,10,28
PROD402135,watches,42,786,1,1493,36,28,30
PROD402136,mens_tshirt,35,329,6,2341,30,8,27
PROD402137,lehenga,60,369,4,860,21,37,37
PROD402138,bedsheets,47,520,4,862,41,8,34
PROD402139,handbags,28,312,4,2344,16,5,22
PROD402140,kurta,52,730,2,2111,12,7,21
PROD402141,mens_shirt,28,717,2,2265,27,27,24
PROD402142,jewellery,57,516,6,2631,48,6,20
PROD402143,mens_shirt,50,119,3,1539,49,32,13
PROD402144,mens_tshirt,38,320,6,2163,22,7,19
PROD402145,saree,60,595,8,1600,17,19,11
PROD402146,home_decor,24,111,3,673,16,30,27
PROD402147,toys,49,394,6,923,39,12,19
PROD402148,beauty,35,258,1,1260,25,10,29
PROD402149,mens_shirt,48,388,4,456,21,31,23
PROD402150,home_decor,42,507,1,818,24,17,22
PROD402151,lehenga,46,464,6,2189,11,31,34
PROD402152,mens_shirt,36,564,6,1458,31,14,23
PROD402153,beauty,28,155,4,1759,50,35,33
PROD402154,kurta,29,565,6,561,10,5,38
PROD402155,mobile_cover,47,663,8,270,37,5,20
PROD402156,beauty,24,172,3,440,43,10,37
PROD402157,electronics_accessories,49,713,4,838,25,28,35
PROD402158,kids_wear,56,335,4,168,50,28,18
PROD402159,watches,38,696,6,435,36,26,25
PROD402160,kurta,48,695,5,871,19,11,32
PROD402161,watches,34,132,3,1211,21,30,31
PROD402162,handbags,46,641,6,2672,31,12,28
PROD402163,saree,29,135,5,381,14,25,32
PROD402164,jewellery,54,616,1,1394,16,8,29
PROD402165,footwear,32,391,7,1595,25,19,23
PROD402166,kids_wear,35,106,6,2074,33,24,16
PROD402167,beauty,23,102,5,589,35,21,17
PROD402168,beauty,48,133,3,492,39,5,36
PROD402169,handbags,48,162,2,853,31,15,27
PROD402170,footwear,33,742,8,479,38,39,21
PROD402171,electronics_accessories,53,211,8,1650,48,33,21
PROD402172,kurta,42,718,2,2121,25,20,10
PROD402173,lehenga,23,455,6,2515,15,29,29
PROD402174,sunglasses,32,353,2,2099,47,18,38
PROD402175,electronics_accessories,38,759,8,214,43,21,33
PROD402176,jewellery,22,494,6,2984,50,23,39
PROD402177,mobile_cover,29,442,4,1609,39,6,31
PROD402178,bedsheets,44,477,1,2461,26,30,15
PROD402179,saree,50,650,6,1842,19,16,24
PROD402180,mens_tshirt,57,777,3,1782,11,13,39
PROD402181,electronics_accessories,24,224,7,2199,11,12,10
PROD402182,grocery,34,546,1,2506,14,22,37
PROD402183,toys,20,669,2,2777,39,8,11
PROD402184,kids_wear,28,611,7,2831,20,38,10
PROD402185,mobile_cover,53,572,8,2110,41,8,12
PROD402186,handbags,57,575,3,2957,34,37,14
PROD402187,mens_tshirt,26,676,6,1848,48,30,19
PROD402188,home_decor,21,602,8,928,50,25,40
PROD402189,grocery,43,499,2,2528,20,14,11
PROD402190,mobile_cover,27,309,6,1743,25,34,35
PROD402191,jewellery,53,786,3,1540,12,8,25
PROD402192,mobile_cover,26,534,8,1188,43,31,30
PROD402193,bedsheets,32,471,2,2356,18,12,25
PROD402194,bedsheets,36,621,8,1255,41,33,29
PROD402195,footwear,43,728,6,2781,45,24,16
PROD402196,sunglasses,35,481,7,2575,47,35,34
PROD402197,mens_tshirt,31,459,3,247,15,17,11
PROD402198,electronics_accessories,36,536,2,709,34,36,13
PROD402199,toys,25,682,7,2497,46,17,16
PROD402200,mobile_cover,35,794,1,971,50,9,17
PROD402201,sunglasses,50,670,4,262,30,30,26
PROD402202,mens_shirt,52,588,6,1050,25,26,36
PROD402203,kitchen_storage,31,533,3,318,18,22,34
PROD402204,sunglasses,51,359,8,2165,17,12,15
PROD402205,sunglasses,30,512,4,1289,33,12,24
PROD402206,footwear,56,269,3,662,47,19,12
PROD402207,beauty,49,622,7,1474,10,20,28
PROD402208,handbags,48,482,1,1395,30,35,32
PROD402209,bedsheets,50,676,2,1978,29,18,12
PROD402210,mens_shirt,39,316,5,2724,30,18,21
PROD402211,footwear,52,178,2,2925,31,36,21
PROD402212,kurta,57,244,8,746,13,22,26
PROD402213,kurta,32,489,6,1946,32,31,15
PROD402214,grocery,36,301,4,2461,16,31,27
PROD402215,electronics_accessories,49,104,6,1429,11,30,28
PROD402216,handbags,34,693,5,1189,16,8,35
PROD402217,lehenga,21,407,3,2093,47,35,18
PROD402218,grocery,32,457,5,2494,19,12,39
PROD402219,saree,26,637,2,2168,44,31,29
PROD402220,grocery,27,319,3,2670,47,20,21
PROD402221,beauty,40,315,5,2159,50,9,13
PROD402222,lehenga,40,611,1,872,29,34,21
PROD402223,electronics_accessories,23,758,2,1787,28,15,22
PROD402224,jeans,39,442,6,1262,36,15,10
PROD402225,jeans,27,336,6,1126,34,15,14
PROD402226,footwear,56,391,1,2107,15,33,17
PROD402227,jewellery,34,382,7,1668,13,26,36
PROD402228,handbags,50,150,1,1808,13,20,39
PROD402229,toys,53,178,1,1908,46,27,13
PROD402230,electronics_accessories,32,445,3,405,26,10,33
PROD402231,jeans,20,274,3,1292,50,11,25
PROD402232,kitchen_storage,45,168,7,2207,12,26,23
PROD402233,handbags,25,641,6,1205,17,17,16
PROD402234,kids_wear,47,501,6,150,18,38,20
PROD402235,grocery,24,436,7,2953,30,40,13
PROD402236,beauty,59,201,6,2039,45,15,28
PROD402237,kurta,41,281,5,2527,21,15,12
PROD402238,toys,27,758,2,2764,28,15,28
PROD402239,toys,58,376,2,1288,17,23,10
PROD402240,lehenga,33,625,6,2940,35,17,28
PROD402241,mens_tshirt,38,272,7,1416,19,5,38
PROD402242,mens_tshirt,30,131,2,1944,29,7,14
PROD402243,kurta,59,618,5,2974,29,32,29
PROD402244,watches,52,633,7,1751,33,24,27
PROD402245,lehenga,54,250,8,864,48,12,17
PROD402246,electronics_accessories,49,784,6,2584,16,31,19
PROD402247,handbags,60,690,2,1383,22,14,33
PROD402248,mens_tshirt,55,770,1,489,16,17,11
PROD402249,watches,40,240,4,519,32,30,36
PROD402250,sunglasses,30,341,5,849,44,21,39
PROD402251,saree,28,251,5,1716,21,30,25
PROD402252,lehenga,60,348,3,141,18,25,17
PROD402253,handbags,30,347,7,1906,12,33,25
PROD402254,electronics_accessories,21,418,3,2635,22,39,25
PROD402255,home_decor,45,581,5,312,44,36,25
PROD402256,mens_shirt,24,140,8,2763,31,16,35
PROD402257,jewellery,23,120,4,995,12,28,37
PROD402258,lehenga,21,789,8,692,28,34,35
PROD402259,mens_shirt,42,383,3,1870,32,23,38
PROD402260,lehenga,47,782,4,2531,21,36,37
PROD402261,home_decor,34,694,6,2964,21,19,27
PROD402262,mens_tshirt,55,273,4,1661,22,15,34
PROD402263,beauty,55,766,7,2213,11,35,38
PROD402264,kurta,37,284,4,1542,39,19,12
PROD402265,watches,59,716,6,2470,25,9,36
PROD402266,lehenga,47,798,3,2862,15,17,20
PROD402267,footwear,39,578,1,1517,10,35,37
PROD402268,saree,51,590,6,125,45,40,39
PROD402269,jewellery,56,389,7,910,32,34,22
PROD402270,watches,46,524,3,389,25,39,39
PROD402271,saree,40,692,6,398,49,21,27
PROD402272,handbags,42,384,3,767,33,26,20
PROD402273,mens_tshirt,32,293,1,1441,49,9,21
PROD402274,jewellery,26,695,7,952,32,12,39
PROD402275,mens_tshirt,21,710,7,2139,29,26,13
PROD402276,footwear,47,334,7,1556,48,5,40
PROD402277,kitchen_storage,21,357,2,2112,25,36,38
PROD402278,mens_shirt,29,342,5,650,36,36,36
PROD402279,watches,49,140,4,2878,21,18,30
PROD402280,sunglasses,27,243,2,1907,14,38,36
PROD402281,grocery,56,335,6,1358,38,25,38
PROD402282,mens_shirt,27,172,3,1907,30,32,17
PROD402283,bedsheets,33,172,2,1352,48,18,17
PROD402284,mens_tshirt,21,647,7,763,25,8,36
PROD402285,home_decor,41,695,5,2857,11,6,17
PROD402286,sunglasses,26,621,1,1097,36,24,27
PROD402287,mobile_cover,25,793,1,282,18,9,26
PROD402288,mens_shirt,39,177,5,197,44,10,24
PROD402289,kurta,28,630,5,1831,14,32,30
PROD402290,sunglasses,50,645,8,2727,50,17,15
PROD402291,lehenga,38,681,8,144,23,13,40
PROD402292,saree,37,292,5,2820,41,21,16
PROD402293,kids_wear,39,412,3,527,12,31,21
PROD402294,lehenga,22,121,5,1718,10,9,10
PROD402295,jewellery,27,304,2,1060,31,28,20
PROD402296,beauty,56,410,3,293,40,14,31
PROD402297,mens_shirt,34,711,6,1833,39,13,31
PROD402298,lehenga,51,486,2,2241,48,40,40
PROD402299,toys,55,608,8,2111,37,35,33
PROD402300,beauty,43,165,4,2148,40,34,31
PROD402301,lehenga,28,318,2,2283,46,19,29
PROD402302,beauty,60,264,1,1237,42,35,17
PROD402303,kurta,37,469,2,2504,26,25,20
PROD402304,watches,46,622,2,2742,39,19,18
PROD402305,mens_tshirt,54,668,1,2142,47,30,34
PROD402306,jewellery,22,353,2,1524,41,25,26
PROD402307,kitchen_storage,59,297,2,2309,50,25,17
PROD402308,electronics_accessories,28,133,6,1242,29,17,34
PROD402309,footwear,57,287,8,432,46,25,18
PROD402310,saree,46,333,6,1822,39,5,14
PROD402311,kurta,49,750,2,1554,22,34,27
PROD402312,handbags,31,156,6,1570,32,26,34
PROD402313,footwear,40,373,5,247,38,38,32
PROD402314,toys,46,566,8,2961,42,38,27
PROD402315,toys,30,759,3,533,12,7,24
PROD402316,mens_shirt,20,383,1,2633,29,36,34
PROD402317,lehenga,27,277,5,1748,16,33,21
PROD402318,bedsheets,54,115,5,488,11,24,27
PROD402319,home_decor,46,595,2,2237,36,21,40
PROD402320,handbags,29,543,3,1297,29,36,11
PROD402321,handbags,56,661,7,2025,15,12,35
PROD402322,saree,27,614,8,2009,10,19,17
PROD402323,jeans,40,574,1,2938,28,23,17
PROD402324,saree,49,350,3,1361,34,32,34
PROD402325,watches,56,728,8,2792,26,8,34
PROD402326,kids_wear,60,158,5,1032,42,11,35
PROD402327,beauty,48,739,3,1169,35,15,19
PROD402328,beauty,21,389,2,531,22,8,12
PROD402329,watches,47,395,4,656,25,10,36
PROD402330,handbags,42,488,6,496,42,12,15
PROD402331,beauty,43,708,2,2044,13,6,17
PROD402332,handbags,35,571,5,910,19,27,38
PROD402333,electronics_accessories,50,403,1,2921,31,18,22
PROD402334,mens_shirt,40,193,3,941,17,9,36
PROD402335,kitchen_storage,36,211,2,565,47,6,30
PROD402336,mens_shirt,21,488,1,2102,16,20,33
PROD402337,electronics_accessories,57,308,1,235,33,13,15
PROD402338,lehenga,39,371,3,2749,37,33,30
PROD402339,footwear,43,304,5,2843,18,25,34
PROD402340,home_decor,27,226,7,545,30,24,18
PROD402341,mens_shirt,46,187,5,1449,30,18,24
PROD402342,kitchen_storage,54,257,7,2270,18,28,11
PROD402343,sunglasses,26,376,5,228,21,17,14
PROD402344,kids_wear,42,668,6,2529,24,27,26
PROD402345,kurta,33,785,6,2741,20,37,26
PROD402346,saree,41,128,8,1394,12,36,32
PROD402347,watches,25,699,8,967,33,21,35
PROD402348,jewellery,28,466,3,1248,40,36,25
PROD402349,bedsheets,36,392,5,2416,34,21,35
PROD402350,toys,35,134,5,1849,28,8,11
PROD402351,home_decor,20,495,3,1698,29,39,23
PROD402352,mens_shirt,49,472,6,951,41,34,28
PROD402353,footwear,55,460,5,2775,34,6,28
PROD402354,mens_tshirt,28,224,1,1141,11,34,15
PROD402355,mobile_cover,36,462,4,2570,37,7,12
PROD402356,home_decor,23,687,4,678,50,21,24
PROD402357,saree,48,677,3,1726,18,28,31
PROD402358,mens_tshirt,50,403,4,609,35,8,16
PROD402359,mens_shirt,43,160,4,2886,47,24,17
PROD402360,grocery,52,643,5,1195,19,34,27
PROD402361,toys,42,259,4,1850,15,36,28
PROD402362,handbags,56,524,5,1476,29,27,32
PROD402363,grocery,42,567,2,809,38,17,33
PROD402364,mens_tshirt,51,394,3,1899,16,38,17
PROD402365,mens_shirt,29,799,5,196,20,18,29
PROD402366,kids_wear,45,781,3,2048,34,11,24
PROD402367,home_decor,37,131,5,265,27,29,20
PROD402368,mobile_cover,26,182,3,2362,34,19,26
PROD402369,lehenga,27,116,6,126,18,13,27
PROD402370,grocery,30,138,8,2761,28,26,28
PROD402371,mobile_cover,30,638,3,1911,36,36,25
PROD402372,handbags,31,311,4,1403,26,18,39
PROD402373,footwear,60,567,4,645,38,38,40
PROD402374,kids_wear,58,528,3,426,32,12,11
PROD402375,saree,28,488,1,2105,38,15,12
PROD402376,handbags,32,743,5,2954,43,29,40
PROD402377,toys,44,451,4,2134,14,28,38
PROD402378,mobile_cover,50,354,2,207,32,16,10
PROD402379,sunglasses,56,672,4,368,45,34,17
PROD402380,saree,56,470,1,2050,49,18,36
PROD402381,footwear,49,560,4,531,18,35,16
PROD402382,handbags,25,418,6,311,20,34,31
PROD402383,mobile_cover,58,754,1,2252,19,31,27
PROD402384,saree,20,722,1,2033,19,16,10
PROD402385,sunglasses,60,589,2,741,17,38,28
PROD402386,handbags,42,284,4,2542,30,31,34
PROD402387,kurta,28,340,4,408,30,38,33
PROD402388,beauty,42,217,8,1577,38,6,16
PROD402389,jeans,32,114,1,1877,10,23,40
PROD402390,lehenga,49,444,1,793,27,12,40
PROD402391,footwear,21,148,8,2202,50,39,23
PROD402392,bedsheets,42,628,8,1429,31,39,20
PROD402393,saree,57,446,2,1343,31,7,19
PROD402394,grocery,48,280,4,1700,36,23,31
PROD402395,electronics_accessories,28,556,3,2154,37,26,13
PROD402396,sunglasses,27,394,3,261,29,19,30
PROD402397,sunglasses,37,778,6,288,26,30,14
PROD402398,mens_tshirt,51,495,5,2813,22,23,29
PROD402399,kids_wear,56,393,2,1843,34,33,18
PROD402400,kurta,48,669,7,2408,42,28,27
PROD402401,kitchen_storage,48,377,2,452,13,30,30
PROD402402,home_decor,49,756,3,1856,28,10,26
PROD402403,beauty,59,341,8,2303,49,25,16
PROD402404,beauty,50,153,2,755,27,18,38
PROD402405,mens_tshirt,47,372,6,2868,48,38,14
PROD402406,handbags,35,549,1,1207,38,5,19
PROD402407,kurta,50,743,4,1693,32,9,35
PROD402408,watches,48,482,7,2475,21,32,38
PROD402409,toys,28,151,4,2837,20,35,40
PROD402410,kids_wear,41,608,2,677,33,29,38
PROD402411,bedsheets,31,174,3,1120,10,6,27
PROD402412,kitchen_storage,49,775,6,2504,17,28,17
PROD402413,mens_shirt,39,285,6,1690,34,6,10
PROD402414,toys,54,100,6,2111,44,18,23
PROD402415,grocery,22,310,1,928,27,9,36
PROD402416,footwear,60,515,6,2779,22,13,28
PROD402417,watches,40,544,5,2625,48,33,37
PROD402418,beauty,21,610,1,1845,12,6,25
PROD402419,handbags,44,201,5,1081,25,33,11
PROD402420,kurta,37,705,2,2805,41,24,38
PROD402421,jewellery,32,496,8,437,50,29,17
PROD402422,watches,49,547,3,424,32,35,32
PROD402423,bedsheets,39,106,6,1144,33,37,23
PROD402424,home_decor,27,636,3,1289,44,36,19
PROD402425,lehenga,37,274,8,2172,33,19,30
PROD402426,lehenga,36,211,8,809,36,18,32
PROD402427,handbags,56,276,2,2692,20,13,16
PROD402428,footwear,56,699,3,602,30,6,10
PROD402429,beauty,27,316,3,2810,10,23,32
PROD402430,handbags,52,364,6,1819,39,35,12
PROD402431,mobile_cover,37,213,8,2762,34,29,10
PROD402432,jewellery,40,527,4,2462,15,11,22
PROD402433,jewellery,43,550,7,2113,38,30,39
PROD402434,mobile_cover,50,543,7,1741,26,35,22
PROD402435,kurta,55,461,3,134,42,26,37
PROD402436,mens_shirt,57,546,5,1449,30,16,12
PROD402437,bedsheets,43,163,5,2447,49,39,26
PROD402438,bedsheets,53,237,8,688,39,28,19
PROD402439,handbags,29,270,1,1865,14,40,21
PROD402440,kurta,46,721,3,2536,44,34,35
PROD402441,footwear,53,542,5,242,13,29,35
PROD402442,bedsheets,28,412,7,1868,22,7,17
PROD402443,jeans,25,363,4,327,22,10,27
PROD402444,kids_wear,56,344,4,181,15,11,39
PROD402445,mens_tshirt,52,369,1,1740,32,21,26
PROD402446,sunglasses,40,451,8,1409,33,13,32
PROD402447,jewellery,42,257,7,527,31,9,18
PROD402448,kids_wear,46,723,8,1136,32,34,32
PROD402449,watches,33,424,2,1955,46,39,16
PROD402450,watches,49,191,4,1444,32,30,40
PROD402451,home_decor,59,542,4,2791,23,39,32
PROD402452,toys,42,650,7,2820,26,9,24
PROD402453,sunglasses,29,434,7,288,17,12,34
PROD402454,home_decor,28,370,7,2568,29,35,23
PROD402455,jeans,57,300,7,2901,44,23,14
PROD402456,home_decor,53,470,2,2087,47,34,16
PROD402457,home_decor,50,678,1,470,10,13,30
PROD402458,bedsheets,24,721,1,2883,49,25,37
PROD402459,mens_shirt,20,292,8,750,16,13,13
PROD402460,mobile_cover,60,177,1,2696,27,27,33
PROD402461,electronics_accessories,30,412,5,1808,21,14,11
PROD402462,mens_tshirt,45,444,7,1771,23,20,29
PROD402463,kids_wear,42,137,3,1279,22,13,22
PROD402464,mens_shirt,40,346,2,1232,10,20,11
PROD402465,bedsheets,40,420,5,368,27,15,11
PROD402466,mens_shirt,38,641,5,876,32,8,25
PROD402467,handbags,43,114,4,1110,21,37,11
PROD402468,toys,60,678,8,200,18,21,18
PROD402469,saree,39,307,2,198,49,5,24
PROD402470,bedsheets,26,785,3,1065,31,20,40
PROD402471,mens_shirt,51,586,4,2105,37,27,20
PROD402472,handbags,48,507,2,1892,18,33,21
PROD402473,bedsheets,34,445,6,1369,45,11,19
PROD402474,beauty,26,284,7,1764,37,11,20
PROD402475,footwear,57,322,3,2587,27,16,24
PROD402476,kurta,28,170,6,341,16,18,38
PROD402477,handbags,34,751,4,2432,13,32,15
PROD402478,bedsheets,59,652,6,2165,21,23,35
PROD402479,beauty,50,293,4,2987,46,9,36
PROD402480,mens_shirt,58,718,1,1005,38,12,32
PROD402481,grocery,27,251,8,1519,48,20,28
PROD402482,mobile_cover,40,573,2,1278,21,10,35
PROD402483,lehenga,46,789,3,826,12,30,37
PROD402484,kitchen_storage,58,190,1,115,27,21,16
PROD402485,electronics_accessories,36,320,7,1193,28,21,16
PROD402486,jeans,56,528,2,1135,19,15,32
PROD402487,saree,60,157,8,2677,19,15,39
PROD402488,beauty,45,612,4,1407,20,34,26
PROD402489,kurta,60,619,8,2333,30,35,13
PROD402490,kurta,58,323,4,2313,33,18,11
PROD402491,saree,22,702,1,345,37,18,30
PROD402492,mens_shirt,41,626,7,2743,40,33,38
PROD402493,kitchen_storage,38,512,6,2359,36,12,25
PROD402494,jeans,55,773,5,1994,11,20,19
PROD402495,handbags,46,753,4,1002,21,23,36
PROD402496,electronics_accessories,42,764,7,2264,28,9,20
PROD402497,jewellery,46,305,6,595,39,25,25
PROD402498,kids_wear,40,169,6,543,41,30,28
PROD402499,electronics_accessories,42,679,6,2475,36,25,35
PROD402500,home_decor,20,142,4,2989,24,33,33
PROD402501,kitchen_storage,29,286,7,1214,43,21,30
PROD402502,mens_shirt,25,108,3,853,18,25,12
PROD402503,handbags,41,461,8,2507,50,28,36
PROD402504,kids_wear,49,756,3,1041,41,30,23
PROD402505,kurta,37,171,5,689,37,24,16
PROD402506,kurta,31,733,8,289,44,9,17
PROD402507,bedsheets,29,283,3,599,11,17,21
PROD402508,mens_shirt,39,787,4,2582,19,15,29
PROD402509,mobile_cover,22,189,5,2425,35,13,27
PROD402510,handbags,21,571,7,2872,47,26,16
PROD402511,grocery,23,658,8,2305,23,23,34
PROD402512,bedsheets,45,568,1,306,38,37,14
PROD402513,jewellery,39,508,7,1706,34,24,32
PROD402514,sunglasses,34,541,1,2885,46,24,16
PROD402515,watches,46,617,3,2894,32,6,26
PROD402516,kitchen_storage,41,693,3,1468,50,32,15
PROD402517,toys,50,288,7,1657,46,14,16
PROD402518,mens_shirt,40,558,3,2098,25,24,32
PROD402519,home_decor,54,720,3,2039,13,22,24
PROD402520,jeans,32,788,4,1137,50,21,38
PROD402521,home_decor,46,507,2,288,32,11,39
PROD402522,jewellery,58,495,2,2339,13,29,37
PROD402523,watches,45,272,7,2229,43,35,40
PROD402524,grocery,30,378,5,2574,26,6,34
PROD402525,footwear,59,468,2,2230,37,25,23
PROD402526,lehenga,34,783,5,1218,13,40,27
PROD402527,footwear,35,203,4,2330,11,12,22
PROD402528,toys,32,374,8,1823,47,9,35
PROD402529,mens_shirt,33,605,8,2567,25,40,35
PROD402530,saree,25,789,3,755,11,9,22
PROD402531,kids_wear,26,613,6,838,11,5,30
PROD402532,mens_shirt,35,693,2,1590,19,18,12
PROD402533,kids_wear,35,504,4,2880,14,23,34
PROD402534,saree,57,666,3,425,20,36,11
PROD402535,jeans,35,225,7,2082,21,7,36
PROD402536,mens_tshirt,31,737,6,2575,11,20,13
PROD402537,beauty,51,750,6,1733,46,5,10
PROD402538,saree,26,771,2,1996,34,26,36
PROD402539,kids_wear,31,401,5,2269,25,21,16
PROD402540,watches,50,216,6,397,30,23,33
PROD402541,bedsheets,39,545,2,565,39,8,38
PROD402542,sunglasses,48,111,3,2076,19,39,40
PROD402543,jeans,22,360,1,290,49,20,31
PROD402544,watches,20,658,4,1259,50,12,15
PROD402545,kids_wear,30,215,7,2828,10,6,21
PROD402546,grocery,33,282,5,2958,14,39,17
PROD402547,mens_shirt,42,291,8,1674,20,28,14
PROD402548,kurta,30,190,4,557,16,32,24
PROD402549,toys,42,397,3,2267,23,15,38
PROD402550,electronics_accessories,51,795,1,515,15,30,24
PROD402551,watches,27,215,7,2018,44,31,33
PROD402552,mens_shirt,58,107,3,1410,16,26,16
PROD402553,watches,45,362,3,1870,38,19,34
PROD402554,saree,30,275,1,2618,46,24,12
PROD402555,bedsheets,41,313,1,1258,10,28,35
PROD402556,kids_wear,24,722,5,404,13,26,10
PROD402557,beauty,40,427,1,2261,26,37,20
PROD402558,jeans,55,398,7,2104,38,8,17
PROD402559,bedsheets,52,356,7,1951,49,36,11
PROD402560,saree,55,770,4,197,38,30,18
PROD402561,jewellery,22,447,4,1418,30,5,12
PROD402562,bedsheets,30,552,3,1961,48,33,17
PROD402563,mens_shirt,55,291,1,582,45,20,14
PROD402564,saree,43,210,2,745,14,17,18
PROD402565,saree,47,300,7,2287,11,9,38
PROD402566,grocery,58,140,6,220,21,24,11
PROD402567,electronics_accessories,40,165,2,2862,40,22,37
PROD402568,bedsheets,24,190,8,300,35,22,27
PROD402569,mobile_cover,48,680,7,2189,45,30,40
PROD402570,kids_wear,60,773,2,769,26,8,24
PROD402571,grocery,21,415,5,2324,15,20,27
PROD402572,watches,27,691,1,609,16,22,36
PROD402573,kitchen_storage,46,611,7,2003,38,31,38
PROD402574,lehenga,57,446,3,1197,46,30,33
PROD402575,saree,26,595,1,2427,19,11,24
PROD402576,home_decor,39,439,2,2079,39,7,14
PROD402577,mens_shirt,33,668,1,1130,32,19,19
PROD402578,beauty,52,266,8,1985,18,25,37
PROD402579,kids_wear,29,160,6,2705,47,16,27
PROD402580,handbags,53,677,8,1065,33,37,25
PROD402581,jeans,49,275,4,980,50,26,32
PROD402582,bedsheets,60,116,3,2967,26,6,38
PROD402583,grocery,35,689,7,2827,37,17,32
PROD402584,grocery,53,415,7,1272,44,23,18
PROD402585,mens_shirt,49,354,4,1407,35,27,14
PROD402586,footwear,58,179,7,2809,39,30,15
PROD402587,mens_shirt,50,354,6,1024,25,24,38
PROD402588,saree,44,745,3,331,16,31,23
PROD402589,kids_wear,35,376,1,577,26,13,12
PROD402590,mobile_cover,45,300,5,2922,31,16,37
PROD402591,home_decor,33,510,3,2263,45,31,15
PROD402592,kids_wear,32,473,8,231,28,22,18
PROD402593,mobile_cover,43,220,5,933,27,23,39
PROD402594,mens_shirt,25,179,2,2013,31,21,38
PROD402595,toys,36,400,6,2058,28,15,34
PROD402596,lehenga,60,667,5,835,50,24,22
PROD402597,footwear,52,212,6,405,20,12,13
PROD402598,home_decor,37,602,3,1130,34,23,15
PROD402599,toys,58,613,8,810,26,33,33
PROD402600,kids_wear,40,319,8,1634,46,12,21
PROD402601,footwear,20,162,8,1394,17,21,21
PROD402602,lehenga,53,325,5,2066,46,16,39
PROD402603,footwear,23,447,8,2384,20,21,20
PROD402604,kids_wear,24,126,2,674,26,30,19
PROD402605,footwear,50,647,7,788,29,18,33
PROD402606,kurta,60,172,5,2688,36,5,23
PROD402607,home_decor,57,498,2,208,34,31,17
PROD402608,beauty,39,721,2,702,14,38,39
PROD402609,bedsheets,58,743,1,1680,31,5,23
PROD402610,lehenga,37,548,2,1533,47,5,13
PROD402611,mens_tshirt,30,426,1,668,22,10,23
PROD402612,kurta,20,360,1,866,40,15,27
PROD402613,grocery,54,525,4,2716,18,12,39
PROD402614,jeans,23,667,7,427,26,40,19
PROD402615,mens_shirt,43,137,8,2633,35,29,29
PROD402616,grocery,60,563,5,771,12,8,30
PROD402617,lehenga,38,186,5,1204,18,21,22
PROD402618,saree,50,328,8,794,25,39,39
PROD402619,home_decor,24,462,6,794,43,25,33
PROD402620,grocery,58,379,8,1425,40,32,16
PROD402621,bedsheets,58,615,3,2529,24,6,20
PROD402622,kitchen_storage,51,589,8,2803,48,39,37
PROD402623,kids_wear,44,554,7,164,40,24,33
PROD402624,mens_tshirt,22,477,4,2579,27,39,13
PROD402625,kitchen_storage,20,387,4,2433,13,20,20
PROD402626,home_decor,21,236,6,2359,50,31,29
PROD402627,electronics_accessories,47,115,7,966,32,24,31
PROD402628,beauty,45,117,8,1437,15,15,12
PROD402629,kurta,25,612,5,630,34,15,31
PROD402630,mens_shirt,44,418,5,525,43,6,38
PROD402631,mens_shirt,37,453,5,349,42,27,35
PROD402632,grocery,60,339,6,1760,33,20,20
PROD402633,jeans,37,756,4,2027,39,26,11
PROD402634,beauty,46,798,6,1421,39,19,25
PROD402635,handbags,55,461,3,1452,14,15,15
PROD402636,kitchen_storage,55,397,7,1975,47,8,12
PROD402637,bedsheets,40,273,3,2067,47,16,29
PROD402638,handbags,56,538,6,763,23,30,25
PROD402639,handbags,57,677,1,682,13,19,31
PROD402640,watches,41,375,1,1892,10,8,27
PROD402641,handbags,25,450,2,627,28,14,23
PROD402642,toys,40,581,6,1006,44,26,12
PROD402643,kids_wear,58,593,7,2989,25,26,15
PROD402644,grocery,38,527,2,1379,18,32,33
PROD402645,jeans,21,377,1,2193,32,14,10
PROD402646,electronics_accessories,35,309,5,1769,14,9,26
PROD402647,grocery,51,638,8,873,38,14,26
PROD402648,jeans,44,457,4,2799,23,37,11
PROD402649,jewellery,26,727,2,2070,15,29,11
PROD402650,footwear,32,793,4,350,42,28,19
PROD402651,jewellery,25,641,5,1123,36,32,11
PROD402652,jeans,21,745,4,457,24,35,39
PROD402653,sunglasses,54,149,3,2902,14,7,28
PROD402654,footwear,46,597,7,2142,39,34,24
PROD402655,footwear,46,450,8,1646,29,27,21
PROD402656,jewellery,41,732,1,952,26,37,13
PROD402657,grocery,41,356,4,1567,17,11,38
PROD402658,kurta,28,490,4,2451,30,28,16
PROD402659,footwear,23,650,3,887,25,17,30
PROD402660,lehenga,33,473,2,1375,43,25,20
PROD402661,saree,49,123,3,1642,26,6,23
PROD402662,mens_shirt,47,114,7,1902,28,11,20
PROD402663,mens_tshirt,39,413,8,1889,20,11,39
PROD402664,home_decor,38,675,4,1144,18,34,32
PROD402665,toys,49,355,1,813,47,23,11
PROD402666,home_decor,56,435,8,791,32,15,31
PROD402667,kurta,30,334,6,2177,49,18,24
PROD402668,beauty,27,264,6,2337,21,39,18
PROD402669,watches,55,717,2,2523,47,24,36
PROD402670,grocery,42,184,7,2879,31,9,33
PROD402671,toys,37,421,7,2790,28,24,23
PROD402672,handbags,40,247,4,2492,10,6,18
PROD402673,lehenga,43,273,5,739,43,29,25
PROD402674,sunglasses,43,438,5,2122,10,9,26
PROD402675,toys,50,599,6,284,17,24,22
PROD402676,beauty,22,730,4,1834,41,14,34
PROD402677,kitchen_storage,22,231,1,334,29,9,24
PROD402678,bedsheets,22,750,8,1088,27,32,11
PROD402679,footwear,26,523,2,1007,29,5,33
PROD402680,bedsheets,57,732,3,2906,15,29,38
PROD402681,handbags,42,592,6,826,41,27,19
PROD402682,jeans,52,782,4,614,45,30,25
PROD402683,watches,41,192,6,2885,13,32,39
PROD402684,electronics_accessories,53,620,2,1523,32,34,13
PROD402685,kitchen_storage,43,525,7,431,36,31,27
PROD402686,toys,39,144,4,1822,25,29,18
PROD402687,home_decor,60,114,6,2429,33,25,13
PROD402688,home_decor,27,173,4,948,47,26,23
PROD402689,kids_wear,31,234,5,1621,14,37,14
PROD402690,mobile_cover,45,721,7,375,47,13,12
PROD402691,mens_shirt,47,681,8,1377,45,29,28
PROD402692,bedsheets,55,411,8,2439,42,31,33
PROD402693,kids_wear,25,685,7,1019,13,27,15
PROD402694,bedsheets,60,152,5,939,34,16,15
PROD402695,mobile_cover,56,180,7,1125,18,20,10
PROD402696,mens_tshirt,28,594,5,1760,47,5,13
PROD402697,bedsheets,44,308,2,2581,15,37,37
PROD402698,home_decor,35,577,1,2246,33,27,17
PROD402699,electronics_accessories,20,530,3,811,22,5,23
PROD402700,kids_wear,42,527,8,944,32,36,24
PROD402701,mobile_cover,45,735,5,780,48,38,19
PROD402702,lehenga,20,405,1,244,23,15,25
PROD402703,kids_wear,21,323,3,1363,43,16,32
PROD402704,beauty,39,490,4,1430,18,19,35
PROD402705,kitchen_storage,46,182,2,2380,42,14,10
PROD402706,footwear,54,103,7,2854,47,26,26
PROD402707,home_decor,28,777,2,2402,31,17,39
PROD402708,lehenga,26,196,3,2158,15,34,25
PROD402709,grocery,21,314,7,1836,34,30,17
PROD402710,electronics_accessories,59,411,8,817,42,9,30
PROD402711,footwear,30,524,6,2481,42,22,20
PROD402712,saree,32,305,8,2603,13,16,31
PROD402713,grocery,37,131,4,2109,33,18,21
PROD402714,kids_wear,26,775,4,736,26,26,14
PROD402715,beauty,41,524,8,501,47,26,11
PROD402716,footwear,23,478,7,2153,39,40,11
PROD402717,beauty,24,228,7,1450,19,23,37
PROD402718,grocery,38,654,2,2150,32,15,35
PROD402719,grocery,52,343,3,116,14,25,13
PROD402720,handbags,57,578,8,2134,36,22,28
PROD402721,lehenga,35,509,2,1772,32,33,23
PROD402722,mobile_cover,28,620,3,648,34,11,36
PROD402723,toys,40,772,5,2408,11,13,28
PROD402724,jewellery,55,369,5,877,26,25,24
PROD402725,bedsheets,46,504,2,1073,44,39,37
PROD402726,home_decor,41,740,6,167,12,10,32
PROD402727,mobile_cover,58,454,7,1916,42,17,14
PROD402728,kids_wear,56,766,6,2521,22,29,35
PROD402729,saree,27,693,5,456,19,34,10
PROD402730,home_decor,44,208,6,2849,24,31,11
PROD402731,watches,51,647,1,1895,18,5,31
PROD402732,mens_shirt,21,328,4,2355,45,11,40
PROD402733,lehenga,30,111,7,1722,40,32,17
PROD402734,beauty,30,117,4,2749,38,19,19
PROD402735,handbags,52,329,7,1581,36,35,10
PROD402736,beauty,60,203,1,1523,35,25,25
PROD402737,jewellery,32,703,7,2103,40,7,20
PROD402738,handbags,45,561,4,2561,25,9,22
PROD402739,handbags,58,105,6,1208,37,40,30
PROD402740,sunglasses,51,346,1,1549,43,37,23
PROD402741,sunglasses,27,159,3,1453,23,11,14
PROD402742,toys,31,532,7,623,30,22,25
PROD402743,watches,23,133,6,2212,13,24,10
PROD402744,lehenga,38,495,2,1392,48,34,34
PROD402745,saree,22,126,2,2475,13,7,24
PROD402746,kids_wear,53,618,6,1155,35,33,39
PROD402747,footwear,60,416,8,1259,25,30,34
PROD402748,toys,34,687,1,2371,48,22,13
PROD402749,kids_wear,26,688,6,2456,34,36,12
PROD402750,watches,34,246,2,923,10,27,19
PROD402751,mens_shirt,54,752,5,2781,21,27,30
PROD402752,lehenga,26,188,1,904,32,24,37
PROD402753,saree,56,400,3,2810,46,23,12
PROD402754,jeans,40,678,8,2645,49,7,33
PROD402755,footwear,28,352,8,2882,36,34,22
PROD402756,home_decor,22,747,7,777,43,25,38
PROD402757,lehenga,32,417,1,2752,23,35,27
PROD402758,kids_wear,54,572,5,1288,22,6,26
PROD402759,mens_tshirt,52,301,7,1078,20,18,30
PROD402760,grocery,48,108,3,1676,34,20,26
PROD402761,jeans,20,583,2,1526,29,40,12
PROD402762,sunglasses,40,220,4,1014,16,9,36
PROD402763,bedsheets,52,524,1,1497,38,33,22
PROD402764,beauty,51,173,3,2984,45,40,29
PROD402765,mens_shirt,22,333,1,739,43,33,20
PROD402766,beauty,37,134,6,2162,49,16,17
PROD402767,saree,33,527,1,1648,38,36,26
PROD402768,bedsheets,27,708,3,1190,48,35,31
PROD402769,jeans,44,431,6,2006,14,17,39
PROD402770,electronics_accessories,38,690,7,2052,26,28,13
PROD402771,jewellery,40,334,8,1559,21,27,24
PROD402772,jewellery,39,794,3,1423,18,31,30
PROD402773,grocery,56,149,2,2232,33,11,34
PROD402774,mens_tshirt,27,422,7,2051,25,19,27
PROD402775,mobile_cover,24,427,8,1852,28,31,25
PROD402776,kurta,43,161,7,2279,10,39,16
PROD402777,watches,33,169,4,1161,37,25,32
PROD402778,kurta,31,596,6,2185,37,8,17
PROD402779,jewellery,42,485,4,2918,25,18,34
PROD402780,sunglasses,56,254,4,1331,49,28,14
PROD402781,handbags,40,562,1,1488,14,25,37
PROD402782,kitchen_storage,50,643,3,1748,22,39,27
PROD402783,saree,60,307,3,1203,19,34,12
PROD402784,electronics_accessories,27,781,7,758,42,29,28
PROD402785,beauty,36,592,7,836,23,35,10
PROD402786,kids_wear,55,452,5,2023,45,33,34
PROD402787,jeans,46,639,2,2437,22,12,35
PROD402788,grocery,29,283,5,469,21,19,14
PROD402789,watches,20,501,3,1527,25,21,37
PROD402790,mens_tshirt,52,469,5,1499,33,22,12
PROD402791,sunglasses,59,268,6,2306,43,20,12
PROD402792,handbags,20,152,4,1521,35,19,10
PROD402793,kids_wear,30,617,3,1865,40,17,20
PROD402794,jewellery,59,109,5,1929,47,39,40
PROD402795,electronics_accessories,43,553,2,1847,42,32,30
PROD402796,mens_shirt,25,299,3,1601,13,38,23
PROD402797,jeans,54,517,6,1680,28,18,19
PROD402798,beauty,44,151,3,963,11,15,37
PROD402799,mobile_cover,54,549,3,2232,48,23,22
PROD402800,beauty,33,502,4,419,35,17,17
PROD402801,saree,55,400,7,271,16,35,15
PROD402802,electronics_accessories,29,626,1,1065,23,30,19
PROD402803,grocery,23,627,5,2834,41,23,28
PROD402804,lehenga,60,192,7,1081,26,19,37
PROD402805,kurta,34,197,1,2924,16,29,23
PROD402806,footwear,44,541,3,688,43,22,21
PROD402807,kitchen_storage,39,174,5,110,44,26,24
PROD402808,grocery,44,255,3,2454,32,9,34
PROD402809,mens_tshirt,60,101,5,2258,37,10,11
PROD402810,electronics_accessories,46,144,1,848,34,5,19
PROD402811,home_decor,57,118,2,1911,26,26,16
PROD402812,watches,60,739,2,1655,18,24,18
PROD402813,lehenga,21,526,7,2666,41,39,27
PROD402814,jewellery,40,581,4,704,14,32,21
PROD402815,kurta,31,799,5,726,23,38,28
PROD402816,kids_wear,42,372,5,157,39,9,35
PROD402817,lehenga,20,575,3,2625,43,28,10
PROD402818,jeans,35,777,1,1517,50,6,36
PROD402819,home_decor,47,555,2,1134,44,26,17
PROD402820,footwear,32,224,8,430,26,34,28
PROD402821,kitchen_storage,42,361,2,799,46,40,32
PROD402822,jeans,38,692,3,741,10,16,26
PROD402823,sunglasses,24,465,3,294,42,27,14
PROD402824,mens_tshirt,48,501,1,592,20,31,29
PROD402825,home_decor,30,442,1,1441,13,35,33
PROD402826,footwear,28,385,2,1048,48,23,17
PROD402827,kurta,35,272,6,287,20,36,18
PROD402828,grocery,45,255,4,2398,24,37,40
PROD402829,jewellery,38,148,4,2073,35,27,18
PROD402830,kids_wear,58,698,5,732,45,27,33
PROD402831,watches,21,295,4,207,43,31,30
PROD402832,handbags,26,394,7,2784,25,13,28
PROD402833,kurta,52,426,1,1462,13,22,39
PROD402834,watches,51,776,2,1470,47,6,36
PROD402835,kitchen_storage,27,670,3,965,39,36,15
PROD402836,mens_tshirt,23,729,1,2079,26,23,18
PROD402837,bedsheets,56,337,2,2933,14,35,13
PROD402838,bedsheets,36,110,1,920,26,27,22
PROD402839,watches,52,383,7,1449,41,18,25
PROD402840,jewellery,37,713,7,1758,34,5,24
PROD402841,mens_shirt,34,503,7,337,28,35,18
PROD402842,mens_tshirt,29,106,2,2325,10,17,23
PROD402843,watches,58,315,3,1556,18,39,31
PROD402844,toys,60,388,1,1353,23,20,34
PROD402845,mobile_cover,27,511,1,660,35,26,25
PROD402846,beauty,43,235,7,1815,45,23,40
PROD402847,sunglasses,23,322,2,1850,22,30,25
PROD402848,watches,24,570,6,712,26,40,12
PROD402849,footwear,41,349,8,1678,27,15,29
PROD402850,watches,34,727,4,146,23,27,17
PROD402851,grocery,43,238,7,271,43,39,21
PROD402852,kids_wear,31,714,8,1069,28,6,12
PROD402853,lehenga,36,734,8,1347,39,26,18
PROD402854,bedsheets,32,788,8,1997,12,22,34
PROD402855,toys,59,140,7,1979,44,9,29
PROD402856,jewellery,43,498,6,2455,40,33,17
PROD402857,grocery,44,196,1,2816,22,21,10
PROD402858,kitchen_storage,50,310,7,2317,47,11,39
PROD402859,kurta,53,120,5,548,41,25,23
PROD402860,grocery,60,384,4,229,40,15,35
PROD402861,mens_tshirt,52,776,8,2810,39,9,31
PROD402862,home_decor,56,702,2,1685,30,37,24
PROD402863,jeans,34,520,4,1362,14,12,11
PROD402864,handbags,54,439,8,2377,36,33,39
PROD402865,mens_tshirt,29,494,6,2054,20,40,36
PROD402866,lehenga,55,247,2,780,41,40,29
PROD402867,sunglasses,52,475,3,1157,46,9,29
PROD402868,electronics_accessories,21,753,5,509,32,40,34
PROD402869,kitchen_storage,43,297,8,1029,13,22,16
PROD402870,beauty,46,308,2,2269,30,28,28
PROD402871,electronics_accessories,51,122,8,604,37,21,18
PROD402872,sunglasses,26,377,5,109,10,8,33
PROD402873,handbags,22,555,6,1780,12,14,17
PROD402874,mens_tshirt,23,532,5,265,38,36,15
PROD402875,toys,46,636,3,822,45,37,31
PROD402876,kitchen_storage,39,257,8,944,27,21,28
PROD402877,bedsheets,56,713,3,1635,17,35,32
PROD402878,kids_wear,46,517,6,1229,38,28,26
PROD402879,beauty,55,783,4,2831,40,9,39
PROD402880,kurta,40,292,3,1552,47,8,35
PROD402881,home_decor,51,570,2,2386,30,17,32
PROD402882,electronics_accessories,20,750,2,2047,28,19,32
PROD402883,saree,36,162,3,1534,34,8,11
PROD402884,jewellery,27,305,2,1775,35,36,24
PROD402885,mobile_cover,29,591,1,1893,17,14,38
PROD402886,beauty,56,579,2,1898,37,18,33
PROD402887,kitchen_storage,20,520,5,830,39,15,28
PROD402888,grocery,21,401,4,2196,45,11,25
PROD402889,home_decor,49,507,3,787,38,7,14
PROD402890,mobile_cover,39,352,2,1723,50,19,28
PROD402891,lehenga,40,622,5,1824,27,35,14
PROD402892,kitchen_storage,46,155,5,1672,39,37,15
PROD402893,kurta,33,546,1,1700,16,25,32
PROD402894,mobile_cover,22,779,3,1709,14,20,18
PROD402895,saree,59,582,4,483,18,14,35
PROD402896,kurta,47,493,8,1883,35,25,19
PROD402897,saree,40,339,3,1237,20,12,32
PROD402898,home_decor,56,384,4,1471,24,15,40
PROD402899,watches,47,175,8,2353,10,28,27
PROD402900,lehenga,35,631,1,1463,38,19,15
PROD402901,mens_tshirt,34,487,8,2385,45,29,19
PROD402902,mobile_cover,41,481,3,1774,17,25,13
PROD402903,saree,48,111,6,2826,33,36,10
PROD402904,mobile_cover,30,737,6,247,45,30,27
PROD402905,bedsheets,37,396,2,618,22,26,39
PROD402906,toys,57,659,7,2786,21,25,27
PROD402907,electronics_accessories,58,254,7,1109,30,32,10
PROD402908,kurta,44,763,3,1471,32,9,21
PROD402909,lehenga,50,701,8,2945,33,9,37
PROD402910,toys,32,586,5,2508,31,18,12
PROD402911,jeans,49,302,5,1128,31,38,30
PROD402912,saree,24,739,8,1833,20,12,16
PROD402913,handbags,46,191,7,1235,34,9,20
PROD402914,mens_shirt,47,443,4,719,19,13,37
PROD402915,handbags,48,140,2,109,16,22,26
PROD402916,mens_tshirt,30,696,8,396,49,40,27
PROD402917,handbags,22,668,5,1108,38,24,27
PROD402918,mens_tshirt,28,511,2,2096,48,20,10
PROD402919,saree,53,118,6,2209,44,5,20
PROD402920,watches,22,659,2,1196,11,17,16
PROD402921,jewellery,21,448,1,2364,17,8,20
PROD402922,electronics_accessories,34,449,7,2522,47,7,30
PROD402923,jeans,26,341,2,498,36,31,28
PROD402924,jewellery,46,122,3,2706,14,15,39
PROD402925,jewellery,47,558,7,1157,19,37,13
PROD402926,mens_shirt,42,679,4,1724,20,8,24
PROD402927,handbags,59,621,5,2495,30,9,37
PROD402928,jeans,44,104,3,101,25,19,12
PROD402929,handbags,47,478,7,2913,32,36,32
PROD402930,mens_tshirt,46,500,6,2111,42,11,16
PROD402931,saree,38,688,6,334,29,20,39
PROD402932,watches,56,791,7,1290,16,30,18
PROD402933,mobile_cover,22,641,7,690,46,25,16
PROD402934,mens_shirt,28,331,1,2032,19,22,38
PROD402935,sunglasses,51,494,5,485,21,31,13
PROD402936,kids_wear,56,472,6,2107,26,25,27
PROD402937,electronics_accessories,27,616,1,2917,30,37,16
PROD402938,toys,35,419,1,2222,24,28,18
PROD402939,handbags,29,791,8,2209,43,27,28
PROD402940,sunglasses,52,227,3,162,37,29,21
PROD402941,electronics_accessories,59,300,3,1617,48,31,35
PROD402942,mens_shirt,49,546,3,668,25,31,27
PROD402943,footwear,25,278,8,1494,24,21,13
PROD402944,sunglasses,33,727,6,1489,50,35,36
PROD402945,sunglasses,22,264,3,2205,11,10,37
PROD402946,beauty,51,182,1,1822,18,23,21
PROD402947,saree,28,495,5,1195,39,19,34
PROD402948,mobile_cover,33,384,2,2731,28,20,29
PROD402949,lehenga,21,322,3,1076,17,38,23
PROD402950,home_decor,49,686,1,1838,37,36,40
PROD402951,handbags,50,593,3,311,16,10,31
PROD402952,kurta,38,101,4,2186,26,20,33
PROD402953,beauty,55,277,7,173,15,39,24
PROD402954,bedsheets,50,735,6,2739,24,17,37
PROD402955,jewellery,29,236,6,967,47,19,40
PROD402956,grocery,28,237,5,624,33,36,25
PROD402957,beauty,31,566,8,1133,33,33,31
PROD402958,kitchen_storage,23,268,2,2796,43,38,38
PROD402959,mobile_cover,31,195,2,1254,43,24,23
PROD402960,kurta,34,487,4,2275,24,30,32
PROD402961,sunglasses,51,655,5,822,11,23,24
PROD402962,kitchen_storage,60,701,4,1609,42,24,24
PROD402963,bedsheets,23,492,4,2895,47,16,26
PROD402964,kitchen_storage,35,233,1,715,30,24,23
PROD402965,lehenga,46,781,8,2525,28,31,33
PROD402966,beauty,48,637,2,2229,46,38,35
PROD402967,home_decor,33,524,2,1020,46,25,29
PROD402968,jewellery,60,435,3,2984,14,12,32
PROD402969,sunglasses,41,548,3,1040,50,26,40
PROD402970,kurta,25,733,5,1986,23,36,25
PROD402971,toys,47,240,7,2863,22,37,39
PROD402972,toys,44,461,5,2404,49,36,31
PROD402973,beauty,56,187,8,2369,50,14,35
PROD402974,mens_shirt,21,145,2,195,11,11,33
PROD402975,handbags,31,616,7,2835,36,8,22
PROD402976,jeans,40,187,6,2100,30,26,13
PROD402977,handbags,57,143,7,1923,16,5,31
PROD402978,watches,20,101,5,2685,32,37,32
PROD402979,bedsheets,31,379,3,2799,21,35,37
PROD402980,jewellery,57,503,7,1531,18,24,36
PROD402981,watches,32,145,6,570,39,12,28
PROD402982,beauty,29,439,2,837,23,21,16
PROD402983,footwear,40,337,7,1997,33,33,31
PROD402984,bedsheets,51,554,4,1126,18,29,35
PROD402985,kitchen_storage,54,593,6,296,23,9,10
PROD402986,jewellery,57,548,2,1151,10,35,39
PROD402987,bedsheets,24,744,3,2188,11,31,12
PROD402988,toys,58,136,8,1182,35,30,38
PROD402989,home_decor,58,609,5,2043,19,10,24
PROD402990,mens_tshirt,30,396,4,1608,34,32,26
PROD402991,footwear,23,323,3,1526,22,29,39
PROD402992,toys,43,247,6,1434,44,33,33
PROD402993,electronics_accessories,51,311,6,143,40,40,34
PROD402994,lehenga,23,777,8,820,43,19,30
PROD402995,grocery,39,572,7,1197,36,9,15
PROD402996,electronics_accessories,25,366,4,2788,35,20,13
PROD402997,toys,45,280,8,1467,35,24,18
PROD402998,footwear,57,139,6,360,50,26,22
PROD402999,electronics_accessories,33,116,1,2770,35,17,22
